[INFO] [launch]: All log files can be found below /home/jetson/.ros/log/2026-08-05-23-08-42-458417-yahboom-1582256
[INFO] [launch]: Default logging verbosity is set to INFO
[INFO] [ue_object_deliverer_bridge_node-1]: process started with pid [1582296]
[INFO] [temporal_entity_tracker-2]: process started with pid [1582298]
[INFO] [task_instruction-3]: process started with pid [1582300]
[INFO] [language_qwen-4]: process started with pid [1582302]
[INFO] [task_entity_tensor-5]: process started with pid [1582304]
[INFO] [safety_gate-6]: process started with pid [1582306]
[INFO] [trajectory_controller-7]: process started with pid [1582317]
[INFO] [decision_setpoint_adapter-8]: process started with pid [1582321]
[ue_object_deliverer_bridge_node-1] [INFO] [1785942522.653254624] [ue_object_deliverer_bridge_node]: Listening for UE5 ObjectDeliverer on 0.0.0.0:8080, terminator='__OD_END__', outbound_command_mode='kinematic'; kinematic executor -> 192.168.137.1:8081
[task_instruction-3] [INFO] [1785942523.532151360] [task_instruction]: publishing task text: 跟随红色目标船，保持4米距离
[language_qwen-4] [INFO] [1785942531.712771552] [language_qwen]: READY model=Qwen/Qwen3-Embedding-0.6B;device=cuda;cache_size=32
[language_qwen-4] [INFO] [1785942531.715440832] [language_qwen]: LANGUAGE_TASK_RECEIVED instruction=跟随红色目标船，保持4米距离
[language_qwen-4] [INFO] [1785942532.590648864] [language_qwen]: LANGUAGE_READY_VALID instruction=跟随红色目标船，保持4米距离;release_model=true
[INFO] [image_entity_perception-9]: process started with pid [1582575]
[image_entity_perception-9] [INFO] [1785942570.239192352] [image_entity_perception]: ready model=image_entity_ridge_language_v3;device=cuda;path=/home/jetson/jetson_asv_ws/models/perception_image_conditioned_130_v1.npz;input=(camera_image_rgb,task_embedding_float32[256])->structured_entities;language_model=Qwen/Qwen3-Embedding-0.6B;legacy_image_only=False;preprocess=ue5_capture_gamma065_brightness100_contrast100_v2;enabled=False;gamma=0.920;brightness=1.040;contrast=1.030
[INFO] [vla_policy-10]: process started with pid [1582604]
[vla_policy-10] [INFO] [1785942575.302858016] [vla_policy]: POLICY_READY backend=torch_cuda device=cuda model=/home/jetson/jetson_asv_ws/models/policy_synthetic_qwen_l7_seed23_20260805.pt inputs=task_embedding+structured_entities+previous_action output=[desired_x,desired_y]
[ue_object_deliverer_bridge_node-1] [INFO] [1785942601.562250016] [ue_object_deliverer_bridge_node]: UE5 connected from 192.168.137.1:1796
[ue_object_deliverer_bridge_node-1] [INFO] [1785942602.709927872] [ue_object_deliverer_bridge_node]: Connected to UE5 kinematic executor 192.168.137.1:8081
[image_entity_perception-9] [INFO] [1785942603.375368992] [image_entity_perception]: PERCEPTION_TRACE run_id=42BC7CA6485BFCA2562357A51970B91E frame_index=8 sample=1/5 model=image_entity_ridge_language_v3 target=target_red relative_x=4.790008 relative_y=0.492537 visible=True confidence=1.000000 bbox_valid=True
[vla_policy-10] [INFO] [1785942603.382750688] [vla_policy]: ENT_IN_TRACE count=1 frame_index=8 valid=True detail=OK:selected=1;targets=1;risks=0;dropped=0
[image_entity_perception-9] [INFO] [1785942603.423137568] [image_entity_perception]: PERCEPTION_TRACE run_id=42BC7CA6485BFCA2562357A51970B91E frame_index=12 sample=2/5 model=image_entity_ridge_language_v3 target=target_red relative_x=4.694483 relative_y=0.483718 visible=True confidence=1.000000 bbox_valid=True
[image_entity_perception-9] [INFO] [1785942603.470930912] [image_entity_perception]: PERCEPTION_TRACE run_id=42BC7CA6485BFCA2562357A51970B91E frame_index=13 sample=3/5 model=image_entity_ridge_language_v3 target=target_red relative_x=4.765496 relative_y=0.488488 visible=True confidence=1.000000 bbox_valid=True
[image_entity_perception-9] [INFO] [1785942603.516960960] [image_entity_perception]: PERCEPTION_TRACE run_id=42BC7CA6485BFCA2562357A51970B91E frame_index=14 sample=4/5 model=image_entity_ridge_language_v3 target=target_red relative_x=4.790008 relative_y=0.488559 visible=True confidence=1.000000 bbox_valid=True
[image_entity_perception-9] [INFO] [1785942603.631948480] [image_entity_perception]: PERCEPTION_TRACE run_id=42BC7CA6485BFCA2562357A51970B91E frame_index=15 sample=5/5 model=image_entity_ridge_language_v3 target=target_red relative_x=4.627011 relative_y=0.476121 visible=True confidence=1.000000 bbox_valid=True
[vla_policy-10] [INFO] [1785942603.707305728] [vla_policy]: POLICY_TRACE sample=1/5 run_id=42BC7CA6485BFCA2562357A51970B91E scene_seed=230908 frame_index=8 policy_valid=True stop=False lang_valid=True entity_valid=True guard_result=policy_driven guard_reason=policy_driven raw_dx=0.286493 raw_dy=0.034033 guarded_dx=0.286493 guarded_dy=0.034033 final_dx=0.049651 final_dy=0.005898 policy_driven=1 backstop=0 hold=0 fail_closed=0 policy_stop=0
[vla_policy-10] [INFO] [1785942603.709774208] [vla_policy]: ENT_IN_TRACE count=2 frame_index=12 valid=True detail=OK:selected=1;targets=1;risks=0;dropped=0
[ue_object_deliverer_bridge_node-1] [INFO] [1785942603.711463456] [ue_object_deliverer_bridge_node]: kinematic setpoint received stamp=922973 valid=0
[ue_object_deliverer_bridge_node-1] [INFO] [1785942603.711862528] [ue_object_deliverer_bridge_node]: Sent kinematic setpoint to UE5: bytes=386, payload={"Command_Type":"Kinematic_Setpoint","Delta_X_Cm":0.0,"Delta_Y_Cm":0.0,"Frame_ID":"ue_actor_local","Hold_Position":true,"Reason":"DECISION_INVALID","Run_ID":"42BC7CA6485BFCA2562357A51970B91E","Scene_Seed":230908,"Sequence":0,"Source_Frame_Index":8,"Source_Model_Version":"safety_gate_v1","Source_Stamp_Us":922973,"Stamp_Us":922973,"Step_Dt":0.20000000298023224,"Valid":false}__OD_END__
[vla_policy-10] [INFO] [1785942603.720299232] [vla_policy]: POLICY_TRACE sample=2/5 run_id=42BC7CA6485BFCA2562357A51970B91E scene_seed=230908 frame_index=12 policy_valid=True stop=False lang_valid=True entity_valid=True guard_result=policy_driven guard_reason=policy_driven raw_dx=0.277694 raw_dy=0.034893 guarded_dx=0.277694 guarded_dy=0.034893 final_dx=0.049610 final_dy=0.006234 policy_driven=2 backstop=0 hold=0 fail_closed=0 policy_stop=0
[vla_policy-10] [INFO] [1785942603.722200480] [vla_policy]: ENT_IN_TRACE count=3 frame_index=13 valid=True detail=OK:selected=1;targets=1;risks=0;dropped=0
[vla_policy-10] [INFO] [1785942603.723654880] [vla_policy]: ENT_IN_TRACE count=4 frame_index=14 valid=True detail=OK:selected=1;targets=1;risks=0;dropped=0
[vla_policy-10] [INFO] [1785942603.725282176] [vla_policy]: ENT_IN_TRACE count=5 frame_index=15 valid=True detail=OK:selected=1;targets=1;risks=0;dropped=0
[trajectory_controller-7] [INFO] [1785942603.735855456] [trajectory_controller]: control bridge: STALE_DISPLACEMENT
[ue_object_deliverer_bridge_node-1] [INFO] [1785942603.737978912] [ue_object_deliverer_bridge_node]: kinematic setpoint received stamp=1307069 valid=1
[vla_policy-10] [INFO] [1785942603.927271296] [vla_policy]: POLICY_TRACE sample=3/5 run_id=42BC7CA6485BFCA2562357A51970B91E scene_seed=230908 frame_index=18 policy_valid=True stop=False lang_valid=True entity_valid=True guard_result=policy_driven guard_reason=policy_driven raw_dx=0.159060 raw_dy=0.042384 guarded_dx=0.159060 guarded_dy=0.042384 final_dx=0.097087 final_dy=0.021915 policy_driven=3 backstop=0 hold=0 fail_closed=0 policy_stop=0
[ue_object_deliverer_bridge_node-1] [INFO] [1785942603.930739584] [ue_object_deliverer_bridge_node]: kinematic setpoint received stamp=1908331 valid=1
[vla_policy-10] [INFO] [1785942604.145765760] [vla_policy]: POLICY_TRACE sample=4/5 run_id=42BC7CA6485BFCA2562357A51970B91E scene_seed=230908 frame_index=20 policy_valid=True stop=False lang_valid=True entity_valid=True guard_result=policy_driven guard_reason=policy_driven raw_dx=0.185686 raw_dy=0.029586 guarded_dx=0.185686 guarded_dy=0.029586 final_dx=0.146901 final_dy=0.026228 policy_driven=4 backstop=0 hold=0 fail_closed=0 policy_stop=0
[ue_object_deliverer_bridge_node-1] [INFO] [1785942604.149062528] [ue_object_deliverer_bridge_node]: kinematic setpoint received stamp=2115056 valid=1
[vla_policy-10] [INFO] [1785942604.439109088] [vla_policy]: POLICY_TRACE sample=5/5 run_id=42BC7CA6485BFCA2562357A51970B91E scene_seed=230908 frame_index=23 policy_valid=True stop=False lang_valid=True entity_valid=True guard_result=policy_driven guard_reason=policy_driven raw_dx=0.210210 raw_dy=0.028851 guarded_dx=0.210210 guarded_dy=0.028851 final_dx=0.196858 final_dy=0.028298 policy_driven=5 backstop=0 hold=0 fail_closed=0 policy_stop=0
[ue_object_deliverer_bridge_node-1] [INFO] [1785942604.443056448] [ue_object_deliverer_bridge_node]: kinematic setpoint received stamp=2400977 valid=1
[ue_object_deliverer_bridge_node-1] [INFO] [1785942604.735467296] [ue_object_deliverer_bridge_node]: kinematic setpoint received stamp=2704574 valid=1
[ue_object_deliverer_bridge_node-1] [INFO] [1785942604.735825408] [ue_object_deliverer_bridge_node]: Sent kinematic setpoint to UE5: bytes=417, payload={"Command_Type":"Kinematic_Setpoint","Delta_X_Cm":21.316732466220856,"Delta_Y_Cm":-2.381080947816372,"Frame_ID":"ue_actor_local","Hold_Position":false,"Reason":"DECISION_VALID","Run_ID":"42BC7CA6485BFCA2562357A51970B91E","Scene_Seed":230908,"Sequence":5,"Source_Frame_Index":26,"Source_Model_Version":"safety_gate_v1","Source_Stamp_Us":2704574,"Stamp_Us":2704574,"Step_Dt":0.20000000298023224,"Valid":true}__OD_END__
[ue_object_deliverer_bridge_node-1] [INFO] [1785942604.936175744] [ue_object_deliverer_bridge_node]: kinematic setpoint received stamp=2912624 valid=1
[ue_object_deliverer_bridge_node-1] [INFO] [1785942605.230082464] [ue_object_deliverer_bridge_node]: kinematic setpoint received stamp=3204320 valid=1
[ue_object_deliverer_bridge_node-1] [INFO] [1785942605.437505248] [ue_object_deliverer_bridge_node]: kinematic setpoint received stamp=3405375 valid=1
[ue_object_deliverer_bridge_node-1] [INFO] [1785942605.640818976] [ue_object_deliverer_bridge_node]: kinematic setpoint received stamp=3611454 valid=1
[ue_object_deliverer_bridge_node-1] [INFO] [1785942605.843490784] [ue_object_deliverer_bridge_node]: kinematic setpoint received stamp=3813107 valid=1
[ue_object_deliverer_bridge_node-1] [INFO] [1785942605.843876480] [ue_object_deliverer_bridge_node]: Sent kinematic setpoint to UE5: bytes=418, payload={"Command_Type":"Kinematic_Setpoint","Delta_X_Cm":5.835322290658951,"Delta_Y_Cm":-1.0511531494557858,"Frame_ID":"ue_actor_local","Hold_Position":false,"Reason":"DECISION_VALID","Run_ID":"42BC7CA6485BFCA2562357A51970B91E","Scene_Seed":230908,"Sequence":10,"Source_Frame_Index":37,"Source_Model_Version":"safety_gate_v1","Source_Stamp_Us":3813107,"Stamp_Us":3813107,"Step_Dt":0.20000000298023224,"Valid":true}__OD_END__
[ue_object_deliverer_bridge_node-1] [INFO] [1785942606.149187424] [ue_object_deliverer_bridge_node]: kinematic setpoint received stamp=4109609 valid=1
[ue_object_deliverer_bridge_node-1] [INFO] [1785942606.438648128] [ue_object_deliverer_bridge_node]: kinematic setpoint received stamp=4410303 valid=1
[ue_object_deliverer_bridge_node-1] [INFO] [1785942606.643606592] [ue_object_deliverer_bridge_node]: kinematic setpoint received stamp=4612739 valid=1
[ue_object_deliverer_bridge_node-1] [INFO] [1785942606.955751264] [ue_object_deliverer_bridge_node]: kinematic setpoint received stamp=4910105 valid=1
[ue_object_deliverer_bridge_node-1] [INFO] [1785942606.956135968] [ue_object_deliverer_bridge_node]: Sent kinematic setpoint to UE5: bytes=419, payload={"Command_Type":"Kinematic_Setpoint","Delta_X_Cm":-9.465965628623962,"Delta_Y_Cm":-1.4719842933118343,"Frame_ID":"ue_actor_local","Hold_Position":false,"Reason":"DECISION_VALID","Run_ID":"42BC7CA6485BFCA2562357A51970B91E","Scene_Seed":230908,"Sequence":14,"Source_Frame_Index":48,"Source_Model_Version":"safety_gate_v1","Source_Stamp_Us":4910105,"Stamp_Us":4910105,"Step_Dt":0.20000000298023224,"Valid":true}__OD_END__
[ue_object_deliverer_bridge_node-1] [INFO] [1785942607.251847136] [ue_object_deliverer_bridge_node]: kinematic setpoint received stamp=5208858 valid=1
[ue_object_deliverer_bridge_node-1] [INFO] [1785942607.452470432] [ue_object_deliverer_bridge_node]: kinematic setpoint received stamp=5411424 valid=1
[ue_object_deliverer_bridge_node-1] [INFO] [1785942607.739869152] [ue_object_deliverer_bridge_node]: kinematic setpoint received stamp=5708076 valid=1
[ue_object_deliverer_bridge_node-1] [INFO] [1785942607.950657440] [ue_object_deliverer_bridge_node]: kinematic setpoint received stamp=5907709 valid=1
[image_entity_perception-9] [INFO] [1785942608.137024224] [image_entity_perception]: PERCEPTION_PERF_TRACE frame_index=60 count=50 predict_ms=44.1 entities=4 valid=True
[temporal_entity_tracker-2] [INFO] [1785942608.161922080] [temporal_entity_tracker]: TRACK_TRACE frame_index=60 count=50 source_valid=True source_entities=4 visible_source=1
[ue_object_deliverer_bridge_node-1] [INFO] [1785942608.181701696] [ue_object_deliverer_bridge_node]: kinematic setpoint received stamp=6112643 valid=1
[ue_object_deliverer_bridge_node-1] [INFO] [1785942608.182204256] [ue_object_deliverer_bridge_node]: Sent kinematic setpoint to UE5: bytes=418, payload={"Command_Type":"Kinematic_Setpoint","Delta_X_Cm":-4.95389811694622,"Delta_Y_Cm":-1.7090322449803352,"Frame_ID":"ue_actor_local","Hold_Position":false,"Reason":"DECISION_VALID","Run_ID":"42BC7CA6485BFCA2562357A51970B91E","Scene_Seed":230908,"Sequence":19,"Source_Frame_Index":60,"Source_Model_Version":"safety_gate_v1","Source_Stamp_Us":6112643,"Stamp_Us":6112643,"Step_Dt":0.20000000298023224,"Valid":true}__OD_END__
[ue_object_deliverer_bridge_node-1] [INFO] [1785942608.444430144] [ue_object_deliverer_bridge_node]: kinematic setpoint received stamp=6410188 valid=1
[ue_object_deliverer_bridge_node-1] [INFO] [1785942608.747152672] [ue_object_deliverer_bridge_node]: kinematic setpoint received stamp=6712053 valid=1
[ue_object_deliverer_bridge_node-1] [INFO] [1785942608.990173184] [ue_object_deliverer_bridge_node]: kinematic setpoint received stamp=6712054 valid=1
[ue_object_deliverer_bridge_node-1] [INFO] [1785942609.243473920] [ue_object_deliverer_bridge_node]: kinematic setpoint received stamp=7211786 valid=1
[ue_object_deliverer_bridge_node-1] [INFO] [1785942609.243865024] [ue_object_deliverer_bridge_node]: Sent kinematic setpoint to UE5: bytes=419, payload={"Command_Type":"Kinematic_Setpoint","Delta_X_Cm":-4.998644441366196,"Delta_Y_Cm":-0.1164246816188097,"Frame_ID":"ue_actor_local","Hold_Position":false,"Reason":"DECISION_VALID","Run_ID":"42BC7CA6485BFCA2562357A51970B91E","Scene_Seed":230908,"Sequence":23,"Source_Frame_Index":71,"Source_Model_Version":"safety_gate_v1","Source_Stamp_Us":7211786,"Stamp_Us":7211786,"Step_Dt":0.20000000298023224,"Valid":true}__OD_END__
[ue_object_deliverer_bridge_node-1] [INFO] [1785942609.447519840] [ue_object_deliverer_bridge_node]: kinematic setpoint received stamp=7413270 valid=1
[ue_object_deliverer_bridge_node-1] [INFO] [1785942609.739479968] [ue_object_deliverer_bridge_node]: kinematic setpoint received stamp=7709493 valid=1
[ue_object_deliverer_bridge_node-1] [INFO] [1785942609.937377088] [ue_object_deliverer_bridge_node]: kinematic setpoint received stamp=7911885 valid=1
[ue_object_deliverer_bridge_node-1] [INFO] [1785942610.137381728] [ue_object_deliverer_bridge_node]: kinematic setpoint received stamp=8102986 valid=1
[ue_object_deliverer_bridge_node-1] [INFO] [1785942610.348305408] [ue_object_deliverer_bridge_node]: kinematic setpoint received stamp=8307547 valid=1
[ue_object_deliverer_bridge_node-1] [INFO] [1785942610.348708320] [ue_object_deliverer_bridge_node]: Sent kinematic setpoint to UE5: bytes=419, payload={"Command_Type":"Kinematic_Setpoint","Delta_X_Cm":14.781901240348816,"Delta_Y_Cm":-1.1987852863967419,"Frame_ID":"ue_actor_local","Hold_Position":false,"Reason":"DECISION_VALID","Run_ID":"42BC7CA6485BFCA2562357A51970B91E","Scene_Seed":230908,"Sequence":28,"Source_Frame_Index":82,"Source_Model_Version":"safety_gate_v1","Source_Stamp_Us":8307547,"Stamp_Us":8307547,"Step_Dt":0.20000000298023224,"Valid":true}__OD_END__
[ue_object_deliverer_bridge_node-1] [INFO] [1785942610.634540416] [ue_object_deliverer_bridge_node]: kinematic setpoint received stamp=8601574 valid=1
[ue_object_deliverer_bridge_node-1] [INFO] [1785942610.834646496] [ue_object_deliverer_bridge_node]: kinematic setpoint received stamp=8804252 valid=1
[ue_object_deliverer_bridge_node-1] [INFO] [1785942611.144786624] [ue_object_deliverer_bridge_node]: kinematic setpoint received stamp=9110891 valid=1
[ue_object_deliverer_bridge_node-1] [INFO] [1785942611.346514880] [ue_object_deliverer_bridge_node]: kinematic setpoint received stamp=9313275 valid=1
[ue_object_deliverer_bridge_node-1] [INFO] [1785942611.346897024] [ue_object_deliverer_bridge_node]: Sent kinematic setpoint to UE5: bytes=419, payload={"Command_Type":"Kinematic_Setpoint","Delta_X_Cm":-5.211449414491653,"Delta_Y_Cm":-1.5115182846784592,"Frame_ID":"ue_actor_local","Hold_Position":false,"Reason":"DECISION_VALID","Run_ID":"42BC7CA6485BFCA2562357A51970B91E","Scene_Seed":230908,"Sequence":32,"Source_Frame_Index":92,"Source_Model_Version":"safety_gate_v1","Source_Stamp_Us":9313275,"Stamp_Us":9313275,"Step_Dt":0.20000000298023224,"Valid":true}__OD_END__
[ue_object_deliverer_bridge_node-1] [INFO] [1785942611.644007296] [ue_object_deliverer_bridge_node]: kinematic setpoint received stamp=9610428 valid=1
[ue_object_deliverer_bridge_node-1] [INFO] [1785942611.936637440] [ue_object_deliverer_bridge_node]: kinematic setpoint received stamp=9905810 valid=1
[ue_object_deliverer_bridge_node-1] [INFO] [1785942612.137104832] [ue_object_deliverer_bridge_node]: kinematic setpoint received stamp=10107874 valid=1
[ue_object_deliverer_bridge_node-1] [INFO] [1785942612.348457184] [ue_object_deliverer_bridge_node]: kinematic setpoint received stamp=10311411 valid=1
[ue_object_deliverer_bridge_node-1] [INFO] [1785942612.641601856] [ue_object_deliverer_bridge_node]: kinematic setpoint received stamp=10612472 valid=1
[ue_object_deliverer_bridge_node-1] [INFO] [1785942612.641987904] [ue_object_deliverer_bridge_node]: Sent kinematic setpoint to UE5: bytes=421, payload={"Command_Type":"Kinematic_Setpoint","Delta_X_Cm":-5.456598848104477,"Delta_Y_Cm":-1.645943708717823,"Frame_ID":"ue_actor_local","Hold_Position":false,"Reason":"DECISION_VALID","Run_ID":"42BC7CA6485BFCA2562357A51970B91E","Scene_Seed":230908,"Sequence":37,"Source_Frame_Index":105,"Source_Model_Version":"safety_gate_v1","Source_Stamp_Us":10612472,"Stamp_Us":10612472,"Step_Dt":0.20000000298023224,"Valid":true}__OD_END__
[ue_object_deliverer_bridge_node-1] [INFO] [1785942612.931276448] [ue_object_deliverer_bridge_node]: kinematic setpoint received stamp=10906081 valid=1
[image_entity_perception-9] [INFO] [1785942613.139603232] [image_entity_perception]: PERCEPTION_PERF_TRACE frame_index=110 count=100 predict_ms=42.8 entities=4 valid=True
[temporal_entity_tracker-2] [INFO] [1785942613.140304704] [temporal_entity_tracker]: TRACK_TRACE frame_index=110 count=100 source_valid=True source_entities=4 visible_source=1
[vla_policy-10] [INFO] [1785942613.145684000] [vla_policy]: ENT_IN_TRACE count=100 frame_index=110 valid=True detail=OK:selected=1;targets=1;risks=0;dropped=0
[ue_object_deliverer_bridge_node-1] [INFO] [1785942613.162463232] [ue_object_deliverer_bridge_node]: kinematic setpoint received stamp=11112819 valid=1
[ue_object_deliverer_bridge_node-1] [INFO] [1785942613.437233088] [ue_object_deliverer_bridge_node]: kinematic setpoint received stamp=11410081 valid=1
[ue_object_deliverer_bridge_node-1] [INFO] [1785942613.656011584] [ue_object_deliverer_bridge_node]: kinematic setpoint received stamp=11611684 valid=1
[ue_object_deliverer_bridge_node-1] [INFO] [1785942613.929357440] [ue_object_deliverer_bridge_node]: kinematic setpoint received stamp=11907771 valid=1
[ue_object_deliverer_bridge_node-1] [INFO] [1785942613.929722112] [ue_object_deliverer_bridge_node]: Sent kinematic setpoint to UE5: bytes=421, payload={"Command_Type":"Kinematic_Setpoint","Delta_X_Cm":1.3871810398995876,"Delta_Y_Cm":-1.354810781776905,"Frame_ID":"ue_actor_local","Hold_Position":false,"Reason":"DECISION_VALID","Run_ID":"42BC7CA6485BFCA2562357A51970B91E","Scene_Seed":230908,"Sequence":42,"Source_Frame_Index":118,"Source_Model_Version":"safety_gate_v1","Source_Stamp_Us":11907771,"Stamp_Us":11907771,"Step_Dt":0.20000000298023224,"Valid":true}__OD_END__
[ue_object_deliverer_bridge_node-1] [INFO] [1785942614.132749152] [ue_object_deliverer_bridge_node]: kinematic setpoint received stamp=12106441 valid=1
[ue_object_deliverer_bridge_node-1] [INFO] [1785942614.437035424] [ue_object_deliverer_bridge_node]: kinematic setpoint received stamp=12410744 valid=1
[ue_object_deliverer_bridge_node-1] [INFO] [1785942614.644026336] [ue_object_deliverer_bridge_node]: kinematic setpoint received stamp=12613112 valid=1
[ue_object_deliverer_bridge_node-1] [INFO] [1785942614.947796256] [ue_object_deliverer_bridge_node]: kinematic setpoint received stamp=12912868 valid=1
[ue_object_deliverer_bridge_node-1] [INFO] [1785942614.948178240] [ue_object_deliverer_bridge_node]: Sent kinematic setpoint to UE5: bytes=422, payload={"Command_Type":"Kinematic_Setpoint","Delta_X_Cm":2.5839248672127724,"Delta_Y_Cm":-1.0305623523890972,"Frame_ID":"ue_actor_local","Hold_Position":false,"Reason":"DECISION_VALID","Run_ID":"42BC7CA6485BFCA2562357A51970B91E","Scene_Seed":230908,"Sequence":46,"Source_Frame_Index":128,"Source_Model_Version":"safety_gate_v1","Source_Stamp_Us":12912868,"Stamp_Us":12912868,"Step_Dt":0.20000000298023224,"Valid":true}__OD_END__
[ue_object_deliverer_bridge_node-1] [INFO] [1785942615.239723392] [ue_object_deliverer_bridge_node]: kinematic setpoint received stamp=13211519 valid=1
[ue_object_deliverer_bridge_node-1] [INFO] [1785942615.441060096] [ue_object_deliverer_bridge_node]: kinematic setpoint received stamp=13401158 valid=1
[ue_object_deliverer_bridge_node-1] [INFO] [1785942615.734083552] [ue_object_deliverer_bridge_node]: kinematic setpoint received stamp=13711963 valid=1
[ue_object_deliverer_bridge_node-1] [INFO] [1785942615.951235744] [ue_object_deliverer_bridge_node]: kinematic setpoint received stamp=13911493 valid=1
[ue_object_deliverer_bridge_node-1] [INFO] [1785942616.237268992] [ue_object_deliverer_bridge_node]: kinematic setpoint received stamp=14209726 valid=1
[ue_object_deliverer_bridge_node-1] [INFO] [1785942616.237671776] [ue_object_deliverer_bridge_node]: Sent kinematic setpoint to UE5: bytes=421, payload={"Command_Type":"Kinematic_Setpoint","Delta_X_Cm":-5.421915650367737,"Delta_Y_Cm":-1.553967222571373,"Frame_ID":"ue_actor_local","Hold_Position":false,"Reason":"DECISION_VALID","Run_ID":"42BC7CA6485BFCA2562357A51970B91E","Scene_Seed":230908,"Sequence":51,"Source_Frame_Index":141,"Source_Model_Version":"safety_gate_v1","Source_Stamp_Us":14209726,"Stamp_Us":14209726,"Step_Dt":0.20000000298023224,"Valid":true}__OD_END__
[ue_object_deliverer_bridge_node-1] [INFO] [1785942616.537774848] [ue_object_deliverer_bridge_node]: kinematic setpoint received stamp=14508590 valid=1
[ue_object_deliverer_bridge_node-1] [INFO] [1785942616.744386656] [ue_object_deliverer_bridge_node]: kinematic setpoint received stamp=14711881 valid=1
[ue_object_deliverer_bridge_node-1] [INFO] [1785942616.996644832] [ue_object_deliverer_bridge_node]: kinematic setpoint received stamp=14711882 valid=1
[ue_object_deliverer_bridge_node-1] [INFO] [1785942617.240281056] [ue_object_deliverer_bridge_node]: kinematic setpoint received stamp=15204422 valid=1
[ue_object_deliverer_bridge_node-1] [INFO] [1785942617.443630144] [ue_object_deliverer_bridge_node]: kinematic setpoint received stamp=15405135 valid=1
[ue_object_deliverer_bridge_node-1] [INFO] [1785942617.444023840] [ue_object_deliverer_bridge_node]: Sent kinematic setpoint to UE5: bytes=422, payload={"Command_Type":"Kinematic_Setpoint","Delta_X_Cm":-6.093282997608185,"Delta_Y_Cm":-1.2445867992937565,"Frame_ID":"ue_actor_local","Hold_Position":false,"Reason":"DECISION_VALID","Run_ID":"42BC7CA6485BFCA2562357A51970B91E","Scene_Seed":230908,"Sequence":56,"Source_Frame_Index":153,"Source_Model_Version":"safety_gate_v1","Source_Stamp_Us":15405135,"Stamp_Us":15405135,"Step_Dt":0.20000000298023224,"Valid":true}__OD_END__
[ue_object_deliverer_bridge_node-1] [INFO] [1785942617.736785216] [ue_object_deliverer_bridge_node]: kinematic setpoint received stamp=15703808 valid=1
[ue_object_deliverer_bridge_node-1] [INFO] [1785942617.982052896] [ue_object_deliverer_bridge_node]: kinematic setpoint received stamp=15703809 valid=1
[image_entity_perception-9] [INFO] [1785942618.114997248] [image_entity_perception]: PERCEPTION_PERF_TRACE frame_index=160 count=150 predict_ms=33.2 entities=4 valid=True
[temporal_entity_tracker-2] [INFO] [1785942618.116567552] [temporal_entity_tracker]: TRACK_TRACE frame_index=160 count=150 source_valid=True source_entities=4 visible_source=1
[ue_object_deliverer_bridge_node-1] [INFO] [1785942618.233305120] [ue_object_deliverer_bridge_node]: kinematic setpoint received stamp=16204263 valid=1
[ue_object_deliverer_bridge_node-1] [INFO] [1785942618.440516192] [ue_object_deliverer_bridge_node]: kinematic setpoint received stamp=16408009 valid=1
[ue_object_deliverer_bridge_node-1] [INFO] [1785942618.440920704] [ue_object_deliverer_bridge_node]: Sent kinematic setpoint to UE5: bytes=424, payload={"Command_Type":"Kinematic_Setpoint","Delta_X_Cm":5.000000074505806,"Delta_Y_Cm":-0.0005553288247028831,"Frame_ID":"ue_actor_local","Hold_Position":false,"Reason":"DECISION_VALID","Run_ID":"42BC7CA6485BFCA2562357A51970B91E","Scene_Seed":230908,"Sequence":60,"Source_Frame_Index":163,"Source_Model_Version":"safety_gate_v1","Source_Stamp_Us":16408009,"Stamp_Us":16408009,"Step_Dt":0.20000000298023224,"Valid":true}__OD_END__
[ue_object_deliverer_bridge_node-1] [INFO] [1785942618.732633280] [ue_object_deliverer_bridge_node]: kinematic setpoint received stamp=16702641 valid=1
[ue_object_deliverer_bridge_node-1] [INFO] [1785942618.935803456] [ue_object_deliverer_bridge_node]: kinematic setpoint received stamp=16904446 valid=1
[ue_object_deliverer_bridge_node-1] [INFO] [1785942619.139073504] [ue_object_deliverer_bridge_node]: kinematic setpoint received stamp=17105859 valid=1
[ue_object_deliverer_bridge_node-1] [INFO] [1785942619.339895744] [ue_object_deliverer_bridge_node]: kinematic setpoint received stamp=17310273 valid=1
[ue_object_deliverer_bridge_node-1] [INFO] [1785942619.637633344] [ue_object_deliverer_bridge_node]: kinematic setpoint received stamp=17607718 valid=1
[ue_object_deliverer_bridge_node-1] [INFO] [1785942619.638016736] [ue_object_deliverer_bridge_node]: Sent kinematic setpoint to UE5: bytes=423, payload={"Command_Type":"Kinematic_Setpoint","Delta_X_Cm":-2.1783413365483284,"Delta_Y_Cm":-1.1516771279275417,"Frame_ID":"ue_actor_local","Hold_Position":false,"Reason":"DECISION_VALID","Run_ID":"42BC7CA6485BFCA2562357A51970B91E","Scene_Seed":230908,"Sequence":65,"Source_Frame_Index":175,"Source_Model_Version":"safety_gate_v1","Source_Stamp_Us":17607718,"Stamp_Us":17607718,"Step_Dt":0.20000000298023224,"Valid":true}__OD_END__
[ue_object_deliverer_bridge_node-1] [INFO] [1785942619.856218400] [ue_object_deliverer_bridge_node]: kinematic setpoint received stamp=17812630 valid=1
[ue_object_deliverer_bridge_node-1] [INFO] [1785942620.136411232] [ue_object_deliverer_bridge_node]: kinematic setpoint received stamp=18105544 valid=1
[ue_object_deliverer_bridge_node-1] [INFO] [1785942620.347446528] [ue_object_deliverer_bridge_node]: kinematic setpoint received stamp=18308921 valid=1
[ue_object_deliverer_bridge_node-1] [INFO] [1785942620.643562016] [ue_object_deliverer_bridge_node]: kinematic setpoint received stamp=18612040 valid=1
[ue_object_deliverer_bridge_node-1] [INFO] [1785942620.643950880] [ue_object_deliverer_bridge_node]: Sent kinematic setpoint to UE5: bytes=422, payload={"Command_Type":"Kinematic_Setpoint","Delta_X_Cm":1.2984591536223888,"Delta_Y_Cm":-0.9209642186760902,"Frame_ID":"ue_actor_local","Hold_Position":false,"Reason":"DECISION_VALID","Run_ID":"42BC7CA6485BFCA2562357A51970B91E","Scene_Seed":230908,"Sequence":69,"Source_Frame_Index":185,"Source_Model_Version":"safety_gate_v1","Source_Stamp_Us":18612040,"Stamp_Us":18612040,"Step_Dt":0.20000000298023224,"Valid":true}__OD_END__
[ue_object_deliverer_bridge_node-1] [INFO] [1785942620.844272288] [ue_object_deliverer_bridge_node]: kinematic setpoint received stamp=18806348 valid=1
[ue_object_deliverer_bridge_node-1] [INFO] [1785942621.051042304] [ue_object_deliverer_bridge_node]: kinematic setpoint received stamp=19010486 valid=1
[ue_object_deliverer_bridge_node-1] [INFO] [1785942621.263002880] [ue_object_deliverer_bridge_node]: kinematic setpoint received stamp=19213645 valid=1
[ue_object_deliverer_bridge_node-1] [INFO] [1785942621.542968128] [ue_object_deliverer_bridge_node]: kinematic setpoint received stamp=19501158 valid=1
[ue_object_deliverer_bridge_node-1] [INFO] [1785942621.836520576] [ue_object_deliverer_bridge_node]: kinematic setpoint received stamp=19802607 valid=1
[ue_object_deliverer_bridge_node-1] [INFO] [1785942621.836910208] [ue_object_deliverer_bridge_node]: Sent kinematic setpoint to UE5: bytes=421, payload={"Command_Type":"Kinematic_Setpoint","Delta_X_Cm":1.546441949903965,"Delta_Y_Cm":-0.7423364091664553,"Frame_ID":"ue_actor_local","Hold_Position":false,"Reason":"DECISION_VALID","Run_ID":"42BC7CA6485BFCA2562357A51970B91E","Scene_Seed":230908,"Sequence":74,"Source_Frame_Index":197,"Source_Model_Version":"safety_gate_v1","Source_Stamp_Us":19802607,"Stamp_Us":19802607,"Step_Dt":0.20000000298023224,"Valid":true}__OD_END__
[ue_object_deliverer_bridge_node-1] [INFO] [1785942622.044357984] [ue_object_deliverer_bridge_node]: kinematic setpoint received stamp=20008562 valid=1
[ue_object_deliverer_bridge_node-1] [INFO] [1785942622.347883680] [ue_object_deliverer_bridge_node]: kinematic setpoint received stamp=20304706 valid=1
[ue_object_deliverer_bridge_node-1] [INFO] [1785942622.552844640] [ue_object_deliverer_bridge_node]: kinematic setpoint received stamp=20512336 valid=1
[ue_object_deliverer_bridge_node-1] [INFO] [1785942622.759155136] [ue_object_deliverer_bridge_node]: kinematic setpoint received stamp=20713313 valid=1
[ue_object_deliverer_bridge_node-1] [INFO] [1785942622.985259808] [ue_object_deliverer_bridge_node]: kinematic setpoint received stamp=20713314 valid=1
[ue_object_deliverer_bridge_node-1] [INFO] [1785942622.985718976] [ue_object_deliverer_bridge_node]: Sent kinematic setpoint to UE5: bytes=423, payload={"Command_Type":"Kinematic_Setpoint","Delta_X_Cm":-4.9749791622161865,"Delta_Y_Cm":-0.4995808005332947,"Frame_ID":"ue_actor_local","Hold_Position":false,"Reason":"DECISION_VALID","Run_ID":"42BC7CA6485BFCA2562357A51970B91E","Scene_Seed":230908,"Sequence":79,"Source_Frame_Index":159,"Source_Model_Version":"safety_gate_v1","Source_Stamp_Us":20713314,"Stamp_Us":20713314,"Step_Dt":0.20000000298023224,"Valid":true}__OD_END__
[image_entity_perception-9] [INFO] [1785942623.131997952] [image_entity_perception]: PERCEPTION_PERF_TRACE frame_index=210 count=200 predict_ms=34.4 entities=4 valid=True
[temporal_entity_tracker-2] [INFO] [1785942623.132624608] [temporal_entity_tracker]: TRACK_TRACE frame_index=210 count=200 source_valid=True source_entities=4 visible_source=1
[vla_policy-10] [INFO] [1785942623.136986912] [vla_policy]: ENT_IN_TRACE count=200 frame_index=210 valid=True detail=OK:selected=1;targets=1;risks=0;dropped=0
[ue_object_deliverer_bridge_node-1] [INFO] [1785942623.229622880] [ue_object_deliverer_bridge_node]: kinematic setpoint received stamp=21202018 valid=1
[ue_object_deliverer_bridge_node-1] [INFO] [1785942623.471007872] [ue_object_deliverer_bridge_node]: kinematic setpoint received stamp=21411108 valid=1
[ue_object_deliverer_bridge_node-1] [INFO] [1785942623.737366880] [ue_object_deliverer_bridge_node]: kinematic setpoint received stamp=21705671 valid=1
[ue_object_deliverer_bridge_node-1] [INFO] [1785942623.974534400] [ue_object_deliverer_bridge_node]: kinematic setpoint received stamp=21705672 valid=1
[ue_object_deliverer_bridge_node-1] [INFO] [1785942624.233830016] [ue_object_deliverer_bridge_node]: kinematic setpoint received stamp=22211392 valid=1
[ue_object_deliverer_bridge_node-1] [INFO] [1785942624.234225536] [ue_object_deliverer_bridge_node]: Sent kinematic setpoint to UE5: bytes=421, payload={"Command_Type":"Kinematic_Setpoint","Delta_X_Cm":-4.884924367070198,"Delta_Y_Cm":-1.066543348133564,"Frame_ID":"ue_actor_local","Hold_Position":false,"Reason":"DECISION_VALID","Run_ID":"42BC7CA6485BFCA2562357A51970B91E","Scene_Seed":230908,"Sequence":84,"Source_Frame_Index":221,"Source_Model_Version":"safety_gate_v1","Source_Stamp_Us":22211392,"Stamp_Us":22211392,"Step_Dt":0.20000000298023224,"Valid":true}__OD_END__
[ue_object_deliverer_bridge_node-1] [INFO] [1785942624.440034624] [ue_object_deliverer_bridge_node]: kinematic setpoint received stamp=22409378 valid=1
[ue_object_deliverer_bridge_node-1] [INFO] [1785942624.650384192] [ue_object_deliverer_bridge_node]: kinematic setpoint received stamp=22613703 valid=1
[ue_object_deliverer_bridge_node-1] [INFO] [1785942624.936348224] [ue_object_deliverer_bridge_node]: kinematic setpoint received stamp=22902112 valid=1
[ue_object_deliverer_bridge_node-1] [INFO] [1785942625.141985024] [ue_object_deliverer_bridge_node]: kinematic setpoint received stamp=23106922 valid=1
[ue_object_deliverer_bridge_node-1] [INFO] [1785942625.348972608] [ue_object_deliverer_bridge_node]: kinematic setpoint received stamp=23311511 valid=1
[ue_object_deliverer_bridge_node-1] [INFO] [1785942625.349349952] [ue_object_deliverer_bridge_node]: Sent kinematic setpoint to UE5: bytes=422, payload={"Command_Type":"Kinematic_Setpoint","Delta_X_Cm":-4.162805527448654,"Delta_Y_Cm":-1.1457531712949276,"Frame_ID":"ue_actor_local","Hold_Position":false,"Reason":"DECISION_VALID","Run_ID":"42BC7CA6485BFCA2562357A51970B91E","Scene_Seed":230908,"Sequence":89,"Source_Frame_Index":232,"Source_Model_Version":"safety_gate_v1","Source_Stamp_Us":23311511,"Stamp_Us":23311511,"Step_Dt":0.20000000298023224,"Valid":true}__OD_END__
[ue_object_deliverer_bridge_node-1] [INFO] [1785942625.647670464] [ue_object_deliverer_bridge_node]: kinematic setpoint received stamp=23609186 valid=1
[ue_object_deliverer_bridge_node-1] [INFO] [1785942625.945493216] [ue_object_deliverer_bridge_node]: kinematic setpoint received stamp=23911384 valid=1
[ue_object_deliverer_bridge_node-1] [INFO] [1785942626.241784512] [ue_object_deliverer_bridge_node]: kinematic setpoint received stamp=24208968 valid=1
[ue_object_deliverer_bridge_node-1] [INFO] [1785942626.454539744] [ue_object_deliverer_bridge_node]: kinematic setpoint received stamp=24414130 valid=1
[ue_object_deliverer_bridge_node-1] [INFO] [1785942626.454908672] [ue_object_deliverer_bridge_node]: Sent kinematic setpoint to UE5: bytes=422, payload={"Command_Type":"Kinematic_Setpoint","Delta_X_Cm":-4.264440014958382,"Delta_Y_Cm":-1.2568265199661255,"Frame_ID":"ue_actor_local","Hold_Position":false,"Reason":"DECISION_VALID","Run_ID":"42BC7CA6485BFCA2562357A51970B91E","Scene_Seed":230908,"Sequence":93,"Source_Frame_Index":243,"Source_Model_Version":"safety_gate_v1","Source_Stamp_Us":24414130,"Stamp_Us":24414130,"Step_Dt":0.20000000298023224,"Valid":true}__OD_END__
[ue_object_deliverer_bridge_node-1] [INFO] [1785942626.753323872] [ue_object_deliverer_bridge_node]: kinematic setpoint received stamp=24711500 valid=1
[ue_object_deliverer_bridge_node-1] [INFO] [1785942626.985338784] [ue_object_deliverer_bridge_node]: kinematic setpoint received stamp=24711501 valid=1
[ue_object_deliverer_bridge_node-1] [INFO] [1785942627.237039680] [ue_object_deliverer_bridge_node]: kinematic setpoint received stamp=25210853 valid=1
[ue_object_deliverer_bridge_node-1] [INFO] [1785942627.446303712] [ue_object_deliverer_bridge_node]: kinematic setpoint received stamp=25409512 valid=1
[ue_object_deliverer_bridge_node-1] [INFO] [1785942627.642667488] [ue_object_deliverer_bridge_node]: kinematic setpoint received stamp=25601349 valid=1
[ue_object_deliverer_bridge_node-1] [INFO] [1785942627.643070432] [ue_object_deliverer_bridge_node]: Sent kinematic setpoint to UE5: bytes=421, payload={"Command_Type":"Kinematic_Setpoint","Delta_X_Cm":0.48266747035086155,"Delta_Y_Cm":-0.81755006685853,"Frame_ID":"ue_actor_local","Hold_Position":false,"Reason":"DECISION_VALID","Run_ID":"42BC7CA6485BFCA2562357A51970B91E","Scene_Seed":230908,"Sequence":98,"Source_Frame_Index":255,"Source_Model_Version":"safety_gate_v1","Source_Stamp_Us":25601349,"Stamp_Us":25601349,"Step_Dt":0.20000000298023224,"Valid":true}__OD_END__
[vla_policy-10] [INFO] [1785942627.844427744] [vla_policy]: POLICY_AUDIT trigger=periodic events=100 policy_driven=93 backstop=6 hold=1 fail_closed=0 policy_stop=0 guard_reason=policy_driven raw_dx=0.086707 raw_dy=-0.001707 guarded_dx=0.086707 guarded_dy=-0.001707 final_dx=0.054466 final_dy=0.002185
[ue_object_deliverer_bridge_node-1] [INFO] [1785942627.848088960] [ue_object_deliverer_bridge_node]: kinematic setpoint received stamp=25807649 valid=1
[image_entity_perception-9] [INFO] [1785942628.136300480] [image_entity_perception]: PERCEPTION_PERF_TRACE frame_index=260 count=250 predict_ms=44.7 entities=4 valid=True
[temporal_entity_tracker-2] [INFO] [1785942628.137212000] [temporal_entity_tracker]: TRACK_TRACE frame_index=260 count=250 source_valid=True source_entities=4 visible_source=1
[ue_object_deliverer_bridge_node-1] [INFO] [1785942628.153220832] [ue_object_deliverer_bridge_node]: kinematic setpoint received stamp=26111782 valid=1
[ue_object_deliverer_bridge_node-1] [INFO] [1785942628.458249120] [ue_object_deliverer_bridge_node]: kinematic setpoint received stamp=26413127 valid=1
[ue_object_deliverer_bridge_node-1] [INFO] [1785942628.743306624] [ue_object_deliverer_bridge_node]: kinematic setpoint received stamp=26702780 valid=1
[ue_object_deliverer_bridge_node-1] [INFO] [1785942628.743696576] [ue_object_deliverer_bridge_node]: Sent kinematic setpoint to UE5: bytes=422, payload={"Command_Type":"Kinematic_Setpoint","Delta_X_Cm":-1.195649616420269,"Delta_Y_Cm":-0.826235581189394,"Frame_ID":"ue_actor_local","Hold_Position":false,"Reason":"DECISION_VALID","Run_ID":"42BC7CA6485BFCA2562357A51970B91E","Scene_Seed":230908,"Sequence":102,"Source_Frame_Index":266,"Source_Model_Version":"safety_gate_v1","Source_Stamp_Us":26702780,"Stamp_Us":26702780,"Step_Dt":0.20000000298023224,"Valid":true}__OD_END__
[ue_object_deliverer_bridge_node-1] [INFO] [1785942628.945098496] [ue_object_deliverer_bridge_node]: kinematic setpoint received stamp=26907466 valid=1
[ue_object_deliverer_bridge_node-1] [INFO] [1785942629.157191840] [ue_object_deliverer_bridge_node]: kinematic setpoint received stamp=27110835 valid=1
[ue_object_deliverer_bridge_node-1] [INFO] [1785942629.455635008] [ue_object_deliverer_bridge_node]: kinematic setpoint received stamp=27409842 valid=1
[ue_object_deliverer_bridge_node-1] [INFO] [1785942629.753705408] [ue_object_deliverer_bridge_node]: kinematic setpoint received stamp=27710753 valid=1
[ue_object_deliverer_bridge_node-1] [INFO] [1785942629.754089376] [ue_object_deliverer_bridge_node]: Sent kinematic setpoint to UE5: bytes=421, payload={"Command_Type":"Kinematic_Setpoint","Delta_X_Cm":3.464468941092491,"Delta_Y_Cm":-0.300955050624907,"Frame_ID":"ue_actor_local","Hold_Position":false,"Reason":"DECISION_VALID","Run_ID":"42BC7CA6485BFCA2562357A51970B91E","Scene_Seed":230908,"Sequence":106,"Source_Frame_Index":276,"Source_Model_Version":"safety_gate_v1","Source_Stamp_Us":27710753,"Stamp_Us":27710753,"Step_Dt":0.20000000298023224,"Valid":true}__OD_END__
[ue_object_deliverer_bridge_node-1] [INFO] [1785942629.978091072] [ue_object_deliverer_bridge_node]: kinematic setpoint received stamp=27710754 valid=1
[ue_object_deliverer_bridge_node-1] [INFO] [1785942630.239927232] [ue_object_deliverer_bridge_node]: kinematic setpoint received stamp=28201470 valid=1
[ue_object_deliverer_bridge_node-1] [INFO] [1785942630.546742304] [ue_object_deliverer_bridge_node]: kinematic setpoint received stamp=28513199 valid=1
[ue_object_deliverer_bridge_node-1] [INFO] [1785942630.843301472] [ue_object_deliverer_bridge_node]: kinematic setpoint received stamp=28811528 valid=1
[ue_object_deliverer_bridge_node-1] [INFO] [1785942630.843846592] [ue_object_deliverer_bridge_node]: Sent kinematic setpoint to UE5: bytes=423, payload={"Command_Type":"Kinematic_Setpoint","Delta_X_Cm":5.105172470211983,"Delta_Y_Cm":-0.10660827392712235,"Frame_ID":"ue_actor_local","Hold_Position":false,"Reason":"DECISION_VALID","Run_ID":"42BC7CA6485BFCA2562357A51970B91E","Scene_Seed":230908,"Sequence":110,"Source_Frame_Index":287,"Source_Model_Version":"safety_gate_v1","Source_Stamp_Us":28811528,"Stamp_Us":28811528,"Step_Dt":0.20000000298023224,"Valid":true}__OD_END__
[ue_object_deliverer_bridge_node-1] [INFO] [1785942631.050985344] [ue_object_deliverer_bridge_node]: kinematic setpoint received stamp=29011777 valid=1
[ue_object_deliverer_bridge_node-1] [INFO] [1785942631.350558304] [ue_object_deliverer_bridge_node]: kinematic setpoint received stamp=29310062 valid=1
[ue_object_deliverer_bridge_node-1] [INFO] [1785942631.564878880] [ue_object_deliverer_bridge_node]: kinematic setpoint received stamp=29511975 valid=1
[ue_object_deliverer_bridge_node-1] [INFO] [1785942631.836419712] [ue_object_deliverer_bridge_node]: kinematic setpoint received stamp=29803442 valid=1
[ue_object_deliverer_bridge_node-1] [INFO] [1785942632.132282656] [ue_object_deliverer_bridge_node]: kinematic setpoint received stamp=30102859 valid=1
[ue_object_deliverer_bridge_node-1] [INFO] [1785942632.132725856] [ue_object_deliverer_bridge_node]: Sent kinematic setpoint to UE5: bytes=424, payload={"Command_Type":"Kinematic_Setpoint","Delta_X_Cm":-0.5958599038422108,"Delta_Y_Cm":-0.8479071781039238,"Frame_ID":"ue_actor_local","Hold_Position":false,"Reason":"DECISION_VALID","Run_ID":"42BC7CA6485BFCA2562357A51970B91E","Scene_Seed":230908,"Sequence":115,"Source_Frame_Index":300,"Source_Model_Version":"safety_gate_v1","Source_Stamp_Us":30102859,"Stamp_Us":30102859,"Step_Dt":0.20000000298023224,"Valid":true}__OD_END__
[ue_object_deliverer_bridge_node-1] [INFO] [1785942632.342637600] [ue_object_deliverer_bridge_node]: kinematic setpoint received stamp=30303372 valid=1
[ue_object_deliverer_bridge_node-1] [INFO] [1785942632.543284000] [ue_object_deliverer_bridge_node]: kinematic setpoint received stamp=30511286 valid=1
[ue_object_deliverer_bridge_node-1] [INFO] [1785942632.845597792] [ue_object_deliverer_bridge_node]: kinematic setpoint received stamp=30808477 valid=1
[image_entity_perception-9] [INFO] [1785942633.115037728] [image_entity_perception]: PERCEPTION_PERF_TRACE frame_index=310 count=300 predict_ms=34.9 entities=4 valid=True
[temporal_entity_tracker-2] [INFO] [1785942633.115777856] [temporal_entity_tracker]: TRACK_TRACE frame_index=310 count=300 source_valid=True source_entities=4 visible_source=1
[vla_policy-10] [INFO] [1785942633.119970528] [vla_policy]: ENT_IN_TRACE count=300 frame_index=310 valid=True detail=OK:selected=1;targets=1;risks=0;dropped=0
[ue_object_deliverer_bridge_node-1] [INFO] [1785942633.132287712] [ue_object_deliverer_bridge_node]: kinematic setpoint received stamp=31107775 valid=1
[ue_object_deliverer_bridge_node-1] [INFO] [1785942633.132676608] [ue_object_deliverer_bridge_node]: Sent kinematic setpoint to UE5: bytes=424, payload={"Command_Type":"Kinematic_Setpoint","Delta_X_Cm":-1.4005308970808983,"Delta_Y_Cm":-0.7327516097575426,"Frame_ID":"ue_actor_local","Hold_Position":false,"Reason":"DECISION_VALID","Run_ID":"42BC7CA6485BFCA2562357A51970B91E","Scene_Seed":230908,"Sequence":119,"Source_Frame_Index":310,"Source_Model_Version":"safety_gate_v1","Source_Stamp_Us":31107775,"Stamp_Us":31107775,"Step_Dt":0.20000000298023224,"Valid":true}__OD_END__
[ue_object_deliverer_bridge_node-1] [INFO] [1785942633.435251552] [ue_object_deliverer_bridge_node]: kinematic setpoint received stamp=31409486 valid=1
[ue_object_deliverer_bridge_node-1] [INFO] [1785942633.655819808] [ue_object_deliverer_bridge_node]: kinematic setpoint received stamp=31611760 valid=1
[ue_object_deliverer_bridge_node-1] [INFO] [1785942633.945168768] [ue_object_deliverer_bridge_node]: kinematic setpoint received stamp=31912572 valid=1
[ue_object_deliverer_bridge_node-1] [INFO] [1785942634.243490144] [ue_object_deliverer_bridge_node]: kinematic setpoint received stamp=32209249 valid=1
[ue_object_deliverer_bridge_node-1] [INFO] [1785942634.243843072] [ue_object_deliverer_bridge_node]: Sent kinematic setpoint to UE5: bytes=422, payload={"Command_Type":"Kinematic_Setpoint","Delta_X_Cm":-7.325885444879532,"Delta_Y_Cm":-1.901654526591301,"Frame_ID":"ue_actor_local","Hold_Position":false,"Reason":"DECISION_VALID","Run_ID":"42BC7CA6485BFCA2562357A51970B91E","Scene_Seed":230908,"Sequence":123,"Source_Frame_Index":321,"Source_Model_Version":"safety_gate_v1","Source_Stamp_Us":32209249,"Stamp_Us":32209249,"Step_Dt":0.20000000298023224,"Valid":true}__OD_END__
[ue_object_deliverer_bridge_node-1] [INFO] [1785942634.538424544] [ue_object_deliverer_bridge_node]: kinematic setpoint received stamp=32510049 valid=1
[ue_object_deliverer_bridge_node-1] [INFO] [1785942634.842232512] [ue_object_deliverer_bridge_node]: kinematic setpoint received stamp=32809382 valid=1
[ue_object_deliverer_bridge_node-1] [INFO] [1785942635.049625248] [ue_object_deliverer_bridge_node]: kinematic setpoint received stamp=33013027 valid=1
[ue_object_deliverer_bridge_node-1] [INFO] [1785942635.344678816] [ue_object_deliverer_bridge_node]: kinematic setpoint received stamp=33310659 valid=1
[ue_object_deliverer_bridge_node-1] [INFO] [1785942635.345247488] [ue_object_deliverer_bridge_node]: Sent kinematic setpoint to UE5: bytes=423, payload={"Command_Type":"Kinematic_Setpoint","Delta_X_Cm":1.4767499640583992,"Delta_Y_Cm":-0.3799735801294446,"Frame_ID":"ue_actor_local","Hold_Position":false,"Reason":"DECISION_VALID","Run_ID":"42BC7CA6485BFCA2562357A51970B91E","Scene_Seed":230908,"Sequence":127,"Source_Frame_Index":332,"Source_Model_Version":"safety_gate_v1","Source_Stamp_Us":33310659,"Stamp_Us":33310659,"Step_Dt":0.20000000298023224,"Valid":true}__OD_END__
[ue_object_deliverer_bridge_node-1] [INFO] [1785942635.631496896] [ue_object_deliverer_bridge_node]: kinematic setpoint received stamp=33604753 valid=1
[ue_object_deliverer_bridge_node-1] [INFO] [1785942635.927051424] [ue_object_deliverer_bridge_node]: kinematic setpoint received stamp=33904713 valid=1
[ue_object_deliverer_bridge_node-1] [INFO] [1785942636.142658688] [ue_object_deliverer_bridge_node]: kinematic setpoint received stamp=34110777 valid=1
[ue_object_deliverer_bridge_node-1] [INFO] [1785942636.447722176] [ue_object_deliverer_bridge_node]: kinematic setpoint received stamp=34412064 valid=1
[ue_object_deliverer_bridge_node-1] [INFO] [1785942636.448114976] [ue_object_deliverer_bridge_node]: Sent kinematic setpoint to UE5: bytes=423, payload={"Command_Type":"Kinematic_Setpoint","Delta_X_Cm":1.4872023835778236,"Delta_Y_Cm":-0.2803059061989188,"Frame_ID":"ue_actor_local","Hold_Position":false,"Reason":"DECISION_VALID","Run_ID":"42BC7CA6485BFCA2562357A51970B91E","Scene_Seed":230908,"Sequence":131,"Source_Frame_Index":343,"Source_Model_Version":"safety_gate_v1","Source_Stamp_Us":34412064,"Stamp_Us":34412064,"Step_Dt":0.20000000298023224,"Valid":true}__OD_END__
[ue_object_deliverer_bridge_node-1] [INFO] [1785942636.742872416] [ue_object_deliverer_bridge_node]: kinematic setpoint received stamp=34712192 valid=1
[ue_object_deliverer_bridge_node-1] [INFO] [1785942636.974695424] [ue_object_deliverer_bridge_node]: kinematic setpoint received stamp=34712193 valid=1
[ue_object_deliverer_bridge_node-1] [INFO] [1785942637.230557312] [ue_object_deliverer_bridge_node]: kinematic setpoint received stamp=35206398 valid=1
[ue_object_deliverer_bridge_node-1] [INFO] [1785942637.555161920] [ue_object_deliverer_bridge_node]: kinematic setpoint received stamp=35512018 valid=1
[ue_object_deliverer_bridge_node-1] [INFO] [1785942637.555705056] [ue_object_deliverer_bridge_node]: Sent kinematic setpoint to UE5: bytes=422, payload={"Command_Type":"Kinematic_Setpoint","Delta_X_Cm":-6.669148802757263,"Delta_Y_Cm":-1.862204633653164,"Frame_ID":"ue_actor_local","Hold_Position":false,"Reason":"DECISION_VALID","Run_ID":"42BC7CA6485BFCA2562357A51970B91E","Scene_Seed":230908,"Sequence":135,"Source_Frame_Index":354,"Source_Model_Version":"safety_gate_v1","Source_Stamp_Us":35512018,"Stamp_Us":35512018,"Step_Dt":0.20000000298023224,"Valid":true}__OD_END__
[ue_object_deliverer_bridge_node-1] [INFO] [1785942637.855228800] [ue_object_deliverer_bridge_node]: kinematic setpoint received stamp=35810923 valid=1
[image_entity_perception-9] [INFO] [1785942638.127002784] [image_entity_perception]: PERCEPTION_PERF_TRACE frame_index=360 count=350 predict_ms=42.3 entities=4 valid=True
[temporal_entity_tracker-2] [INFO] [1785942638.127845536] [temporal_entity_tracker]: TRACK_TRACE frame_index=360 count=350 source_valid=True source_entities=4 visible_source=1
[ue_object_deliverer_bridge_node-1] [INFO] [1785942638.145563264] [ue_object_deliverer_bridge_node]: kinematic setpoint received stamp=36107223 valid=1
[ue_object_deliverer_bridge_node-1] [INFO] [1785942638.430372896] [ue_object_deliverer_bridge_node]: kinematic setpoint received stamp=36405254 valid=1
[ue_object_deliverer_bridge_node-1] [INFO] [1785942638.632078560] [ue_object_deliverer_bridge_node]: kinematic setpoint received stamp=36607059 valid=1
[ue_object_deliverer_bridge_node-1] [INFO] [1785942638.632487072] [ue_object_deliverer_bridge_node]: Sent kinematic setpoint to UE5: bytes=421, payload={"Command_Type":"Kinematic_Setpoint","Delta_X_Cm":8.809918910264969,"Delta_Y_Cm":0.8643575944006443,"Frame_ID":"ue_actor_local","Hold_Position":false,"Reason":"DECISION_VALID","Run_ID":"42BC7CA6485BFCA2562357A51970B91E","Scene_Seed":230908,"Sequence":139,"Source_Frame_Index":365,"Source_Model_Version":"safety_gate_v1","Source_Stamp_Us":36607059,"Stamp_Us":36607059,"Step_Dt":0.20000000298023224,"Valid":true}__OD_END__
[ue_object_deliverer_bridge_node-1] [INFO] [1785942638.841005568] [ue_object_deliverer_bridge_node]: kinematic setpoint received stamp=36810522 valid=1
[ue_object_deliverer_bridge_node-1] [INFO] [1785942639.054586080] [ue_object_deliverer_bridge_node]: kinematic setpoint received stamp=37012674 valid=1
[ue_object_deliverer_bridge_node-1] [INFO] [1785942639.344025216] [ue_object_deliverer_bridge_node]: kinematic setpoint received stamp=37311197 valid=1
[ue_object_deliverer_bridge_node-1] [INFO] [1785942639.551098176] [ue_object_deliverer_bridge_node]: kinematic setpoint received stamp=37512985 valid=1
[ue_object_deliverer_bridge_node-1] [INFO] [1785942639.849167552] [ue_object_deliverer_bridge_node]: kinematic setpoint received stamp=37811761 valid=1
[ue_object_deliverer_bridge_node-1] [INFO] [1785942639.849553568] [ue_object_deliverer_bridge_node]: Sent kinematic setpoint to UE5: bytes=424, payload={"Command_Type":"Kinematic_Setpoint","Delta_X_Cm":-0.5866620223969221,"Delta_Y_Cm":-0.8531458675861359,"Frame_ID":"ue_actor_local","Hold_Position":false,"Reason":"DECISION_VALID","Run_ID":"42BC7CA6485BFCA2562357A51970B91E","Scene_Seed":230908,"Sequence":144,"Source_Frame_Index":377,"Source_Model_Version":"safety_gate_v1","Source_Stamp_Us":37811761,"Stamp_Us":37811761,"Step_Dt":0.20000000298023224,"Valid":true}__OD_END__
[ue_object_deliverer_bridge_node-1] [INFO] [1785942640.056237792] [ue_object_deliverer_bridge_node]: kinematic setpoint received stamp=38013734 valid=1
[ue_object_deliverer_bridge_node-1] [INFO] [1785942640.354457312] [ue_object_deliverer_bridge_node]: kinematic setpoint received stamp=38309895 valid=1
[ue_object_deliverer_bridge_node-1] [INFO] [1785942640.650475072] [ue_object_deliverer_bridge_node]: kinematic setpoint received stamp=38609978 valid=1
[ue_object_deliverer_bridge_node-1] [INFO] [1785942640.852966496] [ue_object_deliverer_bridge_node]: kinematic setpoint received stamp=38811127 valid=1
[ue_object_deliverer_bridge_node-1] [INFO] [1785942641.155853408] [ue_object_deliverer_bridge_node]: kinematic setpoint received stamp=39110329 valid=1
[ue_object_deliverer_bridge_node-1] [INFO] [1785942641.156388288] [ue_object_deliverer_bridge_node]: Sent kinematic setpoint to UE5: bytes=421, payload={"Command_Type":"Kinematic_Setpoint","Delta_X_Cm":7.890738546848297,"Delta_Y_Cm":1.0004465468227863,"Frame_ID":"ue_actor_local","Hold_Position":false,"Reason":"DECISION_VALID","Run_ID":"42BC7CA6485BFCA2562357A51970B91E","Scene_Seed":230908,"Sequence":149,"Source_Frame_Index":390,"Source_Model_Version":"safety_gate_v1","Source_Stamp_Us":39110329,"Stamp_Us":39110329,"Step_Dt":0.20000000298023224,"Valid":true}__OD_END__
[ue_object_deliverer_bridge_node-1] [INFO] [1785942641.440703616] [ue_object_deliverer_bridge_node]: kinematic setpoint received stamp=39411448 valid=1
[ue_object_deliverer_bridge_node-1] [INFO] [1785942641.730052800] [ue_object_deliverer_bridge_node]: kinematic setpoint received stamp=39704464 valid=1
[ue_object_deliverer_bridge_node-1] [INFO] [1785942641.977048352] [ue_object_deliverer_bridge_node]: kinematic setpoint received stamp=39704465 valid=1
[ue_object_deliverer_bridge_node-1] [INFO] [1785942642.231269312] [ue_object_deliverer_bridge_node]: kinematic setpoint received stamp=40204092 valid=1
[ue_object_deliverer_bridge_node-1] [INFO] [1785942642.231759360] [ue_object_deliverer_bridge_node]: Sent kinematic setpoint to UE5: bytes=422, payload={"Command_Type":"Kinematic_Setpoint","Delta_X_Cm":-4.755591973662376,"Delta_Y_Cm":-1.544132549315691,"Frame_ID":"ue_actor_local","Hold_Position":false,"Reason":"DECISION_VALID","Run_ID":"42BC7CA6485BFCA2562357A51970B91E","Scene_Seed":230908,"Sequence":153,"Source_Frame_Index":401,"Source_Model_Version":"safety_gate_v1","Source_Stamp_Us":40204092,"Stamp_Us":40204092,"Step_Dt":0.20000000298023224,"Valid":true}__OD_END__
[ue_object_deliverer_bridge_node-1] [INFO] [1785942642.544285856] [ue_object_deliverer_bridge_node]: kinematic setpoint received stamp=40502837 valid=1
[ue_object_deliverer_bridge_node-1] [INFO] [1785942642.830864160] [ue_object_deliverer_bridge_node]: kinematic setpoint received stamp=40803474 valid=1
[ue_object_deliverer_bridge_node-1] [INFO] [1785942643.039584352] [ue_object_deliverer_bridge_node]: kinematic setpoint received stamp=41006236 valid=1
[image_entity_perception-9] [INFO] [1785942643.112810432] [image_entity_perception]: PERCEPTION_PERF_TRACE frame_index=410 count=400 predict_ms=36.8 entities=4 valid=True
[temporal_entity_tracker-2] [INFO] [1785942643.113742752] [temporal_entity_tracker]: TRACK_TRACE frame_index=410 count=400 source_valid=True source_entities=4 visible_source=1
[vla_policy-10] [INFO] [1785942643.119563200] [vla_policy]: ENT_IN_TRACE count=400 frame_index=410 valid=True detail=OK:selected=1;targets=1;risks=0;dropped=0
[ue_object_deliverer_bridge_node-1] [INFO] [1785942643.236280608] [ue_object_deliverer_bridge_node]: kinematic setpoint received stamp=41210786 valid=1
[ue_object_deliverer_bridge_node-1] [INFO] [1785942643.236711968] [ue_object_deliverer_bridge_node]: Sent kinematic setpoint to UE5: bytes=422, payload={"Command_Type":"Kinematic_Setpoint","Delta_X_Cm":15.072372555732727,"Delta_Y_Cm":1.0520382784307003,"Frame_ID":"ue_actor_local","Hold_Position":false,"Reason":"DECISION_VALID","Run_ID":"42BC7CA6485BFCA2562357A51970B91E","Scene_Seed":230908,"Sequence":157,"Source_Frame_Index":411,"Source_Model_Version":"safety_gate_v1","Source_Stamp_Us":41210786,"Stamp_Us":41210786,"Step_Dt":0.20000000298023224,"Valid":true}__OD_END__
[ue_object_deliverer_bridge_node-1] [INFO] [1785942643.535109536] [ue_object_deliverer_bridge_node]: kinematic setpoint received stamp=41501279 valid=1
[ue_object_deliverer_bridge_node-1] [INFO] [1785942643.742222400] [ue_object_deliverer_bridge_node]: kinematic setpoint received stamp=41707969 valid=1
[ue_object_deliverer_bridge_node-1] [INFO] [1785942643.994181760] [ue_object_deliverer_bridge_node]: kinematic setpoint received stamp=41707970 valid=1
[ue_object_deliverer_bridge_node-1] [INFO] [1785942644.234089376] [ue_object_deliverer_bridge_node]: kinematic setpoint received stamp=42204118 valid=1
[ue_object_deliverer_bridge_node-1] [INFO] [1785942644.435967008] [ue_object_deliverer_bridge_node]: kinematic setpoint received stamp=42409340 valid=1
[ue_object_deliverer_bridge_node-1] [INFO] [1785942644.436371264] [ue_object_deliverer_bridge_node]: Sent kinematic setpoint to UE5: bytes=421, payload={"Command_Type":"Kinematic_Setpoint","Delta_X_Cm":9.956517815589905,"Delta_Y_Cm":0.6514489185065031,"Frame_ID":"ue_actor_local","Hold_Position":false,"Reason":"DECISION_VALID","Run_ID":"42BC7CA6485BFCA2562357A51970B91E","Scene_Seed":230908,"Sequence":162,"Source_Frame_Index":423,"Source_Model_Version":"safety_gate_v1","Source_Stamp_Us":42409340,"Stamp_Us":42409340,"Step_Dt":0.20000000298023224,"Valid":true}__OD_END__
[ue_object_deliverer_bridge_node-1] [INFO] [1785942644.644402336] [ue_object_deliverer_bridge_node]: kinematic setpoint received stamp=42603960 valid=1
[ue_object_deliverer_bridge_node-1] [INFO] [1785942644.936475232] [ue_object_deliverer_bridge_node]: kinematic setpoint received stamp=42905492 valid=1
[ue_object_deliverer_bridge_node-1] [INFO] [1785942645.241455968] [ue_object_deliverer_bridge_node]: kinematic setpoint received stamp=43209929 valid=1
[ue_object_deliverer_bridge_node-1] [INFO] [1785942645.530349728] [ue_object_deliverer_bridge_node]: kinematic setpoint received stamp=43502636 valid=1
[ue_object_deliverer_bridge_node-1] [INFO] [1785942645.530717504] [ue_object_deliverer_bridge_node]: Sent kinematic setpoint to UE5: bytes=420, payload={"Command_Type":"Kinematic_Setpoint","Delta_X_Cm":21.857574582099915,"Delta_Y_Cm":1.58108901232481,"Frame_ID":"ue_actor_local","Hold_Position":false,"Reason":"DECISION_VALID","Run_ID":"42BC7CA6485BFCA2562357A51970B91E","Scene_Seed":230908,"Sequence":166,"Source_Frame_Index":434,"Source_Model_Version":"safety_gate_v1","Source_Stamp_Us":43502636,"Stamp_Us":43502636,"Step_Dt":0.20000000298023224,"Valid":true}__OD_END__
[ue_object_deliverer_bridge_node-1] [INFO] [1785942645.744379296] [ue_object_deliverer_bridge_node]: kinematic setpoint received stamp=43713143 valid=1
[ue_object_deliverer_bridge_node-1] [INFO] [1785942645.981473280] [ue_object_deliverer_bridge_node]: kinematic setpoint received stamp=43713144 valid=1
[ue_object_deliverer_bridge_node-1] [INFO] [1785942646.253675392] [ue_object_deliverer_bridge_node]: kinematic setpoint received stamp=44213350 valid=1
[ue_object_deliverer_bridge_node-1] [INFO] [1785942646.534569344] [ue_object_deliverer_bridge_node]: kinematic setpoint received stamp=44513047 valid=1
[ue_object_deliverer_bridge_node-1] [INFO] [1785942646.534956160] [ue_object_deliverer_bridge_node]: Sent kinematic setpoint to UE5: bytes=422, payload={"Command_Type":"Kinematic_Setpoint","Delta_X_Cm":5.505013465881348,"Delta_Y_Cm":-1.0361749678850174,"Frame_ID":"ue_actor_local","Hold_Position":false,"Reason":"DECISION_VALID","Run_ID":"42BC7CA6485BFCA2562357A51970B91E","Scene_Seed":230908,"Sequence":170,"Source_Frame_Index":444,"Source_Model_Version":"safety_gate_v1","Source_Stamp_Us":44513047,"Stamp_Us":44513047,"Step_Dt":0.20000000298023224,"Valid":true}__OD_END__
[ue_object_deliverer_bridge_node-1] [INFO] [1785942646.823157056] [ue_object_deliverer_bridge_node]: kinematic setpoint received stamp=44801357 valid=1
[ue_object_deliverer_bridge_node-1] [INFO] [1785942647.041135744] [ue_object_deliverer_bridge_node]: kinematic setpoint received stamp=45008095 valid=1
[ue_object_deliverer_bridge_node-1] [INFO] [1785942647.260760032] [ue_object_deliverer_bridge_node]: kinematic setpoint received stamp=45209892 valid=1
[ue_object_deliverer_bridge_node-1] [INFO] [1785942647.536207520] [ue_object_deliverer_bridge_node]: kinematic setpoint received stamp=45500779 valid=1
[ue_object_deliverer_bridge_node-1] [INFO] [1785942647.740612448] [ue_object_deliverer_bridge_node]: kinematic setpoint received stamp=45706639 valid=1
[ue_object_deliverer_bridge_node-1] [INFO] [1785942647.740994336] [ue_object_deliverer_bridge_node]: Sent kinematic setpoint to UE5: bytes=421, payload={"Command_Type":"Kinematic_Setpoint","Delta_X_Cm":27.19733417034149,"Delta_Y_Cm":1.6986168920993805,"Frame_ID":"ue_actor_local","Hold_Position":false,"Reason":"DECISION_VALID","Run_ID":"42BC7CA6485BFCA2562357A51970B91E","Scene_Seed":230908,"Sequence":175,"Source_Frame_Index":456,"Source_Model_Version":"safety_gate_v1","Source_Stamp_Us":45706639,"Stamp_Us":45706639,"Step_Dt":0.20000000298023224,"Valid":true}__OD_END__
[ue_object_deliverer_bridge_node-1] [INFO] [1785942647.946769600] [ue_object_deliverer_bridge_node]: kinematic setpoint received stamp=45909799 valid=1
[image_entity_perception-9] [INFO] [1785942648.121270432] [image_entity_perception]: PERCEPTION_PERF_TRACE frame_index=460 count=450 predict_ms=43.6 entities=4 valid=True
[temporal_entity_tracker-2] [INFO] [1785942648.122068384] [temporal_entity_tracker]: TRACK_TRACE frame_index=460 count=450 source_valid=True source_entities=4 visible_source=1
[ue_object_deliverer_bridge_node-1] [INFO] [1785942648.253600640] [ue_object_deliverer_bridge_node]: kinematic setpoint received stamp=46211218 valid=1
[ue_object_deliverer_bridge_node-1] [INFO] [1785942648.551076448] [ue_object_deliverer_bridge_node]: kinematic setpoint received stamp=46512192 valid=1
[ue_object_deliverer_bridge_node-1] [INFO] [1785942648.852251392] [ue_object_deliverer_bridge_node]: kinematic setpoint received stamp=46813152 valid=1
[ue_object_deliverer_bridge_node-1] [INFO] [1785942648.852661632] [ue_object_deliverer_bridge_node]: Sent kinematic setpoint to UE5: bytes=422, payload={"Command_Type":"Kinematic_Setpoint","Delta_X_Cm":22.836557030677795,"Delta_Y_Cm":0.8727491833269596,"Frame_ID":"ue_actor_local","Hold_Position":false,"Reason":"DECISION_VALID","Run_ID":"42BC7CA6485BFCA2562357A51970B91E","Scene_Seed":230908,"Sequence":179,"Source_Frame_Index":467,"Source_Model_Version":"safety_gate_v1","Source_Stamp_Us":46813152,"Stamp_Us":46813152,"Step_Dt":0.20000000298023224,"Valid":true}__OD_END__
[ue_object_deliverer_bridge_node-1] [INFO] [1785942649.140088768] [ue_object_deliverer_bridge_node]: kinematic setpoint received stamp=47101948 valid=1
[ue_object_deliverer_bridge_node-1] [INFO] [1785942649.344342752] [ue_object_deliverer_bridge_node]: kinematic setpoint received stamp=47308033 valid=1
[ue_object_deliverer_bridge_node-1] [INFO] [1785942649.651747712] [ue_object_deliverer_bridge_node]: kinematic setpoint received stamp=47611471 valid=1
[ue_object_deliverer_bridge_node-1] [INFO] [1785942649.939143360] [ue_object_deliverer_bridge_node]: kinematic setpoint received stamp=47900559 valid=1
[ue_object_deliverer_bridge_node-1] [INFO] [1785942649.939546240] [ue_object_deliverer_bridge_node]: Sent kinematic setpoint to UE5: bytes=423, payload={"Command_Type":"Kinematic_Setpoint","Delta_X_Cm":15.556332468986511,"Delta_Y_Cm":0.39931396022439003,"Frame_ID":"ue_actor_local","Hold_Position":false,"Reason":"DECISION_VALID","Run_ID":"42BC7CA6485BFCA2562357A51970B91E","Scene_Seed":230908,"Sequence":183,"Source_Frame_Index":478,"Source_Model_Version":"safety_gate_v1","Source_Stamp_Us":47900559,"Stamp_Us":47900559,"Step_Dt":0.20000000298023224,"Valid":true}__OD_END__
[ue_object_deliverer_bridge_node-1] [INFO] [1785942650.141361280] [ue_object_deliverer_bridge_node]: kinematic setpoint received stamp=48104191 valid=1
[ue_object_deliverer_bridge_node-1] [INFO] [1785942650.350140480] [ue_object_deliverer_bridge_node]: kinematic setpoint received stamp=48310582 valid=1
[ue_object_deliverer_bridge_node-1] [INFO] [1785942650.643826752] [ue_object_deliverer_bridge_node]: kinematic setpoint received stamp=48605935 valid=1
[ue_object_deliverer_bridge_node-1] [INFO] [1785942650.853395872] [ue_object_deliverer_bridge_node]: kinematic setpoint received stamp=48812869 valid=1
[ue_object_deliverer_bridge_node-1] [INFO] [1785942651.128689088] [ue_object_deliverer_bridge_node]: kinematic setpoint received stamp=49101183 valid=1
[ue_object_deliverer_bridge_node-1] [INFO] [1785942651.129062464] [ue_object_deliverer_bridge_node]: Sent kinematic setpoint to UE5: bytes=423, payload={"Command_Type":"Kinematic_Setpoint","Delta_X_Cm":15.380637347698212,"Delta_Y_Cm":0.05183179164305329,"Frame_ID":"ue_actor_local","Hold_Position":false,"Reason":"DECISION_VALID","Run_ID":"42BC7CA6485BFCA2562357A51970B91E","Scene_Seed":230908,"Sequence":188,"Source_Frame_Index":490,"Source_Model_Version":"safety_gate_v1","Source_Stamp_Us":49101183,"Stamp_Us":49101183,"Step_Dt":0.20000000298023224,"Valid":true}__OD_END__
[ue_object_deliverer_bridge_node-1] [INFO] [1785942651.343879520] [ue_object_deliverer_bridge_node]: kinematic setpoint received stamp=49305430 valid=1
[ue_object_deliverer_bridge_node-1] [INFO] [1785942651.553121696] [ue_object_deliverer_bridge_node]: kinematic setpoint received stamp=49509625 valid=1
[ue_object_deliverer_bridge_node-1] [INFO] [1785942651.835873184] [ue_object_deliverer_bridge_node]: kinematic setpoint received stamp=49801108 valid=1
[ue_object_deliverer_bridge_node-1] [INFO] [1785942652.037841408] [ue_object_deliverer_bridge_node]: kinematic setpoint received stamp=50006480 valid=1
[ue_object_deliverer_bridge_node-1] [INFO] [1785942652.252446944] [ue_object_deliverer_bridge_node]: kinematic setpoint received stamp=50211400 valid=1
[ue_object_deliverer_bridge_node-1] [INFO] [1785942652.252816064] [ue_object_deliverer_bridge_node]: Sent kinematic setpoint to UE5: bytes=424, payload={"Command_Type":"Kinematic_Setpoint","Delta_X_Cm":16.660821437835693,"Delta_Y_Cm":-0.12079650769010186,"Frame_ID":"ue_actor_local","Hold_Position":false,"Reason":"DECISION_VALID","Run_ID":"42BC7CA6485BFCA2562357A51970B91E","Scene_Seed":230908,"Sequence":193,"Source_Frame_Index":501,"Source_Model_Version":"safety_gate_v1","Source_Stamp_Us":50211400,"Stamp_Us":50211400,"Step_Dt":0.20000000298023224,"Valid":true}__OD_END__
[ue_object_deliverer_bridge_node-1] [INFO] [1785942652.548111136] [ue_object_deliverer_bridge_node]: kinematic setpoint received stamp=50510776 valid=1
[ue_object_deliverer_bridge_node-1] [INFO] [1785942652.841805408] [ue_object_deliverer_bridge_node]: kinematic setpoint received stamp=50801024 valid=1
[image_entity_perception-9] [INFO] [1785942653.120738912] [image_entity_perception]: PERCEPTION_PERF_TRACE frame_index=510 count=500 predict_ms=39.8 entities=4 valid=True
[temporal_entity_tracker-2] [INFO] [1785942653.121813536] [temporal_entity_tracker]: TRACK_TRACE frame_index=510 count=500 source_valid=True source_entities=4 visible_source=1
[vla_policy-10] [INFO] [1785942653.126204288] [vla_policy]: ENT_IN_TRACE count=500 frame_index=510 valid=True detail=OK:selected=1;targets=1;risks=0;dropped=0
[ue_object_deliverer_bridge_node-1] [INFO] [1785942653.139756032] [ue_object_deliverer_bridge_node]: kinematic setpoint received stamp=51103272 valid=1
[ue_object_deliverer_bridge_node-1] [INFO] [1785942653.435910720] [ue_object_deliverer_bridge_node]: kinematic setpoint received stamp=51407209 valid=1
[ue_object_deliverer_bridge_node-1] [INFO] [1785942653.436296384] [ue_object_deliverer_bridge_node]: Sent kinematic setpoint to UE5: bytes=421, payload={"Command_Type":"Kinematic_Setpoint","Delta_X_Cm":10.72925552725792,"Delta_Y_Cm":-0.844351202249527,"Frame_ID":"ue_actor_local","Hold_Position":false,"Reason":"DECISION_VALID","Run_ID":"42BC7CA6485BFCA2562357A51970B91E","Scene_Seed":230908,"Sequence":197,"Source_Frame_Index":513,"Source_Model_Version":"safety_gate_v1","Source_Stamp_Us":51407209,"Stamp_Us":51407209,"Step_Dt":0.20000000298023224,"Valid":true}__OD_END__
[ue_object_deliverer_bridge_node-1] [INFO] [1785942653.745227360] [ue_object_deliverer_bridge_node]: kinematic setpoint received stamp=51710712 valid=1
[vla_policy-10] [INFO] [1785942653.983274240] [vla_policy]: POLICY_AUDIT trigger=periodic events=200 policy_driven=191 backstop=8 hold=1 fail_closed=0 policy_stop=0 guard_reason=policy_driven raw_dx=-0.025595 raw_dy=0.015108 guarded_dx=-0.025595 guarded_dy=0.015108 final_dx=-0.025595 final_dy=0.015108
[ue_object_deliverer_bridge_node-1] [INFO] [1785942653.987218624] [ue_object_deliverer_bridge_node]: kinematic setpoint received stamp=51710713 valid=1
[ue_object_deliverer_bridge_node-1] [INFO] [1785942654.229456032] [ue_object_deliverer_bridge_node]: kinematic setpoint received stamp=52205586 valid=1
[ue_object_deliverer_bridge_node-1] [INFO] [1785942654.436083200] [ue_object_deliverer_bridge_node]: kinematic setpoint received stamp=52410466 valid=1
[ue_object_deliverer_bridge_node-1] [INFO] [1785942654.436660928] [ue_object_deliverer_bridge_node]: Sent kinematic setpoint to UE5: bytes=421, payload={"Command_Type":"Kinematic_Setpoint","Delta_X_Cm":9.96115580201149,"Delta_Y_Cm":-0.7726404350250959,"Frame_ID":"ue_actor_local","Hold_Position":false,"Reason":"DECISION_VALID","Run_ID":"42BC7CA6485BFCA2562357A51970B91E","Scene_Seed":230908,"Sequence":201,"Source_Frame_Index":523,"Source_Model_Version":"safety_gate_v1","Source_Stamp_Us":52410466,"Stamp_Us":52410466,"Step_Dt":0.20000000298023224,"Valid":true}__OD_END__
[ue_object_deliverer_bridge_node-1] [INFO] [1785942654.744477152] [ue_object_deliverer_bridge_node]: kinematic setpoint received stamp=52713794 valid=1
[ue_object_deliverer_bridge_node-1] [INFO] [1785942654.981630720] [ue_object_deliverer_bridge_node]: kinematic setpoint received stamp=52713795 valid=1
[ue_object_deliverer_bridge_node-1] [INFO] [1785942655.244781472] [ue_object_deliverer_bridge_node]: kinematic setpoint received stamp=53209402 valid=1
[ue_object_deliverer_bridge_node-1] [INFO] [1785942655.531615648] [ue_object_deliverer_bridge_node]: kinematic setpoint received stamp=53509265 valid=1
[ue_object_deliverer_bridge_node-1] [INFO] [1785942655.532006752] [ue_object_deliverer_bridge_node]: Sent kinematic setpoint to UE5: bytes=421, payload={"Command_Type":"Kinematic_Setpoint","Delta_X_Cm":9.92896631360054,"Delta_Y_Cm":-0.9250362403690815,"Frame_ID":"ue_actor_local","Hold_Position":false,"Reason":"DECISION_VALID","Run_ID":"42BC7CA6485BFCA2562357A51970B91E","Scene_Seed":230908,"Sequence":205,"Source_Frame_Index":534,"Source_Model_Version":"safety_gate_v1","Source_Stamp_Us":53509265,"Stamp_Us":53509265,"Step_Dt":0.20000000298023224,"Valid":true}__OD_END__
[ue_object_deliverer_bridge_node-1] [INFO] [1785942655.826147616] [ue_object_deliverer_bridge_node]: kinematic setpoint received stamp=53801140 valid=1
[ue_object_deliverer_bridge_node-1] [INFO] [1785942656.047752352] [ue_object_deliverer_bridge_node]: kinematic setpoint received stamp=54006967 valid=1
[ue_object_deliverer_bridge_node-1] [INFO] [1785942656.249534944] [ue_object_deliverer_bridge_node]: kinematic setpoint received stamp=54212077 valid=1
[ue_object_deliverer_bridge_node-1] [INFO] [1785942656.554259904] [ue_object_deliverer_bridge_node]: kinematic setpoint received stamp=54513368 valid=1
[ue_object_deliverer_bridge_node-1] [INFO] [1785942656.554808608] [ue_object_deliverer_bridge_node]: Sent kinematic setpoint to UE5: bytes=422, payload={"Command_Type":"Kinematic_Setpoint","Delta_X_Cm":25.13035535812378,"Delta_Y_Cm":-0.8045895025134087,"Frame_ID":"ue_actor_local","Hold_Position":false,"Reason":"DECISION_VALID","Run_ID":"42BC7CA6485BFCA2562357A51970B91E","Scene_Seed":230908,"Sequence":209,"Source_Frame_Index":544,"Source_Model_Version":"safety_gate_v1","Source_Stamp_Us":54513368,"Stamp_Us":54513368,"Step_Dt":0.20000000298023224,"Valid":true}__OD_END__
[ue_object_deliverer_bridge_node-1] [INFO] [1785942656.830255328] [ue_object_deliverer_bridge_node]: kinematic setpoint received stamp=54804485 valid=1
[ue_object_deliverer_bridge_node-1] [INFO] [1785942657.044279232] [ue_object_deliverer_bridge_node]: kinematic setpoint received stamp=55008943 valid=1
[ue_object_deliverer_bridge_node-1] [INFO] [1785942657.345705952] [ue_object_deliverer_bridge_node]: kinematic setpoint received stamp=55312203 valid=1
[ue_object_deliverer_bridge_node-1] [INFO] [1785942657.635624672] [ue_object_deliverer_bridge_node]: kinematic setpoint received stamp=55605044 valid=1
[ue_object_deliverer_bridge_node-1] [INFO] [1785942657.636095776] [ue_object_deliverer_bridge_node]: Sent kinematic setpoint to UE5: bytes=423, payload={"Command_Type":"Kinematic_Setpoint","Delta_X_Cm":20.428849756717682,"Delta_Y_Cm":0.09296145290136337,"Frame_ID":"ue_actor_local","Hold_Position":false,"Reason":"DECISION_VALID","Run_ID":"42BC7CA6485BFCA2562357A51970B91E","Scene_Seed":230908,"Sequence":213,"Source_Frame_Index":555,"Source_Model_Version":"safety_gate_v1","Source_Stamp_Us":55605044,"Stamp_Us":55605044,"Step_Dt":0.20000000298023224,"Valid":true}__OD_END__
[ue_object_deliverer_bridge_node-1] [INFO] [1785942657.945156224] [ue_object_deliverer_bridge_node]: kinematic setpoint received stamp=55905505 valid=1
[image_entity_perception-9] [INFO] [1785942658.129981312] [image_entity_perception]: PERCEPTION_PERF_TRACE frame_index=560 count=550 predict_ms=41.5 entities=4 valid=True
[temporal_entity_tracker-2] [INFO] [1785942658.130880384] [temporal_entity_tracker]: TRACK_TRACE frame_index=560 count=550 source_valid=True source_entities=4 visible_source=1
[ue_object_deliverer_bridge_node-1] [INFO] [1785942658.146751584] [ue_object_deliverer_bridge_node]: kinematic setpoint received stamp=56114027 valid=1
[ue_object_deliverer_bridge_node-1] [INFO] [1785942658.441146368] [ue_object_deliverer_bridge_node]: kinematic setpoint received stamp=56403997 valid=1
[ue_object_deliverer_bridge_node-1] [INFO] [1785942658.654702368] [ue_object_deliverer_bridge_node]: kinematic setpoint received stamp=56610423 valid=1
[ue_object_deliverer_bridge_node-1] [INFO] [1785942658.655082336] [ue_object_deliverer_bridge_node]: Sent kinematic setpoint to UE5: bytes=422, payload={"Command_Type":"Kinematic_Setpoint","Delta_X_Cm":23.85578155517578,"Delta_Y_Cm":-0.8672519586980343,"Frame_ID":"ue_actor_local","Hold_Position":false,"Reason":"DECISION_VALID","Run_ID":"42BC7CA6485BFCA2562357A51970B91E","Scene_Seed":230908,"Sequence":217,"Source_Frame_Index":565,"Source_Model_Version":"safety_gate_v1","Source_Stamp_Us":56610423,"Stamp_Us":56610423,"Step_Dt":0.20000000298023224,"Valid":true}__OD_END__
[ue_object_deliverer_bridge_node-1] [INFO] [1785942658.941628704] [ue_object_deliverer_bridge_node]: kinematic setpoint received stamp=56900673 valid=1
[ue_object_deliverer_bridge_node-1] [INFO] [1785942659.144054112] [ue_object_deliverer_bridge_node]: kinematic setpoint received stamp=57106941 valid=1
[ue_object_deliverer_bridge_node-1] [INFO] [1785942659.356009632] [ue_object_deliverer_bridge_node]: kinematic setpoint received stamp=57313173 valid=1
[ue_object_deliverer_bridge_node-1] [INFO] [1785942659.640405536] [ue_object_deliverer_bridge_node]: kinematic setpoint received stamp=57603298 valid=1
[ue_object_deliverer_bridge_node-1] [INFO] [1785942659.855130560] [ue_object_deliverer_bridge_node]: kinematic setpoint received stamp=57810356 valid=1
[ue_object_deliverer_bridge_node-1] [INFO] [1785942659.855517280] [ue_object_deliverer_bridge_node]: Sent kinematic setpoint to UE5: bytes=422, payload={"Command_Type":"Kinematic_Setpoint","Delta_X_Cm":16.487614810466766,"Delta_Y_Cm":-1.102487277239561,"Frame_ID":"ue_actor_local","Hold_Position":false,"Reason":"DECISION_VALID","Run_ID":"42BC7CA6485BFCA2562357A51970B91E","Scene_Seed":230908,"Sequence":222,"Source_Frame_Index":577,"Source_Model_Version":"safety_gate_v1","Source_Stamp_Us":57810356,"Stamp_Us":57810356,"Step_Dt":0.20000000298023224,"Valid":true}__OD_END__
[ue_object_deliverer_bridge_node-1] [INFO] [1785942660.138650624] [ue_object_deliverer_bridge_node]: kinematic setpoint received stamp=58100655 valid=1
[ue_object_deliverer_bridge_node-1] [INFO] [1785942660.346095264] [ue_object_deliverer_bridge_node]: kinematic setpoint received stamp=58306689 valid=1
[ue_object_deliverer_bridge_node-1] [INFO] [1785942660.557708864] [ue_object_deliverer_bridge_node]: kinematic setpoint received stamp=58514043 valid=1
[ue_object_deliverer_bridge_node-1] [INFO] [1785942660.852719648] [ue_object_deliverer_bridge_node]: kinematic setpoint received stamp=58809717 valid=1
[ue_object_deliverer_bridge_node-1] [INFO] [1785942661.162652736] [ue_object_deliverer_bridge_node]: kinematic setpoint received stamp=59113101 valid=1
[ue_object_deliverer_bridge_node-1] [INFO] [1785942661.163048832] [ue_object_deliverer_bridge_node]: Sent kinematic setpoint to UE5: bytes=421, payload={"Command_Type":"Kinematic_Setpoint","Delta_X_Cm":9.23784002661705,"Delta_Y_Cm":-1.1414815671741962,"Frame_ID":"ue_actor_local","Hold_Position":false,"Reason":"DECISION_VALID","Run_ID":"42BC7CA6485BFCA2562357A51970B91E","Scene_Seed":230908,"Sequence":227,"Source_Frame_Index":590,"Source_Model_Version":"safety_gate_v1","Source_Stamp_Us":59113101,"Stamp_Us":59113101,"Step_Dt":0.20000000298023224,"Valid":true}__OD_END__
[ue_object_deliverer_bridge_node-1] [INFO] [1785942661.444672544] [ue_object_deliverer_bridge_node]: kinematic setpoint received stamp=59402451 valid=1
[ue_object_deliverer_bridge_node-1] [INFO] [1785942661.735084128] [ue_object_deliverer_bridge_node]: kinematic setpoint received stamp=59707409 valid=1
[ue_object_deliverer_bridge_node-1] [INFO] [1785942661.947875872] [ue_object_deliverer_bridge_node]: kinematic setpoint received stamp=59913081 valid=1
[ue_object_deliverer_bridge_node-1] [INFO] [1785942662.224605536] [ue_object_deliverer_bridge_node]: kinematic setpoint received stamp=60201145 valid=1
[ue_object_deliverer_bridge_node-1] [INFO] [1785942662.225033504] [ue_object_deliverer_bridge_node]: Sent kinematic setpoint to UE5: bytes=423, payload={"Command_Type":"Kinematic_Setpoint","Delta_X_Cm":17.058874666690826,"Delta_Y_Cm":-1.0935906320810318,"Frame_ID":"ue_actor_local","Hold_Position":false,"Reason":"DECISION_VALID","Run_ID":"42BC7CA6485BFCA2562357A51970B91E","Scene_Seed":230908,"Sequence":231,"Source_Frame_Index":601,"Source_Model_Version":"safety_gate_v1","Source_Stamp_Us":60201145,"Stamp_Us":60201145,"Step_Dt":0.20000000298023224,"Valid":true}__OD_END__
[ue_object_deliverer_bridge_node-1] [INFO] [1785942662.444911424] [ue_object_deliverer_bridge_node]: kinematic setpoint received stamp=60407072 valid=1
[ue_object_deliverer_bridge_node-1] [INFO] [1785942662.656751008] [ue_object_deliverer_bridge_node]: kinematic setpoint received stamp=60612581 valid=1
[ue_object_deliverer_bridge_node-1] [INFO] [1785942662.943077760] [ue_object_deliverer_bridge_node]: kinematic setpoint received stamp=60901048 valid=1
[image_entity_perception-9] [INFO] [1785942663.115198784] [image_entity_perception]: PERCEPTION_PERF_TRACE frame_index=610 count=600 predict_ms=42.3 entities=4 valid=True
[temporal_entity_tracker-2] [INFO] [1785942663.116010432] [temporal_entity_tracker]: TRACK_TRACE frame_index=610 count=600 source_valid=True source_entities=4 visible_source=1
[vla_policy-10] [INFO] [1785942663.120420576] [vla_policy]: ENT_IN_TRACE count=600 frame_index=610 valid=True detail=OK:selected=1;targets=1;risks=0;dropped=0
[ue_object_deliverer_bridge_node-1] [INFO] [1785942663.248344000] [ue_object_deliverer_bridge_node]: kinematic setpoint received stamp=61208414 valid=1
[ue_object_deliverer_bridge_node-1] [INFO] [1785942663.248746592] [ue_object_deliverer_bridge_node]: Sent kinematic setpoint to UE5: bytes=423, payload={"Command_Type":"Kinematic_Setpoint","Delta_X_Cm":15.559093654155731,"Delta_Y_Cm":-1.2634764425456524,"Frame_ID":"ue_actor_local","Hold_Position":false,"Reason":"DECISION_VALID","Run_ID":"42BC7CA6485BFCA2562357A51970B91E","Scene_Seed":230908,"Sequence":235,"Source_Frame_Index":611,"Source_Model_Version":"safety_gate_v1","Source_Stamp_Us":61208414,"Stamp_Us":61208414,"Step_Dt":0.20000000298023224,"Valid":true}__OD_END__
[ue_object_deliverer_bridge_node-1] [INFO] [1785942663.534949856] [ue_object_deliverer_bridge_node]: kinematic setpoint received stamp=61502509 valid=1
[ue_object_deliverer_bridge_node-1] [INFO] [1785942663.747359648] [ue_object_deliverer_bridge_node]: kinematic setpoint received stamp=61707544 valid=1
[ue_object_deliverer_bridge_node-1] [INFO] [1785942663.974179360] [ue_object_deliverer_bridge_node]: kinematic setpoint received stamp=61707545 valid=1
[ue_object_deliverer_bridge_node-1] [INFO] [1785942664.246454208] [ue_object_deliverer_bridge_node]: kinematic setpoint received stamp=62209492 valid=1
[ue_object_deliverer_bridge_node-1] [INFO] [1785942664.246825280] [ue_object_deliverer_bridge_node]: Sent kinematic setpoint to UE5: bytes=425, payload={"Command_Type":"Kinematic_Setpoint","Delta_X_Cm":-4.9944814294576645,"Delta_Y_Cm":-0.23485466372221708,"Frame_ID":"ue_actor_local","Hold_Position":false,"Reason":"DECISION_VALID","Run_ID":"42BC7CA6485BFCA2562357A51970B91E","Scene_Seed":230908,"Sequence":239,"Source_Frame_Index":621,"Source_Model_Version":"safety_gate_v1","Source_Stamp_Us":62209492,"Stamp_Us":62209492,"Step_Dt":0.20000000298023224,"Valid":true}__OD_END__
[ue_object_deliverer_bridge_node-1] [INFO] [1785942664.565891840] [ue_object_deliverer_bridge_node]: kinematic setpoint received stamp=62512884 valid=1
[ue_object_deliverer_bridge_node-1] [INFO] [1785942664.843851008] [ue_object_deliverer_bridge_node]: kinematic setpoint received stamp=62804948 valid=1
[ue_object_deliverer_bridge_node-1] [INFO] [1785942665.155468352] [ue_object_deliverer_bridge_node]: kinematic setpoint received stamp=63113199 valid=1
[ue_object_deliverer_bridge_node-1] [INFO] [1785942665.441354016] [ue_object_deliverer_bridge_node]: kinematic setpoint received stamp=63403354 valid=1
[ue_object_deliverer_bridge_node-1] [INFO] [1785942665.441753792] [ue_object_deliverer_bridge_node]: Sent kinematic setpoint to UE5: bytes=421, payload={"Command_Type":"Kinematic_Setpoint","Delta_X_Cm":14.87041562795639,"Delta_Y_Cm":-2.259303629398346,"Frame_ID":"ue_actor_local","Hold_Position":false,"Reason":"DECISION_VALID","Run_ID":"42BC7CA6485BFCA2562357A51970B91E","Scene_Seed":230908,"Sequence":243,"Source_Frame_Index":633,"Source_Model_Version":"safety_gate_v1","Source_Stamp_Us":63403354,"Stamp_Us":63403354,"Step_Dt":0.20000000298023224,"Valid":true}__OD_END__
[ue_object_deliverer_bridge_node-1] [INFO] [1785942665.644637600] [ue_object_deliverer_bridge_node]: kinematic setpoint received stamp=63609902 valid=1
[ue_object_deliverer_bridge_node-1] [INFO] [1785942665.952109696] [ue_object_deliverer_bridge_node]: kinematic setpoint received stamp=63911664 valid=1
[ue_object_deliverer_bridge_node-1] [INFO] [1785942666.238124512] [ue_object_deliverer_bridge_node]: kinematic setpoint received stamp=64201109 valid=1
[ue_object_deliverer_bridge_node-1] [INFO] [1785942666.449471136] [ue_object_deliverer_bridge_node]: kinematic setpoint received stamp=64406962 valid=1
[ue_object_deliverer_bridge_node-1] [INFO] [1785942666.449845792] [ue_object_deliverer_bridge_node]: Sent kinematic setpoint to UE5: bytes=421, payload={"Command_Type":"Kinematic_Setpoint","Delta_X_Cm":27.55855619907379,"Delta_Y_Cm":-1.363659556955099,"Frame_ID":"ue_actor_local","Hold_Position":false,"Reason":"DECISION_VALID","Run_ID":"42BC7CA6485BFCA2562357A51970B91E","Scene_Seed":230908,"Sequence":247,"Source_Frame_Index":643,"Source_Model_Version":"safety_gate_v1","Source_Stamp_Us":64406962,"Stamp_Us":64406962,"Step_Dt":0.20000000298023224,"Valid":true}__OD_END__
[ue_object_deliverer_bridge_node-1] [INFO] [1785942666.745845664] [ue_object_deliverer_bridge_node]: kinematic setpoint received stamp=64713699 valid=1
[ue_object_deliverer_bridge_node-1] [INFO] [1785942666.989217568] [ue_object_deliverer_bridge_node]: kinematic setpoint received stamp=64713700 valid=1
[ue_object_deliverer_bridge_node-1] [INFO] [1785942667.229262464] [ue_object_deliverer_bridge_node]: kinematic setpoint received stamp=65202759 valid=1
[ue_object_deliverer_bridge_node-1] [INFO] [1785942667.440478592] [ue_object_deliverer_bridge_node]: kinematic setpoint received stamp=65409903 valid=1
[ue_object_deliverer_bridge_node-1] [INFO] [1785942667.440858464] [ue_object_deliverer_bridge_node]: Sent kinematic setpoint to UE5: bytes=421, payload={"Command_Type":"Kinematic_Setpoint","Delta_X_Cm":9.894295781850815,"Delta_Y_Cm":-1.189657673239708,"Frame_ID":"ue_actor_local","Hold_Position":false,"Reason":"DECISION_VALID","Run_ID":"42BC7CA6485BFCA2562357A51970B91E","Scene_Seed":230908,"Sequence":251,"Source_Frame_Index":653,"Source_Model_Version":"safety_gate_v1","Source_Stamp_Us":65409903,"Stamp_Us":65409903,"Step_Dt":0.20000000298023224,"Valid":true}__OD_END__
[ue_object_deliverer_bridge_node-1] [INFO] [1785942667.744436800] [ue_object_deliverer_bridge_node]: kinematic setpoint received stamp=65713790 valid=1
[ue_object_deliverer_bridge_node-1] [INFO] [1785942667.977336096] [ue_object_deliverer_bridge_node]: kinematic setpoint received stamp=65713791 valid=1
[image_entity_perception-9] [INFO] [1785942668.132989984] [image_entity_perception]: PERCEPTION_PERF_TRACE frame_index=660 count=650 predict_ms=41.4 entities=4 valid=True
[temporal_entity_tracker-2] [INFO] [1785942668.134162560] [temporal_entity_tracker]: TRACK_TRACE frame_index=660 count=650 source_valid=True source_entities=4 visible_source=1
[ue_object_deliverer_bridge_node-1] [INFO] [1785942668.228034016] [ue_object_deliverer_bridge_node]: kinematic setpoint received stamp=66203031 valid=1
[ue_object_deliverer_bridge_node-1] [INFO] [1785942668.453641824] [ue_object_deliverer_bridge_node]: kinematic setpoint received stamp=66407500 valid=1
[ue_object_deliverer_bridge_node-1] [INFO] [1785942668.745516544] [ue_object_deliverer_bridge_node]: kinematic setpoint received stamp=66713642 valid=1
[ue_object_deliverer_bridge_node-1] [INFO] [1785942668.745892896] [ue_object_deliverer_bridge_node]: Sent kinematic setpoint to UE5: bytes=423, payload={"Command_Type":"Kinematic_Setpoint","Delta_X_Cm":14.829029142856598,"Delta_Y_Cm":-1.9483303651213646,"Frame_ID":"ue_actor_local","Hold_Position":false,"Reason":"DECISION_VALID","Run_ID":"42BC7CA6485BFCA2562357A51970B91E","Scene_Seed":230908,"Sequence":256,"Source_Frame_Index":666,"Source_Model_Version":"safety_gate_v1","Source_Stamp_Us":66713642,"Stamp_Us":66713642,"Step_Dt":0.20000000298023224,"Valid":true}__OD_END__
[ue_object_deliverer_bridge_node-1] [INFO] [1785942668.976819232] [ue_object_deliverer_bridge_node]: kinematic setpoint received stamp=66713643 valid=1
[ue_object_deliverer_bridge_node-1] [INFO] [1785942669.246091008] [ue_object_deliverer_bridge_node]: kinematic setpoint received stamp=67208997 valid=1
[ue_object_deliverer_bridge_node-1] [INFO] [1785942669.456277440] [ue_object_deliverer_bridge_node]: kinematic setpoint received stamp=67414011 valid=1
[ue_object_deliverer_bridge_node-1] [INFO] [1785942669.745831424] [ue_object_deliverer_bridge_node]: kinematic setpoint received stamp=67709000 valid=1
[ue_object_deliverer_bridge_node-1] [INFO] [1785942669.985050944] [ue_object_deliverer_bridge_node]: kinematic setpoint received stamp=67709001 valid=1
[ue_object_deliverer_bridge_node-1] [INFO] [1785942669.985445440] [ue_object_deliverer_bridge_node]: Sent kinematic setpoint to UE5: bytes=423, payload={"Command_Type":"Kinematic_Setpoint","Delta_X_Cm":-4.999805241823196,"Delta_Y_Cm":0.04411463742144406,"Frame_ID":"ue_actor_local","Hold_Position":false,"Reason":"DECISION_VALID","Run_ID":"42BC7CA6485BFCA2562357A51970B91E","Scene_Seed":230908,"Sequence":261,"Source_Frame_Index":619,"Source_Model_Version":"safety_gate_v1","Source_Stamp_Us":67709001,"Stamp_Us":67709001,"Step_Dt":0.20000000298023224,"Valid":true}__OD_END__
[ue_object_deliverer_bridge_node-1] [INFO] [1785942670.234615200] [ue_object_deliverer_bridge_node]: kinematic setpoint received stamp=68204064 valid=1
[ue_object_deliverer_bridge_node-1] [INFO] [1785942670.554986176] [ue_object_deliverer_bridge_node]: kinematic setpoint received stamp=68510648 valid=1
[ue_object_deliverer_bridge_node-1] [INFO] [1785942670.833364672] [ue_object_deliverer_bridge_node]: kinematic setpoint received stamp=68802406 valid=1
[ue_object_deliverer_bridge_node-1] [INFO] [1785942671.045339200] [ue_object_deliverer_bridge_node]: kinematic setpoint received stamp=69009201 valid=1
[ue_object_deliverer_bridge_node-1] [INFO] [1785942671.340754720] [ue_object_deliverer_bridge_node]: kinematic setpoint received stamp=69312425 valid=1
[ue_object_deliverer_bridge_node-1] [INFO] [1785942671.341143296] [ue_object_deliverer_bridge_node]: Sent kinematic setpoint to UE5: bytes=422, payload={"Command_Type":"Kinematic_Setpoint","Delta_X_Cm":24.916699528694153,"Delta_Y_Cm":-1.723652146756649,"Frame_ID":"ue_actor_local","Hold_Position":false,"Reason":"DECISION_VALID","Run_ID":"42BC7CA6485BFCA2562357A51970B91E","Scene_Seed":230908,"Sequence":266,"Source_Frame_Index":692,"Source_Model_Version":"safety_gate_v1","Source_Stamp_Us":69312425,"Stamp_Us":69312425,"Step_Dt":0.20000000298023224,"Valid":true}__OD_END__
[ue_object_deliverer_bridge_node-1] [INFO] [1785942671.631439104] [ue_object_deliverer_bridge_node]: kinematic setpoint received stamp=69602204 valid=1
[ue_object_deliverer_bridge_node-1] [INFO] [1785942671.837560640] [ue_object_deliverer_bridge_node]: kinematic setpoint received stamp=69808997 valid=1
[ue_object_deliverer_bridge_node-1] [INFO] [1785942672.139646208] [ue_object_deliverer_bridge_node]: kinematic setpoint received stamp=70111099 valid=1
[ue_object_deliverer_bridge_node-1] [INFO] [1785942672.438061696] [ue_object_deliverer_bridge_node]: kinematic setpoint received stamp=70401654 valid=1
[ue_object_deliverer_bridge_node-1] [INFO] [1785942672.438465120] [ue_object_deliverer_bridge_node]: Sent kinematic setpoint to UE5: bytes=423, payload={"Command_Type":"Kinematic_Setpoint","Delta_X_Cm":28.787142038345337,"Delta_Y_Cm":-0.7235755678266287,"Frame_ID":"ue_actor_local","Hold_Position":false,"Reason":"DECISION_VALID","Run_ID":"42BC7CA6485BFCA2562357A51970B91E","Scene_Seed":230908,"Sequence":270,"Source_Frame_Index":703,"Source_Model_Version":"safety_gate_v1","Source_Stamp_Us":70401654,"Stamp_Us":70401654,"Step_Dt":0.20000000298023224,"Valid":true}__OD_END__
[ue_object_deliverer_bridge_node-1] [INFO] [1785942672.646396320] [ue_object_deliverer_bridge_node]: kinematic setpoint received stamp=70610233 valid=1
[ue_object_deliverer_bridge_node-1] [INFO] [1785942672.952587936] [ue_object_deliverer_bridge_node]: kinematic setpoint received stamp=70912509 valid=1
[image_entity_perception-9] [INFO] [1785942673.118080384] [image_entity_perception]: PERCEPTION_PERF_TRACE frame_index=710 count=700 predict_ms=42.2 entities=4 valid=True
[temporal_entity_tracker-2] [INFO] [1785942673.118974080] [temporal_entity_tracker]: TRACK_TRACE frame_index=710 count=700 source_valid=True source_entities=4 visible_source=1
[vla_policy-10] [INFO] [1785942673.123322048] [vla_policy]: ENT_IN_TRACE count=700 frame_index=710 valid=True detail=OK:selected=1;targets=1;risks=0;dropped=0
[ue_object_deliverer_bridge_node-1] [INFO] [1785942673.222056800] [ue_object_deliverer_bridge_node]: kinematic setpoint received stamp=71203896 valid=1
[ue_object_deliverer_bridge_node-1] [INFO] [1785942673.436227328] [ue_object_deliverer_bridge_node]: kinematic setpoint received stamp=71405390 valid=1
[ue_object_deliverer_bridge_node-1] [INFO] [1785942673.436798816] [ue_object_deliverer_bridge_node]: Sent kinematic setpoint to UE5: bytes=422, payload={"Command_Type":"Kinematic_Setpoint","Delta_X_Cm":29.373684525489807,"Delta_Y_Cm":-0.806229654699564,"Frame_ID":"ue_actor_local","Hold_Position":false,"Reason":"DECISION_VALID","Run_ID":"42BC7CA6485BFCA2562357A51970B91E","Scene_Seed":230908,"Sequence":274,"Source_Frame_Index":713,"Source_Model_Version":"safety_gate_v1","Source_Stamp_Us":71405390,"Stamp_Us":71405390,"Step_Dt":0.20000000298023224,"Valid":true}__OD_END__
[ue_object_deliverer_bridge_node-1] [INFO] [1785942673.738588768] [ue_object_deliverer_bridge_node]: kinematic setpoint received stamp=71707399 valid=1
[ue_object_deliverer_bridge_node-1] [INFO] [1785942673.959388992] [ue_object_deliverer_bridge_node]: kinematic setpoint received stamp=71910466 valid=1
[ue_object_deliverer_bridge_node-1] [INFO] [1785942674.245266560] [ue_object_deliverer_bridge_node]: kinematic setpoint received stamp=72211603 valid=1
[ue_object_deliverer_bridge_node-1] [INFO] [1785942674.528836864] [ue_object_deliverer_bridge_node]: kinematic setpoint received stamp=72501658 valid=1
[ue_object_deliverer_bridge_node-1] [INFO] [1785942674.529214816] [ue_object_deliverer_bridge_node]: Sent kinematic setpoint to UE5: bytes=421, payload={"Command_Type":"Kinematic_Setpoint","Delta_X_Cm":21.010197699069977,"Delta_Y_Cm":0.260049058124423,"Frame_ID":"ue_actor_local","Hold_Position":false,"Reason":"DECISION_VALID","Run_ID":"42BC7CA6485BFCA2562357A51970B91E","Scene_Seed":230908,"Sequence":278,"Source_Frame_Index":724,"Source_Model_Version":"safety_gate_v1","Source_Stamp_Us":72501658,"Stamp_Us":72501658,"Step_Dt":0.20000000298023224,"Valid":true}__OD_END__
[ue_object_deliverer_bridge_node-1] [INFO] [1785942674.742338752] [ue_object_deliverer_bridge_node]: kinematic setpoint received stamp=72709188 valid=1
[ue_object_deliverer_bridge_node-1] [INFO] [1785942674.990509728] [ue_object_deliverer_bridge_node]: kinematic setpoint received stamp=72709189 valid=1
[ue_object_deliverer_bridge_node-1] [INFO] [1785942675.232720032] [ue_object_deliverer_bridge_node]: kinematic setpoint received stamp=73202088 valid=1
[ue_object_deliverer_bridge_node-1] [INFO] [1785942675.439284608] [ue_object_deliverer_bridge_node]: kinematic setpoint received stamp=73407332 valid=1
[ue_object_deliverer_bridge_node-1] [INFO] [1785942675.646727776] [ue_object_deliverer_bridge_node]: kinematic setpoint received stamp=73611363 valid=1
[ue_object_deliverer_bridge_node-1] [INFO] [1785942675.647120288] [ue_object_deliverer_bridge_node]: Sent kinematic setpoint to UE5: bytes=421, payload={"Command_Type":"Kinematic_Setpoint","Delta_X_Cm":4.98833991587162,"Delta_Y_Cm":-1.4284808188676834,"Frame_ID":"ue_actor_local","Hold_Position":false,"Reason":"DECISION_VALID","Run_ID":"42BC7CA6485BFCA2562357A51970B91E","Scene_Seed":230908,"Sequence":283,"Source_Frame_Index":735,"Source_Model_Version":"safety_gate_v1","Source_Stamp_Us":73611363,"Stamp_Us":73611363,"Step_Dt":0.20000000298023224,"Valid":true}__OD_END__
[ue_object_deliverer_bridge_node-1] [INFO] [1785942675.930276736] [ue_object_deliverer_bridge_node]: kinematic setpoint received stamp=73903504 valid=1
[ue_object_deliverer_bridge_node-1] [INFO] [1785942676.136426656] [ue_object_deliverer_bridge_node]: kinematic setpoint received stamp=74107770 valid=1
[ue_object_deliverer_bridge_node-1] [INFO] [1785942676.443915744] [ue_object_deliverer_bridge_node]: kinematic setpoint received stamp=74412807 valid=1
[ue_object_deliverer_bridge_node-1] [INFO] [1785942676.727724768] [ue_object_deliverer_bridge_node]: kinematic setpoint received stamp=74706760 valid=1
[ue_object_deliverer_bridge_node-1] [INFO] [1785942676.728089728] [ue_object_deliverer_bridge_node]: Sent kinematic setpoint to UE5: bytes=423, payload={"Command_Type":"Kinematic_Setpoint","Delta_X_Cm":23.260000348091125,"Delta_Y_Cm":-0.6996814161539078,"Frame_ID":"ue_actor_local","Hold_Position":false,"Reason":"DECISION_VALID","Run_ID":"42BC7CA6485BFCA2562357A51970B91E","Scene_Seed":230908,"Sequence":287,"Source_Frame_Index":746,"Source_Model_Version":"safety_gate_v1","Source_Stamp_Us":74706760,"Stamp_Us":74706760,"Step_Dt":0.20000000298023224,"Valid":true}__OD_END__
[ue_object_deliverer_bridge_node-1] [INFO] [1785942676.941961728] [ue_object_deliverer_bridge_node]: kinematic setpoint received stamp=74900518 valid=1
[ue_object_deliverer_bridge_node-1] [INFO] [1785942677.139467936] [ue_object_deliverer_bridge_node]: kinematic setpoint received stamp=75106847 valid=1
[ue_object_deliverer_bridge_node-1] [INFO] [1785942677.451439904] [ue_object_deliverer_bridge_node]: kinematic setpoint received stamp=75409384 valid=1
[ue_object_deliverer_bridge_node-1] [INFO] [1785942677.658359392] [ue_object_deliverer_bridge_node]: kinematic setpoint received stamp=75613108 valid=1
[ue_object_deliverer_bridge_node-1] [INFO] [1785942677.940180000] [ue_object_deliverer_bridge_node]: kinematic setpoint received stamp=75902711 valid=1
[ue_object_deliverer_bridge_node-1] [INFO] [1785942677.940590336] [ue_object_deliverer_bridge_node]: Sent kinematic setpoint to UE5: bytes=421, payload={"Command_Type":"Kinematic_Setpoint","Delta_X_Cm":21.53739184141159,"Delta_Y_Cm":0.4928296897560358,"Frame_ID":"ue_actor_local","Hold_Position":false,"Reason":"DECISION_VALID","Run_ID":"42BC7CA6485BFCA2562357A51970B91E","Scene_Seed":230908,"Sequence":292,"Source_Frame_Index":758,"Source_Model_Version":"safety_gate_v1","Source_Stamp_Us":75902711,"Stamp_Us":75902711,"Step_Dt":0.20000000298023224,"Valid":true}__OD_END__
[image_entity_perception-9] [INFO] [1785942678.130714784] [image_entity_perception]: PERCEPTION_PERF_TRACE frame_index=760 count=750 predict_ms=44.5 entities=4 valid=True
[temporal_entity_tracker-2] [INFO] [1785942678.131416384] [temporal_entity_tracker]: TRACK_TRACE frame_index=760 count=750 source_valid=True source_entities=4 visible_source=1
[ue_object_deliverer_bridge_node-1] [INFO] [1785942678.148971744] [ue_object_deliverer_bridge_node]: kinematic setpoint received stamp=76108304 valid=1
[ue_object_deliverer_bridge_node-1] [INFO] [1785942678.353525216] [ue_object_deliverer_bridge_node]: kinematic setpoint received stamp=76313348 valid=1
[ue_object_deliverer_bridge_node-1] [INFO] [1785942678.649016160] [ue_object_deliverer_bridge_node]: kinematic setpoint received stamp=76605962 valid=1
[ue_object_deliverer_bridge_node-1] [INFO] [1785942678.853632768] [ue_object_deliverer_bridge_node]: kinematic setpoint received stamp=76811070 valid=1
[ue_object_deliverer_bridge_node-1] [INFO] [1785942679.133350432] [ue_object_deliverer_bridge_node]: kinematic setpoint received stamp=77105473 valid=1
[ue_object_deliverer_bridge_node-1] [INFO] [1785942679.133736576] [ue_object_deliverer_bridge_node]: Sent kinematic setpoint to UE5: bytes=423, payload={"Command_Type":"Kinematic_Setpoint","Delta_X_Cm":11.454374343156815,"Delta_Y_Cm":-0.4268876276910305,"Frame_ID":"ue_actor_local","Hold_Position":false,"Reason":"DECISION_VALID","Run_ID":"42BC7CA6485BFCA2562357A51970B91E","Scene_Seed":230908,"Sequence":297,"Source_Frame_Index":770,"Source_Model_Version":"safety_gate_v1","Source_Stamp_Us":77105473,"Stamp_Us":77105473,"Step_Dt":0.20000000298023224,"Valid":true}__OD_END__
[ue_object_deliverer_bridge_node-1] [INFO] [1785942679.335669984] [ue_object_deliverer_bridge_node]: kinematic setpoint received stamp=77307285 valid=1
[vla_policy-10] [INFO] [1785942679.540242560] [vla_policy]: POLICY_AUDIT trigger=periodic events=300 policy_driven=289 backstop=10 hold=1 fail_closed=0 policy_stop=0 guard_reason=policy_driven raw_dx=0.144666 raw_dy=0.005458 guarded_dx=0.144666 guarded_dy=0.005458 final_dx=0.144666 final_dy=0.005458
[ue_object_deliverer_bridge_node-1] [INFO] [1785942679.543380768] [ue_object_deliverer_bridge_node]: kinematic setpoint received stamp=77512716 valid=1
[ue_object_deliverer_bridge_node-1] [INFO] [1785942679.826340736] [ue_object_deliverer_bridge_node]: kinematic setpoint received stamp=77802944 valid=1
[ue_object_deliverer_bridge_node-1] [INFO] [1785942680.030931680] [ue_object_deliverer_bridge_node]: kinematic setpoint received stamp=78007211 valid=1
[ue_object_deliverer_bridge_node-1] [INFO] [1785942680.234560480] [ue_object_deliverer_bridge_node]: kinematic setpoint received stamp=78210100 valid=1
[ue_object_deliverer_bridge_node-1] [INFO] [1785942680.234952480] [ue_object_deliverer_bridge_node]: Sent kinematic setpoint to UE5: bytes=424, payload={"Command_Type":"Kinematic_Setpoint","Delta_X_Cm":18.830935657024384,"Delta_Y_Cm":-0.33910423517227173,"Frame_ID":"ue_actor_local","Hold_Position":false,"Reason":"DECISION_VALID","Run_ID":"42BC7CA6485BFCA2562357A51970B91E","Scene_Seed":230908,"Sequence":302,"Source_Frame_Index":781,"Source_Model_Version":"safety_gate_v1","Source_Stamp_Us":78210100,"Stamp_Us":78210100,"Step_Dt":0.20000000298023224,"Valid":true}__OD_END__
[ue_object_deliverer_bridge_node-1] [INFO] [1785942680.537678592] [ue_object_deliverer_bridge_node]: kinematic setpoint received stamp=78511581 valid=1
[ue_object_deliverer_bridge_node-1] [INFO] [1785942680.822738112] [ue_object_deliverer_bridge_node]: kinematic setpoint received stamp=78800746 valid=1
[ue_object_deliverer_bridge_node-1] [INFO] [1785942681.043024992] [ue_object_deliverer_bridge_node]: kinematic setpoint received stamp=79007506 valid=1
[ue_object_deliverer_bridge_node-1] [INFO] [1785942681.355914784] [ue_object_deliverer_bridge_node]: kinematic setpoint received stamp=79312884 valid=1
[ue_object_deliverer_bridge_node-1] [INFO] [1785942681.356301056] [ue_object_deliverer_bridge_node]: Sent kinematic setpoint to UE5: bytes=423, payload={"Command_Type":"Kinematic_Setpoint","Delta_X_Cm":14.715556800365448,"Delta_Y_Cm":-0.2718160627409816,"Frame_ID":"ue_actor_local","Hold_Position":false,"Reason":"DECISION_VALID","Run_ID":"42BC7CA6485BFCA2562357A51970B91E","Scene_Seed":230908,"Sequence":306,"Source_Frame_Index":792,"Source_Model_Version":"safety_gate_v1","Source_Stamp_Us":79312884,"Stamp_Us":79312884,"Step_Dt":0.20000000298023224,"Valid":true}__OD_END__
[ue_object_deliverer_bridge_node-1] [INFO] [1785942681.637643712] [ue_object_deliverer_bridge_node]: kinematic setpoint received stamp=79601220 valid=1
[ue_object_deliverer_bridge_node-1] [INFO] [1785942681.843313920] [ue_object_deliverer_bridge_node]: kinematic setpoint received stamp=79805210 valid=1
[ue_object_deliverer_bridge_node-1] [INFO] [1785942682.054942336] [ue_object_deliverer_bridge_node]: kinematic setpoint received stamp=80010059 valid=1
[ue_object_deliverer_bridge_node-1] [INFO] [1785942682.351497184] [ue_object_deliverer_bridge_node]: kinematic setpoint received stamp=80311614 valid=1
[ue_object_deliverer_bridge_node-1] [INFO] [1785942682.555539872] [ue_object_deliverer_bridge_node]: kinematic setpoint received stamp=80513931 valid=1
[ue_object_deliverer_bridge_node-1] [INFO] [1785942682.555926464] [ue_object_deliverer_bridge_node]: Sent kinematic setpoint to UE5: bytes=423, payload={"Command_Type":"Kinematic_Setpoint","Delta_X_Cm":18.369683623313904,"Delta_Y_Cm":0.04913140437565744,"Frame_ID":"ue_actor_local","Hold_Position":false,"Reason":"DECISION_VALID","Run_ID":"42BC7CA6485BFCA2562357A51970B91E","Scene_Seed":230908,"Sequence":311,"Source_Frame_Index":804,"Source_Model_Version":"safety_gate_v1","Source_Stamp_Us":80513931,"Stamp_Us":80513931,"Step_Dt":0.20000000298023224,"Valid":true}__OD_END__
[ue_object_deliverer_bridge_node-1] [INFO] [1785942682.827022048] [ue_object_deliverer_bridge_node]: kinematic setpoint received stamp=80802262 valid=1
[ue_object_deliverer_bridge_node-1] [INFO] [1785942683.033365760] [ue_object_deliverer_bridge_node]: kinematic setpoint received stamp=81009051 valid=1
[image_entity_perception-9] [INFO] [1785942683.115135008] [image_entity_perception]: PERCEPTION_PERF_TRACE frame_index=810 count=800 predict_ms=33.3 entities=4 valid=True
[temporal_entity_tracker-2] [INFO] [1785942683.115918080] [temporal_entity_tracker]: TRACK_TRACE frame_index=810 count=800 source_valid=True source_entities=4 visible_source=1
[vla_policy-10] [INFO] [1785942683.120779232] [vla_policy]: ENT_IN_TRACE count=800 frame_index=810 valid=True detail=OK:selected=1;targets=1;risks=0;dropped=0
[ue_object_deliverer_bridge_node-1] [INFO] [1785942683.328768768] [ue_object_deliverer_bridge_node]: kinematic setpoint received stamp=81303309 valid=1
[ue_object_deliverer_bridge_node-1] [INFO] [1785942683.532644832] [ue_object_deliverer_bridge_node]: kinematic setpoint received stamp=81509129 valid=1
[ue_object_deliverer_bridge_node-1] [INFO] [1785942683.737905984] [ue_object_deliverer_bridge_node]: kinematic setpoint received stamp=81703167 valid=1
[ue_object_deliverer_bridge_node-1] [INFO] [1785942683.738292416] [ue_object_deliverer_bridge_node]: Sent kinematic setpoint to UE5: bytes=424, payload={"Command_Type":"Kinematic_Setpoint","Delta_X_Cm":16.968266665935516,"Delta_Y_Cm":0.060169928474351764,"Frame_ID":"ue_actor_local","Hold_Position":false,"Reason":"DECISION_VALID","Run_ID":"42BC7CA6485BFCA2562357A51970B91E","Scene_Seed":230908,"Sequence":316,"Source_Frame_Index":816,"Source_Model_Version":"safety_gate_v1","Source_Stamp_Us":81703167,"Stamp_Us":81703167,"Step_Dt":0.20000000298023224,"Valid":true}__OD_END__
[ue_object_deliverer_bridge_node-1] [INFO] [1785942683.953554112] [ue_object_deliverer_bridge_node]: kinematic setpoint received stamp=81908132 valid=1
[ue_object_deliverer_bridge_node-1] [INFO] [1785942684.238038624] [ue_object_deliverer_bridge_node]: kinematic setpoint received stamp=82212223 valid=1
[ue_object_deliverer_bridge_node-1] [INFO] [1785942684.538486976] [ue_object_deliverer_bridge_node]: kinematic setpoint received stamp=82512258 valid=1
[ue_object_deliverer_bridge_node-1] [INFO] [1785942684.842678400] [ue_object_deliverer_bridge_node]: kinematic setpoint received stamp=82811873 valid=1
[ue_object_deliverer_bridge_node-1] [INFO] [1785942684.843080768] [ue_object_deliverer_bridge_node]: Sent kinematic setpoint to UE5: bytes=423, payload={"Command_Type":"Kinematic_Setpoint","Delta_X_Cm":15.374116599559784,"Delta_Y_Cm":0.06916106212884188,"Frame_ID":"ue_actor_local","Hold_Position":false,"Reason":"DECISION_VALID","Run_ID":"42BC7CA6485BFCA2562357A51970B91E","Scene_Seed":230908,"Sequence":320,"Source_Frame_Index":827,"Source_Model_Version":"safety_gate_v1","Source_Stamp_Us":82811873,"Stamp_Us":82811873,"Step_Dt":0.20000000298023224,"Valid":true}__OD_END__
[ue_object_deliverer_bridge_node-1] [INFO] [1785942685.138968032] [ue_object_deliverer_bridge_node]: kinematic setpoint received stamp=83100911 valid=1
[ue_object_deliverer_bridge_node-1] [INFO] [1785942685.341150624] [ue_object_deliverer_bridge_node]: kinematic setpoint received stamp=83308023 valid=1
[ue_object_deliverer_bridge_node-1] [INFO] [1785942685.554079200] [ue_object_deliverer_bridge_node]: kinematic setpoint received stamp=83513267 valid=1
[ue_object_deliverer_bridge_node-1] [INFO] [1785942685.834195680] [ue_object_deliverer_bridge_node]: kinematic setpoint received stamp=83811092 valid=1
[ue_object_deliverer_bridge_node-1] [INFO] [1785942686.136648896] [ue_object_deliverer_bridge_node]: kinematic setpoint received stamp=84110842 valid=1
[ue_object_deliverer_bridge_node-1] [INFO] [1785942686.137046272] [ue_object_deliverer_bridge_node]: Sent kinematic setpoint to UE5: bytes=423, payload={"Command_Type":"Kinematic_Setpoint","Delta_X_Cm":16.895808279514313,"Delta_Y_Cm":0.49378471449017525,"Frame_ID":"ue_actor_local","Hold_Position":false,"Reason":"DECISION_VALID","Run_ID":"42BC7CA6485BFCA2562357A51970B91E","Scene_Seed":230908,"Sequence":325,"Source_Frame_Index":840,"Source_Model_Version":"safety_gate_v1","Source_Stamp_Us":84110842,"Stamp_Us":84110842,"Step_Dt":0.20000000298023224,"Valid":true}__OD_END__
[ue_object_deliverer_bridge_node-1] [INFO] [1785942686.439588064] [ue_object_deliverer_bridge_node]: kinematic setpoint received stamp=84408952 valid=1
[ue_object_deliverer_bridge_node-1] [INFO] [1785942686.644617824] [ue_object_deliverer_bridge_node]: kinematic setpoint received stamp=84611972 valid=1
[ue_object_deliverer_bridge_node-1] [INFO] [1785942686.930841088] [ue_object_deliverer_bridge_node]: kinematic setpoint received stamp=84900803 valid=1
[ue_object_deliverer_bridge_node-1] [INFO] [1785942687.246766176] [ue_object_deliverer_bridge_node]: kinematic setpoint received stamp=85214685 valid=1
[ue_object_deliverer_bridge_node-1] [INFO] [1785942687.247158112] [ue_object_deliverer_bridge_node]: Sent kinematic setpoint to UE5: bytes=423, payload={"Command_Type":"Kinematic_Setpoint","Delta_X_Cm":13.959497213363647,"Delta_Y_Cm":0.39848913438618183,"Frame_ID":"ue_actor_local","Hold_Position":false,"Reason":"DECISION_VALID","Run_ID":"42BC7CA6485BFCA2562357A51970B91E","Scene_Seed":230908,"Sequence":329,"Source_Frame_Index":851,"Source_Model_Version":"safety_gate_v1","Source_Stamp_Us":85214685,"Stamp_Us":85214685,"Step_Dt":0.20000000298023224,"Valid":true}__OD_END__
[ue_object_deliverer_bridge_node-1] [INFO] [1785942687.532844800] [ue_object_deliverer_bridge_node]: kinematic setpoint received stamp=85501989 valid=1
[ue_object_deliverer_bridge_node-1] [INFO] [1785942687.739282464] [ue_object_deliverer_bridge_node]: kinematic setpoint received stamp=85706798 valid=1
[ue_object_deliverer_bridge_node-1] [INFO] [1785942687.949113376] [ue_object_deliverer_bridge_node]: kinematic setpoint received stamp=85913443 valid=1
[image_entity_perception-9] [INFO] [1785942688.110202400] [image_entity_perception]: PERCEPTION_PERF_TRACE frame_index=860 count=850 predict_ms=34.5 entities=4 valid=True
[temporal_entity_tracker-2] [INFO] [1785942688.110909536] [temporal_entity_tracker]: TRACK_TRACE frame_index=860 count=850 source_valid=True source_entities=4 visible_source=1
[ue_object_deliverer_bridge_node-1] [INFO] [1785942688.223865536] [ue_object_deliverer_bridge_node]: kinematic setpoint received stamp=86200915 valid=1
[ue_object_deliverer_bridge_node-1] [INFO] [1785942688.430386528] [ue_object_deliverer_bridge_node]: kinematic setpoint received stamp=86404339 valid=1
[ue_object_deliverer_bridge_node-1] [INFO] [1785942688.430782144] [ue_object_deliverer_bridge_node]: Sent kinematic setpoint to UE5: bytes=421, payload={"Command_Type":"Kinematic_Setpoint","Delta_X_Cm":18.592442572116852,"Delta_Y_Cm":0.591154070571065,"Frame_ID":"ue_actor_local","Hold_Position":false,"Reason":"DECISION_VALID","Run_ID":"42BC7CA6485BFCA2562357A51970B91E","Scene_Seed":230908,"Sequence":334,"Source_Frame_Index":863,"Source_Model_Version":"safety_gate_v1","Source_Stamp_Us":86404339,"Stamp_Us":86404339,"Step_Dt":0.20000000298023224,"Valid":true}__OD_END__
[ue_object_deliverer_bridge_node-1] [INFO] [1785942688.634843456] [ue_object_deliverer_bridge_node]: kinematic setpoint received stamp=86611349 valid=1
[ue_object_deliverer_bridge_node-1] [INFO] [1785942688.928166880] [ue_object_deliverer_bridge_node]: kinematic setpoint received stamp=86901091 valid=1
[ue_object_deliverer_bridge_node-1] [INFO] [1785942689.140012544] [ue_object_deliverer_bridge_node]: kinematic setpoint received stamp=87106832 valid=1
[ue_object_deliverer_bridge_node-1] [INFO] [1785942689.447388064] [ue_object_deliverer_bridge_node]: kinematic setpoint received stamp=87410828 valid=1
[ue_object_deliverer_bridge_node-1] [INFO] [1785942689.447774048] [ue_object_deliverer_bridge_node]: Sent kinematic setpoint to UE5: bytes=422, payload={"Command_Type":"Kinematic_Setpoint","Delta_X_Cm":14.875692129135132,"Delta_Y_Cm":0.6529767531901598,"Frame_ID":"ue_actor_local","Hold_Position":false,"Reason":"DECISION_VALID","Run_ID":"42BC7CA6485BFCA2562357A51970B91E","Scene_Seed":230908,"Sequence":338,"Source_Frame_Index":873,"Source_Model_Version":"safety_gate_v1","Source_Stamp_Us":87410828,"Stamp_Us":87410828,"Step_Dt":0.20000000298023224,"Valid":true}__OD_END__
[ue_object_deliverer_bridge_node-1] [INFO] [1785942689.735018528] [ue_object_deliverer_bridge_node]: kinematic setpoint received stamp=87701415 valid=1
[ue_object_deliverer_bridge_node-1] [INFO] [1785942689.935227904] [ue_object_deliverer_bridge_node]: kinematic setpoint received stamp=87906431 valid=1
[ue_object_deliverer_bridge_node-1] [INFO] [1785942690.138573376] [ue_object_deliverer_bridge_node]: kinematic setpoint received stamp=88110491 valid=1
[ue_object_deliverer_bridge_node-1] [INFO] [1785942690.445102976] [ue_object_deliverer_bridge_node]: kinematic setpoint received stamp=88408717 valid=1
[ue_object_deliverer_bridge_node-1] [INFO] [1785942690.752235456] [ue_object_deliverer_bridge_node]: kinematic setpoint received stamp=88710110 valid=1
[ue_object_deliverer_bridge_node-1] [INFO] [1785942690.752631552] [ue_object_deliverer_bridge_node]: Sent kinematic setpoint to UE5: bytes=422, payload={"Command_Type":"Kinematic_Setpoint","Delta_X_Cm":8.825331926345825,"Delta_Y_Cm":0.12425128370523453,"Frame_ID":"ue_actor_local","Hold_Position":false,"Reason":"DECISION_VALID","Run_ID":"42BC7CA6485BFCA2562357A51970B91E","Scene_Seed":230908,"Sequence":343,"Source_Frame_Index":886,"Source_Model_Version":"safety_gate_v1","Source_Stamp_Us":88710110,"Stamp_Us":88710110,"Step_Dt":0.20000000298023224,"Valid":true}__OD_END__
[ue_object_deliverer_bridge_node-1] [INFO] [1785942690.986506592] [ue_object_deliverer_bridge_node]: kinematic setpoint received stamp=88710111 valid=1
[ue_object_deliverer_bridge_node-1] [INFO] [1785942691.231722528] [ue_object_deliverer_bridge_node]: kinematic setpoint received stamp=89205822 valid=1
[ue_object_deliverer_bridge_node-1] [INFO] [1785942691.439986176] [ue_object_deliverer_bridge_node]: kinematic setpoint received stamp=89407612 valid=1
[ue_object_deliverer_bridge_node-1] [INFO] [1785942691.739466272] [ue_object_deliverer_bridge_node]: kinematic setpoint received stamp=89708480 valid=1
[ue_object_deliverer_bridge_node-1] [INFO] [1785942691.983335200] [ue_object_deliverer_bridge_node]: kinematic setpoint received stamp=89708481 valid=1
[ue_object_deliverer_bridge_node-1] [INFO] [1785942691.983761472] [ue_object_deliverer_bridge_node]: Sent kinematic setpoint to UE5: bytes=423, payload={"Command_Type":"Kinematic_Setpoint","Delta_X_Cm":-4.973332956433296,"Delta_Y_Cm":-0.5157132633030415,"Frame_ID":"ue_actor_local","Hold_Position":false,"Reason":"DECISION_VALID","Run_ID":"42BC7CA6485BFCA2562357A51970B91E","Scene_Seed":230908,"Sequence":348,"Source_Frame_Index":841,"Source_Model_Version":"safety_gate_v1","Source_Stamp_Us":89708481,"Stamp_Us":89708481,"Step_Dt":0.20000000298023224,"Valid":true}__OD_END__
[ue_object_deliverer_bridge_node-1] [INFO] [1785942692.226385504] [ue_object_deliverer_bridge_node]: kinematic setpoint received stamp=90200957 valid=1
[ue_object_deliverer_bridge_node-1] [INFO] [1785942692.429665088] [ue_object_deliverer_bridge_node]: kinematic setpoint received stamp=90404960 valid=1
[ue_object_deliverer_bridge_node-1] [INFO] [1785942692.647017312] [ue_object_deliverer_bridge_node]: kinematic setpoint received stamp=90611868 valid=1
[ue_object_deliverer_bridge_node-1] [INFO] [1785942692.944955744] [ue_object_deliverer_bridge_node]: kinematic setpoint received stamp=90911008 valid=1
[image_entity_perception-9] [INFO] [1785942693.106555040] [image_entity_perception]: PERCEPTION_PERF_TRACE frame_index=910 count=900 predict_ms=32.6 entities=4 valid=True
[temporal_entity_tracker-2] [INFO] [1785942693.107275744] [temporal_entity_tracker]: TRACK_TRACE frame_index=910 count=900 source_valid=True source_entities=4 visible_source=1
[vla_policy-10] [INFO] [1785942693.113309280] [vla_policy]: ENT_IN_TRACE count=900 frame_index=910 valid=True detail=OK:selected=1;targets=1;risks=0;dropped=0
[ue_object_deliverer_bridge_node-1] [INFO] [1785942693.224260096] [ue_object_deliverer_bridge_node]: kinematic setpoint received stamp=91200534 valid=1
[ue_object_deliverer_bridge_node-1] [INFO] [1785942693.224633408] [ue_object_deliverer_bridge_node]: Sent kinematic setpoint to UE5: bytes=422, payload={"Command_Type":"Kinematic_Setpoint","Delta_X_Cm":24.906016886234283,"Delta_Y_Cm":1.7190054059028625,"Frame_ID":"ue_actor_local","Hold_Position":false,"Reason":"DECISION_VALID","Run_ID":"42BC7CA6485BFCA2562357A51970B91E","Scene_Seed":230908,"Sequence":353,"Source_Frame_Index":911,"Source_Model_Version":"safety_gate_v1","Source_Stamp_Us":91200534,"Stamp_Us":91200534,"Step_Dt":0.20000000298023224,"Valid":true}__OD_END__
[ue_object_deliverer_bridge_node-1] [INFO] [1785942693.426292320] [ue_object_deliverer_bridge_node]: kinematic setpoint received stamp=91403543 valid=1
[ue_object_deliverer_bridge_node-1] [INFO] [1785942693.630435968] [ue_object_deliverer_bridge_node]: kinematic setpoint received stamp=91607671 valid=1
[ue_object_deliverer_bridge_node-1] [INFO] [1785942693.836693088] [ue_object_deliverer_bridge_node]: kinematic setpoint received stamp=91812580 valid=1
[ue_object_deliverer_bridge_node-1] [INFO] [1785942694.148175936] [ue_object_deliverer_bridge_node]: kinematic setpoint received stamp=92109905 valid=1
[ue_object_deliverer_bridge_node-1] [INFO] [1785942694.349037696] [ue_object_deliverer_bridge_node]: kinematic setpoint received stamp=92313095 valid=1
[ue_object_deliverer_bridge_node-1] [INFO] [1785942694.349426528] [ue_object_deliverer_bridge_node]: Sent kinematic setpoint to UE5: bytes=421, payload={"Command_Type":"Kinematic_Setpoint","Delta_X_Cm":25.046175718307495,"Delta_Y_Cm":1.780196651816368,"Frame_ID":"ue_actor_local","Hold_Position":false,"Reason":"DECISION_VALID","Run_ID":"42BC7CA6485BFCA2562357A51970B91E","Scene_Seed":230908,"Sequence":358,"Source_Frame_Index":922,"Source_Model_Version":"safety_gate_v1","Source_Stamp_Us":92313095,"Stamp_Us":92313095,"Step_Dt":0.20000000298023224,"Valid":true}__OD_END__
[ue_object_deliverer_bridge_node-1] [INFO] [1785942694.638251264] [ue_object_deliverer_bridge_node]: kinematic setpoint received stamp=92604051 valid=1
[ue_object_deliverer_bridge_node-1] [INFO] [1785942694.840239808] [ue_object_deliverer_bridge_node]: kinematic setpoint received stamp=92805934 valid=1
[ue_object_deliverer_bridge_node-1] [INFO] [1785942695.052660192] [ue_object_deliverer_bridge_node]: kinematic setpoint received stamp=93009751 valid=1
[ue_object_deliverer_bridge_node-1] [INFO] [1785942695.350939168] [ue_object_deliverer_bridge_node]: kinematic setpoint received stamp=93311349 valid=1
[ue_object_deliverer_bridge_node-1] [INFO] [1785942695.557159808] [ue_object_deliverer_bridge_node]: kinematic setpoint received stamp=93512853 valid=1
[ue_object_deliverer_bridge_node-1] [INFO] [1785942695.557541952] [ue_object_deliverer_bridge_node]: Sent kinematic setpoint to UE5: bytes=422, payload={"Command_Type":"Kinematic_Setpoint","Delta_X_Cm":19.771042466163635,"Delta_Y_Cm":1.4716162346303463,"Frame_ID":"ue_actor_local","Hold_Position":false,"Reason":"DECISION_VALID","Run_ID":"42BC7CA6485BFCA2562357A51970B91E","Scene_Seed":230908,"Sequence":363,"Source_Frame_Index":934,"Source_Model_Version":"safety_gate_v1","Source_Stamp_Us":93512853,"Stamp_Us":93512853,"Step_Dt":0.20000000298023224,"Valid":true}__OD_END__
[ue_object_deliverer_bridge_node-1] [INFO] [1785942695.840022880] [ue_object_deliverer_bridge_node]: kinematic setpoint received stamp=93801827 valid=1
[ue_object_deliverer_bridge_node-1] [INFO] [1785942696.043912416] [ue_object_deliverer_bridge_node]: kinematic setpoint received stamp=94006931 valid=1
[ue_object_deliverer_bridge_node-1] [INFO] [1785942696.350393184] [ue_object_deliverer_bridge_node]: kinematic setpoint received stamp=94311041 valid=1
[ue_object_deliverer_bridge_node-1] [INFO] [1785942696.650850272] [ue_object_deliverer_bridge_node]: kinematic setpoint received stamp=94613056 valid=1
[ue_object_deliverer_bridge_node-1] [INFO] [1785942696.651228096] [ue_object_deliverer_bridge_node]: Sent kinematic setpoint to UE5: bytes=422, payload={"Command_Type":"Kinematic_Setpoint","Delta_X_Cm":6.591498106718063,"Delta_Y_Cm":0.14351173304021358,"Frame_ID":"ue_actor_local","Hold_Position":false,"Reason":"DECISION_VALID","Run_ID":"42BC7CA6485BFCA2562357A51970B91E","Scene_Seed":230908,"Sequence":367,"Source_Frame_Index":945,"Source_Model_Version":"safety_gate_v1","Source_Stamp_Us":94613056,"Stamp_Us":94613056,"Step_Dt":0.20000000298023224,"Valid":true}__OD_END__
[ue_object_deliverer_bridge_node-1] [INFO] [1785942696.953137376] [ue_object_deliverer_bridge_node]: kinematic setpoint received stamp=94914659 valid=1
[ue_object_deliverer_bridge_node-1] [INFO] [1785942697.236521600] [ue_object_deliverer_bridge_node]: kinematic setpoint received stamp=95202567 valid=1
[ue_object_deliverer_bridge_node-1] [INFO] [1785942697.444590304] [ue_object_deliverer_bridge_node]: kinematic setpoint received stamp=95405907 valid=1
[ue_object_deliverer_bridge_node-1] [INFO] [1785942697.748405344] [ue_object_deliverer_bridge_node]: kinematic setpoint received stamp=95707696 valid=1
[ue_object_deliverer_bridge_node-1] [INFO] [1785942697.748779488] [ue_object_deliverer_bridge_node]: Sent kinematic setpoint to UE5: bytes=422, payload={"Command_Type":"Kinematic_Setpoint","Delta_X_Cm":12.125968933105469,"Delta_Y_Cm":0.6489742081612349,"Frame_ID":"ue_actor_local","Hold_Position":false,"Reason":"DECISION_VALID","Run_ID":"42BC7CA6485BFCA2562357A51970B91E","Scene_Seed":230908,"Sequence":371,"Source_Frame_Index":956,"Source_Model_Version":"safety_gate_v1","Source_Stamp_Us":95707696,"Stamp_Us":95707696,"Step_Dt":0.20000000298023224,"Valid":true}__OD_END__
[ue_object_deliverer_bridge_node-1] [INFO] [1785942697.983570112] [ue_object_deliverer_bridge_node]: kinematic setpoint received stamp=95707697 valid=1
[image_entity_perception-9] [INFO] [1785942698.111568544] [image_entity_perception]: PERCEPTION_PERF_TRACE frame_index=960 count=950 predict_ms=34.3 entities=4 valid=True
[temporal_entity_tracker-2] [INFO] [1785942698.112508896] [temporal_entity_tracker]: TRACK_TRACE frame_index=960 count=950 source_valid=True source_entities=4 visible_source=1
[ue_object_deliverer_bridge_node-1] [INFO] [1785942698.239674144] [ue_object_deliverer_bridge_node]: kinematic setpoint received stamp=96213327 valid=1
[ue_object_deliverer_bridge_node-1] [INFO] [1785942698.551998304] [ue_object_deliverer_bridge_node]: kinematic setpoint received stamp=96511037 valid=1
[ue_object_deliverer_bridge_node-1] [INFO] [1785942698.836533120] [ue_object_deliverer_bridge_node]: kinematic setpoint received stamp=96800645 valid=1
[ue_object_deliverer_bridge_node-1] [INFO] [1785942698.836927904] [ue_object_deliverer_bridge_node]: Sent kinematic setpoint to UE5: bytes=422, payload={"Command_Type":"Kinematic_Setpoint","Delta_X_Cm":14.706425368785858,"Delta_Y_Cm":0.5274340976029634,"Frame_ID":"ue_actor_local","Hold_Position":false,"Reason":"DECISION_VALID","Run_ID":"42BC7CA6485BFCA2562357A51970B91E","Scene_Seed":230908,"Sequence":375,"Source_Frame_Index":967,"Source_Model_Version":"safety_gate_v1","Source_Stamp_Us":96800645,"Stamp_Us":96800645,"Step_Dt":0.20000000298023224,"Valid":true}__OD_END__
[ue_object_deliverer_bridge_node-1] [INFO] [1785942699.035071936] [ue_object_deliverer_bridge_node]: kinematic setpoint received stamp=97002572 valid=1
[ue_object_deliverer_bridge_node-1] [INFO] [1785942699.244054112] [ue_object_deliverer_bridge_node]: kinematic setpoint received stamp=97207955 valid=1
[ue_object_deliverer_bridge_node-1] [INFO] [1785942699.449314272] [ue_object_deliverer_bridge_node]: kinematic setpoint received stamp=97411357 valid=1
[ue_object_deliverer_bridge_node-1] [INFO] [1785942699.735600928] [ue_object_deliverer_bridge_node]: kinematic setpoint received stamp=97703364 valid=1
[ue_object_deliverer_bridge_node-1] [INFO] [1785942699.938965408] [ue_object_deliverer_bridge_node]: kinematic setpoint received stamp=97902964 valid=1
[ue_object_deliverer_bridge_node-1] [INFO] [1785942699.939362304] [ue_object_deliverer_bridge_node]: Sent kinematic setpoint to UE5: bytes=421, payload={"Command_Type":"Kinematic_Setpoint","Delta_X_Cm":23.173359036445618,"Delta_Y_Cm":2.054593898355961,"Frame_ID":"ue_actor_local","Hold_Position":false,"Reason":"DECISION_VALID","Run_ID":"42BC7CA6485BFCA2562357A51970B91E","Scene_Seed":230908,"Sequence":380,"Source_Frame_Index":978,"Source_Model_Version":"safety_gate_v1","Source_Stamp_Us":97902964,"Stamp_Us":97902964,"Step_Dt":0.20000000298023224,"Valid":true}__OD_END__
[ue_object_deliverer_bridge_node-1] [INFO] [1785942700.141411264] [ue_object_deliverer_bridge_node]: kinematic setpoint received stamp=98106765 valid=1
[ue_object_deliverer_bridge_node-1] [INFO] [1785942700.350376096] [ue_object_deliverer_bridge_node]: kinematic setpoint received stamp=98309127 valid=1
[ue_object_deliverer_bridge_node-1] [INFO] [1785942700.654004768] [ue_object_deliverer_bridge_node]: kinematic setpoint received stamp=98609111 valid=1
[ue_object_deliverer_bridge_node-1] [INFO] [1785942700.941945248] [ue_object_deliverer_bridge_node]: kinematic setpoint received stamp=98903405 valid=1
[ue_object_deliverer_bridge_node-1] [INFO] [1785942700.942349568] [ue_object_deliverer_bridge_node]: Sent kinematic setpoint to UE5: bytes=422, payload={"Command_Type":"Kinematic_Setpoint","Delta_X_Cm":14.164507389068604,"Delta_Y_Cm":1.2125995941460133,"Frame_ID":"ue_actor_local","Hold_Position":false,"Reason":"DECISION_VALID","Run_ID":"42BC7CA6485BFCA2562357A51970B91E","Scene_Seed":230908,"Sequence":384,"Source_Frame_Index":988,"Source_Model_Version":"safety_gate_v1","Source_Stamp_Us":98903405,"Stamp_Us":98903405,"Step_Dt":0.20000000298023224,"Valid":true}__OD_END__
[ue_object_deliverer_bridge_node-1] [INFO] [1785942701.148090880] [ue_object_deliverer_bridge_node]: kinematic setpoint received stamp=99109623 valid=1
[ue_object_deliverer_bridge_node-1] [INFO] [1785942701.441947616] [ue_object_deliverer_bridge_node]: kinematic setpoint received stamp=99412276 valid=1
[ue_object_deliverer_bridge_node-1] [INFO] [1785942701.752239552] [ue_object_deliverer_bridge_node]: kinematic setpoint received stamp=99711301 valid=1
[ue_object_deliverer_bridge_node-1] [INFO] [1785942701.977138016] [ue_object_deliverer_bridge_node]: kinematic setpoint received stamp=99711302 valid=1
[ue_object_deliverer_bridge_node-1] [INFO] [1785942701.977540224] [ue_object_deliverer_bridge_node]: Sent kinematic setpoint to UE5: bytes=423, payload={"Command_Type":"Kinematic_Setpoint","Delta_X_Cm":-4.882216826081276,"Delta_Y_Cm":-1.0788697749376297,"Frame_ID":"ue_actor_local","Hold_Position":false,"Reason":"DECISION_VALID","Run_ID":"42BC7CA6485BFCA2562357A51970B91E","Scene_Seed":230908,"Sequence":388,"Source_Frame_Index":949,"Source_Model_Version":"safety_gate_v1","Source_Stamp_Us":99711302,"Stamp_Us":99711302,"Step_Dt":0.20000000298023224,"Valid":true}__OD_END__
[ue_object_deliverer_bridge_node-1] [INFO] [1785942702.233413760] [ue_object_deliverer_bridge_node]: kinematic setpoint received stamp=100201646 valid=1
[ue_object_deliverer_bridge_node-1] [INFO] [1785942702.440821760] [ue_object_deliverer_bridge_node]: kinematic setpoint received stamp=100407129 valid=1
[ue_object_deliverer_bridge_node-1] [INFO] [1785942702.743109376] [ue_object_deliverer_bridge_node]: kinematic setpoint received stamp=100711006 valid=1
[ue_object_deliverer_bridge_node-1] [INFO] [1785942702.978343552] [ue_object_deliverer_bridge_node]: kinematic setpoint received stamp=100711007 valid=1
[ue_object_deliverer_bridge_node-1] [INFO] [1785942702.978734080] [ue_object_deliverer_bridge_node]: Sent kinematic setpoint to UE5: bytes=425, payload={"Command_Type":"Kinematic_Setpoint","Delta_X_Cm":-4.922113195061684,"Delta_Y_Cm":-0.8790922351181507,"Frame_ID":"ue_actor_local","Hold_Position":false,"Reason":"DECISION_VALID","Run_ID":"42BC7CA6485BFCA2562357A51970B91E","Scene_Seed":230908,"Sequence":392,"Source_Frame_Index":959,"Source_Model_Version":"safety_gate_v1","Source_Stamp_Us":100711007,"Stamp_Us":100711007,"Step_Dt":0.20000000298023224,"Valid":true}__OD_END__
[image_entity_perception-9] [INFO] [1785942703.121023872] [image_entity_perception]: PERCEPTION_PERF_TRACE frame_index=1010 count=1000 predict_ms=42.4 entities=4 valid=True
[temporal_entity_tracker-2] [INFO] [1785942703.121699392] [temporal_entity_tracker]: TRACK_TRACE frame_index=1010 count=1000 source_valid=True source_entities=4 visible_source=1
[vla_policy-10] [INFO] [1785942703.127016768] [vla_policy]: ENT_IN_TRACE count=1000 frame_index=1010 valid=True detail=OK:selected=1;targets=1;risks=0;dropped=0
[ue_object_deliverer_bridge_node-1] [INFO] [1785942703.224904832] [ue_object_deliverer_bridge_node]: kinematic setpoint received stamp=101201274 valid=1
[ue_object_deliverer_bridge_node-1] [INFO] [1785942703.435498528] [ue_object_deliverer_bridge_node]: kinematic setpoint received stamp=101407256 valid=1
[ue_object_deliverer_bridge_node-1] [INFO] [1785942703.733206464] [ue_object_deliverer_bridge_node]: kinematic setpoint received stamp=101701188 valid=1
[ue_object_deliverer_bridge_node-1] [INFO] [1785942703.988499808] [ue_object_deliverer_bridge_node]: kinematic setpoint received stamp=101701189 valid=1
[ue_object_deliverer_bridge_node-1] [INFO] [1785942703.988894880] [ue_object_deliverer_bridge_node]: Sent kinematic setpoint to UE5: bytes=424, payload={"Command_Type":"Kinematic_Setpoint","Delta_X_Cm":-4.861569032073021,"Delta_Y_Cm":-1.168394275009632,"Frame_ID":"ue_actor_local","Hold_Position":false,"Reason":"DECISION_VALID","Run_ID":"42BC7CA6485BFCA2562357A51970B91E","Scene_Seed":230908,"Sequence":396,"Source_Frame_Index":970,"Source_Model_Version":"safety_gate_v1","Source_Stamp_Us":101701189,"Stamp_Us":101701189,"Step_Dt":0.20000000298023224,"Valid":true}__OD_END__
[ue_object_deliverer_bridge_node-1] [INFO] [1785942704.232419296] [ue_object_deliverer_bridge_node]: kinematic setpoint received stamp=102205630 valid=1
[ue_object_deliverer_bridge_node-1] [INFO] [1785942704.441917280] [ue_object_deliverer_bridge_node]: kinematic setpoint received stamp=102411527 valid=1
[vla_policy-10] [INFO] [1785942704.637025952] [vla_policy]: POLICY_AUDIT trigger=periodic events=400 policy_driven=385 backstop=12 hold=3 fail_closed=0 policy_stop=0 guard_reason=policy_driven raw_dx=0.224793 raw_dy=-0.020687 guarded_dx=0.224793 guarded_dy=-0.020687 final_dx=0.149146 final_dy=-0.014019
[ue_object_deliverer_bridge_node-1] [INFO] [1785942704.640301760] [ue_object_deliverer_bridge_node]: kinematic setpoint received stamp=102603163 valid=1
[ue_object_deliverer_bridge_node-1] [INFO] [1785942704.846034208] [ue_object_deliverer_bridge_node]: kinematic setpoint received stamp=102807979 valid=1
[ue_object_deliverer_bridge_node-1] [INFO] [1785942705.147279872] [ue_object_deliverer_bridge_node]: kinematic setpoint received stamp=103109086 valid=1
[ue_object_deliverer_bridge_node-1] [INFO] [1785942705.147692096] [ue_object_deliverer_bridge_node]: Sent kinematic setpoint to UE5: bytes=425, payload={"Command_Type":"Kinematic_Setpoint","Delta_X_Cm":24.591098725795746,"Delta_Y_Cm":2.5625796988606453,"Frame_ID":"ue_actor_local","Hold_Position":false,"Reason":"DECISION_VALID","Run_ID":"42BC7CA6485BFCA2562357A51970B91E","Scene_Seed":230908,"Sequence":401,"Source_Frame_Index":1030,"Source_Model_Version":"safety_gate_v1","Source_Stamp_Us":103109086,"Stamp_Us":103109086,"Step_Dt":0.20000000298023224,"Valid":true}__OD_END__
[ue_object_deliverer_bridge_node-1] [INFO] [1785942705.429628832] [ue_object_deliverer_bridge_node]: kinematic setpoint received stamp=103405393 valid=1
[ue_object_deliverer_bridge_node-1] [INFO] [1785942705.641703872] [ue_object_deliverer_bridge_node]: kinematic setpoint received stamp=103607641 valid=1
[ue_object_deliverer_bridge_node-1] [INFO] [1785942705.849219968] [ue_object_deliverer_bridge_node]: kinematic setpoint received stamp=103811239 valid=1
[ue_object_deliverer_bridge_node-1] [INFO] [1785942706.147125856] [ue_object_deliverer_bridge_node]: kinematic setpoint received stamp=104111184 valid=1
[ue_object_deliverer_bridge_node-1] [INFO] [1785942706.147510176] [ue_object_deliverer_bridge_node]: Sent kinematic setpoint to UE5: bytes=424, payload={"Command_Type":"Kinematic_Setpoint","Delta_X_Cm":26.427876949310303,"Delta_Y_Cm":2.725825272500515,"Frame_ID":"ue_actor_local","Hold_Position":false,"Reason":"DECISION_VALID","Run_ID":"42BC7CA6485BFCA2562357A51970B91E","Scene_Seed":230908,"Sequence":405,"Source_Frame_Index":1040,"Source_Model_Version":"safety_gate_v1","Source_Stamp_Us":104111184,"Stamp_Us":104111184,"Step_Dt":0.20000000298023224,"Valid":true}__OD_END__
[ue_object_deliverer_bridge_node-1] [INFO] [1785942706.436118240] [ue_object_deliverer_bridge_node]: kinematic setpoint received stamp=104410954 valid=1
[ue_object_deliverer_bridge_node-1] [INFO] [1785942706.645619008] [ue_object_deliverer_bridge_node]: kinematic setpoint received stamp=104614319 valid=1
[ue_object_deliverer_bridge_node-1] [INFO] [1785942706.945613664] [ue_object_deliverer_bridge_node]: kinematic setpoint received stamp=104912787 valid=1
[ue_object_deliverer_bridge_node-1] [INFO] [1785942707.233283008] [ue_object_deliverer_bridge_node]: kinematic setpoint received stamp=105203634 valid=1
[ue_object_deliverer_bridge_node-1] [INFO] [1785942707.233703200] [ue_object_deliverer_bridge_node]: Sent kinematic setpoint to UE5: bytes=424, payload={"Command_Type":"Kinematic_Setpoint","Delta_X_Cm":20.83515226840973,"Delta_Y_Cm":2.0345941185951233,"Frame_ID":"ue_actor_local","Hold_Position":false,"Reason":"DECISION_VALID","Run_ID":"42BC7CA6485BFCA2562357A51970B91E","Scene_Seed":230908,"Sequence":409,"Source_Frame_Index":1051,"Source_Model_Version":"safety_gate_v1","Source_Stamp_Us":105203634,"Stamp_Us":105203634,"Step_Dt":0.20000000298023224,"Valid":true}__OD_END__
[ue_object_deliverer_bridge_node-1] [INFO] [1785942707.442697952] [ue_object_deliverer_bridge_node]: kinematic setpoint received stamp=105407120 valid=1
[ue_object_deliverer_bridge_node-1] [INFO] [1785942707.748071872] [ue_object_deliverer_bridge_node]: kinematic setpoint received stamp=105709995 valid=1
[ue_object_deliverer_bridge_node-1] [INFO] [1785942707.975596448] [ue_object_deliverer_bridge_node]: kinematic setpoint received stamp=105709996 valid=1
[image_entity_perception-9] [INFO] [1785942708.136101952] [image_entity_perception]: PERCEPTION_PERF_TRACE frame_index=1060 count=1050 predict_ms=44.0 entities=4 valid=True
[temporal_entity_tracker-2] [INFO] [1785942708.136893472] [temporal_entity_tracker]: TRACK_TRACE frame_index=1060 count=1050 source_valid=True source_entities=4 visible_source=1
[ue_object_deliverer_bridge_node-1] [INFO] [1785942708.238974080] [ue_object_deliverer_bridge_node]: kinematic setpoint received stamp=106208339 valid=1
[ue_object_deliverer_bridge_node-1] [INFO] [1785942708.239371488] [ue_object_deliverer_bridge_node]: Sent kinematic setpoint to UE5: bytes=396, payload={"Command_Type":"Kinematic_Setpoint","Delta_X_Cm":0.0,"Delta_Y_Cm":-0.0,"Frame_ID":"ue_actor_local","Hold_Position":false,"Reason":"DECISION_VALID","Run_ID":"42BC7CA6485BFCA2562357A51970B91E","Scene_Seed":230908,"Sequence":413,"Source_Frame_Index":1061,"Source_Model_Version":"safety_gate_v1","Source_Stamp_Us":106208339,"Stamp_Us":106208339,"Step_Dt":0.20000000298023224,"Valid":true}__OD_END__
[ue_object_deliverer_bridge_node-1] [INFO] [1785942708.453407232] [ue_object_deliverer_bridge_node]: kinematic setpoint received stamp=106413033 valid=1
[ue_object_deliverer_bridge_node-1] [INFO] [1785942708.733264544] [ue_object_deliverer_bridge_node]: kinematic setpoint received stamp=106704447 valid=1
[ue_object_deliverer_bridge_node-1] [INFO] [1785942708.940955264] [ue_object_deliverer_bridge_node]: kinematic setpoint received stamp=106907359 valid=1
[ue_object_deliverer_bridge_node-1] [INFO] [1785942709.248729664] [ue_object_deliverer_bridge_node]: kinematic setpoint received stamp=107212680 valid=1
[ue_object_deliverer_bridge_node-1] [INFO] [1785942709.249111808] [ue_object_deliverer_bridge_node]: Sent kinematic setpoint to UE5: bytes=425, payload={"Command_Type":"Kinematic_Setpoint","Delta_X_Cm":19.921119511127472,"Delta_Y_Cm":1.6339242458343506,"Frame_ID":"ue_actor_local","Hold_Position":false,"Reason":"DECISION_VALID","Run_ID":"42BC7CA6485BFCA2562357A51970B91E","Scene_Seed":230908,"Sequence":417,"Source_Frame_Index":1071,"Source_Model_Version":"safety_gate_v1","Source_Stamp_Us":107212680,"Stamp_Us":107212680,"Step_Dt":0.20000000298023224,"Valid":true}__OD_END__
[ue_object_deliverer_bridge_node-1] [INFO] [1785942709.454923808] [ue_object_deliverer_bridge_node]: kinematic setpoint received stamp=107409539 valid=1
[ue_object_deliverer_bridge_node-1] [INFO] [1785942709.758746336] [ue_object_deliverer_bridge_node]: kinematic setpoint received stamp=107712570 valid=1
[ue_object_deliverer_bridge_node-1] [INFO] [1785942709.974529120] [ue_object_deliverer_bridge_node]: kinematic setpoint received stamp=107712571 valid=1
[ue_object_deliverer_bridge_node-1] [INFO] [1785942710.240653888] [ue_object_deliverer_bridge_node]: kinematic setpoint received stamp=108210677 valid=1
[ue_object_deliverer_bridge_node-1] [INFO] [1785942710.450319968] [ue_object_deliverer_bridge_node]: kinematic setpoint received stamp=108412561 valid=1
[ue_object_deliverer_bridge_node-1] [INFO] [1785942710.450694368] [ue_object_deliverer_bridge_node]: Sent kinematic setpoint to UE5: bytes=427, payload={"Command_Type":"Kinematic_Setpoint","Delta_X_Cm":4.9994029104709625,"Delta_Y_Cm":-0.07726670010015368,"Frame_ID":"ue_actor_local","Hold_Position":false,"Reason":"DECISION_VALID","Run_ID":"42BC7CA6485BFCA2562357A51970B91E","Scene_Seed":230908,"Sequence":422,"Source_Frame_Index":1083,"Source_Model_Version":"safety_gate_v1","Source_Stamp_Us":108412561,"Stamp_Us":108412561,"Step_Dt":0.20000000298023224,"Valid":true}__OD_END__
[ue_object_deliverer_bridge_node-1] [INFO] [1785942710.740020448] [ue_object_deliverer_bridge_node]: kinematic setpoint received stamp=108705752 valid=1
[ue_object_deliverer_bridge_node-1] [INFO] [1785942710.981782656] [ue_object_deliverer_bridge_node]: kinematic setpoint received stamp=108705753 valid=1
[ue_object_deliverer_bridge_node-1] [INFO] [1785942711.238249600] [ue_object_deliverer_bridge_node]: kinematic setpoint received stamp=109200871 valid=1
[ue_object_deliverer_bridge_node-1] [INFO] [1785942711.523841952] [ue_object_deliverer_bridge_node]: kinematic setpoint received stamp=109503171 valid=1
[ue_object_deliverer_bridge_node-1] [INFO] [1785942711.524234272] [ue_object_deliverer_bridge_node]: Sent kinematic setpoint to UE5: bytes=424, payload={"Command_Type":"Kinematic_Setpoint","Delta_X_Cm":9.935864061117172,"Delta_Y_Cm":0.8295159786939621,"Frame_ID":"ue_actor_local","Hold_Position":false,"Reason":"DECISION_VALID","Run_ID":"42BC7CA6485BFCA2562357A51970B91E","Scene_Seed":230908,"Sequence":426,"Source_Frame_Index":1094,"Source_Model_Version":"safety_gate_v1","Source_Stamp_Us":109503171,"Stamp_Us":109503171,"Step_Dt":0.20000000298023224,"Valid":true}__OD_END__
[ue_object_deliverer_bridge_node-1] [INFO] [1785942711.728102752] [ue_object_deliverer_bridge_node]: kinematic setpoint received stamp=109708692 valid=1
[ue_object_deliverer_bridge_node-1] [INFO] [1785942711.980702752] [ue_object_deliverer_bridge_node]: kinematic setpoint received stamp=109708693 valid=1
[ue_object_deliverer_bridge_node-1] [INFO] [1785942712.234051136] [ue_object_deliverer_bridge_node]: kinematic setpoint received stamp=110200772 valid=1
[ue_object_deliverer_bridge_node-1] [INFO] [1785942712.442487328] [ue_object_deliverer_bridge_node]: kinematic setpoint received stamp=110407051 valid=1
[ue_object_deliverer_bridge_node-1] [INFO] [1785942712.735185952] [ue_object_deliverer_bridge_node]: kinematic setpoint received stamp=110709913 valid=1
[ue_object_deliverer_bridge_node-1] [INFO] [1785942712.735574880] [ue_object_deliverer_bridge_node]: Sent kinematic setpoint to UE5: bytes=424, payload={"Command_Type":"Kinematic_Setpoint","Delta_X_Cm":14.909757673740387,"Delta_Y_Cm":1.433908473700285,"Frame_ID":"ue_actor_local","Hold_Position":false,"Reason":"DECISION_VALID","Run_ID":"42BC7CA6485BFCA2562357A51970B91E","Scene_Seed":230908,"Sequence":431,"Source_Frame_Index":1106,"Source_Model_Version":"safety_gate_v1","Source_Stamp_Us":110709913,"Stamp_Us":110709913,"Step_Dt":0.20000000298023224,"Valid":true}__OD_END__
[ue_object_deliverer_bridge_node-1] [INFO] [1785942712.938185632] [ue_object_deliverer_bridge_node]: kinematic setpoint received stamp=110900986 valid=1
[image_entity_perception-9] [INFO] [1785942713.113736160] [image_entity_perception]: PERCEPTION_PERF_TRACE frame_index=1110 count=1100 predict_ms=34.6 entities=4 valid=True
[temporal_entity_tracker-2] [INFO] [1785942713.114475040] [temporal_entity_tracker]: TRACK_TRACE frame_index=1110 count=1100 source_valid=True source_entities=4 visible_source=1
[vla_policy-10] [INFO] [1785942713.120016320] [vla_policy]: ENT_IN_TRACE count=1100 frame_index=1110 valid=True detail=OK:selected=1;targets=1;risks=0;dropped=0
[ue_object_deliverer_bridge_node-1] [INFO] [1785942713.225837312] [ue_object_deliverer_bridge_node]: kinematic setpoint received stamp=111206903 valid=1
[ue_object_deliverer_bridge_node-1] [INFO] [1785942713.431689568] [ue_object_deliverer_bridge_node]: kinematic setpoint received stamp=111407647 valid=1
[ue_object_deliverer_bridge_node-1] [INFO] [1785942713.635524224] [ue_object_deliverer_bridge_node]: kinematic setpoint received stamp=111612711 valid=1
[ue_object_deliverer_bridge_node-1] [INFO] [1785942713.928717088] [ue_object_deliverer_bridge_node]: kinematic setpoint received stamp=111903470 valid=1
[ue_object_deliverer_bridge_node-1] [INFO] [1785942713.929085152] [ue_object_deliverer_bridge_node]: Sent kinematic setpoint to UE5: bytes=423, payload={"Command_Type":"Kinematic_Setpoint","Delta_X_Cm":27.42253541946411,"Delta_Y_Cm":2.787367068231106,"Frame_ID":"ue_actor_local","Hold_Position":false,"Reason":"DECISION_VALID","Run_ID":"42BC7CA6485BFCA2562357A51970B91E","Scene_Seed":230908,"Sequence":436,"Source_Frame_Index":1118,"Source_Model_Version":"safety_gate_v1","Source_Stamp_Us":111903470,"Stamp_Us":111903470,"Step_Dt":0.20000000298023224,"Valid":true}__OD_END__
[ue_object_deliverer_bridge_node-1] [INFO] [1785942714.230878912] [ue_object_deliverer_bridge_node]: kinematic setpoint received stamp=112201470 valid=1
[ue_object_deliverer_bridge_node-1] [INFO] [1785942714.530805184] [ue_object_deliverer_bridge_node]: kinematic setpoint received stamp=112503869 valid=1
[ue_object_deliverer_bridge_node-1] [INFO] [1785942714.842849024] [ue_object_deliverer_bridge_node]: kinematic setpoint received stamp=112809939 valid=1
[ue_object_deliverer_bridge_node-1] [INFO] [1785942715.151237792] [ue_object_deliverer_bridge_node]: kinematic setpoint received stamp=113110434 valid=1
[ue_object_deliverer_bridge_node-1] [INFO] [1785942715.151624064] [ue_object_deliverer_bridge_node]: Sent kinematic setpoint to UE5: bytes=425, payload={"Command_Type":"Kinematic_Setpoint","Delta_X_Cm":23.987485468387604,"Delta_Y_Cm":2.0162489265203476,"Frame_ID":"ue_actor_local","Hold_Position":false,"Reason":"DECISION_VALID","Run_ID":"42BC7CA6485BFCA2562357A51970B91E","Scene_Seed":230908,"Sequence":440,"Source_Frame_Index":1130,"Source_Model_Version":"safety_gate_v1","Source_Stamp_Us":113110434,"Stamp_Us":113110434,"Step_Dt":0.20000000298023224,"Valid":true}__OD_END__
[ue_object_deliverer_bridge_node-1] [INFO] [1785942715.448124480] [ue_object_deliverer_bridge_node]: kinematic setpoint received stamp=113411166 valid=1
[ue_object_deliverer_bridge_node-1] [INFO] [1785942715.737155744] [ue_object_deliverer_bridge_node]: kinematic setpoint received stamp=113701959 valid=1
[ue_object_deliverer_bridge_node-1] [INFO] [1785942715.955862080] [ue_object_deliverer_bridge_node]: kinematic setpoint received stamp=113911755 valid=1
[ue_object_deliverer_bridge_node-1] [INFO] [1785942716.241057856] [ue_object_deliverer_bridge_node]: kinematic setpoint received stamp=114206317 valid=1
[ue_object_deliverer_bridge_node-1] [INFO] [1785942716.241445376] [ue_object_deliverer_bridge_node]: Sent kinematic setpoint to UE5: bytes=424, payload={"Command_Type":"Kinematic_Setpoint","Delta_X_Cm":21.990881860256195,"Delta_Y_Cm":2.039405331015587,"Frame_ID":"ue_actor_local","Hold_Position":false,"Reason":"DECISION_VALID","Run_ID":"42BC7CA6485BFCA2562357A51970B91E","Scene_Seed":230908,"Sequence":444,"Source_Frame_Index":1141,"Source_Model_Version":"safety_gate_v1","Source_Stamp_Us":114206317,"Stamp_Us":114206317,"Step_Dt":0.20000000298023224,"Valid":true}__OD_END__
[ue_object_deliverer_bridge_node-1] [INFO] [1785942716.446107328] [ue_object_deliverer_bridge_node]: kinematic setpoint received stamp=114409946 valid=1
[ue_object_deliverer_bridge_node-1] [INFO] [1785942716.732119456] [ue_object_deliverer_bridge_node]: kinematic setpoint received stamp=114709576 valid=1
[ue_object_deliverer_bridge_node-1] [INFO] [1785942716.978357920] [ue_object_deliverer_bridge_node]: kinematic setpoint received stamp=114709577 valid=1
[ue_object_deliverer_bridge_node-1] [INFO] [1785942717.238922240] [ue_object_deliverer_bridge_node]: kinematic setpoint received stamp=115213528 valid=1
[ue_object_deliverer_bridge_node-1] [INFO] [1785942717.239317856] [ue_object_deliverer_bridge_node]: Sent kinematic setpoint to UE5: bytes=425, payload={"Command_Type":"Kinematic_Setpoint","Delta_X_Cm":-4.841961711645126,"Delta_Y_Cm":-1.247159019112587,"Frame_ID":"ue_actor_local","Hold_Position":false,"Reason":"DECISION_VALID","Run_ID":"42BC7CA6485BFCA2562357A51970B91E","Scene_Seed":230908,"Sequence":448,"Source_Frame_Index":1151,"Source_Model_Version":"safety_gate_v1","Source_Stamp_Us":115213528,"Stamp_Us":115213528,"Step_Dt":0.20000000298023224,"Valid":true}__OD_END__
[ue_object_deliverer_bridge_node-1] [INFO] [1785942717.535422848] [ue_object_deliverer_bridge_node]: kinematic setpoint received stamp=115501625 valid=1
[ue_object_deliverer_bridge_node-1] [INFO] [1785942717.820575136] [ue_object_deliverer_bridge_node]: kinematic setpoint received stamp=115802514 valid=1
[ue_object_deliverer_bridge_node-1] [INFO] [1785942718.026743392] [ue_object_deliverer_bridge_node]: kinematic setpoint received stamp=116008845 valid=1
[image_entity_perception-9] [INFO] [1785942718.107418880] [image_entity_perception]: PERCEPTION_PERF_TRACE frame_index=1160 count=1150 predict_ms=35.3 entities=4 valid=True
[temporal_entity_tracker-2] [INFO] [1785942718.109267616] [temporal_entity_tracker]: TRACK_TRACE frame_index=1160 count=1150 source_valid=True source_entities=4 visible_source=1
[ue_object_deliverer_bridge_node-1] [INFO] [1785942718.235325568] [ue_object_deliverer_bridge_node]: kinematic setpoint received stamp=116212150 valid=1
[ue_object_deliverer_bridge_node-1] [INFO] [1785942718.545178048] [ue_object_deliverer_bridge_node]: kinematic setpoint received stamp=116511233 valid=1
[ue_object_deliverer_bridge_node-1] [INFO] [1785942718.545647584] [ue_object_deliverer_bridge_node]: Sent kinematic setpoint to UE5: bytes=425, payload={"Command_Type":"Kinematic_Setpoint","Delta_X_Cm":20.003798604011536,"Delta_Y_Cm":1.0791758075356483,"Frame_ID":"ue_actor_local","Hold_Position":false,"Reason":"DECISION_VALID","Run_ID":"42BC7CA6485BFCA2562357A51970B91E","Scene_Seed":230908,"Sequence":453,"Source_Frame_Index":1164,"Source_Model_Version":"safety_gate_v1","Source_Stamp_Us":116511233,"Stamp_Us":116511233,"Step_Dt":0.20000000298023224,"Valid":true}__OD_END__
[ue_object_deliverer_bridge_node-1] [INFO] [1785942718.830582496] [ue_object_deliverer_bridge_node]: kinematic setpoint received stamp=116802043 valid=1
[ue_object_deliverer_bridge_node-1] [INFO] [1785942719.037403520] [ue_object_deliverer_bridge_node]: kinematic setpoint received stamp=117010746 valid=1
[ue_object_deliverer_bridge_node-1] [INFO] [1785942719.326916256] [ue_object_deliverer_bridge_node]: kinematic setpoint received stamp=117308148 valid=1
[ue_object_deliverer_bridge_node-1] [INFO] [1785942719.536686272] [ue_object_deliverer_bridge_node]: kinematic setpoint received stamp=117511751 valid=1
[ue_object_deliverer_bridge_node-1] [INFO] [1785942719.537087424] [ue_object_deliverer_bridge_node]: Sent kinematic setpoint to UE5: bytes=424, payload={"Command_Type":"Kinematic_Setpoint","Delta_X_Cm":25.43741464614868,"Delta_Y_Cm":2.2612545639276505,"Frame_ID":"ue_actor_local","Hold_Position":false,"Reason":"DECISION_VALID","Run_ID":"42BC7CA6485BFCA2562357A51970B91E","Scene_Seed":230908,"Sequence":457,"Source_Frame_Index":1174,"Source_Model_Version":"safety_gate_v1","Source_Stamp_Us":117511751,"Stamp_Us":117511751,"Step_Dt":0.20000000298023224,"Valid":true}__OD_END__
[ue_object_deliverer_bridge_node-1] [INFO] [1785942719.827269888] [ue_object_deliverer_bridge_node]: kinematic setpoint received stamp=117806530 valid=1
[ue_object_deliverer_bridge_node-1] [INFO] [1785942720.031907072] [ue_object_deliverer_bridge_node]: kinematic setpoint received stamp=118011286 valid=1
[ue_object_deliverer_bridge_node-1] [INFO] [1785942720.246315616] [ue_object_deliverer_bridge_node]: kinematic setpoint received stamp=118206697 valid=1
[ue_object_deliverer_bridge_node-1] [INFO] [1785942720.456066432] [ue_object_deliverer_bridge_node]: kinematic setpoint received stamp=118412685 valid=1
[ue_object_deliverer_bridge_node-1] [INFO] [1785942720.740899264] [ue_object_deliverer_bridge_node]: kinematic setpoint received stamp=118704942 valid=1
[ue_object_deliverer_bridge_node-1] [INFO] [1785942720.741285152] [ue_object_deliverer_bridge_node]: Sent kinematic setpoint to UE5: bytes=425, payload={"Command_Type":"Kinematic_Setpoint","Delta_X_Cm":18.891535699367523,"Delta_Y_Cm":1.5001419000327587,"Frame_ID":"ue_actor_local","Hold_Position":false,"Reason":"DECISION_VALID","Run_ID":"42BC7CA6485BFCA2562357A51970B91E","Scene_Seed":230908,"Sequence":462,"Source_Frame_Index":1186,"Source_Model_Version":"safety_gate_v1","Source_Stamp_Us":118704942,"Stamp_Us":118704942,"Step_Dt":0.20000000298023224,"Valid":true}__OD_END__
[ue_object_deliverer_bridge_node-1] [INFO] [1785942720.945250016] [ue_object_deliverer_bridge_node]: kinematic setpoint received stamp=118908064 valid=1
[ue_object_deliverer_bridge_node-1] [INFO] [1785942721.151782656] [ue_object_deliverer_bridge_node]: kinematic setpoint received stamp=119112015 valid=1
[ue_object_deliverer_bridge_node-1] [INFO] [1785942721.453567008] [ue_object_deliverer_bridge_node]: kinematic setpoint received stamp=119412108 valid=1
[ue_object_deliverer_bridge_node-1] [INFO] [1785942721.735649600] [ue_object_deliverer_bridge_node]: kinematic setpoint received stamp=119700874 valid=1
[ue_object_deliverer_bridge_node-1] [INFO] [1785942721.946162336] [ue_object_deliverer_bridge_node]: kinematic setpoint received stamp=119905130 valid=1
[ue_object_deliverer_bridge_node-1] [INFO] [1785942721.946535456] [ue_object_deliverer_bridge_node]: Sent kinematic setpoint to UE5: bytes=425, payload={"Command_Type":"Kinematic_Setpoint","Delta_X_Cm":13.780006766319275,"Delta_Y_Cm":0.8844451978802681,"Frame_ID":"ue_actor_local","Hold_Position":false,"Reason":"DECISION_VALID","Run_ID":"42BC7CA6485BFCA2562357A51970B91E","Scene_Seed":230908,"Sequence":467,"Source_Frame_Index":1198,"Source_Model_Version":"safety_gate_v1","Source_Stamp_Us":119905130,"Stamp_Us":119905130,"Step_Dt":0.20000000298023224,"Valid":true}__OD_END__
[ue_object_deliverer_bridge_node-1] [INFO] [1785942722.251373568] [ue_object_deliverer_bridge_node]: kinematic setpoint received stamp=120210970 valid=1
[ue_object_deliverer_bridge_node-1] [INFO] [1785942722.552927648] [ue_object_deliverer_bridge_node]: kinematic setpoint received stamp=120511906 valid=1
[ue_object_deliverer_bridge_node-1] [INFO] [1785942722.838874400] [ue_object_deliverer_bridge_node]: kinematic setpoint received stamp=120801591 valid=1
[ue_object_deliverer_bridge_node-1] [INFO] [1785942723.054505952] [ue_object_deliverer_bridge_node]: kinematic setpoint received stamp=121011827 valid=1
[ue_object_deliverer_bridge_node-1] [INFO] [1785942723.054900512] [ue_object_deliverer_bridge_node]: Sent kinematic setpoint to UE5: bytes=426, payload={"Command_Type":"Kinematic_Setpoint","Delta_X_Cm":13.812851905822754,"Delta_Y_Cm":0.49196239560842514,"Frame_ID":"ue_actor_local","Hold_Position":false,"Reason":"DECISION_VALID","Run_ID":"42BC7CA6485BFCA2562357A51970B91E","Scene_Seed":230908,"Sequence":471,"Source_Frame_Index":1209,"Source_Model_Version":"safety_gate_v1","Source_Stamp_Us":121011827,"Stamp_Us":121011827,"Step_Dt":0.20000000298023224,"Valid":true}__OD_END__
[image_entity_perception-9] [INFO] [1785942723.129598048] [image_entity_perception]: PERCEPTION_PERF_TRACE frame_index=1210 count=1200 predict_ms=45.3 entities=4 valid=True
[temporal_entity_tracker-2] [INFO] [1785942723.130311840] [temporal_entity_tracker]: TRACK_TRACE frame_index=1210 count=1200 source_valid=True source_entities=4 visible_source=1
[vla_policy-10] [INFO] [1785942723.135502176] [vla_policy]: ENT_IN_TRACE count=1200 frame_index=1210 valid=True detail=OK:selected=1;targets=1;risks=0;dropped=0
[ue_object_deliverer_bridge_node-1] [INFO] [1785942723.331759744] [ue_object_deliverer_bridge_node]: kinematic setpoint received stamp=121302746 valid=1
[ue_object_deliverer_bridge_node-1] [INFO] [1785942723.538807968] [ue_object_deliverer_bridge_node]: kinematic setpoint received stamp=121508962 valid=1
[ue_object_deliverer_bridge_node-1] [INFO] [1785942723.832509440] [ue_object_deliverer_bridge_node]: kinematic setpoint received stamp=121807129 valid=1
[ue_object_deliverer_bridge_node-1] [INFO] [1785942724.141001856] [ue_object_deliverer_bridge_node]: kinematic setpoint received stamp=122111575 valid=1
[ue_object_deliverer_bridge_node-1] [INFO] [1785942724.141372608] [ue_object_deliverer_bridge_node]: Sent kinematic setpoint to UE5: bytes=424, payload={"Command_Type":"Kinematic_Setpoint","Delta_X_Cm":21.009449660778046,"Delta_Y_Cm":1.246690470725298,"Frame_ID":"ue_actor_local","Hold_Position":false,"Reason":"DECISION_VALID","Run_ID":"42BC7CA6485BFCA2562357A51970B91E","Scene_Seed":230908,"Sequence":475,"Source_Frame_Index":1220,"Source_Model_Version":"safety_gate_v1","Source_Stamp_Us":122111575,"Stamp_Us":122111575,"Step_Dt":0.20000000298023224,"Valid":true}__OD_END__
[ue_object_deliverer_bridge_node-1] [INFO] [1785942724.438314080] [ue_object_deliverer_bridge_node]: kinematic setpoint received stamp=122412946 valid=1
[ue_object_deliverer_bridge_node-1] [INFO] [1785942724.648639712] [ue_object_deliverer_bridge_node]: kinematic setpoint received stamp=122608404 valid=1
[ue_object_deliverer_bridge_node-1] [INFO] [1785942724.951576480] [ue_object_deliverer_bridge_node]: kinematic setpoint received stamp=122909364 valid=1
[ue_object_deliverer_bridge_node-1] [INFO] [1785942725.253433120] [ue_object_deliverer_bridge_node]: kinematic setpoint received stamp=123212519 valid=1
[ue_object_deliverer_bridge_node-1] [INFO] [1785942725.253818272] [ue_object_deliverer_bridge_node]: Sent kinematic setpoint to UE5: bytes=425, payload={"Command_Type":"Kinematic_Setpoint","Delta_X_Cm":16.587650775909424,"Delta_Y_Cm":0.9725340642035007,"Frame_ID":"ue_actor_local","Hold_Position":false,"Reason":"DECISION_VALID","Run_ID":"42BC7CA6485BFCA2562357A51970B91E","Scene_Seed":230908,"Sequence":479,"Source_Frame_Index":1231,"Source_Model_Version":"safety_gate_v1","Source_Stamp_Us":123212519,"Stamp_Us":123212519,"Step_Dt":0.20000000298023224,"Valid":true}__OD_END__
[ue_object_deliverer_bridge_node-1] [INFO] [1785942725.539051968] [ue_object_deliverer_bridge_node]: kinematic setpoint received stamp=123502530 valid=1
[ue_object_deliverer_bridge_node-1] [INFO] [1785942725.738888608] [ue_object_deliverer_bridge_node]: kinematic setpoint received stamp=123707542 valid=1
[ue_object_deliverer_bridge_node-1] [INFO] [1785942725.987698912] [ue_object_deliverer_bridge_node]: kinematic setpoint received stamp=123707543 valid=1
[ue_object_deliverer_bridge_node-1] [INFO] [1785942726.240071424] [ue_object_deliverer_bridge_node]: kinematic setpoint received stamp=124207505 valid=1
[ue_object_deliverer_bridge_node-1] [INFO] [1785942726.550629888] [ue_object_deliverer_bridge_node]: kinematic setpoint received stamp=124510623 valid=1
[ue_object_deliverer_bridge_node-1] [INFO] [1785942726.551013312] [ue_object_deliverer_bridge_node]: Sent kinematic setpoint to UE5: bytes=426, payload={"Command_Type":"Kinematic_Setpoint","Delta_X_Cm":9.999728202819824,"Delta_Y_Cm":0.052202423103153706,"Frame_ID":"ue_actor_local","Hold_Position":false,"Reason":"DECISION_VALID","Run_ID":"42BC7CA6485BFCA2562357A51970B91E","Scene_Seed":230908,"Sequence":484,"Source_Frame_Index":1244,"Source_Model_Version":"safety_gate_v1","Source_Stamp_Us":124510623,"Stamp_Us":124510623,"Step_Dt":0.20000000298023224,"Valid":true}__OD_END__
[ue_object_deliverer_bridge_node-1] [INFO] [1785942726.847044000] [ue_object_deliverer_bridge_node]: kinematic setpoint received stamp=124812176 valid=1
[ue_object_deliverer_bridge_node-1] [INFO] [1785942727.147496928] [ue_object_deliverer_bridge_node]: kinematic setpoint received stamp=125112302 valid=1
[ue_object_deliverer_bridge_node-1] [INFO] [1785942727.430974624] [ue_object_deliverer_bridge_node]: kinematic setpoint received stamp=125400703 valid=1
[ue_object_deliverer_bridge_node-1] [INFO] [1785942727.634364128] [ue_object_deliverer_bridge_node]: kinematic setpoint received stamp=125604287 valid=1
[ue_object_deliverer_bridge_node-1] [INFO] [1785942727.634749248] [ue_object_deliverer_bridge_node]: Sent kinematic setpoint to UE5: bytes=425, payload={"Command_Type":"Kinematic_Setpoint","Delta_X_Cm":26.784783601760864,"Delta_Y_Cm":1.4644509181380272,"Frame_ID":"ue_actor_local","Hold_Position":false,"Reason":"DECISION_VALID","Run_ID":"42BC7CA6485BFCA2562357A51970B91E","Scene_Seed":230908,"Sequence":488,"Source_Frame_Index":1255,"Source_Model_Version":"safety_gate_v1","Source_Stamp_Us":125604287,"Stamp_Us":125604287,"Step_Dt":0.20000000298023224,"Valid":true}__OD_END__
[ue_object_deliverer_bridge_node-1] [INFO] [1785942727.836897248] [ue_object_deliverer_bridge_node]: kinematic setpoint received stamp=125812121 valid=1
[image_entity_perception-9] [INFO] [1785942728.121083104] [image_entity_perception]: PERCEPTION_PERF_TRACE frame_index=1260 count=1250 predict_ms=36.1 entities=4 valid=True
[temporal_entity_tracker-2] [INFO] [1785942728.122913920] [temporal_entity_tracker]: TRACK_TRACE frame_index=1260 count=1250 source_valid=True source_entities=4 visible_source=1
[ue_object_deliverer_bridge_node-1] [INFO] [1785942728.139669152] [ue_object_deliverer_bridge_node]: kinematic setpoint received stamp=126113137 valid=1
[ue_object_deliverer_bridge_node-1] [INFO] [1785942728.440295616] [ue_object_deliverer_bridge_node]: kinematic setpoint received stamp=126401632 valid=1
[ue_object_deliverer_bridge_node-1] [INFO] [1785942728.731709056] [ue_object_deliverer_bridge_node]: kinematic setpoint received stamp=126705438 valid=1
[ue_object_deliverer_bridge_node-1] [INFO] [1785942728.732111456] [ue_object_deliverer_bridge_node]: Sent kinematic setpoint to UE5: bytes=425, payload={"Command_Type":"Kinematic_Setpoint","Delta_X_Cm":12.740767002105713,"Delta_Y_Cm":0.4172571003437042,"Frame_ID":"ue_actor_local","Hold_Position":false,"Reason":"DECISION_VALID","Run_ID":"42BC7CA6485BFCA2562357A51970B91E","Scene_Seed":230908,"Sequence":492,"Source_Frame_Index":1266,"Source_Model_Version":"safety_gate_v1","Source_Stamp_Us":126705438,"Stamp_Us":126705438,"Step_Dt":0.20000000298023224,"Valid":true}__OD_END__
[ue_object_deliverer_bridge_node-1] [INFO] [1785942728.939089248] [ue_object_deliverer_bridge_node]: kinematic setpoint received stamp=126912879 valid=1
[ue_object_deliverer_bridge_node-1] [INFO] [1785942729.227528096] [ue_object_deliverer_bridge_node]: kinematic setpoint received stamp=127203415 valid=1
[ue_object_deliverer_bridge_node-1] [INFO] [1785942729.435140064] [ue_object_deliverer_bridge_node]: kinematic setpoint received stamp=127410425 valid=1
[ue_object_deliverer_bridge_node-1] [INFO] [1785942729.725262624] [ue_object_deliverer_bridge_node]: kinematic setpoint received stamp=127702883 valid=1
[ue_object_deliverer_bridge_node-1] [INFO] [1785942729.943190944] [ue_object_deliverer_bridge_node]: kinematic setpoint received stamp=127910017 valid=1
[ue_object_deliverer_bridge_node-1] [INFO] [1785942729.943570752] [ue_object_deliverer_bridge_node]: Sent kinematic setpoint to UE5: bytes=425, payload={"Command_Type":"Kinematic_Setpoint","Delta_X_Cm":17.475463449954987,"Delta_Y_Cm":0.3029161598533392,"Frame_ID":"ue_actor_local","Hold_Position":false,"Reason":"DECISION_VALID","Run_ID":"42BC7CA6485BFCA2562357A51970B91E","Scene_Seed":230908,"Sequence":497,"Source_Frame_Index":1278,"Source_Model_Version":"safety_gate_v1","Source_Stamp_Us":127910017,"Stamp_Us":127910017,"Step_Dt":0.20000000298023224,"Valid":true}__OD_END__
[ue_object_deliverer_bridge_node-1] [INFO] [1785942730.238423840] [ue_object_deliverer_bridge_node]: kinematic setpoint received stamp=128202499 valid=1
[vla_policy-10] [INFO] [1785942730.445211744] [vla_policy]: POLICY_AUDIT trigger=periodic events=500 policy_driven=481 backstop=14 hold=5 fail_closed=0 policy_stop=0 guard_reason=policy_driven raw_dx=0.162175 raw_dy=-0.001970 guarded_dx=0.162175 guarded_dy=-0.001970 final_dx=0.162175 final_dy=-0.001970
[ue_object_deliverer_bridge_node-1] [INFO] [1785942730.448898784] [ue_object_deliverer_bridge_node]: kinematic setpoint received stamp=128409997 valid=1
[ue_object_deliverer_bridge_node-1] [INFO] [1785942730.727472192] [ue_object_deliverer_bridge_node]: kinematic setpoint received stamp=128701223 valid=1
[ue_object_deliverer_bridge_node-1] [INFO] [1785942730.940276032] [ue_object_deliverer_bridge_node]: kinematic setpoint received stamp=128910470 valid=1
[ue_object_deliverer_bridge_node-1] [INFO] [1785942730.940685792] [ue_object_deliverer_bridge_node]: Sent kinematic setpoint to UE5: bytes=426, payload={"Command_Type":"Kinematic_Setpoint","Delta_X_Cm":16.776005923748016,"Delta_Y_Cm":0.13920520432293415,"Frame_ID":"ue_actor_local","Hold_Position":false,"Reason":"DECISION_VALID","Run_ID":"42BC7CA6485BFCA2562357A51970B91E","Scene_Seed":230908,"Sequence":501,"Source_Frame_Index":1288,"Source_Model_Version":"safety_gate_v1","Source_Stamp_Us":128910470,"Stamp_Us":128910470,"Step_Dt":0.20000000298023224,"Valid":true}__OD_END__
[ue_object_deliverer_bridge_node-1] [INFO] [1785942731.229433248] [ue_object_deliverer_bridge_node]: kinematic setpoint received stamp=129201296 valid=1
[ue_object_deliverer_bridge_node-1] [INFO] [1785942731.444477152] [ue_object_deliverer_bridge_node]: kinematic setpoint received stamp=129408422 valid=1
[ue_object_deliverer_bridge_node-1] [INFO] [1785942731.735790272] [ue_object_deliverer_bridge_node]: kinematic setpoint received stamp=129703950 valid=1
[ue_object_deliverer_bridge_node-1] [INFO] [1785942731.978375008] [ue_object_deliverer_bridge_node]: kinematic setpoint received stamp=129703951 valid=1
[ue_object_deliverer_bridge_node-1] [INFO] [1785942731.978791040] [ue_object_deliverer_bridge_node]: Sent kinematic setpoint to UE5: bytes=425, payload={"Command_Type":"Kinematic_Setpoint","Delta_X_Cm":4.980648681521416,"Delta_Y_Cm":0.43947575613856316,"Frame_ID":"ue_actor_local","Hold_Position":false,"Reason":"DECISION_VALID","Run_ID":"42BC7CA6485BFCA2562357A51970B91E","Scene_Seed":230908,"Sequence":505,"Source_Frame_Index":1249,"Source_Model_Version":"safety_gate_v1","Source_Stamp_Us":129703951,"Stamp_Us":129703951,"Step_Dt":0.20000000298023224,"Valid":true}__OD_END__
[ue_object_deliverer_bridge_node-1] [INFO] [1785942732.225157856] [ue_object_deliverer_bridge_node]: kinematic setpoint received stamp=130201064 valid=1
[ue_object_deliverer_bridge_node-1] [INFO] [1785942732.433096448] [ue_object_deliverer_bridge_node]: kinematic setpoint received stamp=130410246 valid=1
[ue_object_deliverer_bridge_node-1] [INFO] [1785942732.735771872] [ue_object_deliverer_bridge_node]: kinematic setpoint received stamp=130711615 valid=1
[ue_object_deliverer_bridge_node-1] [INFO] [1785942732.980858176] [ue_object_deliverer_bridge_node]: kinematic setpoint received stamp=130711616 valid=1
[ue_object_deliverer_bridge_node-1] [INFO] [1785942732.981240352] [ue_object_deliverer_bridge_node]: Sent kinematic setpoint to UE5: bytes=426, payload={"Command_Type":"Kinematic_Setpoint","Delta_X_Cm":4.9641430377960205,"Delta_Y_Cm":-0.5977310240268707,"Frame_ID":"ue_actor_local","Hold_Position":false,"Reason":"DECISION_VALID","Run_ID":"42BC7CA6485BFCA2562357A51970B91E","Scene_Seed":230908,"Sequence":509,"Source_Frame_Index":1259,"Source_Model_Version":"safety_gate_v1","Source_Stamp_Us":130711616,"Stamp_Us":130711616,"Step_Dt":0.20000000298023224,"Valid":true}__OD_END__
[image_entity_perception-9] [INFO] [1785942733.124997344] [image_entity_perception]: PERCEPTION_PERF_TRACE frame_index=1310 count=1300 predict_ms=43.7 entities=4 valid=True
[temporal_entity_tracker-2] [INFO] [1785942733.125827232] [temporal_entity_tracker]: TRACK_TRACE frame_index=1310 count=1300 source_valid=True source_entities=4 visible_source=1
[vla_policy-10] [INFO] [1785942733.130412672] [vla_policy]: ENT_IN_TRACE count=1300 frame_index=1310 valid=True detail=OK:selected=1;targets=1;risks=0;dropped=0
[ue_object_deliverer_bridge_node-1] [INFO] [1785942733.233272704] [ue_object_deliverer_bridge_node]: kinematic setpoint received stamp=131203252 valid=1
[ue_object_deliverer_bridge_node-1] [INFO] [1785942733.438352576] [ue_object_deliverer_bridge_node]: kinematic setpoint received stamp=131411716 valid=1
[ue_object_deliverer_bridge_node-1] [INFO] [1785942733.718331104] [ue_object_deliverer_bridge_node]: kinematic setpoint received stamp=131700762 valid=1
[ue_object_deliverer_bridge_node-1] [INFO] [1785942733.922258976] [ue_object_deliverer_bridge_node]: kinematic setpoint received stamp=131906780 valid=1
[ue_object_deliverer_bridge_node-1] [INFO] [1785942734.128876032] [ue_object_deliverer_bridge_node]: kinematic setpoint received stamp=132112600 valid=1
[ue_object_deliverer_bridge_node-1] [INFO] [1785942734.129270144] [ue_object_deliverer_bridge_node]: Sent kinematic setpoint to UE5: bytes=426, payload={"Command_Type":"Kinematic_Setpoint","Delta_X_Cm":23.48380833864212,"Delta_Y_Cm":0.006321262480923906,"Frame_ID":"ue_actor_local","Hold_Position":false,"Reason":"DECISION_VALID","Run_ID":"42BC7CA6485BFCA2562357A51970B91E","Scene_Seed":230908,"Sequence":514,"Source_Frame_Index":1320,"Source_Model_Version":"safety_gate_v1","Source_Stamp_Us":132112600,"Stamp_Us":132112600,"Step_Dt":0.20000000298023224,"Valid":true}__OD_END__
[ue_object_deliverer_bridge_node-1] [INFO] [1785942734.335424096] [ue_object_deliverer_bridge_node]: kinematic setpoint received stamp=132309570 valid=1
[ue_object_deliverer_bridge_node-1] [INFO] [1785942734.535629856] [ue_object_deliverer_bridge_node]: kinematic setpoint received stamp=132503554 valid=1
[ue_object_deliverer_bridge_node-1] [INFO] [1785942734.743662496] [ue_object_deliverer_bridge_node]: kinematic setpoint received stamp=132707147 valid=1
[ue_object_deliverer_bridge_node-1] [INFO] [1785942734.985245856] [ue_object_deliverer_bridge_node]: kinematic setpoint received stamp=132707148 valid=1
[ue_object_deliverer_bridge_node-1] [INFO] [1785942735.234511680] [ue_object_deliverer_bridge_node]: kinematic setpoint received stamp=133202482 valid=1
[ue_object_deliverer_bridge_node-1] [INFO] [1785942735.234931648] [ue_object_deliverer_bridge_node]: Sent kinematic setpoint to UE5: bytes=396, payload={"Command_Type":"Kinematic_Setpoint","Delta_X_Cm":0.0,"Delta_Y_Cm":-0.0,"Frame_ID":"ue_actor_local","Hold_Position":false,"Reason":"DECISION_VALID","Run_ID":"42BC7CA6485BFCA2562357A51970B91E","Scene_Seed":230908,"Sequence":519,"Source_Frame_Index":1331,"Source_Model_Version":"safety_gate_v1","Source_Stamp_Us":133202482,"Stamp_Us":133202482,"Step_Dt":0.20000000298023224,"Valid":true}__OD_END__
[ue_object_deliverer_bridge_node-1] [INFO] [1785942735.444854912] [ue_object_deliverer_bridge_node]: kinematic setpoint received stamp=133410274 valid=1
[ue_object_deliverer_bridge_node-1] [INFO] [1785942735.752505792] [ue_object_deliverer_bridge_node]: kinematic setpoint received stamp=133712145 valid=1
[ue_object_deliverer_bridge_node-1] [INFO] [1785942735.974845248] [ue_object_deliverer_bridge_node]: kinematic setpoint received stamp=133712146 valid=1
[ue_object_deliverer_bridge_node-1] [INFO] [1785942736.232415264] [ue_object_deliverer_bridge_node]: kinematic setpoint received stamp=134210260 valid=1
[ue_object_deliverer_bridge_node-1] [INFO] [1785942736.232814208] [ue_object_deliverer_bridge_node]: Sent kinematic setpoint to UE5: bytes=425, payload={"Command_Type":"Kinematic_Setpoint","Delta_X_Cm":4.997159540653229,"Delta_Y_Cm":0.16851400723680854,"Frame_ID":"ue_actor_local","Hold_Position":false,"Reason":"DECISION_VALID","Run_ID":"42BC7CA6485BFCA2562357A51970B91E","Scene_Seed":230908,"Sequence":523,"Source_Frame_Index":1341,"Source_Model_Version":"safety_gate_v1","Source_Stamp_Us":134210260,"Stamp_Us":134210260,"Step_Dt":0.20000000298023224,"Valid":true}__OD_END__
[ue_object_deliverer_bridge_node-1] [INFO] [1785942736.540725824] [ue_object_deliverer_bridge_node]: kinematic setpoint received stamp=134513678 valid=1
[ue_object_deliverer_bridge_node-1] [INFO] [1785942736.828907136] [ue_object_deliverer_bridge_node]: kinematic setpoint received stamp=134804019 valid=1
[ue_object_deliverer_bridge_node-1] [INFO] [1785942737.033600832] [ue_object_deliverer_bridge_node]: kinematic setpoint received stamp=135007265 valid=1
[ue_object_deliverer_bridge_node-1] [INFO] [1785942737.347002560] [ue_object_deliverer_bridge_node]: kinematic setpoint received stamp=135312914 valid=1
[ue_object_deliverer_bridge_node-1] [INFO] [1785942737.347390720] [ue_object_deliverer_bridge_node]: Sent kinematic setpoint to UE5: bytes=424, payload={"Command_Type":"Kinematic_Setpoint","Delta_X_Cm":24.9398872256279,"Delta_Y_Cm":-0.7537718396633863,"Frame_ID":"ue_actor_local","Hold_Position":false,"Reason":"DECISION_VALID","Run_ID":"42BC7CA6485BFCA2562357A51970B91E","Scene_Seed":230908,"Sequence":527,"Source_Frame_Index":1352,"Source_Model_Version":"safety_gate_v1","Source_Stamp_Us":135312914,"Stamp_Us":135312914,"Step_Dt":0.20000000298023224,"Valid":true}__OD_END__
[ue_object_deliverer_bridge_node-1] [INFO] [1785942737.623481216] [ue_object_deliverer_bridge_node]: kinematic setpoint received stamp=135601955 valid=1
[ue_object_deliverer_bridge_node-1] [INFO] [1785942737.832085056] [ue_object_deliverer_bridge_node]: kinematic setpoint received stamp=135808020 valid=1
[ue_object_deliverer_bridge_node-1] [INFO] [1785942738.042412000] [ue_object_deliverer_bridge_node]: kinematic setpoint received stamp=136013711 valid=1
[image_entity_perception-9] [INFO] [1785942738.111959872] [image_entity_perception]: PERCEPTION_PERF_TRACE frame_index=1360 count=1350 predict_ms=33.6 entities=4 valid=True
[temporal_entity_tracker-2] [INFO] [1785942738.112721056] [temporal_entity_tracker]: TRACK_TRACE frame_index=1360 count=1350 source_valid=True source_entities=4 visible_source=1
[ue_object_deliverer_bridge_node-1] [INFO] [1785942738.324803488] [ue_object_deliverer_bridge_node]: kinematic setpoint received stamp=136302041 valid=1
[ue_object_deliverer_bridge_node-1] [INFO] [1785942738.548035456] [ue_object_deliverer_bridge_node]: kinematic setpoint received stamp=136506890 valid=1
[ue_object_deliverer_bridge_node-1] [INFO] [1785942738.548417152] [ue_object_deliverer_bridge_node]: Sent kinematic setpoint to UE5: bytes=425, payload={"Command_Type":"Kinematic_Setpoint","Delta_X_Cm":27.53261625766754,"Delta_Y_Cm":0.07009595283307135,"Frame_ID":"ue_actor_local","Hold_Position":false,"Reason":"DECISION_VALID","Run_ID":"42BC7CA6485BFCA2562357A51970B91E","Scene_Seed":230908,"Sequence":532,"Source_Frame_Index":1364,"Source_Model_Version":"safety_gate_v1","Source_Stamp_Us":136506890,"Stamp_Us":136506890,"Step_Dt":0.20000000298023224,"Valid":true}__OD_END__
[ue_object_deliverer_bridge_node-1] [INFO] [1785942738.839899936] [ue_object_deliverer_bridge_node]: kinematic setpoint received stamp=136805709 valid=1
[ue_object_deliverer_bridge_node-1] [INFO] [1785942739.045100352] [ue_object_deliverer_bridge_node]: kinematic setpoint received stamp=137011054 valid=1
[ue_object_deliverer_bridge_node-1] [INFO] [1785942739.340979872] [ue_object_deliverer_bridge_node]: kinematic setpoint received stamp=137304188 valid=1
[ue_object_deliverer_bridge_node-1] [INFO] [1785942739.547000224] [ue_object_deliverer_bridge_node]: kinematic setpoint received stamp=137508745 valid=1
[ue_object_deliverer_bridge_node-1] [INFO] [1785942739.547385600] [ue_object_deliverer_bridge_node]: Sent kinematic setpoint to UE5: bytes=427, payload={"Command_Type":"Kinematic_Setpoint","Delta_X_Cm":26.525932550430298,"Delta_Y_Cm":-0.29776261653751135,"Frame_ID":"ue_actor_local","Hold_Position":false,"Reason":"DECISION_VALID","Run_ID":"42BC7CA6485BFCA2562357A51970B91E","Scene_Seed":230908,"Sequence":536,"Source_Frame_Index":1374,"Source_Model_Version":"safety_gate_v1","Source_Stamp_Us":137508745,"Stamp_Us":137508745,"Step_Dt":0.20000000298023224,"Valid":true}__OD_END__
[ue_object_deliverer_bridge_node-1] [INFO] [1785942739.847137856] [ue_object_deliverer_bridge_node]: kinematic setpoint received stamp=137814194 valid=1
[ue_object_deliverer_bridge_node-1] [INFO] [1785942740.128908064] [ue_object_deliverer_bridge_node]: kinematic setpoint received stamp=138104414 valid=1
[ue_object_deliverer_bridge_node-1] [INFO] [1785942740.337575136] [ue_object_deliverer_bridge_node]: kinematic setpoint received stamp=138311703 valid=1
[ue_object_deliverer_bridge_node-1] [INFO] [1785942740.629648512] [ue_object_deliverer_bridge_node]: kinematic setpoint received stamp=138602889 valid=1
[ue_object_deliverer_bridge_node-1] [INFO] [1785942740.630034784] [ue_object_deliverer_bridge_node]: Sent kinematic setpoint to UE5: bytes=426, payload={"Command_Type":"Kinematic_Setpoint","Delta_X_Cm":13.47501277923584,"Delta_Y_Cm":-0.44646565802395344,"Frame_ID":"ue_actor_local","Hold_Position":false,"Reason":"DECISION_VALID","Run_ID":"42BC7CA6485BFCA2562357A51970B91E","Scene_Seed":230908,"Sequence":540,"Source_Frame_Index":1385,"Source_Model_Version":"safety_gate_v1","Source_Stamp_Us":138602889,"Stamp_Us":138602889,"Step_Dt":0.20000000298023224,"Valid":true}__OD_END__
[ue_object_deliverer_bridge_node-1] [INFO] [1785942740.836710304] [ue_object_deliverer_bridge_node]: kinematic setpoint received stamp=138809672 valid=1
[ue_object_deliverer_bridge_node-1] [INFO] [1785942741.146583456] [ue_object_deliverer_bridge_node]: kinematic setpoint received stamp=139112135 valid=1
[ue_object_deliverer_bridge_node-1] [INFO] [1785942741.435111424] [ue_object_deliverer_bridge_node]: kinematic setpoint received stamp=139400696 valid=1
[ue_object_deliverer_bridge_node-1] [INFO] [1785942741.641747776] [ue_object_deliverer_bridge_node]: kinematic setpoint received stamp=139607858 valid=1
[ue_object_deliverer_bridge_node-1] [INFO] [1785942741.642135872] [ue_object_deliverer_bridge_node]: Sent kinematic setpoint to UE5: bytes=425, payload={"Command_Type":"Kinematic_Setpoint","Delta_X_Cm":15.501794219017029,"Delta_Y_Cm":-0.890642125159502,"Frame_ID":"ue_actor_local","Hold_Position":false,"Reason":"DECISION_VALID","Run_ID":"42BC7CA6485BFCA2562357A51970B91E","Scene_Seed":230908,"Sequence":544,"Source_Frame_Index":1395,"Source_Model_Version":"safety_gate_v1","Source_Stamp_Us":139607858,"Stamp_Us":139607858,"Step_Dt":0.20000000298023224,"Valid":true}__OD_END__
[ue_object_deliverer_bridge_node-1] [INFO] [1785942741.946942400] [ue_object_deliverer_bridge_node]: kinematic setpoint received stamp=139912399 valid=1
[ue_object_deliverer_bridge_node-1] [INFO] [1785942742.252584064] [ue_object_deliverer_bridge_node]: kinematic setpoint received stamp=140214934 valid=1
[ue_object_deliverer_bridge_node-1] [INFO] [1785942742.535557824] [ue_object_deliverer_bridge_node]: kinematic setpoint received stamp=140505958 valid=1
[ue_object_deliverer_bridge_node-1] [INFO] [1785942742.738735456] [ue_object_deliverer_bridge_node]: kinematic setpoint received stamp=140709713 valid=1
[ue_object_deliverer_bridge_node-1] [INFO] [1785942742.739100416] [ue_object_deliverer_bridge_node]: Sent kinematic setpoint to UE5: bytes=424, payload={"Command_Type":"Kinematic_Setpoint","Delta_X_Cm":18.40881109237671,"Delta_Y_Cm":-1.098603568971157,"Frame_ID":"ue_actor_local","Hold_Position":false,"Reason":"DECISION_VALID","Run_ID":"42BC7CA6485BFCA2562357A51970B91E","Scene_Seed":230908,"Sequence":548,"Source_Frame_Index":1406,"Source_Model_Version":"safety_gate_v1","Source_Stamp_Us":140709713,"Stamp_Us":140709713,"Step_Dt":0.20000000298023224,"Valid":true}__OD_END__
[ue_object_deliverer_bridge_node-1] [INFO] [1785942742.982063872] [ue_object_deliverer_bridge_node]: kinematic setpoint received stamp=140709714 valid=1
[image_entity_perception-9] [INFO] [1785942743.125833696] [image_entity_perception]: PERCEPTION_PERF_TRACE frame_index=1410 count=1400 predict_ms=42.8 entities=4 valid=True
[temporal_entity_tracker-2] [INFO] [1785942743.126649344] [temporal_entity_tracker]: TRACK_TRACE frame_index=1410 count=1400 source_valid=True source_entities=4 visible_source=1
[vla_policy-10] [INFO] [1785942743.131326592] [vla_policy]: ENT_IN_TRACE count=1400 frame_index=1410 valid=True detail=OK:selected=1;targets=1;risks=0;dropped=0
[ue_object_deliverer_bridge_node-1] [INFO] [1785942743.236935616] [ue_object_deliverer_bridge_node]: kinematic setpoint received stamp=141204633 valid=1
[ue_object_deliverer_bridge_node-1] [INFO] [1785942743.450277152] [ue_object_deliverer_bridge_node]: kinematic setpoint received stamp=141410048 valid=1
[ue_object_deliverer_bridge_node-1] [INFO] [1785942743.732439232] [ue_object_deliverer_bridge_node]: kinematic setpoint received stamp=141703554 valid=1
[ue_object_deliverer_bridge_node-1] [INFO] [1785942743.949783424] [ue_object_deliverer_bridge_node]: kinematic setpoint received stamp=141911257 valid=1
[ue_object_deliverer_bridge_node-1] [INFO] [1785942743.950159520] [ue_object_deliverer_bridge_node]: Sent kinematic setpoint to UE5: bytes=425, payload={"Command_Type":"Kinematic_Setpoint","Delta_X_Cm":9.869766235351563,"Delta_Y_Cm":-2.1164851263165474,"Frame_ID":"ue_actor_local","Hold_Position":false,"Reason":"DECISION_VALID","Run_ID":"42BC7CA6485BFCA2562357A51970B91E","Scene_Seed":230908,"Sequence":553,"Source_Frame_Index":1418,"Source_Model_Version":"safety_gate_v1","Source_Stamp_Us":141911257,"Stamp_Us":141911257,"Step_Dt":0.20000000298023224,"Valid":true}__OD_END__
[ue_object_deliverer_bridge_node-1] [INFO] [1785942744.251368480] [ue_object_deliverer_bridge_node]: kinematic setpoint received stamp=142213827 valid=1
[ue_object_deliverer_bridge_node-1] [INFO] [1785942744.532504448] [ue_object_deliverer_bridge_node]: kinematic setpoint received stamp=142502762 valid=1
[ue_object_deliverer_bridge_node-1] [INFO] [1785942744.737292960] [ue_object_deliverer_bridge_node]: kinematic setpoint received stamp=142710277 valid=1
[ue_object_deliverer_bridge_node-1] [INFO] [1785942744.979402336] [ue_object_deliverer_bridge_node]: kinematic setpoint received stamp=142710278 valid=1
[ue_object_deliverer_bridge_node-1] [INFO] [1785942744.979791808] [ue_object_deliverer_bridge_node]: Sent kinematic setpoint to UE5: bytes=396, payload={"Command_Type":"Kinematic_Setpoint","Delta_X_Cm":0.0,"Delta_Y_Cm":-0.0,"Frame_ID":"ue_actor_local","Hold_Position":false,"Reason":"DECISION_VALID","Run_ID":"42BC7CA6485BFCA2562357A51970B91E","Scene_Seed":230908,"Sequence":557,"Source_Frame_Index":1379,"Source_Model_Version":"safety_gate_v1","Source_Stamp_Us":142710278,"Stamp_Us":142710278,"Step_Dt":0.20000000298023224,"Valid":true}__OD_END__
[ue_object_deliverer_bridge_node-1] [INFO] [1785942745.247036928] [ue_object_deliverer_bridge_node]: kinematic setpoint received stamp=143212851 valid=1
[ue_object_deliverer_bridge_node-1] [INFO] [1785942745.528549792] [ue_object_deliverer_bridge_node]: kinematic setpoint received stamp=143500810 valid=1
[ue_object_deliverer_bridge_node-1] [INFO] [1785942745.735967072] [ue_object_deliverer_bridge_node]: kinematic setpoint received stamp=143704686 valid=1
[ue_object_deliverer_bridge_node-1] [INFO] [1785942745.941278272] [ue_object_deliverer_bridge_node]: kinematic setpoint received stamp=143909131 valid=1
[ue_object_deliverer_bridge_node-1] [INFO] [1785942746.248872096] [ue_object_deliverer_bridge_node]: kinematic setpoint received stamp=144211512 valid=1
[ue_object_deliverer_bridge_node-1] [INFO] [1785942746.249262624] [ue_object_deliverer_bridge_node]: Sent kinematic setpoint to UE5: bytes=426, payload={"Command_Type":"Kinematic_Setpoint","Delta_X_Cm":23.907317221164703,"Delta_Y_Cm":-1.3692214153707027,"Frame_ID":"ue_actor_local","Hold_Position":false,"Reason":"DECISION_VALID","Run_ID":"42BC7CA6485BFCA2562357A51970B91E","Scene_Seed":230908,"Sequence":562,"Source_Frame_Index":1441,"Source_Model_Version":"safety_gate_v1","Source_Stamp_Us":144211512,"Stamp_Us":144211512,"Step_Dt":0.20000000298023224,"Valid":true}__OD_END__
[ue_object_deliverer_bridge_node-1] [INFO] [1785942746.534637856] [ue_object_deliverer_bridge_node]: kinematic setpoint received stamp=144511747 valid=1
[ue_object_deliverer_bridge_node-1] [INFO] [1785942746.831064992] [ue_object_deliverer_bridge_node]: kinematic setpoint received stamp=144814106 valid=1
[ue_object_deliverer_bridge_node-1] [INFO] [1785942747.032413376] [ue_object_deliverer_bridge_node]: kinematic setpoint received stamp=145006021 valid=1
[ue_object_deliverer_bridge_node-1] [INFO] [1785942747.250268608] [ue_object_deliverer_bridge_node]: kinematic setpoint received stamp=145213283 valid=1
[ue_object_deliverer_bridge_node-1] [INFO] [1785942747.250643200] [ue_object_deliverer_bridge_node]: Sent kinematic setpoint to UE5: bytes=426, payload={"Command_Type":"Kinematic_Setpoint","Delta_X_Cm":27.110299468040466,"Delta_Y_Cm":-1.1280796490609646,"Frame_ID":"ue_actor_local","Hold_Position":false,"Reason":"DECISION_VALID","Run_ID":"42BC7CA6485BFCA2562357A51970B91E","Scene_Seed":230908,"Sequence":566,"Source_Frame_Index":1451,"Source_Model_Version":"safety_gate_v1","Source_Stamp_Us":145213283,"Stamp_Us":145213283,"Step_Dt":0.20000000298023224,"Valid":true}__OD_END__
[ue_object_deliverer_bridge_node-1] [INFO] [1785942747.537826784] [ue_object_deliverer_bridge_node]: kinematic setpoint received stamp=145513614 valid=1
[ue_object_deliverer_bridge_node-1] [INFO] [1785942747.737116704] [ue_object_deliverer_bridge_node]: kinematic setpoint received stamp=145708795 valid=1
[ue_object_deliverer_bridge_node-1] [INFO] [1785942747.985941472] [ue_object_deliverer_bridge_node]: kinematic setpoint received stamp=145708796 valid=1
[image_entity_perception-9] [INFO] [1785942748.130555392] [image_entity_perception]: PERCEPTION_PERF_TRACE frame_index=1460 count=1450 predict_ms=45.0 entities=4 valid=True
[temporal_entity_tracker-2] [INFO] [1785942748.132456064] [temporal_entity_tracker]: TRACK_TRACE frame_index=1460 count=1450 source_valid=True source_entities=4 visible_source=1
[ue_object_deliverer_bridge_node-1] [INFO] [1785942748.239565984] [ue_object_deliverer_bridge_node]: kinematic setpoint received stamp=146206111 valid=1
[ue_object_deliverer_bridge_node-1] [INFO] [1785942748.531524384] [ue_object_deliverer_bridge_node]: kinematic setpoint received stamp=146510690 valid=1
[ue_object_deliverer_bridge_node-1] [INFO] [1785942748.531923712] [ue_object_deliverer_bridge_node]: Sent kinematic setpoint to UE5: bytes=426, payload={"Command_Type":"Kinematic_Setpoint","Delta_X_Cm":0.6458355113863945,"Delta_Y_Cm":-1.6582699492573738,"Frame_ID":"ue_actor_local","Hold_Position":false,"Reason":"DECISION_VALID","Run_ID":"42BC7CA6485BFCA2562357A51970B91E","Scene_Seed":230908,"Sequence":571,"Source_Frame_Index":1464,"Source_Model_Version":"safety_gate_v1","Source_Stamp_Us":146510690,"Stamp_Us":146510690,"Step_Dt":0.20000000298023224,"Valid":true}__OD_END__
[ue_object_deliverer_bridge_node-1] [INFO] [1785942748.824880896] [ue_object_deliverer_bridge_node]: kinematic setpoint received stamp=146810225 valid=1
[ue_object_deliverer_bridge_node-1] [INFO] [1785942749.147681760] [ue_object_deliverer_bridge_node]: kinematic setpoint received stamp=147111186 valid=1
[ue_object_deliverer_bridge_node-1] [INFO] [1785942749.430223744] [ue_object_deliverer_bridge_node]: kinematic setpoint received stamp=147401564 valid=1
[ue_object_deliverer_bridge_node-1] [INFO] [1785942749.645169312] [ue_object_deliverer_bridge_node]: kinematic setpoint received stamp=147608279 valid=1
[ue_object_deliverer_bridge_node-1] [INFO] [1785942749.645703008] [ue_object_deliverer_bridge_node]: Sent kinematic setpoint to UE5: bytes=425, payload={"Command_Type":"Kinematic_Setpoint","Delta_X_Cm":20.574642717838287,"Delta_Y_Cm":-2.545514516532421,"Frame_ID":"ue_actor_local","Hold_Position":false,"Reason":"DECISION_VALID","Run_ID":"42BC7CA6485BFCA2562357A51970B91E","Scene_Seed":230908,"Sequence":575,"Source_Frame_Index":1475,"Source_Model_Version":"safety_gate_v1","Source_Stamp_Us":147608279,"Stamp_Us":147608279,"Step_Dt":0.20000000298023224,"Valid":true}__OD_END__
[ue_object_deliverer_bridge_node-1] [INFO] [1785942749.849252896] [ue_object_deliverer_bridge_node]: kinematic setpoint received stamp=147814141 valid=1
[ue_object_deliverer_bridge_node-1] [INFO] [1785942750.132383040] [ue_object_deliverer_bridge_node]: kinematic setpoint received stamp=148113021 valid=1
[ue_object_deliverer_bridge_node-1] [INFO] [1785942750.437117152] [ue_object_deliverer_bridge_node]: kinematic setpoint received stamp=148404187 valid=1
[ue_object_deliverer_bridge_node-1] [INFO] [1785942750.725594816] [ue_object_deliverer_bridge_node]: kinematic setpoint received stamp=148707954 valid=1
[ue_object_deliverer_bridge_node-1] [INFO] [1785942750.725992096] [ue_object_deliverer_bridge_node]: Sent kinematic setpoint to UE5: bytes=426, payload={"Command_Type":"Kinematic_Setpoint","Delta_X_Cm":24.687230587005615,"Delta_Y_Cm":-0.7608665619045496,"Frame_ID":"ue_actor_local","Hold_Position":false,"Reason":"DECISION_VALID","Run_ID":"42BC7CA6485BFCA2562357A51970B91E","Scene_Seed":230908,"Sequence":579,"Source_Frame_Index":1486,"Source_Model_Version":"safety_gate_v1","Source_Stamp_Us":148707954,"Stamp_Us":148707954,"Step_Dt":0.20000000298023224,"Valid":true}__OD_END__
[ue_object_deliverer_bridge_node-1] [INFO] [1785942750.943843936] [ue_object_deliverer_bridge_node]: kinematic setpoint received stamp=148913194 valid=1
[ue_object_deliverer_bridge_node-1] [INFO] [1785942751.224129408] [ue_object_deliverer_bridge_node]: kinematic setpoint received stamp=149204275 valid=1
[ue_object_deliverer_bridge_node-1] [INFO] [1785942751.431845952] [ue_object_deliverer_bridge_node]: kinematic setpoint received stamp=149408797 valid=1
[ue_object_deliverer_bridge_node-1] [INFO] [1785942751.722780224] [ue_object_deliverer_bridge_node]: kinematic setpoint received stamp=149702742 valid=1
[ue_object_deliverer_bridge_node-1] [INFO] [1785942751.933961024] [ue_object_deliverer_bridge_node]: kinematic setpoint received stamp=149912859 valid=1
[ue_object_deliverer_bridge_node-1] [INFO] [1785942751.934324992] [ue_object_deliverer_bridge_node]: Sent kinematic setpoint to UE5: bytes=426, payload={"Command_Type":"Kinematic_Setpoint","Delta_X_Cm":18.841981887817383,"Delta_Y_Cm":-0.6057977210730314,"Frame_ID":"ue_actor_local","Hold_Position":false,"Reason":"DECISION_VALID","Run_ID":"42BC7CA6485BFCA2562357A51970B91E","Scene_Seed":230908,"Sequence":584,"Source_Frame_Index":1498,"Source_Model_Version":"safety_gate_v1","Source_Stamp_Us":149912859,"Stamp_Us":149912859,"Step_Dt":0.20000000298023224,"Valid":true}__OD_END__
[ue_object_deliverer_bridge_node-1] [INFO] [1785942752.231300192] [ue_object_deliverer_bridge_node]: kinematic setpoint received stamp=150205945 valid=1
[ue_object_deliverer_bridge_node-1] [INFO] [1785942752.432716832] [ue_object_deliverer_bridge_node]: kinematic setpoint received stamp=150410263 valid=1
[ue_object_deliverer_bridge_node-1] [INFO] [1785942752.720509664] [ue_object_deliverer_bridge_node]: kinematic setpoint received stamp=150701352 valid=1
[ue_object_deliverer_bridge_node-1] [INFO] [1785942752.926111840] [ue_object_deliverer_bridge_node]: kinematic setpoint received stamp=150907957 valid=1
[image_entity_perception-9] [INFO] [1785942753.107585920] [image_entity_perception]: PERCEPTION_PERF_TRACE frame_index=1510 count=1500 predict_ms=37.4 entities=4 valid=True
[temporal_entity_tracker-2] [INFO] [1785942753.108287520] [temporal_entity_tracker]: TRACK_TRACE frame_index=1510 count=1500 source_valid=True source_entities=4 visible_source=1
[vla_policy-10] [INFO] [1785942753.112507392] [vla_policy]: ENT_IN_TRACE count=1500 frame_index=1510 valid=True detail=OK:selected=1;targets=1;risks=0;dropped=0
[ue_object_deliverer_bridge_node-1] [INFO] [1785942753.231269568] [ue_object_deliverer_bridge_node]: kinematic setpoint received stamp=151201220 valid=1
[ue_object_deliverer_bridge_node-1] [INFO] [1785942753.231661440] [ue_object_deliverer_bridge_node]: Sent kinematic setpoint to UE5: bytes=426, payload={"Command_Type":"Kinematic_Setpoint","Delta_X_Cm":6.7183926701545715,"Delta_Y_Cm":-1.2423304840922356,"Frame_ID":"ue_actor_local","Hold_Position":false,"Reason":"DECISION_VALID","Run_ID":"42BC7CA6485BFCA2562357A51970B91E","Scene_Seed":230908,"Sequence":589,"Source_Frame_Index":1511,"Source_Model_Version":"safety_gate_v1","Source_Stamp_Us":151201220,"Stamp_Us":151201220,"Step_Dt":0.20000000298023224,"Valid":true}__OD_END__
[ue_object_deliverer_bridge_node-1] [INFO] [1785942753.447023968] [ue_object_deliverer_bridge_node]: kinematic setpoint received stamp=151409198 valid=1
[ue_object_deliverer_bridge_node-1] [INFO] [1785942753.733635584] [ue_object_deliverer_bridge_node]: kinematic setpoint received stamp=151700856 valid=1
[ue_object_deliverer_bridge_node-1] [INFO] [1785942753.942946592] [ue_object_deliverer_bridge_node]: kinematic setpoint received stamp=151907997 valid=1
[ue_object_deliverer_bridge_node-1] [INFO] [1785942754.232967840] [ue_object_deliverer_bridge_node]: kinematic setpoint received stamp=152212134 valid=1
[ue_object_deliverer_bridge_node-1] [INFO] [1785942754.233368672] [ue_object_deliverer_bridge_node]: Sent kinematic setpoint to UE5: bytes=426, payload={"Command_Type":"Kinematic_Setpoint","Delta_X_Cm":16.807928681373596,"Delta_Y_Cm":-0.9087535552680492,"Frame_ID":"ue_actor_local","Hold_Position":false,"Reason":"DECISION_VALID","Run_ID":"42BC7CA6485BFCA2562357A51970B91E","Scene_Seed":230908,"Sequence":593,"Source_Frame_Index":1521,"Source_Model_Version":"safety_gate_v1","Source_Stamp_Us":152212134,"Stamp_Us":152212134,"Step_Dt":0.20000000298023224,"Valid":true}__OD_END__
[ue_object_deliverer_bridge_node-1] [INFO] [1785942754.536558784] [ue_object_deliverer_bridge_node]: kinematic setpoint received stamp=152513684 valid=1
[ue_object_deliverer_bridge_node-1] [INFO] [1785942754.820514048] [ue_object_deliverer_bridge_node]: kinematic setpoint received stamp=152804807 valid=1
[ue_object_deliverer_bridge_node-1] [INFO] [1785942755.025810784] [ue_object_deliverer_bridge_node]: kinematic setpoint received stamp=153010572 valid=1
[ue_object_deliverer_bridge_node-1] [INFO] [1785942755.326824192] [ue_object_deliverer_bridge_node]: kinematic setpoint received stamp=153312038 valid=1
[ue_object_deliverer_bridge_node-1] [INFO] [1785942755.327201824] [ue_object_deliverer_bridge_node]: Sent kinematic setpoint to UE5: bytes=425, payload={"Command_Type":"Kinematic_Setpoint","Delta_X_Cm":10.34199371933937,"Delta_Y_Cm":-0.8754338137805462,"Frame_ID":"ue_actor_local","Hold_Position":false,"Reason":"DECISION_VALID","Run_ID":"42BC7CA6485BFCA2562357A51970B91E","Scene_Seed":230908,"Sequence":597,"Source_Frame_Index":1532,"Source_Model_Version":"safety_gate_v1","Source_Stamp_Us":153312038,"Stamp_Us":153312038,"Step_Dt":0.20000000298023224,"Valid":true}__OD_END__
[ue_object_deliverer_bridge_node-1] [INFO] [1785942755.623445632] [ue_object_deliverer_bridge_node]: kinematic setpoint received stamp=153606753 valid=1
[vla_policy-10] [INFO] [1785942755.925693376] [vla_policy]: POLICY_AUDIT trigger=periodic events=600 policy_driven=578 backstop=14 hold=8 fail_closed=0 policy_stop=0 guard_reason=policy_driven raw_dx=0.118672 raw_dy=0.015536 guarded_dx=0.118672 guarded_dy=0.015536 final_dx=0.118672 final_dy=0.015536
[ue_object_deliverer_bridge_node-1] [INFO] [1785942755.929192224] [ue_object_deliverer_bridge_node]: kinematic setpoint received stamp=153910877 valid=1
[ue_object_deliverer_bridge_node-1] [INFO] [1785942756.136768768] [ue_object_deliverer_bridge_node]: kinematic setpoint received stamp=154108052 valid=1
[ue_object_deliverer_bridge_node-1] [INFO] [1785942756.436778656] [ue_object_deliverer_bridge_node]: kinematic setpoint received stamp=154412746 valid=1
[ue_object_deliverer_bridge_node-1] [INFO] [1785942756.437162336] [ue_object_deliverer_bridge_node]: Sent kinematic setpoint to UE5: bytes=426, payload={"Command_Type":"Kinematic_Setpoint","Delta_X_Cm":18.006815016269684,"Delta_Y_Cm":-1.9856968894600868,"Frame_ID":"ue_actor_local","Hold_Position":false,"Reason":"DECISION_VALID","Run_ID":"42BC7CA6485BFCA2562357A51970B91E","Scene_Seed":230908,"Sequence":601,"Source_Frame_Index":1543,"Source_Model_Version":"safety_gate_v1","Source_Stamp_Us":154412746,"Stamp_Us":154412746,"Step_Dt":0.20000000298023224,"Valid":true}__OD_END__
[ue_object_deliverer_bridge_node-1] [INFO] [1785942756.639190784] [ue_object_deliverer_bridge_node]: kinematic setpoint received stamp=154606387 valid=1
[ue_object_deliverer_bridge_node-1] [INFO] [1785942756.944645888] [ue_object_deliverer_bridge_node]: kinematic setpoint received stamp=154911374 valid=1
[ue_object_deliverer_bridge_node-1] [INFO] [1785942757.227629632] [ue_object_deliverer_bridge_node]: kinematic setpoint received stamp=155203590 valid=1
[ue_object_deliverer_bridge_node-1] [INFO] [1785942757.441347296] [ue_object_deliverer_bridge_node]: kinematic setpoint received stamp=155408422 valid=1
[ue_object_deliverer_bridge_node-1] [INFO] [1785942757.741920640] [ue_object_deliverer_bridge_node]: kinematic setpoint received stamp=155711897 valid=1
[ue_object_deliverer_bridge_node-1] [INFO] [1785942757.742276320] [ue_object_deliverer_bridge_node]: Sent kinematic setpoint to UE5: bytes=426, payload={"Command_Type":"Kinematic_Setpoint","Delta_X_Cm":15.431669354438782,"Delta_Y_Cm":-1.0648669674992561,"Frame_ID":"ue_actor_local","Hold_Position":false,"Reason":"DECISION_VALID","Run_ID":"42BC7CA6485BFCA2562357A51970B91E","Scene_Seed":230908,"Sequence":606,"Source_Frame_Index":1556,"Source_Model_Version":"safety_gate_v1","Source_Stamp_Us":155711897,"Stamp_Us":155711897,"Step_Dt":0.20000000298023224,"Valid":true}__OD_END__
[ue_object_deliverer_bridge_node-1] [INFO] [1785942757.990320800] [ue_object_deliverer_bridge_node]: kinematic setpoint received stamp=155711898 valid=1
[image_entity_perception-9] [INFO] [1785942758.119429600] [image_entity_perception]: PERCEPTION_PERF_TRACE frame_index=1560 count=1550 predict_ms=39.7 entities=4 valid=True
[temporal_entity_tracker-2] [INFO] [1785942758.120262912] [temporal_entity_tracker]: TRACK_TRACE frame_index=1560 count=1550 source_valid=True source_entities=4 visible_source=1
[ue_object_deliverer_bridge_node-1] [INFO] [1785942758.223473472] [ue_object_deliverer_bridge_node]: kinematic setpoint received stamp=156204029 valid=1
[ue_object_deliverer_bridge_node-1] [INFO] [1785942758.434410848] [ue_object_deliverer_bridge_node]: kinematic setpoint received stamp=156409730 valid=1
[ue_object_deliverer_bridge_node-1] [INFO] [1785942758.731033280] [ue_object_deliverer_bridge_node]: kinematic setpoint received stamp=156710120 valid=1
[ue_object_deliverer_bridge_node-1] [INFO] [1785942758.939628224] [ue_object_deliverer_bridge_node]: kinematic setpoint received stamp=156912822 valid=1
[ue_object_deliverer_bridge_node-1] [INFO] [1785942758.940029664] [ue_object_deliverer_bridge_node]: Sent kinematic setpoint to UE5: bytes=424, payload={"Command_Type":"Kinematic_Setpoint","Delta_X_Cm":19.43889856338501,"Delta_Y_Cm":-2.155216969549656,"Frame_ID":"ue_actor_local","Hold_Position":false,"Reason":"DECISION_VALID","Run_ID":"42BC7CA6485BFCA2562357A51970B91E","Scene_Seed":230908,"Sequence":611,"Source_Frame_Index":1568,"Source_Model_Version":"safety_gate_v1","Source_Stamp_Us":156912822,"Stamp_Us":156912822,"Step_Dt":0.20000000298023224,"Valid":true}__OD_END__
[ue_object_deliverer_bridge_node-1] [INFO] [1785942759.224721408] [ue_object_deliverer_bridge_node]: kinematic setpoint received stamp=157200749 valid=1
[ue_object_deliverer_bridge_node-1] [INFO] [1785942759.437829344] [ue_object_deliverer_bridge_node]: kinematic setpoint received stamp=157409279 valid=1
[ue_object_deliverer_bridge_node-1] [INFO] [1785942759.749797920] [ue_object_deliverer_bridge_node]: kinematic setpoint received stamp=157710613 valid=1
[ue_object_deliverer_bridge_node-1] [INFO] [1785942759.978250336] [ue_object_deliverer_bridge_node]: kinematic setpoint received stamp=157710614 valid=1
[ue_object_deliverer_bridge_node-1] [INFO] [1785942759.978665632] [ue_object_deliverer_bridge_node]: Sent kinematic setpoint to UE5: bytes=426, payload={"Command_Type":"Kinematic_Setpoint","Delta_X_Cm":-4.999735578894615,"Delta_Y_Cm":0.05140894209034741,"Frame_ID":"ue_actor_local","Hold_Position":false,"Reason":"DECISION_VALID","Run_ID":"42BC7CA6485BFCA2562357A51970B91E","Scene_Seed":230908,"Sequence":615,"Source_Frame_Index":1530,"Source_Model_Version":"safety_gate_v1","Source_Stamp_Us":157710614,"Stamp_Us":157710614,"Step_Dt":0.20000000298023224,"Valid":true}__OD_END__
[ue_object_deliverer_bridge_node-1] [INFO] [1785942760.224848992] [ue_object_deliverer_bridge_node]: kinematic setpoint received stamp=158206409 valid=1
[ue_object_deliverer_bridge_node-1] [INFO] [1785942760.527687392] [ue_object_deliverer_bridge_node]: kinematic setpoint received stamp=158511531 valid=1
[ue_object_deliverer_bridge_node-1] [INFO] [1785942760.825165888] [ue_object_deliverer_bridge_node]: kinematic setpoint received stamp=158802087 valid=1
[ue_object_deliverer_bridge_node-1] [INFO] [1785942761.028350496] [ue_object_deliverer_bridge_node]: kinematic setpoint received stamp=159007921 valid=1
[ue_object_deliverer_bridge_node-1] [INFO] [1785942761.236170400] [ue_object_deliverer_bridge_node]: kinematic setpoint received stamp=159213601 valid=1
[ue_object_deliverer_bridge_node-1] [INFO] [1785942761.236567968] [ue_object_deliverer_bridge_node]: Sent kinematic setpoint to UE5: bytes=426, payload={"Command_Type":"Kinematic_Setpoint","Delta_X_Cm":24.409176409244537,"Delta_Y_Cm":-2.3254627361893654,"Frame_ID":"ue_actor_local","Hold_Position":false,"Reason":"DECISION_VALID","Run_ID":"42BC7CA6485BFCA2562357A51970B91E","Scene_Seed":230908,"Sequence":620,"Source_Frame_Index":1591,"Source_Model_Version":"safety_gate_v1","Source_Stamp_Us":159213601,"Stamp_Us":159213601,"Step_Dt":0.20000000298023224,"Valid":true}__OD_END__
[ue_object_deliverer_bridge_node-1] [INFO] [1785942761.446350432] [ue_object_deliverer_bridge_node]: kinematic setpoint received stamp=159411134 valid=1
[ue_object_deliverer_bridge_node-1] [INFO] [1785942761.724737408] [ue_object_deliverer_bridge_node]: kinematic setpoint received stamp=159704838 valid=1
[ue_object_deliverer_bridge_node-1] [INFO] [1785942761.934298208] [ue_object_deliverer_bridge_node]: kinematic setpoint received stamp=159910050 valid=1
[ue_object_deliverer_bridge_node-1] [INFO] [1785942762.133172320] [ue_object_deliverer_bridge_node]: kinematic setpoint received stamp=160107579 valid=1
[ue_object_deliverer_bridge_node-1] [INFO] [1785942762.337944000] [ue_object_deliverer_bridge_node]: kinematic setpoint received stamp=160310560 valid=1
[ue_object_deliverer_bridge_node-1] [INFO] [1785942762.338324928] [ue_object_deliverer_bridge_node]: Sent kinematic setpoint to UE5: bytes=425, payload={"Command_Type":"Kinematic_Setpoint","Delta_X_Cm":22.11650013923645,"Delta_Y_Cm":-0.5616961512714624,"Frame_ID":"ue_actor_local","Hold_Position":false,"Reason":"DECISION_VALID","Run_ID":"42BC7CA6485BFCA2562357A51970B91E","Scene_Seed":230908,"Sequence":625,"Source_Frame_Index":1602,"Source_Model_Version":"safety_gate_v1","Source_Stamp_Us":160310560,"Stamp_Us":160310560,"Step_Dt":0.20000000298023224,"Valid":true}__OD_END__
[ue_object_deliverer_bridge_node-1] [INFO] [1785942762.633580768] [ue_object_deliverer_bridge_node]: kinematic setpoint received stamp=160613715 valid=1
[ue_object_deliverer_bridge_node-1] [INFO] [1785942762.834806208] [ue_object_deliverer_bridge_node]: kinematic setpoint received stamp=160805942 valid=1
[image_entity_perception-9] [INFO] [1785942763.110440928] [image_entity_perception]: PERCEPTION_PERF_TRACE frame_index=1610 count=1600 predict_ms=34.8 entities=4 valid=True
[temporal_entity_tracker-2] [INFO] [1785942763.111986368] [temporal_entity_tracker]: TRACK_TRACE frame_index=1610 count=1600 source_valid=True source_entities=4 visible_source=1
[vla_policy-10] [INFO] [1785942763.117102880] [vla_policy]: ENT_IN_TRACE count=1600 frame_index=1610 valid=True detail=OK:selected=1;targets=1;risks=1;dropped=0
[ue_object_deliverer_bridge_node-1] [INFO] [1785942763.135967072] [ue_object_deliverer_bridge_node]: kinematic setpoint received stamp=161106235 valid=1
[ue_object_deliverer_bridge_node-1] [INFO] [1785942763.333923968] [ue_object_deliverer_bridge_node]: kinematic setpoint received stamp=161310470 valid=1
[ue_object_deliverer_bridge_node-1] [INFO] [1785942763.634082656] [ue_object_deliverer_bridge_node]: kinematic setpoint received stamp=161600733 valid=1
[ue_object_deliverer_bridge_node-1] [INFO] [1785942763.634481824] [ue_object_deliverer_bridge_node]: Sent kinematic setpoint to UE5: bytes=422, payload={"Command_Type":"Kinematic_Setpoint","Delta_X_Cm":8.609589189291,"Delta_Y_Cm":-1.1150597594678402,"Frame_ID":"ue_actor_local","Hold_Position":false,"Reason":"DECISION_VALID","Run_ID":"42BC7CA6485BFCA2562357A51970B91E","Scene_Seed":230908,"Sequence":630,"Source_Frame_Index":1615,"Source_Model_Version":"safety_gate_v1","Source_Stamp_Us":161600733,"Stamp_Us":161600733,"Step_Dt":0.20000000298023224,"Valid":true}__OD_END__
[ue_object_deliverer_bridge_node-1] [INFO] [1785942763.842652128] [ue_object_deliverer_bridge_node]: kinematic setpoint received stamp=161808030 valid=1
[ue_object_deliverer_bridge_node-1] [INFO] [1785942764.141499360] [ue_object_deliverer_bridge_node]: kinematic setpoint received stamp=162112299 valid=1
[ue_object_deliverer_bridge_node-1] [INFO] [1785942764.440620256] [ue_object_deliverer_bridge_node]: kinematic setpoint received stamp=162407117 valid=1
[ue_object_deliverer_bridge_node-1] [INFO] [1785942764.733900000] [ue_object_deliverer_bridge_node]: kinematic setpoint received stamp=162701044 valid=1
[ue_object_deliverer_bridge_node-1] [INFO] [1785942764.734314208] [ue_object_deliverer_bridge_node]: Sent kinematic setpoint to UE5: bytes=426, payload={"Command_Type":"Kinematic_Setpoint","Delta_X_Cm":12.048844248056412,"Delta_Y_Cm":-1.3886247761547565,"Frame_ID":"ue_actor_local","Hold_Position":false,"Reason":"DECISION_VALID","Run_ID":"42BC7CA6485BFCA2562357A51970B91E","Scene_Seed":230908,"Sequence":634,"Source_Frame_Index":1626,"Source_Model_Version":"safety_gate_v1","Source_Stamp_Us":162701044,"Stamp_Us":162701044,"Step_Dt":0.20000000298023224,"Valid":true}__OD_END__
[ue_object_deliverer_bridge_node-1] [INFO] [1785942764.944248800] [ue_object_deliverer_bridge_node]: kinematic setpoint received stamp=162907070 valid=1
[ue_object_deliverer_bridge_node-1] [INFO] [1785942765.246019840] [ue_object_deliverer_bridge_node]: kinematic setpoint received stamp=163210417 valid=1
[ue_object_deliverer_bridge_node-1] [INFO] [1785942765.540883488] [ue_object_deliverer_bridge_node]: kinematic setpoint received stamp=163512763 valid=1
[ue_object_deliverer_bridge_node-1] [INFO] [1785942765.825495040] [ue_object_deliverer_bridge_node]: kinematic setpoint received stamp=163803664 valid=1
[ue_object_deliverer_bridge_node-1] [INFO] [1785942765.825860960] [ue_object_deliverer_bridge_node]: Sent kinematic setpoint to UE5: bytes=426, payload={"Command_Type":"Kinematic_Setpoint","Delta_X_Cm":16.096104681491852,"Delta_Y_Cm":-1.3451122678816319,"Frame_ID":"ue_actor_local","Hold_Position":false,"Reason":"DECISION_VALID","Run_ID":"42BC7CA6485BFCA2562357A51970B91E","Scene_Seed":230908,"Sequence":638,"Source_Frame_Index":1637,"Source_Model_Version":"safety_gate_v1","Source_Stamp_Us":163803664,"Stamp_Us":163803664,"Step_Dt":0.20000000298023224,"Valid":true}__OD_END__
[ue_object_deliverer_bridge_node-1] [INFO] [1785942766.028132736] [ue_object_deliverer_bridge_node]: kinematic setpoint received stamp=164009445 valid=1
[ue_object_deliverer_bridge_node-1] [INFO] [1785942766.328300224] [ue_object_deliverer_bridge_node]: kinematic setpoint received stamp=164301191 valid=1
[ue_object_deliverer_bridge_node-1] [INFO] [1785942766.535656928] [ue_object_deliverer_bridge_node]: kinematic setpoint received stamp=164508464 valid=1
[ue_object_deliverer_bridge_node-1] [INFO] [1785942766.837646496] [ue_object_deliverer_bridge_node]: kinematic setpoint received stamp=164812508 valid=1
[ue_object_deliverer_bridge_node-1] [INFO] [1785942766.838023424] [ue_object_deliverer_bridge_node]: Sent kinematic setpoint to UE5: bytes=425, payload={"Command_Type":"Kinematic_Setpoint","Delta_X_Cm":15.73890596628189,"Delta_Y_Cm":-0.9289153851568699,"Frame_ID":"ue_actor_local","Hold_Position":false,"Reason":"DECISION_VALID","Run_ID":"42BC7CA6485BFCA2562357A51970B91E","Scene_Seed":230908,"Sequence":642,"Source_Frame_Index":1647,"Source_Model_Version":"safety_gate_v1","Source_Stamp_Us":164812508,"Stamp_Us":164812508,"Step_Dt":0.20000000298023224,"Valid":true}__OD_END__
[ue_object_deliverer_bridge_node-1] [INFO] [1785942767.124497984] [ue_object_deliverer_bridge_node]: kinematic setpoint received stamp=165104671 valid=1
[ue_object_deliverer_bridge_node-1] [INFO] [1785942767.337001216] [ue_object_deliverer_bridge_node]: kinematic setpoint received stamp=165313858 valid=1
[ue_object_deliverer_bridge_node-1] [INFO] [1785942767.628090720] [ue_object_deliverer_bridge_node]: kinematic setpoint received stamp=165608052 valid=1
[ue_object_deliverer_bridge_node-1] [INFO] [1785942767.829601792] [ue_object_deliverer_bridge_node]: kinematic setpoint received stamp=165801669 valid=1
[ue_object_deliverer_bridge_node-1] [INFO] [1785942768.046587616] [ue_object_deliverer_bridge_node]: kinematic setpoint received stamp=166007029 valid=1
[ue_object_deliverer_bridge_node-1] [INFO] [1785942768.047113824] [ue_object_deliverer_bridge_node]: Sent kinematic setpoint to UE5: bytes=426, payload={"Command_Type":"Kinematic_Setpoint","Delta_X_Cm":22.602611780166626,"Delta_Y_Cm":-1.5112867578864098,"Frame_ID":"ue_actor_local","Hold_Position":false,"Reason":"DECISION_VALID","Run_ID":"42BC7CA6485BFCA2562357A51970B91E","Scene_Seed":230908,"Sequence":647,"Source_Frame_Index":1659,"Source_Model_Version":"safety_gate_v1","Source_Stamp_Us":166007029,"Stamp_Us":166007029,"Step_Dt":0.20000000298023224,"Valid":true}__OD_END__
[image_entity_perception-9] [INFO] [1785942768.119714336] [image_entity_perception]: PERCEPTION_PERF_TRACE frame_index=1660 count=1650 predict_ms=42.5 entities=4 valid=True
[temporal_entity_tracker-2] [INFO] [1785942768.120855744] [temporal_entity_tracker]: TRACK_TRACE frame_index=1660 count=1650 source_valid=True source_entities=4 visible_source=1
[ue_object_deliverer_bridge_node-1] [INFO] [1785942768.330058080] [ue_object_deliverer_bridge_node]: kinematic setpoint received stamp=166309626 valid=1
[ue_object_deliverer_bridge_node-1] [INFO] [1785942768.628226560] [ue_object_deliverer_bridge_node]: kinematic setpoint received stamp=166603431 valid=1
[ue_object_deliverer_bridge_node-1] [INFO] [1785942768.923217408] [ue_object_deliverer_bridge_node]: kinematic setpoint received stamp=166905773 valid=1
[ue_object_deliverer_bridge_node-1] [INFO] [1785942769.241791936] [ue_object_deliverer_bridge_node]: kinematic setpoint received stamp=167211507 valid=1
[ue_object_deliverer_bridge_node-1] [INFO] [1785942769.242233056] [ue_object_deliverer_bridge_node]: Sent kinematic setpoint to UE5: bytes=426, payload={"Command_Type":"Kinematic_Setpoint","Delta_X_Cm":14.231984317302704,"Delta_Y_Cm":-1.2053918093442917,"Frame_ID":"ue_actor_local","Hold_Position":false,"Reason":"DECISION_VALID","Run_ID":"42BC7CA6485BFCA2562357A51970B91E","Scene_Seed":230908,"Sequence":651,"Source_Frame_Index":1671,"Source_Model_Version":"safety_gate_v1","Source_Stamp_Us":167211507,"Stamp_Us":167211507,"Step_Dt":0.20000000298023224,"Valid":true}__OD_END__
[ue_object_deliverer_bridge_node-1] [INFO] [1785942769.537477152] [ue_object_deliverer_bridge_node]: kinematic setpoint received stamp=167512746 valid=1
[ue_object_deliverer_bridge_node-1] [INFO] [1785942769.841803136] [ue_object_deliverer_bridge_node]: kinematic setpoint received stamp=167813483 valid=1
[ue_object_deliverer_bridge_node-1] [INFO] [1785942770.121854592] [ue_object_deliverer_bridge_node]: kinematic setpoint received stamp=168104922 valid=1
[ue_object_deliverer_bridge_node-1] [INFO] [1785942770.328115904] [ue_object_deliverer_bridge_node]: kinematic setpoint received stamp=168308096 valid=1
[ue_object_deliverer_bridge_node-1] [INFO] [1785942770.328513664] [ue_object_deliverer_bridge_node]: Sent kinematic setpoint to UE5: bytes=424, payload={"Command_Type":"Kinematic_Setpoint","Delta_X_Cm":18.72706115245819,"Delta_Y_Cm":-1.287699118256569,"Frame_ID":"ue_actor_local","Hold_Position":false,"Reason":"DECISION_VALID","Run_ID":"42BC7CA6485BFCA2562357A51970B91E","Scene_Seed":230908,"Sequence":655,"Source_Frame_Index":1682,"Source_Model_Version":"safety_gate_v1","Source_Stamp_Us":168308096,"Stamp_Us":168308096,"Step_Dt":0.20000000298023224,"Valid":true}__OD_END__
[ue_object_deliverer_bridge_node-1] [INFO] [1785942770.530642368] [ue_object_deliverer_bridge_node]: kinematic setpoint received stamp=168508315 valid=1
[ue_object_deliverer_bridge_node-1] [INFO] [1785942770.823070272] [ue_object_deliverer_bridge_node]: kinematic setpoint received stamp=168802987 valid=1
[ue_object_deliverer_bridge_node-1] [INFO] [1785942771.027234368] [ue_object_deliverer_bridge_node]: kinematic setpoint received stamp=169006800 valid=1
[ue_object_deliverer_bridge_node-1] [INFO] [1785942771.234738976] [ue_object_deliverer_bridge_node]: kinematic setpoint received stamp=169213209 valid=1
[ue_object_deliverer_bridge_node-1] [INFO] [1785942771.519916768] [ue_object_deliverer_bridge_node]: kinematic setpoint received stamp=169502047 valid=1
[ue_object_deliverer_bridge_node-1] [INFO] [1785942771.520308096] [ue_object_deliverer_bridge_node]: Sent kinematic setpoint to UE5: bytes=426, payload={"Command_Type":"Kinematic_Setpoint","Delta_X_Cm":17.627213895320892,"Delta_Y_Cm":-0.6047707982361317,"Frame_ID":"ue_actor_local","Hold_Position":false,"Reason":"DECISION_VALID","Run_ID":"42BC7CA6485BFCA2562357A51970B91E","Scene_Seed":230908,"Sequence":660,"Source_Frame_Index":1694,"Source_Model_Version":"safety_gate_v1","Source_Stamp_Us":169502047,"Stamp_Us":169502047,"Step_Dt":0.20000000298023224,"Valid":true}__OD_END__
[ue_object_deliverer_bridge_node-1] [INFO] [1785942771.732697696] [ue_object_deliverer_bridge_node]: kinematic setpoint received stamp=169707806 valid=1
[ue_object_deliverer_bridge_node-1] [INFO] [1785942771.979267552] [ue_object_deliverer_bridge_node]: kinematic setpoint received stamp=169707807 valid=1
[ue_object_deliverer_bridge_node-1] [INFO] [1785942772.227097600] [ue_object_deliverer_bridge_node]: kinematic setpoint received stamp=170205593 valid=1
[ue_object_deliverer_bridge_node-1] [INFO] [1785942772.437680096] [ue_object_deliverer_bridge_node]: kinematic setpoint received stamp=170412110 valid=1
[ue_object_deliverer_bridge_node-1] [INFO] [1785942772.723595104] [ue_object_deliverer_bridge_node]: kinematic setpoint received stamp=170702660 valid=1
[ue_object_deliverer_bridge_node-1] [INFO] [1785942772.723968256] [ue_object_deliverer_bridge_node]: Sent kinematic setpoint to UE5: bytes=425, payload={"Command_Type":"Kinematic_Setpoint","Delta_X_Cm":4.999920353293419,"Delta_Y_Cm":-0.8386966772377491,"Frame_ID":"ue_actor_local","Hold_Position":false,"Reason":"DECISION_VALID","Run_ID":"42BC7CA6485BFCA2562357A51970B91E","Scene_Seed":230908,"Sequence":665,"Source_Frame_Index":1706,"Source_Model_Version":"safety_gate_v1","Source_Stamp_Us":170702660,"Stamp_Us":170702660,"Step_Dt":0.20000000298023224,"Valid":true}__OD_END__
[ue_object_deliverer_bridge_node-1] [INFO] [1785942772.939979744] [ue_object_deliverer_bridge_node]: kinematic setpoint received stamp=170908730 valid=1
[image_entity_perception-9] [INFO] [1785942773.108853216] [image_entity_perception]: PERCEPTION_PERF_TRACE frame_index=1710 count=1700 predict_ms=37.5 entities=4 valid=True
[temporal_entity_tracker-2] [INFO] [1785942773.109486016] [temporal_entity_tracker]: TRACK_TRACE frame_index=1710 count=1700 source_valid=True source_entities=4 visible_source=1
[vla_policy-10] [INFO] [1785942773.115770848] [vla_policy]: ENT_IN_TRACE count=1700 frame_index=1710 valid=True detail=OK:selected=1;targets=1;risks=0;dropped=0
[ue_object_deliverer_bridge_node-1] [INFO] [1785942773.245799584] [ue_object_deliverer_bridge_node]: kinematic setpoint received stamp=171212924 valid=1
[ue_object_deliverer_bridge_node-1] [INFO] [1785942773.547783840] [ue_object_deliverer_bridge_node]: kinematic setpoint received stamp=171511654 valid=1
[ue_object_deliverer_bridge_node-1] [INFO] [1785942773.816294016] [ue_object_deliverer_bridge_node]: kinematic setpoint received stamp=171802587 valid=1
[ue_object_deliverer_bridge_node-1] [INFO] [1785942773.818060640] [ue_object_deliverer_bridge_node]: Sent kinematic setpoint to UE5: bytes=425, payload={"Command_Type":"Kinematic_Setpoint","Delta_X_Cm":23.440450429916382,"Delta_Y_Cm":-1.020654197782278,"Frame_ID":"ue_actor_local","Hold_Position":false,"Reason":"DECISION_VALID","Run_ID":"42BC7CA6485BFCA2562357A51970B91E","Scene_Seed":230908,"Sequence":669,"Source_Frame_Index":1717,"Source_Model_Version":"safety_gate_v1","Source_Stamp_Us":171802587,"Stamp_Us":171802587,"Step_Dt":0.20000000298023224,"Valid":true}__OD_END__
[ue_object_deliverer_bridge_node-1] [INFO] [1785942774.028849792] [ue_object_deliverer_bridge_node]: kinematic setpoint received stamp=172007625 valid=1
[ue_object_deliverer_bridge_node-1] [INFO] [1785942774.326887072] [ue_object_deliverer_bridge_node]: kinematic setpoint received stamp=172311421 valid=1
[ue_object_deliverer_bridge_node-1] [INFO] [1785942774.647622432] [ue_object_deliverer_bridge_node]: kinematic setpoint received stamp=172610887 valid=1
[ue_object_deliverer_bridge_node-1] [INFO] [1785942774.940694944] [ue_object_deliverer_bridge_node]: kinematic setpoint received stamp=172911026 valid=1
[ue_object_deliverer_bridge_node-1] [INFO] [1785942774.941105120] [ue_object_deliverer_bridge_node]: Sent kinematic setpoint to UE5: bytes=426, payload={"Command_Type":"Kinematic_Setpoint","Delta_X_Cm":23.905910551548004,"Delta_Y_Cm":-0.6591503508388996,"Frame_ID":"ue_actor_local","Hold_Position":false,"Reason":"DECISION_VALID","Run_ID":"42BC7CA6485BFCA2562357A51970B91E","Scene_Seed":230908,"Sequence":673,"Source_Frame_Index":1728,"Source_Model_Version":"safety_gate_v1","Source_Stamp_Us":172911026,"Stamp_Us":172911026,"Step_Dt":0.20000000298023224,"Valid":true}__OD_END__
[ue_object_deliverer_bridge_node-1] [INFO] [1785942775.237534368] [ue_object_deliverer_bridge_node]: kinematic setpoint received stamp=173213641 valid=1
[ue_object_deliverer_bridge_node-1] [INFO] [1785942775.522079584] [ue_object_deliverer_bridge_node]: kinematic setpoint received stamp=173500746 valid=1
[ue_object_deliverer_bridge_node-1] [INFO] [1785942775.731920608] [ue_object_deliverer_bridge_node]: kinematic setpoint received stamp=173709421 valid=1
[ue_object_deliverer_bridge_node-1] [INFO] [1785942775.972288512] [ue_object_deliverer_bridge_node]: kinematic setpoint received stamp=173709422 valid=1
[ue_object_deliverer_bridge_node-1] [INFO] [1785942775.972700096] [ue_object_deliverer_bridge_node]: Sent kinematic setpoint to UE5: bytes=427, payload={"Command_Type":"Kinematic_Setpoint","Delta_X_Cm":-4.999967664480209,"Delta_Y_Cm":0.018002043361775577,"Frame_ID":"ue_actor_local","Hold_Position":false,"Reason":"DECISION_VALID","Run_ID":"42BC7CA6485BFCA2562357A51970B91E","Scene_Seed":230908,"Sequence":677,"Source_Frame_Index":1690,"Source_Model_Version":"safety_gate_v1","Source_Stamp_Us":173709422,"Stamp_Us":173709422,"Step_Dt":0.20000000298023224,"Valid":true}__OD_END__
[ue_object_deliverer_bridge_node-1] [INFO] [1785942776.230078304] [ue_object_deliverer_bridge_node]: kinematic setpoint received stamp=174210139 valid=1
[ue_object_deliverer_bridge_node-1] [INFO] [1785942776.534047648] [ue_object_deliverer_bridge_node]: kinematic setpoint received stamp=174512843 valid=1
[ue_object_deliverer_bridge_node-1] [INFO] [1785942776.821021536] [ue_object_deliverer_bridge_node]: kinematic setpoint received stamp=174802548 valid=1
[ue_object_deliverer_bridge_node-1] [INFO] [1785942777.021295872] [ue_object_deliverer_bridge_node]: kinematic setpoint received stamp=175001516 valid=1
[ue_object_deliverer_bridge_node-1] [INFO] [1785942777.228868544] [ue_object_deliverer_bridge_node]: kinematic setpoint received stamp=175206048 valid=1
[ue_object_deliverer_bridge_node-1] [INFO] [1785942777.229256544] [ue_object_deliverer_bridge_node]: Sent kinematic setpoint to UE5: bytes=425, payload={"Command_Type":"Kinematic_Setpoint","Delta_X_Cm":24.562105536460876,"Delta_Y_Cm":-0.859350711107254,"Frame_ID":"ue_actor_local","Hold_Position":false,"Reason":"DECISION_VALID","Run_ID":"42BC7CA6485BFCA2562357A51970B91E","Scene_Seed":230908,"Sequence":682,"Source_Frame_Index":1751,"Source_Model_Version":"safety_gate_v1","Source_Stamp_Us":175206048,"Stamp_Us":175206048,"Step_Dt":0.20000000298023224,"Valid":true}__OD_END__
[ue_object_deliverer_bridge_node-1] [INFO] [1785942777.442075488] [ue_object_deliverer_bridge_node]: kinematic setpoint received stamp=175411171 valid=1
[ue_object_deliverer_bridge_node-1] [INFO] [1785942777.730363872] [ue_object_deliverer_bridge_node]: kinematic setpoint received stamp=175703319 valid=1
[ue_object_deliverer_bridge_node-1] [INFO] [1785942777.937474624] [ue_object_deliverer_bridge_node]: kinematic setpoint received stamp=175912190 valid=1
[image_entity_perception-9] [INFO] [1785942778.103091136] [image_entity_perception]: PERCEPTION_PERF_TRACE frame_index=1760 count=1750 predict_ms=34.7 entities=4 valid=True
[temporal_entity_tracker-2] [INFO] [1785942778.104629472] [temporal_entity_tracker]: TRACK_TRACE frame_index=1760 count=1750 source_valid=True source_entities=4 visible_source=1
[ue_object_deliverer_bridge_node-1] [INFO] [1785942778.234607040] [ue_object_deliverer_bridge_node]: kinematic setpoint received stamp=176212221 valid=1
[ue_object_deliverer_bridge_node-1] [INFO] [1785942778.234992480] [ue_object_deliverer_bridge_node]: Sent kinematic setpoint to UE5: bytes=426, payload={"Command_Type":"Kinematic_Setpoint","Delta_X_Cm":20.749138295650482,"Delta_Y_Cm":0.19700468983501196,"Frame_ID":"ue_actor_local","Hold_Position":false,"Reason":"DECISION_VALID","Run_ID":"42BC7CA6485BFCA2562357A51970B91E","Scene_Seed":230908,"Sequence":686,"Source_Frame_Index":1761,"Source_Model_Version":"safety_gate_v1","Source_Stamp_Us":176212221,"Stamp_Us":176212221,"Step_Dt":0.20000000298023224,"Valid":true}__OD_END__
[ue_object_deliverer_bridge_node-1] [INFO] [1785942778.533200160] [ue_object_deliverer_bridge_node]: kinematic setpoint received stamp=176511706 valid=1
[ue_object_deliverer_bridge_node-1] [INFO] [1785942778.835046240] [ue_object_deliverer_bridge_node]: kinematic setpoint received stamp=176813387 valid=1
[ue_object_deliverer_bridge_node-1] [INFO] [1785942779.033211360] [ue_object_deliverer_bridge_node]: kinematic setpoint received stamp=177006925 valid=1
[ue_object_deliverer_bridge_node-1] [INFO] [1785942779.326509120] [ue_object_deliverer_bridge_node]: kinematic setpoint received stamp=177307486 valid=1
[ue_object_deliverer_bridge_node-1] [INFO] [1785942779.326913056] [ue_object_deliverer_bridge_node]: Sent kinematic setpoint to UE5: bytes=427, payload={"Command_Type":"Kinematic_Setpoint","Delta_X_Cm":13.393445312976837,"Delta_Y_Cm":-0.35800880286842585,"Frame_ID":"ue_actor_local","Hold_Position":false,"Reason":"DECISION_VALID","Run_ID":"42BC7CA6485BFCA2562357A51970B91E","Scene_Seed":230908,"Sequence":690,"Source_Frame_Index":1772,"Source_Model_Version":"safety_gate_v1","Source_Stamp_Us":177307486,"Stamp_Us":177307486,"Step_Dt":0.20000000298023224,"Valid":true}__OD_END__
[ue_object_deliverer_bridge_node-1] [INFO] [1785942779.528695744] [ue_object_deliverer_bridge_node]: kinematic setpoint received stamp=177510752 valid=1
[ue_object_deliverer_bridge_node-1] [INFO] [1785942779.823403296] [ue_object_deliverer_bridge_node]: kinematic setpoint received stamp=177802352 valid=1
[ue_object_deliverer_bridge_node-1] [INFO] [1785942780.028197984] [ue_object_deliverer_bridge_node]: kinematic setpoint received stamp=178007362 valid=1
[ue_object_deliverer_bridge_node-1] [INFO] [1785942780.335100704] [ue_object_deliverer_bridge_node]: kinematic setpoint received stamp=178312949 valid=1
[ue_object_deliverer_bridge_node-1] [INFO] [1785942780.335481952] [ue_object_deliverer_bridge_node]: Sent kinematic setpoint to UE5: bytes=427, payload={"Command_Type":"Kinematic_Setpoint","Delta_X_Cm":15.017803013324738,"Delta_Y_Cm":-0.24542249739170074,"Frame_ID":"ue_actor_local","Hold_Position":false,"Reason":"DECISION_VALID","Run_ID":"42BC7CA6485BFCA2562357A51970B91E","Scene_Seed":230908,"Sequence":694,"Source_Frame_Index":1782,"Source_Model_Version":"safety_gate_v1","Source_Stamp_Us":178312949,"Stamp_Us":178312949,"Step_Dt":0.20000000298023224,"Valid":true}__OD_END__
[ue_object_deliverer_bridge_node-1] [INFO] [1785942780.627624128] [ue_object_deliverer_bridge_node]: kinematic setpoint received stamp=178608575 valid=1
[ue_object_deliverer_bridge_node-1] [INFO] [1785942780.931527488] [ue_object_deliverer_bridge_node]: kinematic setpoint received stamp=178910591 valid=1
[ue_object_deliverer_bridge_node-1] [INFO] [1785942781.249172160] [ue_object_deliverer_bridge_node]: kinematic setpoint received stamp=179209978 valid=1
[ue_object_deliverer_bridge_node-1] [INFO] [1785942781.547050912] [ue_object_deliverer_bridge_node]: kinematic setpoint received stamp=179510182 valid=1
[ue_object_deliverer_bridge_node-1] [INFO] [1785942781.547446208] [ue_object_deliverer_bridge_node]: Sent kinematic setpoint to UE5: bytes=425, payload={"Command_Type":"Kinematic_Setpoint","Delta_X_Cm":2.644619718194008,"Delta_Y_Cm":-0.9805774316191673,"Frame_ID":"ue_actor_local","Hold_Position":false,"Reason":"DECISION_VALID","Run_ID":"42BC7CA6485BFCA2562357A51970B91E","Scene_Seed":230908,"Sequence":698,"Source_Frame_Index":1794,"Source_Model_Version":"safety_gate_v1","Source_Stamp_Us":179510182,"Stamp_Us":179510182,"Step_Dt":0.20000000298023224,"Valid":true}__OD_END__
[vla_policy-10] [INFO] [1785942781.819995296] [vla_policy]: POLICY_AUDIT trigger=periodic events=700 policy_driven=677 backstop=15 hold=8 fail_closed=0 policy_stop=0 guard_reason=policy_driven raw_dx=0.131723 raw_dy=0.012650 guarded_dx=0.131723 guarded_dy=0.012650 final_dx=0.076428 final_dy=0.011156
[ue_object_deliverer_bridge_node-1] [INFO] [1785942781.823525664] [ue_object_deliverer_bridge_node]: kinematic setpoint received stamp=179804160 valid=1
[ue_object_deliverer_bridge_node-1] [INFO] [1785942782.026024032] [ue_object_deliverer_bridge_node]: kinematic setpoint received stamp=180009242 valid=1
[ue_object_deliverer_bridge_node-1] [INFO] [1785942782.232470944] [ue_object_deliverer_bridge_node]: kinematic setpoint received stamp=180200651 valid=1
[ue_object_deliverer_bridge_node-1] [INFO] [1785942782.441343072] [ue_object_deliverer_bridge_node]: kinematic setpoint received stamp=180406998 valid=1
[ue_object_deliverer_bridge_node-1] [INFO] [1785942782.652500864] [ue_object_deliverer_bridge_node]: kinematic setpoint received stamp=180612590 valid=1
[ue_object_deliverer_bridge_node-1] [INFO] [1785942782.652881888] [ue_object_deliverer_bridge_node]: Sent kinematic setpoint to UE5: bytes=425, payload={"Command_Type":"Kinematic_Setpoint","Delta_X_Cm":25.69289803504944,"Delta_Y_Cm":0.35054651089012623,"Frame_ID":"ue_actor_local","Hold_Position":false,"Reason":"DECISION_VALID","Run_ID":"42BC7CA6485BFCA2562357A51970B91E","Scene_Seed":230908,"Sequence":703,"Source_Frame_Index":1805,"Source_Model_Version":"safety_gate_v1","Source_Stamp_Us":180612590,"Stamp_Us":180612590,"Step_Dt":0.20000000298023224,"Valid":true}__OD_END__
[ue_object_deliverer_bridge_node-1] [INFO] [1785942782.938449856] [ue_object_deliverer_bridge_node]: kinematic setpoint received stamp=180904857 valid=1
[image_entity_perception-9] [INFO] [1785942783.099653056] [image_entity_perception]: PERCEPTION_PERF_TRACE frame_index=1810 count=1800 predict_ms=32.2 entities=4 valid=True
[temporal_entity_tracker-2] [INFO] [1785942783.100647968] [temporal_entity_tracker]: TRACK_TRACE frame_index=1810 count=1800 source_valid=True source_entities=4 visible_source=1
[vla_policy-10] [INFO] [1785942783.105580352] [vla_policy]: ENT_IN_TRACE count=1800 frame_index=1810 valid=True detail=OK:selected=1;targets=1;risks=0;dropped=0
[ue_object_deliverer_bridge_node-1] [INFO] [1785942783.235105408] [ue_object_deliverer_bridge_node]: kinematic setpoint received stamp=181208488 valid=1
[ue_object_deliverer_bridge_node-1] [INFO] [1785942783.436218912] [ue_object_deliverer_bridge_node]: kinematic setpoint received stamp=181404914 valid=1
[ue_object_deliverer_bridge_node-1] [INFO] [1785942783.657792832] [ue_object_deliverer_bridge_node]: kinematic setpoint received stamp=181612341 valid=1
[ue_object_deliverer_bridge_node-1] [INFO] [1785942783.945065376] [ue_object_deliverer_bridge_node]: kinematic setpoint received stamp=181908622 valid=1
[ue_object_deliverer_bridge_node-1] [INFO] [1785942783.945448832] [ue_object_deliverer_bridge_node]: Sent kinematic setpoint to UE5: bytes=425, payload={"Command_Type":"Kinematic_Setpoint","Delta_X_Cm":18.022824823856354,"Delta_Y_Cm":0.4090314731001854,"Frame_ID":"ue_actor_local","Hold_Position":false,"Reason":"DECISION_VALID","Run_ID":"42BC7CA6485BFCA2562357A51970B91E","Scene_Seed":230908,"Sequence":708,"Source_Frame_Index":1818,"Source_Model_Version":"safety_gate_v1","Source_Stamp_Us":181908622,"Stamp_Us":181908622,"Step_Dt":0.20000000298023224,"Valid":true}__OD_END__
[ue_object_deliverer_bridge_node-1] [INFO] [1785942784.250962656] [ue_object_deliverer_bridge_node]: kinematic setpoint received stamp=182212141 valid=1
[ue_object_deliverer_bridge_node-1] [INFO] [1785942784.547014944] [ue_object_deliverer_bridge_node]: kinematic setpoint received stamp=182508308 valid=1
[ue_object_deliverer_bridge_node-1] [INFO] [1785942784.831792992] [ue_object_deliverer_bridge_node]: kinematic setpoint received stamp=182800928 valid=1
[ue_object_deliverer_bridge_node-1] [INFO] [1785942785.131813504] [ue_object_deliverer_bridge_node]: kinematic setpoint received stamp=183107961 valid=1
[ue_object_deliverer_bridge_node-1] [INFO] [1785942785.132229728] [ue_object_deliverer_bridge_node]: Sent kinematic setpoint to UE5: bytes=425, payload={"Command_Type":"Kinematic_Setpoint","Delta_X_Cm":5.147215351462364,"Delta_Y_Cm":-0.5444771610200405,"Frame_ID":"ue_actor_local","Hold_Position":false,"Reason":"DECISION_VALID","Run_ID":"42BC7CA6485BFCA2562357A51970B91E","Scene_Seed":230908,"Sequence":712,"Source_Frame_Index":1830,"Source_Model_Version":"safety_gate_v1","Source_Stamp_Us":183107961,"Stamp_Us":183107961,"Step_Dt":0.20000000298023224,"Valid":true}__OD_END__
[ue_object_deliverer_bridge_node-1] [INFO] [1785942785.434918720] [ue_object_deliverer_bridge_node]: kinematic setpoint received stamp=183407220 valid=1
[ue_object_deliverer_bridge_node-1] [INFO] [1785942785.730044352] [ue_object_deliverer_bridge_node]: kinematic setpoint received stamp=183701911 valid=1
[ue_object_deliverer_bridge_node-1] [INFO] [1785942785.934621824] [ue_object_deliverer_bridge_node]: kinematic setpoint received stamp=183911555 valid=1
[ue_object_deliverer_bridge_node-1] [INFO] [1785942786.230315456] [ue_object_deliverer_bridge_node]: kinematic setpoint received stamp=184204777 valid=1
[ue_object_deliverer_bridge_node-1] [INFO] [1785942786.230716320] [ue_object_deliverer_bridge_node]: Sent kinematic setpoint to UE5: bytes=426, payload={"Command_Type":"Kinematic_Setpoint","Delta_X_Cm":16.967980563640594,"Delta_Y_Cm":0.25075445882976055,"Frame_ID":"ue_actor_local","Hold_Position":false,"Reason":"DECISION_VALID","Run_ID":"42BC7CA6485BFCA2562357A51970B91E","Scene_Seed":230908,"Sequence":716,"Source_Frame_Index":1841,"Source_Model_Version":"safety_gate_v1","Source_Stamp_Us":184204777,"Stamp_Us":184204777,"Step_Dt":0.20000000298023224,"Valid":true}__OD_END__
[ue_object_deliverer_bridge_node-1] [INFO] [1785942786.434826400] [ue_object_deliverer_bridge_node]: kinematic setpoint received stamp=184410069 valid=1
[ue_object_deliverer_bridge_node-1] [INFO] [1785942786.721166208] [ue_object_deliverer_bridge_node]: kinematic setpoint received stamp=184703440 valid=1
[ue_object_deliverer_bridge_node-1] [INFO] [1785942786.923243168] [ue_object_deliverer_bridge_node]: kinematic setpoint received stamp=184904751 valid=1
[ue_object_deliverer_bridge_node-1] [WARN] [1785942787.316463776] [ue_object_deliverer_bridge_node]: UE5 disconnected
[WARNING] [launch]: user interrupted with ctrl-c (SIGINT)
[INFO] [vla_policy-10]: sending signal 'SIGINT' to process[vla_policy-10]
[INFO] [image_entity_perception-9]: sending signal 'SIGINT' to process[image_entity_perception-9]
[INFO] [decision_setpoint_adapter-8]: sending signal 'SIGINT' to process[decision_setpoint_adapter-8]
[INFO] [trajectory_controller-7]: sending signal 'SIGINT' to process[trajectory_controller-7]
[INFO] [safety_gate-6]: sending signal 'SIGINT' to process[safety_gate-6]
[INFO] [task_entity_tensor-5]: sending signal 'SIGINT' to process[task_entity_tensor-5]
[INFO] [language_qwen-4]: sending signal 'SIGINT' to process[language_qwen-4]
