[INFO] [launch]: All log files can be found below /home/jetson/.ros/log/2026-08-05-23-14-46-173830-yahboom-1583314
[INFO] [launch]: Default logging verbosity is set to INFO
[INFO] [ue_object_deliverer_bridge_node-1]: process started with pid [1583347]
[INFO] [temporal_entity_tracker-2]: process started with pid [1583349]
[INFO] [task_instruction-3]: process started with pid [1583351]
[INFO] [language_qwen-4]: process started with pid [1583353]
[INFO] [task_entity_tensor-5]: process started with pid [1583355]
[INFO] [safety_gate-6]: process started with pid [1583359]
[INFO] [trajectory_controller-7]: process started with pid [1583370]
[INFO] [decision_setpoint_adapter-8]: process started with pid [1583374]
[ue_object_deliverer_bridge_node-1] [INFO] [1785942886.348862688] [ue_object_deliverer_bridge_node]: Listening for UE5 ObjectDeliverer on 0.0.0.0:8080, terminator='__OD_END__', outbound_command_mode='kinematic'; kinematic executor -> 192.168.137.1:8081
[task_instruction-3] [INFO] [1785942887.227832672] [task_instruction]: publishing task text: 跟随蓝色目标船，保持3米距离
[language_qwen-4] [INFO] [1785942895.436132352] [language_qwen]: READY model=Qwen/Qwen3-Embedding-0.6B;device=cuda;cache_size=32
[language_qwen-4] [INFO] [1785942895.438687648] [language_qwen]: LANGUAGE_TASK_RECEIVED instruction=跟随蓝色目标船，保持3米距离
[language_qwen-4] [INFO] [1785942896.300210912] [language_qwen]: LANGUAGE_READY_VALID instruction=跟随蓝色目标船，保持3米距离;release_model=true
[INFO] [image_entity_perception-9]: process started with pid [1583604]
[image_entity_perception-9] [INFO] [1785942933.942729344] [image_entity_perception]: ready model=image_entity_ridge_language_v3;device=cuda;path=/home/jetson/jetson_asv_ws/models/perception_image_conditioned_130_v1.npz;input=(camera_image_rgb,task_embedding_float32[256])->structured_entities;language_model=Qwen/Qwen3-Embedding-0.6B;legacy_image_only=False;preprocess=ue5_capture_gamma065_brightness100_contrast100_v2;enabled=False;gamma=0.920;brightness=1.040;contrast=1.030
[INFO] [vla_policy-10]: process started with pid [1583626]
[vla_policy-10] [INFO] [1785942938.963077472] [vla_policy]: POLICY_READY backend=torch_cuda device=cuda model=/home/jetson/jetson_asv_ws/models/policy_synthetic_qwen_l7_seed23_20260805.pt inputs=task_embedding+structured_entities+previous_action output=[desired_x,desired_y]
[ue_object_deliverer_bridge_node-1] [INFO] [1785942978.489421536] [ue_object_deliverer_bridge_node]: UE5 connected from 192.168.137.1:13017
[ue_object_deliverer_bridge_node-1] [INFO] [1785942979.417613024] [ue_object_deliverer_bridge_node]: Connected to UE5 kinematic executor 192.168.137.1:8081
[image_entity_perception-9] [INFO] [1785942980.232905312] [image_entity_perception]: PERCEPTION_TRACE run_id=B899C86744EC58EE98485F816A90D0F5 frame_index=8 sample=1/5 model=image_entity_ridge_language_v3 target=target_blue relative_x=4.000982 relative_y=-1.282153 visible=True confidence=1.000000 bbox_valid=True
[vla_policy-10] [INFO] [1785942980.239680416] [vla_policy]: ENT_IN_TRACE count=1 frame_index=8 valid=True detail=OK:selected=1;targets=1;risks=0;dropped=0
[image_entity_perception-9] [INFO] [1785942980.279515616] [image_entity_perception]: PERCEPTION_TRACE run_id=B899C86744EC58EE98485F816A90D0F5 frame_index=11 sample=2/5 model=image_entity_ridge_language_v3 target=target_blue relative_x=3.900488 relative_y=-1.265441 visible=True confidence=1.000000 bbox_valid=True
[image_entity_perception-9] [INFO] [1785942980.326473472] [image_entity_perception]: PERCEPTION_TRACE run_id=B899C86744EC58EE98485F816A90D0F5 frame_index=12 sample=3/5 model=image_entity_ridge_language_v3 target=target_blue relative_x=3.876741 relative_y=-1.266614 visible=True confidence=1.000000 bbox_valid=True
[image_entity_perception-9] [INFO] [1785942980.372898240] [image_entity_perception]: PERCEPTION_TRACE run_id=B899C86744EC58EE98485F816A90D0F5 frame_index=13 sample=4/5 model=image_entity_ridge_language_v3 target=target_blue relative_x=3.949593 relative_y=-1.299158 visible=True confidence=1.000000 bbox_valid=True
[image_entity_perception-9] [INFO] [1785942980.421859456] [image_entity_perception]: PERCEPTION_TRACE run_id=B899C86744EC58EE98485F816A90D0F5 frame_index=14 sample=5/5 model=image_entity_ridge_language_v3 target=target_blue relative_x=3.900488 relative_y=-1.288446 visible=True confidence=1.000000 bbox_valid=True
[vla_policy-10] [INFO] [1785942980.549060928] [vla_policy]: POLICY_TRACE sample=1/5 run_id=B899C86744EC58EE98485F816A90D0F5 scene_seed=230908 frame_index=8 policy_valid=True stop=False lang_valid=True entity_valid=True guard_result=policy_driven guard_reason=policy_driven raw_dx=0.287181 raw_dy=-0.086219 guarded_dx=0.287181 guarded_dy=-0.086219 final_dx=0.047888 final_dy=-0.014377 policy_driven=1 backstop=0 hold=0 fail_closed=0 policy_stop=0
[vla_policy-10] [INFO] [1785942980.551337696] [vla_policy]: ENT_IN_TRACE count=2 frame_index=11 valid=True detail=OK:selected=1;targets=1;risks=0;dropped=0
[ue_object_deliverer_bridge_node-1] [INFO] [1785942980.553206528] [ue_object_deliverer_bridge_node]: kinematic setpoint received stamp=913994 valid=0
[ue_object_deliverer_bridge_node-1] [INFO] [1785942980.553611680] [ue_object_deliverer_bridge_node]: Sent kinematic setpoint to UE5: bytes=386, payload={"Command_Type":"Kinematic_Setpoint","Delta_X_Cm":0.0,"Delta_Y_Cm":0.0,"Frame_ID":"ue_actor_local","Hold_Position":true,"Reason":"DECISION_INVALID","Run_ID":"B899C86744EC58EE98485F816A90D0F5","Scene_Seed":230908,"Sequence":0,"Source_Frame_Index":8,"Source_Model_Version":"safety_gate_v1","Source_Stamp_Us":913994,"Stamp_Us":913994,"Step_Dt":0.20000000298023224,"Valid":false}__OD_END__
[vla_policy-10] [INFO] [1785942980.561355744] [vla_policy]: POLICY_TRACE sample=2/5 run_id=B899C86744EC58EE98485F816A90D0F5 scene_seed=230908 frame_index=11 policy_valid=True stop=False lang_valid=True entity_valid=True guard_result=policy_driven guard_reason=policy_driven raw_dx=0.286687 raw_dy=-0.086987 guarded_dx=0.286687 guarded_dy=-0.086987 final_dx=0.047846 final_dy=-0.014518 policy_driven=2 backstop=0 hold=0 fail_closed=0 policy_stop=0
[vla_policy-10] [INFO] [1785942980.563136288] [vla_policy]: ENT_IN_TRACE count=3 frame_index=12 valid=True detail=OK:selected=1;targets=1;risks=0;dropped=0
[vla_policy-10] [INFO] [1785942980.564565856] [vla_policy]: ENT_IN_TRACE count=4 frame_index=13 valid=True detail=OK:selected=1;targets=1;risks=0;dropped=0
[vla_policy-10] [INFO] [1785942980.566057216] [vla_policy]: ENT_IN_TRACE count=5 frame_index=14 valid=True detail=OK:selected=1;targets=1;risks=0;dropped=0
[trajectory_controller-7] [INFO] [1785942980.587394624] [trajectory_controller]: control bridge: STALE_DISPLACEMENT
[ue_object_deliverer_bridge_node-1] [INFO] [1785942980.590479424] [ue_object_deliverer_bridge_node]: kinematic setpoint received stamp=1213564 valid=1
[vla_policy-10] [INFO] [1785942980.847349216] [vla_policy]: POLICY_TRACE sample=3/5 run_id=B899C86744EC58EE98485F816A90D0F5 scene_seed=230908 frame_index=18 policy_valid=True stop=False lang_valid=True entity_valid=True guard_result=policy_driven guard_reason=policy_driven raw_dx=0.175402 raw_dy=-0.066318 guarded_dx=0.175402 guarded_dy=-0.066318 final_dx=0.094172 final_dy=-0.033330 policy_driven=3 backstop=0 hold=0 fail_closed=0 policy_stop=0
[ue_object_deliverer_bridge_node-1] [INFO] [1785942980.851377856] [ue_object_deliverer_bridge_node]: kinematic setpoint received stamp=1903295 valid=1
[vla_policy-10] [INFO] [1785942981.048941952] [vla_policy]: POLICY_TRACE sample=4/5 run_id=B899C86744EC58EE98485F816A90D0F5 scene_seed=230908 frame_index=20 policy_valid=True stop=False lang_valid=True entity_valid=True guard_result=policy_driven guard_reason=policy_driven raw_dx=0.247783 raw_dy=-0.078044 guarded_dx=0.247783 guarded_dy=-0.078044 final_dx=0.142179 final_dy=-0.047305 policy_driven=4 backstop=0 hold=0 fail_closed=0 policy_stop=0
[ue_object_deliverer_bridge_node-1] [INFO] [1785942981.052757184] [ue_object_deliverer_bridge_node]: kinematic setpoint received stamp=2105607 valid=1
[vla_policy-10] [INFO] [1785942981.351085952] [vla_policy]: POLICY_TRACE sample=5/5 run_id=B899C86744EC58EE98485F816A90D0F5 scene_seed=230908 frame_index=23 policy_valid=True stop=False lang_valid=True entity_valid=True guard_result=policy_driven guard_reason=policy_driven raw_dx=0.263038 raw_dy=-0.078171 guarded_dx=0.263038 guarded_dy=-0.078171 final_dx=0.190624 final_dy=-0.059677 policy_driven=5 backstop=0 hold=0 fail_closed=0 policy_stop=0
[ue_object_deliverer_bridge_node-1] [INFO] [1785942981.354366528] [ue_object_deliverer_bridge_node]: kinematic setpoint received stamp=2411142 valid=1
[ue_object_deliverer_bridge_node-1] [INFO] [1785942981.649866368] [ue_object_deliverer_bridge_node]: kinematic setpoint received stamp=2702230 valid=1
[ue_object_deliverer_bridge_node-1] [INFO] [1785942981.650246304] [ue_object_deliverer_bridge_node]: Sent kinematic setpoint to UE5: bytes=415, payload={"Command_Type":"Kinematic_Setpoint","Delta_X_Cm":23.96335005760193,"Delta_Y_Cm":6.958175450563431,"Frame_ID":"ue_actor_local","Hold_Position":false,"Reason":"DECISION_VALID","Run_ID":"B899C86744EC58EE98485F816A90D0F5","Scene_Seed":230908,"Sequence":5,"Source_Frame_Index":26,"Source_Model_Version":"safety_gate_v1","Source_Stamp_Us":2702230,"Stamp_Us":2702230,"Step_Dt":0.20000000298023224,"Valid":true}__OD_END__
[ue_object_deliverer_bridge_node-1] [INFO] [1785942981.861897600] [ue_object_deliverer_bridge_node]: kinematic setpoint received stamp=2906949 valid=1
[ue_object_deliverer_bridge_node-1] [INFO] [1785942982.173528320] [ue_object_deliverer_bridge_node]: kinematic setpoint received stamp=3210346 valid=1
[ue_object_deliverer_bridge_node-1] [INFO] [1785942982.451652064] [ue_object_deliverer_bridge_node]: kinematic setpoint received stamp=3501037 valid=1
[ue_object_deliverer_bridge_node-1] [INFO] [1785942982.655020768] [ue_object_deliverer_bridge_node]: kinematic setpoint received stamp=3703313 valid=1
[ue_object_deliverer_bridge_node-1] [INFO] [1785942982.655409504] [ue_object_deliverer_bridge_node]: Sent kinematic setpoint to UE5: bytes=415, payload={"Command_Type":"Kinematic_Setpoint","Delta_X_Cm":19.74378675222397,"Delta_Y_Cm":6.310668587684631,"Frame_ID":"ue_actor_local","Hold_Position":false,"Reason":"DECISION_VALID","Run_ID":"B899C86744EC58EE98485F816A90D0F5","Scene_Seed":230908,"Sequence":9,"Source_Frame_Index":36,"Source_Model_Version":"safety_gate_v1","Source_Stamp_Us":3703313,"Stamp_Us":3703313,"Step_Dt":0.20000000298023224,"Valid":true}__OD_END__
[ue_object_deliverer_bridge_node-1] [INFO] [1785942982.897026240] [ue_object_deliverer_bridge_node]: kinematic setpoint received stamp=3703314 valid=1
[ue_object_deliverer_bridge_node-1] [INFO] [1785942983.157311488] [ue_object_deliverer_bridge_node]: kinematic setpoint received stamp=4206784 valid=1
[ue_object_deliverer_bridge_node-1] [INFO] [1785942983.440344480] [ue_object_deliverer_bridge_node]: kinematic setpoint received stamp=4501167 valid=1
[ue_object_deliverer_bridge_node-1] [INFO] [1785942983.655116832] [ue_object_deliverer_bridge_node]: kinematic setpoint received stamp=4704543 valid=1
[ue_object_deliverer_bridge_node-1] [INFO] [1785942983.655454080] [ue_object_deliverer_bridge_node]: Sent kinematic setpoint to UE5: bytes=420, payload={"Command_Type":"Kinematic_Setpoint","Delta_X_Cm":-14.536477625370026,"Delta_Y_Cm":-1.6798382624983788,"Frame_ID":"ue_actor_local","Hold_Position":false,"Reason":"DECISION_VALID","Run_ID":"B899C86744EC58EE98485F816A90D0F5","Scene_Seed":230908,"Sequence":13,"Source_Frame_Index":46,"Source_Model_Version":"safety_gate_v1","Source_Stamp_Us":4704543,"Stamp_Us":4704543,"Step_Dt":0.20000000298023224,"Valid":true}__OD_END__
[ue_object_deliverer_bridge_node-1] [INFO] [1785942983.875734752] [ue_object_deliverer_bridge_node]: kinematic setpoint received stamp=4914752 valid=1
[ue_object_deliverer_bridge_node-1] [INFO] [1785942984.152143648] [ue_object_deliverer_bridge_node]: kinematic setpoint received stamp=5201817 valid=1
[ue_object_deliverer_bridge_node-1] [INFO] [1785942984.363608064] [ue_object_deliverer_bridge_node]: kinematic setpoint received stamp=5409527 valid=1
[ue_object_deliverer_bridge_node-1] [INFO] [1785942984.645188704] [ue_object_deliverer_bridge_node]: kinematic setpoint received stamp=5702860 valid=1
[ue_object_deliverer_bridge_node-1] [INFO] [1785942984.907271648] [ue_object_deliverer_bridge_node]: kinematic setpoint received stamp=5702861 valid=1
[ue_object_deliverer_bridge_node-1] [INFO] [1785942984.907663264] [ue_object_deliverer_bridge_node]: Sent kinematic setpoint to UE5: bytes=418, payload={"Command_Type":"Kinematic_Setpoint","Delta_X_Cm":4.7612011432647705,"Delta_Y_Cm":1.5267493203282356,"Frame_ID":"ue_actor_local","Hold_Position":false,"Reason":"DECISION_VALID","Run_ID":"B899C86744EC58EE98485F816A90D0F5","Scene_Seed":230908,"Sequence":18,"Source_Frame_Index":13,"Source_Model_Version":"safety_gate_v1","Source_Stamp_Us":5702861,"Stamp_Us":5702861,"Step_Dt":0.20000000298023224,"Valid":true}__OD_END__
[image_entity_perception-9] [INFO] [1785942984.933137792] [image_entity_perception]: PERCEPTION_PERF_TRACE frame_index=59 count=50 predict_ms=32.0 entities=4 valid=True
[temporal_entity_tracker-2] [INFO] [1785942984.983311488] [temporal_entity_tracker]: TRACK_TRACE frame_index=59 count=50 source_valid=True source_entities=4 visible_source=1
[ue_object_deliverer_bridge_node-1] [INFO] [1785942985.145014624] [ue_object_deliverer_bridge_node]: kinematic setpoint received stamp=6202079 valid=1
[ue_object_deliverer_bridge_node-1] [INFO] [1785942985.346905504] [ue_object_deliverer_bridge_node]: kinematic setpoint received stamp=6406681 valid=1
[ue_object_deliverer_bridge_node-1] [INFO] [1785942985.546592416] [ue_object_deliverer_bridge_node]: kinematic setpoint received stamp=6608224 valid=1
[ue_object_deliverer_bridge_node-1] [INFO] [1785942985.858467680] [ue_object_deliverer_bridge_node]: kinematic setpoint received stamp=6906692 valid=1
[ue_object_deliverer_bridge_node-1] [INFO] [1785942986.068598816] [ue_object_deliverer_bridge_node]: kinematic setpoint received stamp=7109555 valid=1
[ue_object_deliverer_bridge_node-1] [INFO] [1785942986.068983872] [ue_object_deliverer_bridge_node]: Sent kinematic setpoint to UE5: bytes=418, payload={"Command_Type":"Kinematic_Setpoint","Delta_X_Cm":19.758878648281097,"Delta_Y_Cm":6.2416695058345795,"Frame_ID":"ue_actor_local","Hold_Position":false,"Reason":"DECISION_VALID","Run_ID":"B899C86744EC58EE98485F816A90D0F5","Scene_Seed":230908,"Sequence":23,"Source_Frame_Index":70,"Source_Model_Version":"safety_gate_v1","Source_Stamp_Us":7109555,"Stamp_Us":7109555,"Step_Dt":0.20000000298023224,"Valid":true}__OD_END__
[ue_object_deliverer_bridge_node-1] [INFO] [1785942986.358749216] [ue_object_deliverer_bridge_node]: kinematic setpoint received stamp=7413234 valid=1
[ue_object_deliverer_bridge_node-1] [INFO] [1785942986.658886240] [ue_object_deliverer_bridge_node]: kinematic setpoint received stamp=7712241 valid=1
[ue_object_deliverer_bridge_node-1] [INFO] [1785942986.854043968] [ue_object_deliverer_bridge_node]: kinematic setpoint received stamp=7905252 valid=1
[ue_object_deliverer_bridge_node-1] [INFO] [1785942987.059507168] [ue_object_deliverer_bridge_node]: kinematic setpoint received stamp=8108340 valid=1
[ue_object_deliverer_bridge_node-1] [INFO] [1785942987.353578624] [ue_object_deliverer_bridge_node]: kinematic setpoint received stamp=8401631 valid=1
[ue_object_deliverer_bridge_node-1] [INFO] [1785942987.353967040] [ue_object_deliverer_bridge_node]: Sent kinematic setpoint to UE5: bytes=418, payload={"Command_Type":"Kinematic_Setpoint","Delta_X_Cm":-4.860898107290268,"Delta_Y_Cm":1.9652172923088074,"Frame_ID":"ue_actor_local","Hold_Position":false,"Reason":"DECISION_VALID","Run_ID":"B899C86744EC58EE98485F816A90D0F5","Scene_Seed":230908,"Sequence":28,"Source_Frame_Index":83,"Source_Model_Version":"safety_gate_v1","Source_Stamp_Us":8401631,"Stamp_Us":8401631,"Step_Dt":0.20000000298023224,"Valid":true}__OD_END__
[ue_object_deliverer_bridge_node-1] [INFO] [1785942987.564713856] [ue_object_deliverer_bridge_node]: kinematic setpoint received stamp=8604837 valid=1
[ue_object_deliverer_bridge_node-1] [INFO] [1785942987.767057888] [ue_object_deliverer_bridge_node]: kinematic setpoint received stamp=8811474 valid=1
[ue_object_deliverer_bridge_node-1] [INFO] [1785942988.050442816] [ue_object_deliverer_bridge_node]: kinematic setpoint received stamp=9109577 valid=1
[ue_object_deliverer_bridge_node-1] [INFO] [1785942988.254638816] [ue_object_deliverer_bridge_node]: kinematic setpoint received stamp=9313148 valid=1
[ue_object_deliverer_bridge_node-1] [INFO] [1785942988.549660224] [ue_object_deliverer_bridge_node]: kinematic setpoint received stamp=9611914 valid=1
[ue_object_deliverer_bridge_node-1] [INFO] [1785942988.550050720] [ue_object_deliverer_bridge_node]: Sent kinematic setpoint to UE5: bytes=420, payload={"Command_Type":"Kinematic_Setpoint","Delta_X_Cm":-16.311725974082947,"Delta_Y_Cm":-1.2343771755695343,"Frame_ID":"ue_actor_local","Hold_Position":false,"Reason":"DECISION_VALID","Run_ID":"B899C86744EC58EE98485F816A90D0F5","Scene_Seed":230908,"Sequence":33,"Source_Frame_Index":95,"Source_Model_Version":"safety_gate_v1","Source_Stamp_Us":9611914,"Stamp_Us":9611914,"Step_Dt":0.20000000298023224,"Valid":true}__OD_END__
[ue_object_deliverer_bridge_node-1] [INFO] [1785942988.862506656] [ue_object_deliverer_bridge_node]: kinematic setpoint received stamp=9911055 valid=1
[ue_object_deliverer_bridge_node-1] [INFO] [1785942989.145258752] [ue_object_deliverer_bridge_node]: kinematic setpoint received stamp=10206830 valid=1
[ue_object_deliverer_bridge_node-1] [INFO] [1785942989.357576992] [ue_object_deliverer_bridge_node]: kinematic setpoint received stamp=10408540 valid=1
[ue_object_deliverer_bridge_node-1] [INFO] [1785942989.654906720] [ue_object_deliverer_bridge_node]: kinematic setpoint received stamp=10706047 valid=1
[ue_object_deliverer_bridge_node-1] [INFO] [1785942989.655248192] [ue_object_deliverer_bridge_node]: Sent kinematic setpoint to UE5: bytes=419, payload={"Command_Type":"Kinematic_Setpoint","Delta_X_Cm":3.195974975824356,"Delta_Y_Cm":1.530943438410759,"Frame_ID":"ue_actor_local","Hold_Position":false,"Reason":"DECISION_VALID","Run_ID":"B899C86744EC58EE98485F816A90D0F5","Scene_Seed":230908,"Sequence":37,"Source_Frame_Index":106,"Source_Model_Version":"safety_gate_v1","Source_Stamp_Us":10706047,"Stamp_Us":10706047,"Step_Dt":0.20000000298023224,"Valid":true}__OD_END__
[ue_object_deliverer_bridge_node-1] [INFO] [1785942989.892221568] [ue_object_deliverer_bridge_node]: kinematic setpoint received stamp=10706048 valid=1
[image_entity_perception-9] [INFO] [1785942989.917934112] [image_entity_perception]: PERCEPTION_PERF_TRACE frame_index=109 count=100 predict_ms=31.0 entities=4 valid=True
[temporal_entity_tracker-2] [INFO] [1785942989.918607072] [temporal_entity_tracker]: TRACK_TRACE frame_index=109 count=100 source_valid=True source_entities=4 visible_source=1
[vla_policy-10] [INFO] [1785942989.923256160] [vla_policy]: ENT_IN_TRACE count=100 frame_index=109 valid=True detail=OK:selected=1;targets=1;risks=0;dropped=0
[ue_object_deliverer_bridge_node-1] [INFO] [1785942990.146792896] [ue_object_deliverer_bridge_node]: kinematic setpoint received stamp=11207862 valid=1
[ue_object_deliverer_bridge_node-1] [INFO] [1785942990.355427904] [ue_object_deliverer_bridge_node]: kinematic setpoint received stamp=11410544 valid=1
[ue_object_deliverer_bridge_node-1] [INFO] [1785942990.644241856] [ue_object_deliverer_bridge_node]: kinematic setpoint received stamp=11703164 valid=1
[ue_object_deliverer_bridge_node-1] [INFO] [1785942990.857822400] [ue_object_deliverer_bridge_node]: kinematic setpoint received stamp=11914067 valid=1
[ue_object_deliverer_bridge_node-1] [INFO] [1785942990.858195808] [ue_object_deliverer_bridge_node]: Sent kinematic setpoint to UE5: bytes=419, payload={"Command_Type":"Kinematic_Setpoint","Delta_X_Cm":19.69943195581436,"Delta_Y_Cm":3.412129729986191,"Frame_ID":"ue_actor_local","Hold_Position":false,"Reason":"DECISION_VALID","Run_ID":"B899C86744EC58EE98485F816A90D0F5","Scene_Seed":230908,"Sequence":42,"Source_Frame_Index":118,"Source_Model_Version":"safety_gate_v1","Source_Stamp_Us":11914067,"Stamp_Us":11914067,"Step_Dt":0.20000000298023224,"Valid":true}__OD_END__
[ue_object_deliverer_bridge_node-1] [INFO] [1785942991.143702592] [ue_object_deliverer_bridge_node]: kinematic setpoint received stamp=12203066 valid=1
[ue_object_deliverer_bridge_node-1] [INFO] [1785942991.346821920] [ue_object_deliverer_bridge_node]: kinematic setpoint received stamp=12406457 valid=1
[ue_object_deliverer_bridge_node-1] [INFO] [1785942991.553183712] [ue_object_deliverer_bridge_node]: kinematic setpoint received stamp=12609233 valid=1
[ue_object_deliverer_bridge_node-1] [INFO] [1785942991.758936672] [ue_object_deliverer_bridge_node]: kinematic setpoint received stamp=12801201 valid=1
[ue_object_deliverer_bridge_node-1] [INFO] [1785942991.960143296] [ue_object_deliverer_bridge_node]: kinematic setpoint received stamp=13007974 valid=1
[ue_object_deliverer_bridge_node-1] [INFO] [1785942991.960542592] [ue_object_deliverer_bridge_node]: Sent kinematic setpoint to UE5: bytes=421, payload={"Command_Type":"Kinematic_Setpoint","Delta_X_Cm":14.540572464466095,"Delta_Y_Cm":3.5076063126325607,"Frame_ID":"ue_actor_local","Hold_Position":false,"Reason":"DECISION_VALID","Run_ID":"B899C86744EC58EE98485F816A90D0F5","Scene_Seed":230908,"Sequence":47,"Source_Frame_Index":129,"Source_Model_Version":"safety_gate_v1","Source_Stamp_Us":13007974,"Stamp_Us":13007974,"Step_Dt":0.20000000298023224,"Valid":true}__OD_END__
[ue_object_deliverer_bridge_node-1] [INFO] [1785942992.255411680] [ue_object_deliverer_bridge_node]: kinematic setpoint received stamp=13304027 valid=1
[ue_object_deliverer_bridge_node-1] [INFO] [1785942992.554890112] [ue_object_deliverer_bridge_node]: kinematic setpoint received stamp=13609794 valid=1
[ue_object_deliverer_bridge_node-1] [INFO] [1785942992.853887584] [ue_object_deliverer_bridge_node]: kinematic setpoint received stamp=13911208 valid=1
[ue_object_deliverer_bridge_node-1] [INFO] [1785942993.156187360] [ue_object_deliverer_bridge_node]: kinematic setpoint received stamp=14210547 valid=1
[ue_object_deliverer_bridge_node-1] [INFO] [1785942993.156634560] [ue_object_deliverer_bridge_node]: Sent kinematic setpoint to UE5: bytes=421, payload={"Command_Type":"Kinematic_Setpoint","Delta_X_Cm":-5.219623073935509,"Delta_Y_Cm":0.4214665852487087,"Frame_ID":"ue_actor_local","Hold_Position":false,"Reason":"DECISION_VALID","Run_ID":"B899C86744EC58EE98485F816A90D0F5","Scene_Seed":230908,"Sequence":51,"Source_Frame_Index":141,"Source_Model_Version":"safety_gate_v1","Source_Stamp_Us":14210547,"Stamp_Us":14210547,"Step_Dt":0.20000000298023224,"Valid":true}__OD_END__
[ue_object_deliverer_bridge_node-1] [INFO] [1785942993.467073952] [ue_object_deliverer_bridge_node]: kinematic setpoint received stamp=14509658 valid=1
[ue_object_deliverer_bridge_node-1] [INFO] [1785942993.768699744] [ue_object_deliverer_bridge_node]: kinematic setpoint received stamp=14813061 valid=1
[ue_object_deliverer_bridge_node-1] [INFO] [1785942994.045745120] [ue_object_deliverer_bridge_node]: kinematic setpoint received stamp=15100657 valid=1
[ue_object_deliverer_bridge_node-1] [INFO] [1785942994.251035840] [ue_object_deliverer_bridge_node]: kinematic setpoint received stamp=15302456 valid=1
[ue_object_deliverer_bridge_node-1] [INFO] [1785942994.251394304] [ue_object_deliverer_bridge_node]: Sent kinematic setpoint to UE5: bytes=423, payload={"Command_Type":"Kinematic_Setpoint","Delta_X_Cm":-24.809834361076355,"Delta_Y_Cm":-3.5676654428243637,"Frame_ID":"ue_actor_local","Hold_Position":false,"Reason":"DECISION_VALID","Run_ID":"B899C86744EC58EE98485F816A90D0F5","Scene_Seed":230908,"Sequence":55,"Source_Frame_Index":152,"Source_Model_Version":"safety_gate_v1","Source_Stamp_Us":15302456,"Stamp_Us":15302456,"Step_Dt":0.20000000298023224,"Valid":true}__OD_END__
[ue_object_deliverer_bridge_node-1] [INFO] [1785942994.495084032] [ue_object_deliverer_bridge_node]: kinematic setpoint received stamp=15508370 valid=1
[ue_object_deliverer_bridge_node-1] [INFO] [1785942994.743570304] [ue_object_deliverer_bridge_node]: kinematic setpoint received stamp=15802250 valid=1
[image_entity_perception-9] [INFO] [1785942994.940764032] [image_entity_perception]: PERCEPTION_PERF_TRACE frame_index=159 count=150 predict_ms=43.5 entities=4 valid=True
[temporal_entity_tracker-2] [INFO] [1785942994.941471936] [temporal_entity_tracker]: TRACK_TRACE frame_index=159 count=150 source_valid=True source_entities=4 visible_source=1
[ue_object_deliverer_bridge_node-1] [INFO] [1785942994.959926368] [ue_object_deliverer_bridge_node]: kinematic setpoint received stamp=16008123 valid=1
[ue_object_deliverer_bridge_node-1] [INFO] [1785942995.248417440] [ue_object_deliverer_bridge_node]: kinematic setpoint received stamp=16306706 valid=1
[ue_object_deliverer_bridge_node-1] [INFO] [1785942995.248798304] [ue_object_deliverer_bridge_node]: Sent kinematic setpoint to UE5: bytes=423, payload={"Command_Type":"Kinematic_Setpoint","Delta_X_Cm":-17.000488936901093,"Delta_Y_Cm":-1.6704536974430084,"Frame_ID":"ue_actor_local","Hold_Position":false,"Reason":"DECISION_VALID","Run_ID":"B899C86744EC58EE98485F816A90D0F5","Scene_Seed":230908,"Sequence":59,"Source_Frame_Index":162,"Source_Model_Version":"safety_gate_v1","Source_Stamp_Us":16306706,"Stamp_Us":16306706,"Step_Dt":0.20000000298023224,"Valid":true}__OD_END__
[ue_object_deliverer_bridge_node-1] [INFO] [1785942995.456409152] [ue_object_deliverer_bridge_node]: kinematic setpoint received stamp=16509031 valid=1
[ue_object_deliverer_bridge_node-1] [INFO] [1785942995.754446400] [ue_object_deliverer_bridge_node]: kinematic setpoint received stamp=16808821 valid=1
[ue_object_deliverer_bridge_node-1] [INFO] [1785942995.962673120] [ue_object_deliverer_bridge_node]: kinematic setpoint received stamp=17011595 valid=1
[ue_object_deliverer_bridge_node-1] [INFO] [1785942996.263413312] [ue_object_deliverer_bridge_node]: kinematic setpoint received stamp=17310827 valid=1
[ue_object_deliverer_bridge_node-1] [INFO] [1785942996.263806560] [ue_object_deliverer_bridge_node]: Sent kinematic setpoint to UE5: bytes=422, payload={"Command_Type":"Kinematic_Setpoint","Delta_X_Cm":1.2012719176709652,"Delta_Y_Cm":-0.8194120600819588,"Frame_ID":"ue_actor_local","Hold_Position":false,"Reason":"DECISION_VALID","Run_ID":"B899C86744EC58EE98485F816A90D0F5","Scene_Seed":230908,"Sequence":63,"Source_Frame_Index":172,"Source_Model_Version":"safety_gate_v1","Source_Stamp_Us":17310827,"Stamp_Us":17310827,"Step_Dt":0.20000000298023224,"Valid":true}__OD_END__
[ue_object_deliverer_bridge_node-1] [INFO] [1785942996.545262016] [ue_object_deliverer_bridge_node]: kinematic setpoint received stamp=17603325 valid=1
[ue_object_deliverer_bridge_node-1] [INFO] [1785942996.752753920] [ue_object_deliverer_bridge_node]: kinematic setpoint received stamp=17800653 valid=1
[ue_object_deliverer_bridge_node-1] [INFO] [1785942996.957385248] [ue_object_deliverer_bridge_node]: kinematic setpoint received stamp=18003936 valid=1
[ue_object_deliverer_bridge_node-1] [INFO] [1785942997.252299360] [ue_object_deliverer_bridge_node]: kinematic setpoint received stamp=18301474 valid=1
[ue_object_deliverer_bridge_node-1] [INFO] [1785942997.563279936] [ue_object_deliverer_bridge_node]: kinematic setpoint received stamp=18608927 valid=1
[ue_object_deliverer_bridge_node-1] [INFO] [1785942997.563648064] [ue_object_deliverer_bridge_node]: Sent kinematic setpoint to UE5: bytes=421, payload={"Command_Type":"Kinematic_Setpoint","Delta_X_Cm":25.440019369125366,"Delta_Y_Cm":3.6157507449388504,"Frame_ID":"ue_actor_local","Hold_Position":false,"Reason":"DECISION_VALID","Run_ID":"B899C86744EC58EE98485F816A90D0F5","Scene_Seed":230908,"Sequence":68,"Source_Frame_Index":185,"Source_Model_Version":"safety_gate_v1","Source_Stamp_Us":18608927,"Stamp_Us":18608927,"Step_Dt":0.20000000298023224,"Valid":true}__OD_END__
[ue_object_deliverer_bridge_node-1] [INFO] [1785942997.862850848] [ue_object_deliverer_bridge_node]: kinematic setpoint received stamp=18910937 valid=1
[ue_object_deliverer_bridge_node-1] [INFO] [1785942998.161860096] [ue_object_deliverer_bridge_node]: kinematic setpoint received stamp=19211108 valid=1
[ue_object_deliverer_bridge_node-1] [INFO] [1785942998.465999648] [ue_object_deliverer_bridge_node]: kinematic setpoint received stamp=19508051 valid=1
[ue_object_deliverer_bridge_node-1] [INFO] [1785942998.761087296] [ue_object_deliverer_bridge_node]: kinematic setpoint received stamp=19805415 valid=1
[ue_object_deliverer_bridge_node-1] [INFO] [1785942998.761481792] [ue_object_deliverer_bridge_node]: Sent kinematic setpoint to UE5: bytes=421, payload={"Command_Type":"Kinematic_Setpoint","Delta_X_Cm":12.609204649925232,"Delta_Y_Cm":2.9061833396553993,"Frame_ID":"ue_actor_local","Hold_Position":false,"Reason":"DECISION_VALID","Run_ID":"B899C86744EC58EE98485F816A90D0F5","Scene_Seed":230908,"Sequence":72,"Source_Frame_Index":197,"Source_Model_Version":"safety_gate_v1","Source_Stamp_Us":19805415,"Stamp_Us":19805415,"Step_Dt":0.20000000298023224,"Valid":true}__OD_END__
[ue_object_deliverer_bridge_node-1] [INFO] [1785942999.053928192] [ue_object_deliverer_bridge_node]: kinematic setpoint received stamp=20102612 valid=1
[ue_object_deliverer_bridge_node-1] [INFO] [1785942999.262082464] [ue_object_deliverer_bridge_node]: kinematic setpoint received stamp=20309824 valid=1
[ue_object_deliverer_bridge_node-1] [INFO] [1785942999.558882720] [ue_object_deliverer_bridge_node]: kinematic setpoint received stamp=20611548 valid=1
[ue_object_deliverer_bridge_node-1] [INFO] [1785942999.848242848] [ue_object_deliverer_bridge_node]: kinematic setpoint received stamp=20900803 valid=1
[ue_object_deliverer_bridge_node-1] [INFO] [1785942999.848655872] [ue_object_deliverer_bridge_node]: Sent kinematic setpoint to UE5: bytes=421, payload={"Command_Type":"Kinematic_Setpoint","Delta_X_Cm":-7.227709144353867,"Delta_Y_Cm":0.3660909365862608,"Frame_ID":"ue_actor_local","Hold_Position":false,"Reason":"DECISION_VALID","Run_ID":"B899C86744EC58EE98485F816A90D0F5","Scene_Seed":230908,"Sequence":76,"Source_Frame_Index":208,"Source_Model_Version":"safety_gate_v1","Source_Stamp_Us":20900803,"Stamp_Us":20900803,"Step_Dt":0.20000000298023224,"Valid":true}__OD_END__
[image_entity_perception-9] [INFO] [1785942999.932906784] [image_entity_perception]: PERCEPTION_PERF_TRACE frame_index=209 count=200 predict_ms=37.6 entities=4 valid=True
[temporal_entity_tracker-2] [INFO] [1785942999.933891424] [temporal_entity_tracker]: TRACK_TRACE frame_index=209 count=200 source_valid=True source_entities=4 visible_source=1
[vla_policy-10] [INFO] [1785942999.939066304] [vla_policy]: ENT_IN_TRACE count=200 frame_index=209 valid=True detail=OK:selected=1;targets=1;risks=0;dropped=0
[ue_object_deliverer_bridge_node-1] [INFO] [1785943000.170785504] [ue_object_deliverer_bridge_node]: kinematic setpoint received stamp=21209981 valid=1
[ue_object_deliverer_bridge_node-1] [INFO] [1785943000.371987264] [ue_object_deliverer_bridge_node]: kinematic setpoint received stamp=21411653 valid=1
[ue_object_deliverer_bridge_node-1] [INFO] [1785943000.660690144] [ue_object_deliverer_bridge_node]: kinematic setpoint received stamp=21703612 valid=1
[ue_object_deliverer_bridge_node-1] [INFO] [1785943000.867731680] [ue_object_deliverer_bridge_node]: kinematic setpoint received stamp=21909196 valid=1
[ue_object_deliverer_bridge_node-1] [INFO] [1785943000.868098624] [ue_object_deliverer_bridge_node]: Sent kinematic setpoint to UE5: bytes=423, payload={"Command_Type":"Kinematic_Setpoint","Delta_X_Cm":-23.709870874881744,"Delta_Y_Cm":-3.0684512108564377,"Frame_ID":"ue_actor_local","Hold_Position":false,"Reason":"DECISION_VALID","Run_ID":"B899C86744EC58EE98485F816A90D0F5","Scene_Seed":230908,"Sequence":80,"Source_Frame_Index":218,"Source_Model_Version":"safety_gate_v1","Source_Stamp_Us":21909196,"Stamp_Us":21909196,"Step_Dt":0.20000000298023224,"Valid":true}__OD_END__
[ue_object_deliverer_bridge_node-1] [INFO] [1785943001.168912800] [ue_object_deliverer_bridge_node]: kinematic setpoint received stamp=22211556 valid=1
[ue_object_deliverer_bridge_node-1] [INFO] [1785943001.469877376] [ue_object_deliverer_bridge_node]: kinematic setpoint received stamp=22511784 valid=1
[ue_object_deliverer_bridge_node-1] [INFO] [1785943001.752025760] [ue_object_deliverer_bridge_node]: kinematic setpoint received stamp=22805465 valid=1
[ue_object_deliverer_bridge_node-1] [INFO] [1785943001.952894912] [ue_object_deliverer_bridge_node]: kinematic setpoint received stamp=23003743 valid=1
[ue_object_deliverer_bridge_node-1] [INFO] [1785943001.953437376] [ue_object_deliverer_bridge_node]: Sent kinematic setpoint to UE5: bytes=423, payload={"Command_Type":"Kinematic_Setpoint","Delta_X_Cm":-5.1375385373830795,"Delta_Y_Cm":-0.6316354963928461,"Frame_ID":"ue_actor_local","Hold_Position":false,"Reason":"DECISION_VALID","Run_ID":"B899C86744EC58EE98485F816A90D0F5","Scene_Seed":230908,"Sequence":84,"Source_Frame_Index":229,"Source_Model_Version":"safety_gate_v1","Source_Stamp_Us":23003743,"Stamp_Us":23003743,"Step_Dt":0.20000000298023224,"Valid":true}__OD_END__
[ue_object_deliverer_bridge_node-1] [INFO] [1785943002.175855552] [ue_object_deliverer_bridge_node]: kinematic setpoint received stamp=23211279 valid=1
[ue_object_deliverer_bridge_node-1] [INFO] [1785943002.450353920] [ue_object_deliverer_bridge_node]: kinematic setpoint received stamp=23504728 valid=1
[ue_object_deliverer_bridge_node-1] [INFO] [1785943002.652958624] [ue_object_deliverer_bridge_node]: kinematic setpoint received stamp=23706715 valid=1
[ue_object_deliverer_bridge_node-1] [INFO] [1785943002.855812288] [ue_object_deliverer_bridge_node]: kinematic setpoint received stamp=23909469 valid=1
[ue_object_deliverer_bridge_node-1] [INFO] [1785943003.136855648] [ue_object_deliverer_bridge_node]: kinematic setpoint received stamp=24202989 valid=1
[ue_object_deliverer_bridge_node-1] [INFO] [1785943003.137251424] [ue_object_deliverer_bridge_node]: Sent kinematic setpoint to UE5: bytes=421, payload={"Command_Type":"Kinematic_Setpoint","Delta_X_Cm":13.740643858909607,"Delta_Y_Cm":1.4792945235967636,"Frame_ID":"ue_actor_local","Hold_Position":false,"Reason":"DECISION_VALID","Run_ID":"B899C86744EC58EE98485F816A90D0F5","Scene_Seed":230908,"Sequence":89,"Source_Frame_Index":241,"Source_Model_Version":"safety_gate_v1","Source_Stamp_Us":24202989,"Stamp_Us":24202989,"Step_Dt":0.20000000298023224,"Valid":true}__OD_END__
[ue_object_deliverer_bridge_node-1] [INFO] [1785943003.353345472] [ue_object_deliverer_bridge_node]: kinematic setpoint received stamp=24403737 valid=1
[ue_object_deliverer_bridge_node-1] [INFO] [1785943003.657212256] [ue_object_deliverer_bridge_node]: kinematic setpoint received stamp=24701921 valid=1
[ue_object_deliverer_bridge_node-1] [INFO] [1785943003.899588576] [ue_object_deliverer_bridge_node]: kinematic setpoint received stamp=24701922 valid=1
[ue_object_deliverer_bridge_node-1] [INFO] [1785943004.142768128] [ue_object_deliverer_bridge_node]: kinematic setpoint received stamp=25202336 valid=1
[ue_object_deliverer_bridge_node-1] [INFO] [1785943004.345139392] [ue_object_deliverer_bridge_node]: kinematic setpoint received stamp=25405800 valid=1
[ue_object_deliverer_bridge_node-1] [INFO] [1785943004.345514144] [ue_object_deliverer_bridge_node]: Sent kinematic setpoint to UE5: bytes=421, payload={"Command_Type":"Kinematic_Setpoint","Delta_X_Cm":-9.53148901462555,"Delta_Y_Cm":-1.7642255872488022,"Frame_ID":"ue_actor_local","Hold_Position":false,"Reason":"DECISION_VALID","Run_ID":"B899C86744EC58EE98485F816A90D0F5","Scene_Seed":230908,"Sequence":94,"Source_Frame_Index":253,"Source_Model_Version":"safety_gate_v1","Source_Stamp_Us":25405800,"Stamp_Us":25405800,"Step_Dt":0.20000000298023224,"Valid":true}__OD_END__
[ue_object_deliverer_bridge_node-1] [INFO] [1785943004.551107104] [ue_object_deliverer_bridge_node]: kinematic setpoint received stamp=25610736 valid=1
[ue_object_deliverer_bridge_node-1] [INFO] [1785943004.861347392] [ue_object_deliverer_bridge_node]: kinematic setpoint received stamp=25911283 valid=1
[image_entity_perception-9] [INFO] [1785943004.934031424] [image_entity_perception]: PERCEPTION_PERF_TRACE frame_index=259 count=250 predict_ms=42.2 entities=4 valid=True
[temporal_entity_tracker-2] [INFO] [1785943004.934711680] [temporal_entity_tracker]: TRACK_TRACE frame_index=259 count=250 source_valid=True source_entities=4 visible_source=1
[ue_object_deliverer_bridge_node-1] [INFO] [1785943005.147544416] [ue_object_deliverer_bridge_node]: kinematic setpoint received stamp=26209628 valid=1
[ue_object_deliverer_bridge_node-1] [INFO] [1785943005.350976480] [ue_object_deliverer_bridge_node]: kinematic setpoint received stamp=26411531 valid=1
[ue_object_deliverer_bridge_node-1] [INFO] [1785943005.351353184] [ue_object_deliverer_bridge_node]: Sent kinematic setpoint to UE5: bytes=424, payload={"Command_Type":"Kinematic_Setpoint","Delta_X_Cm":-3.5613205283880234,"Delta_Y_Cm":-0.20821657963097095,"Frame_ID":"ue_actor_local","Hold_Position":false,"Reason":"DECISION_VALID","Run_ID":"B899C86744EC58EE98485F816A90D0F5","Scene_Seed":230908,"Sequence":98,"Source_Frame_Index":263,"Source_Model_Version":"safety_gate_v1","Source_Stamp_Us":26411531,"Stamp_Us":26411531,"Step_Dt":0.20000000298023224,"Valid":true}__OD_END__
[vla_policy-10] [INFO] [1785943005.658326592] [vla_policy]: POLICY_AUDIT trigger=periodic events=100 policy_driven=95 backstop=5 hold=0 fail_closed=0 policy_stop=0 guard_reason=policy_driven raw_dx=0.010374 raw_dy=-0.000879 guarded_dx=0.010374 guarded_dy=-0.000879 final_dx=0.010374 final_dy=-0.000879
[ue_object_deliverer_bridge_node-1] [INFO] [1785943005.662495168] [ue_object_deliverer_bridge_node]: kinematic setpoint received stamp=26712008 valid=1
[ue_object_deliverer_bridge_node-1] [INFO] [1785943005.888070912] [ue_object_deliverer_bridge_node]: kinematic setpoint received stamp=26712009 valid=1
[ue_object_deliverer_bridge_node-1] [INFO] [1785943006.159725248] [ue_object_deliverer_bridge_node]: kinematic setpoint received stamp=27210488 valid=1
[ue_object_deliverer_bridge_node-1] [INFO] [1785943006.368915456] [ue_object_deliverer_bridge_node]: kinematic setpoint received stamp=27412712 valid=1
[ue_object_deliverer_bridge_node-1] [INFO] [1785943006.369295296] [ue_object_deliverer_bridge_node]: Sent kinematic setpoint to UE5: bytes=422, payload={"Command_Type":"Kinematic_Setpoint","Delta_X_Cm":9.678269922733307,"Delta_Y_Cm":0.13142524985596538,"Frame_ID":"ue_actor_local","Hold_Position":false,"Reason":"DECISION_VALID","Run_ID":"B899C86744EC58EE98485F816A90D0F5","Scene_Seed":230908,"Sequence":102,"Source_Frame_Index":273,"Source_Model_Version":"safety_gate_v1","Source_Stamp_Us":27412712,"Stamp_Us":27412712,"Step_Dt":0.20000000298023224,"Valid":true}__OD_END__
[ue_object_deliverer_bridge_node-1] [INFO] [1785943006.652241952] [ue_object_deliverer_bridge_node]: kinematic setpoint received stamp=27706196 valid=1
[ue_object_deliverer_bridge_node-1] [INFO] [1785943006.854941088] [ue_object_deliverer_bridge_node]: kinematic setpoint received stamp=27906752 valid=1
[ue_object_deliverer_bridge_node-1] [INFO] [1785943007.064132672] [ue_object_deliverer_bridge_node]: kinematic setpoint received stamp=28108059 valid=1
[ue_object_deliverer_bridge_node-1] [INFO] [1785943007.367465664] [ue_object_deliverer_bridge_node]: kinematic setpoint received stamp=28410539 valid=1
[ue_object_deliverer_bridge_node-1] [INFO] [1785943007.664041440] [ue_object_deliverer_bridge_node]: kinematic setpoint received stamp=28710390 valid=1
[ue_object_deliverer_bridge_node-1] [INFO] [1785943007.664423104] [ue_object_deliverer_bridge_node]: Sent kinematic setpoint to UE5: bytes=422, payload={"Command_Type":"Kinematic_Setpoint","Delta_X_Cm":14.235998690128326,"Delta_Y_Cm":2.5125976651906967,"Frame_ID":"ue_actor_local","Hold_Position":false,"Reason":"DECISION_VALID","Run_ID":"B899C86744EC58EE98485F816A90D0F5","Scene_Seed":230908,"Sequence":107,"Source_Frame_Index":286,"Source_Model_Version":"safety_gate_v1","Source_Stamp_Us":28710390,"Stamp_Us":28710390,"Step_Dt":0.20000000298023224,"Valid":true}__OD_END__
[ue_object_deliverer_bridge_node-1] [INFO] [1785943007.873836608] [ue_object_deliverer_bridge_node]: kinematic setpoint received stamp=28912819 valid=1
[ue_object_deliverer_bridge_node-1] [INFO] [1785943008.154814368] [ue_object_deliverer_bridge_node]: kinematic setpoint received stamp=29201332 valid=1
[ue_object_deliverer_bridge_node-1] [INFO] [1785943008.358565120] [ue_object_deliverer_bridge_node]: kinematic setpoint received stamp=29408354 valid=1
[ue_object_deliverer_bridge_node-1] [INFO] [1785943008.569946944] [ue_object_deliverer_bridge_node]: kinematic setpoint received stamp=29610301 valid=1
[ue_object_deliverer_bridge_node-1] [INFO] [1785943008.871087968] [ue_object_deliverer_bridge_node]: kinematic setpoint received stamp=29913140 valid=1
[ue_object_deliverer_bridge_node-1] [INFO] [1785943008.871465312] [ue_object_deliverer_bridge_node]: Sent kinematic setpoint to UE5: bytes=423, payload={"Command_Type":"Kinematic_Setpoint","Delta_X_Cm":-8.711431175470352,"Delta_Y_Cm":0.19111965084448457,"Frame_ID":"ue_actor_local","Hold_Position":false,"Reason":"DECISION_VALID","Run_ID":"B899C86744EC58EE98485F816A90D0F5","Scene_Seed":230908,"Sequence":112,"Source_Frame_Index":298,"Source_Model_Version":"safety_gate_v1","Source_Stamp_Us":29913140,"Stamp_Us":29913140,"Step_Dt":0.20000000298023224,"Valid":true}__OD_END__
[ue_object_deliverer_bridge_node-1] [INFO] [1785943009.151498080] [ue_object_deliverer_bridge_node]: kinematic setpoint received stamp=30201321 valid=1
[ue_object_deliverer_bridge_node-1] [INFO] [1785943009.443275744] [ue_object_deliverer_bridge_node]: kinematic setpoint received stamp=30500955 valid=1
[ue_object_deliverer_bridge_node-1] [INFO] [1785943009.651844064] [ue_object_deliverer_bridge_node]: kinematic setpoint received stamp=30701888 valid=1
[ue_object_deliverer_bridge_node-1] [INFO] [1785943009.859375552] [ue_object_deliverer_bridge_node]: kinematic setpoint received stamp=30907106 valid=1
[image_entity_perception-9] [INFO] [1785943009.933040224] [image_entity_perception]: PERCEPTION_PERF_TRACE frame_index=309 count=300 predict_ms=43.7 entities=4 valid=True
[temporal_entity_tracker-2] [INFO] [1785943009.933567424] [temporal_entity_tracker]: TRACK_TRACE frame_index=309 count=300 source_valid=True source_entities=4 visible_source=1
[vla_policy-10] [INFO] [1785943009.938167328] [vla_policy]: ENT_IN_TRACE count=300 frame_index=309 valid=True detail=OK:selected=1;targets=1;risks=0;dropped=0
[ue_object_deliverer_bridge_node-1] [INFO] [1785943010.062820160] [ue_object_deliverer_bridge_node]: kinematic setpoint received stamp=31109789 valid=1
[ue_object_deliverer_bridge_node-1] [INFO] [1785943010.063349792] [ue_object_deliverer_bridge_node]: Sent kinematic setpoint to UE5: bytes=424, payload={"Command_Type":"Kinematic_Setpoint","Delta_X_Cm":-22.358135879039764,"Delta_Y_Cm":-2.1210331469774246,"Frame_ID":"ue_actor_local","Hold_Position":false,"Reason":"DECISION_VALID","Run_ID":"B899C86744EC58EE98485F816A90D0F5","Scene_Seed":230908,"Sequence":117,"Source_Frame_Index":310,"Source_Model_Version":"safety_gate_v1","Source_Stamp_Us":31109789,"Stamp_Us":31109789,"Step_Dt":0.20000000298023224,"Valid":true}__OD_END__
[ue_object_deliverer_bridge_node-1] [INFO] [1785943010.359679296] [ue_object_deliverer_bridge_node]: kinematic setpoint received stamp=31410632 valid=1
[ue_object_deliverer_bridge_node-1] [INFO] [1785943010.563758560] [ue_object_deliverer_bridge_node]: kinematic setpoint received stamp=31611926 valid=1
[ue_object_deliverer_bridge_node-1] [INFO] [1785943010.859415584] [ue_object_deliverer_bridge_node]: kinematic setpoint received stamp=31909544 valid=1
[ue_object_deliverer_bridge_node-1] [INFO] [1785943011.149311840] [ue_object_deliverer_bridge_node]: kinematic setpoint received stamp=32206752 valid=1
[ue_object_deliverer_bridge_node-1] [INFO] [1785943011.149791072] [ue_object_deliverer_bridge_node]: Sent kinematic setpoint to UE5: bytes=423, payload={"Command_Type":"Kinematic_Setpoint","Delta_X_Cm":-7.920356839895248,"Delta_Y_Cm":-2.0582862198352814,"Frame_ID":"ue_actor_local","Hold_Position":false,"Reason":"DECISION_VALID","Run_ID":"B899C86744EC58EE98485F816A90D0F5","Scene_Seed":230908,"Sequence":121,"Source_Frame_Index":321,"Source_Model_Version":"safety_gate_v1","Source_Stamp_Us":32206752,"Stamp_Us":32206752,"Step_Dt":0.20000000298023224,"Valid":true}__OD_END__
[ue_object_deliverer_bridge_node-1] [INFO] [1785943011.358301280] [ue_object_deliverer_bridge_node]: kinematic setpoint received stamp=32409155 valid=1
[ue_object_deliverer_bridge_node-1] [INFO] [1785943011.660423328] [ue_object_deliverer_bridge_node]: kinematic setpoint received stamp=32710523 valid=1
[ue_object_deliverer_bridge_node-1] [INFO] [1785943011.892570368] [ue_object_deliverer_bridge_node]: kinematic setpoint received stamp=32710524 valid=1
[ue_object_deliverer_bridge_node-1] [INFO] [1785943012.169035808] [ue_object_deliverer_bridge_node]: kinematic setpoint received stamp=33209643 valid=1
[ue_object_deliverer_bridge_node-1] [INFO] [1785943012.169503200] [ue_object_deliverer_bridge_node]: Sent kinematic setpoint to UE5: bytes=421, payload={"Command_Type":"Kinematic_Setpoint","Delta_X_Cm":4.97768372297287,"Delta_Y_Cm":0.47187176533043385,"Frame_ID":"ue_actor_local","Hold_Position":false,"Reason":"DECISION_VALID","Run_ID":"B899C86744EC58EE98485F816A90D0F5","Scene_Seed":230908,"Sequence":125,"Source_Frame_Index":331,"Source_Model_Version":"safety_gate_v1","Source_Stamp_Us":33209643,"Stamp_Us":33209643,"Step_Dt":0.20000000298023224,"Valid":true}__OD_END__
[ue_object_deliverer_bridge_node-1] [INFO] [1785943012.456621856] [ue_object_deliverer_bridge_node]: kinematic setpoint received stamp=33511766 valid=1
[ue_object_deliverer_bridge_node-1] [INFO] [1785943012.669038816] [ue_object_deliverer_bridge_node]: kinematic setpoint received stamp=33711661 valid=1
[ue_object_deliverer_bridge_node-1] [INFO] [1785943012.895931168] [ue_object_deliverer_bridge_node]: kinematic setpoint received stamp=33711662 valid=1
[ue_object_deliverer_bridge_node-1] [INFO] [1785943013.144903456] [ue_object_deliverer_bridge_node]: kinematic setpoint received stamp=34203356 valid=1
[ue_object_deliverer_bridge_node-1] [INFO] [1785943013.344515104] [ue_object_deliverer_bridge_node]: kinematic setpoint received stamp=34406113 valid=1
[ue_object_deliverer_bridge_node-1] [INFO] [1785943013.344892384] [ue_object_deliverer_bridge_node]: Sent kinematic setpoint to UE5: bytes=421, payload={"Command_Type":"Kinematic_Setpoint","Delta_X_Cm":9.963773936033249,"Delta_Y_Cm":0.8174012415111065,"Frame_ID":"ue_actor_local","Hold_Position":false,"Reason":"DECISION_VALID","Run_ID":"B899C86744EC58EE98485F816A90D0F5","Scene_Seed":230908,"Sequence":130,"Source_Frame_Index":343,"Source_Model_Version":"safety_gate_v1","Source_Stamp_Us":34406113,"Stamp_Us":34406113,"Step_Dt":0.20000000298023224,"Valid":true}__OD_END__
[ue_object_deliverer_bridge_node-1] [INFO] [1785943013.545768480] [ue_object_deliverer_bridge_node]: kinematic setpoint received stamp=34610289 valid=1
[ue_object_deliverer_bridge_node-1] [INFO] [1785943013.749719616] [ue_object_deliverer_bridge_node]: kinematic setpoint received stamp=34810414 valid=1
[ue_object_deliverer_bridge_node-1] [INFO] [1785943014.039754592] [ue_object_deliverer_bridge_node]: kinematic setpoint received stamp=35101686 valid=1
[ue_object_deliverer_bridge_node-1] [INFO] [1785943014.240311264] [ue_object_deliverer_bridge_node]: kinematic setpoint received stamp=35303437 valid=1
[ue_object_deliverer_bridge_node-1] [INFO] [1785943014.447465184] [ue_object_deliverer_bridge_node]: kinematic setpoint received stamp=35505593 valid=1
[ue_object_deliverer_bridge_node-1] [INFO] [1785943014.447839296] [ue_object_deliverer_bridge_node]: Sent kinematic setpoint to UE5: bytes=421, payload={"Command_Type":"Kinematic_Setpoint","Delta_X_Cm":24.870379269123077,"Delta_Y_Cm":3.122156672179699,"Frame_ID":"ue_actor_local","Hold_Position":false,"Reason":"DECISION_VALID","Run_ID":"B899C86744EC58EE98485F816A90D0F5","Scene_Seed":230908,"Sequence":135,"Source_Frame_Index":354,"Source_Model_Version":"safety_gate_v1","Source_Stamp_Us":35505593,"Stamp_Us":35505593,"Step_Dt":0.20000000298023224,"Valid":true}__OD_END__
[ue_object_deliverer_bridge_node-1] [INFO] [1785943014.652686400] [ue_object_deliverer_bridge_node]: kinematic setpoint received stamp=35709237 valid=1
[ue_object_deliverer_bridge_node-1] [INFO] [1785943014.892306880] [ue_object_deliverer_bridge_node]: kinematic setpoint received stamp=35709238 valid=1
[image_entity_perception-9] [INFO] [1785943014.931117536] [image_entity_perception]: PERCEPTION_PERF_TRACE frame_index=359 count=350 predict_ms=37.6 entities=4 valid=True
[temporal_entity_tracker-2] [INFO] [1785943014.933201120] [temporal_entity_tracker]: TRACK_TRACE frame_index=359 count=350 source_valid=True source_entities=4 visible_source=1
[ue_object_deliverer_bridge_node-1] [INFO] [1785943015.151949184] [ue_object_deliverer_bridge_node]: kinematic setpoint received stamp=36210692 valid=1
[ue_object_deliverer_bridge_node-1] [INFO] [1785943015.463078912] [ue_object_deliverer_bridge_node]: kinematic setpoint received stamp=36509593 valid=1
[ue_object_deliverer_bridge_node-1] [INFO] [1785943015.463541024] [ue_object_deliverer_bridge_node]: Sent kinematic setpoint to UE5: bytes=422, payload={"Command_Type":"Kinematic_Setpoint","Delta_X_Cm":-9.836503118276596,"Delta_Y_Cm":-1.683388464152813,"Frame_ID":"ue_actor_local","Hold_Position":false,"Reason":"DECISION_VALID","Run_ID":"B899C86744EC58EE98485F816A90D0F5","Scene_Seed":230908,"Sequence":139,"Source_Frame_Index":364,"Source_Model_Version":"safety_gate_v1","Source_Stamp_Us":36509593,"Stamp_Us":36509593,"Step_Dt":0.20000000298023224,"Valid":true}__OD_END__
[ue_object_deliverer_bridge_node-1] [INFO] [1785943015.746273696] [ue_object_deliverer_bridge_node]: kinematic setpoint received stamp=36806136 valid=1
[ue_object_deliverer_bridge_node-1] [INFO] [1785943016.040582432] [ue_object_deliverer_bridge_node]: kinematic setpoint received stamp=37101495 valid=1
[ue_object_deliverer_bridge_node-1] [INFO] [1785943016.336472832] [ue_object_deliverer_bridge_node]: kinematic setpoint received stamp=37400627 valid=1
[ue_object_deliverer_bridge_node-1] [INFO] [1785943016.546791520] [ue_object_deliverer_bridge_node]: kinematic setpoint received stamp=37602492 valid=1
[ue_object_deliverer_bridge_node-1] [INFO] [1785943016.547332800] [ue_object_deliverer_bridge_node]: Sent kinematic setpoint to UE5: bytes=424, payload={"Command_Type":"Kinematic_Setpoint","Delta_X_Cm":-21.494631469249725,"Delta_Y_Cm":-2.7924463152885437,"Frame_ID":"ue_actor_local","Hold_Position":false,"Reason":"DECISION_VALID","Run_ID":"B899C86744EC58EE98485F816A90D0F5","Scene_Seed":230908,"Sequence":143,"Source_Frame_Index":375,"Source_Model_Version":"safety_gate_v1","Source_Stamp_Us":37602492,"Stamp_Us":37602492,"Step_Dt":0.20000000298023224,"Valid":true}__OD_END__
[ue_object_deliverer_bridge_node-1] [INFO] [1785943016.753975328] [ue_object_deliverer_bridge_node]: kinematic setpoint received stamp=37804860 valid=1
[ue_object_deliverer_bridge_node-1] [INFO] [1785943017.057567904] [ue_object_deliverer_bridge_node]: kinematic setpoint received stamp=38106185 valid=1
[ue_object_deliverer_bridge_node-1] [INFO] [1785943017.339211648] [ue_object_deliverer_bridge_node]: kinematic setpoint received stamp=38407262 valid=1
[ue_object_deliverer_bridge_node-1] [INFO] [1785943017.551546112] [ue_object_deliverer_bridge_node]: kinematic setpoint received stamp=38610413 valid=1
[ue_object_deliverer_bridge_node-1] [INFO] [1785943017.551983936] [ue_object_deliverer_bridge_node]: Sent kinematic setpoint to UE5: bytes=424, payload={"Command_Type":"Kinematic_Setpoint","Delta_X_Cm":-7.7091895043849945,"Delta_Y_Cm":-0.6257935892790556,"Frame_ID":"ue_actor_local","Hold_Position":false,"Reason":"DECISION_VALID","Run_ID":"B899C86744EC58EE98485F816A90D0F5","Scene_Seed":230908,"Sequence":147,"Source_Frame_Index":385,"Source_Model_Version":"safety_gate_v1","Source_Stamp_Us":38610413,"Stamp_Us":38610413,"Step_Dt":0.20000000298023224,"Valid":true}__OD_END__
[ue_object_deliverer_bridge_node-1] [INFO] [1785943017.758938656] [ue_object_deliverer_bridge_node]: kinematic setpoint received stamp=38805713 valid=1
[ue_object_deliverer_bridge_node-1] [INFO] [1785943018.048590368] [ue_object_deliverer_bridge_node]: kinematic setpoint received stamp=39108091 valid=1
[ue_object_deliverer_bridge_node-1] [INFO] [1785943018.250412000] [ue_object_deliverer_bridge_node]: kinematic setpoint received stamp=39308979 valid=1
[ue_object_deliverer_bridge_node-1] [INFO] [1785943018.467115200] [ue_object_deliverer_bridge_node]: kinematic setpoint received stamp=39512033 valid=1
[ue_object_deliverer_bridge_node-1] [INFO] [1785943018.751833280] [ue_object_deliverer_bridge_node]: kinematic setpoint received stamp=39810056 valid=1
[ue_object_deliverer_bridge_node-1] [INFO] [1785943018.752221568] [ue_object_deliverer_bridge_node]: Sent kinematic setpoint to UE5: bytes=422, payload={"Command_Type":"Kinematic_Setpoint","Delta_X_Cm":16.628096997737885,"Delta_Y_Cm":1.3299995101988316,"Frame_ID":"ue_actor_local","Hold_Position":false,"Reason":"DECISION_VALID","Run_ID":"B899C86744EC58EE98485F816A90D0F5","Scene_Seed":230908,"Sequence":152,"Source_Frame_Index":397,"Source_Model_Version":"safety_gate_v1","Source_Stamp_Us":39810056,"Stamp_Us":39810056,"Step_Dt":0.20000000298023224,"Valid":true}__OD_END__
[ue_object_deliverer_bridge_node-1] [INFO] [1785943019.043411680] [ue_object_deliverer_bridge_node]: kinematic setpoint received stamp=40107484 valid=1
[ue_object_deliverer_bridge_node-1] [INFO] [1785943019.258662528] [ue_object_deliverer_bridge_node]: kinematic setpoint received stamp=40310367 valid=1
[ue_object_deliverer_bridge_node-1] [INFO] [1785943019.559623776] [ue_object_deliverer_bridge_node]: kinematic setpoint received stamp=40612402 valid=1
[ue_object_deliverer_bridge_node-1] [INFO] [1785943019.856288256] [ue_object_deliverer_bridge_node]: kinematic setpoint received stamp=40903043 valid=1
[ue_object_deliverer_bridge_node-1] [INFO] [1785943019.856823680] [ue_object_deliverer_bridge_node]: Sent kinematic setpoint to UE5: bytes=421, payload={"Command_Type":"Kinematic_Setpoint","Delta_X_Cm":26.813805103302002,"Delta_Y_Cm":2.205417677760124,"Frame_ID":"ue_actor_local","Hold_Position":false,"Reason":"DECISION_VALID","Run_ID":"B899C86744EC58EE98485F816A90D0F5","Scene_Seed":230908,"Sequence":156,"Source_Frame_Index":408,"Source_Model_Version":"safety_gate_v1","Source_Stamp_Us":40903043,"Stamp_Us":40903043,"Step_Dt":0.20000000298023224,"Valid":true}__OD_END__
[image_entity_perception-9] [INFO] [1785943019.952526656] [image_entity_perception]: PERCEPTION_PERF_TRACE frame_index=409 count=400 predict_ms=49.0 entities=4 valid=True
[temporal_entity_tracker-2] [INFO] [1785943019.953273440] [temporal_entity_tracker]: TRACK_TRACE frame_index=409 count=400 source_valid=True source_entities=4 visible_source=1
[vla_policy-10] [INFO] [1785943019.958882272] [vla_policy]: ENT_IN_TRACE count=400 frame_index=409 valid=True detail=OK:selected=1;targets=1;risks=0;dropped=0
[ue_object_deliverer_bridge_node-1] [INFO] [1785943020.149430784] [ue_object_deliverer_bridge_node]: kinematic setpoint received stamp=41205269 valid=1
[ue_object_deliverer_bridge_node-1] [INFO] [1785943020.346390176] [ue_object_deliverer_bridge_node]: kinematic setpoint received stamp=41410179 valid=1
[ue_object_deliverer_bridge_node-1] [INFO] [1785943020.557769600] [ue_object_deliverer_bridge_node]: kinematic setpoint received stamp=41605143 valid=1
[ue_object_deliverer_bridge_node-1] [INFO] [1785943020.764034496] [ue_object_deliverer_bridge_node]: kinematic setpoint received stamp=41810029 valid=1
[ue_object_deliverer_bridge_node-1] [INFO] [1785943021.050334688] [ue_object_deliverer_bridge_node]: kinematic setpoint received stamp=42104652 valid=1
[ue_object_deliverer_bridge_node-1] [INFO] [1785943021.050739936] [ue_object_deliverer_bridge_node]: Sent kinematic setpoint to UE5: bytes=421, payload={"Command_Type":"Kinematic_Setpoint","Delta_X_Cm":23.670022189617157,"Delta_Y_Cm":1.219023484736681,"Frame_ID":"ue_actor_local","Hold_Position":false,"Reason":"DECISION_VALID","Run_ID":"B899C86744EC58EE98485F816A90D0F5","Scene_Seed":230908,"Sequence":161,"Source_Frame_Index":420,"Source_Model_Version":"safety_gate_v1","Source_Stamp_Us":42104652,"Stamp_Us":42104652,"Step_Dt":0.20000000298023224,"Valid":true}__OD_END__
[ue_object_deliverer_bridge_node-1] [INFO] [1785943021.352200928] [ue_object_deliverer_bridge_node]: kinematic setpoint received stamp=42412100 valid=1
[ue_object_deliverer_bridge_node-1] [INFO] [1785943021.652026048] [ue_object_deliverer_bridge_node]: kinematic setpoint received stamp=42703646 valid=1
[ue_object_deliverer_bridge_node-1] [INFO] [1785943021.855491008] [ue_object_deliverer_bridge_node]: kinematic setpoint received stamp=42908259 valid=1
[ue_object_deliverer_bridge_node-1] [INFO] [1785943022.162749920] [ue_object_deliverer_bridge_node]: kinematic setpoint received stamp=43213724 valid=1
[ue_object_deliverer_bridge_node-1] [INFO] [1785943022.163316704] [ue_object_deliverer_bridge_node]: Sent kinematic setpoint to UE5: bytes=421, payload={"Command_Type":"Kinematic_Setpoint","Delta_X_Cm":9.943026304244995,"Delta_Y_Cm":0.9604555554687977,"Frame_ID":"ue_actor_local","Hold_Position":false,"Reason":"DECISION_VALID","Run_ID":"B899C86744EC58EE98485F816A90D0F5","Scene_Seed":230908,"Sequence":165,"Source_Frame_Index":431,"Source_Model_Version":"safety_gate_v1","Source_Stamp_Us":43213724,"Stamp_Us":43213724,"Step_Dt":0.20000000298023224,"Valid":true}__OD_END__
[ue_object_deliverer_bridge_node-1] [INFO] [1785943022.452469824] [ue_object_deliverer_bridge_node]: kinematic setpoint received stamp=43501759 valid=1
[ue_object_deliverer_bridge_node-1] [INFO] [1785943022.648266944] [ue_object_deliverer_bridge_node]: kinematic setpoint received stamp=43710784 valid=1
[ue_object_deliverer_bridge_node-1] [INFO] [1785943022.896773440] [ue_object_deliverer_bridge_node]: kinematic setpoint received stamp=43710785 valid=1
[ue_object_deliverer_bridge_node-1] [INFO] [1785943023.154033376] [ue_object_deliverer_bridge_node]: kinematic setpoint received stamp=44203159 valid=1
[ue_object_deliverer_bridge_node-1] [INFO] [1785943023.349606656] [ue_object_deliverer_bridge_node]: kinematic setpoint received stamp=44412459 valid=1
[ue_object_deliverer_bridge_node-1] [INFO] [1785943023.350136768] [ue_object_deliverer_bridge_node]: Sent kinematic setpoint to UE5: bytes=423, payload={"Command_Type":"Kinematic_Setpoint","Delta_X_Cm":-9.860211610794067,"Delta_Y_Cm":-1.3816660270094872,"Frame_ID":"ue_actor_local","Hold_Position":false,"Reason":"DECISION_VALID","Run_ID":"B899C86744EC58EE98485F816A90D0F5","Scene_Seed":230908,"Sequence":170,"Source_Frame_Index":443,"Source_Model_Version":"safety_gate_v1","Source_Stamp_Us":44412459,"Stamp_Us":44412459,"Step_Dt":0.20000000298023224,"Valid":true}__OD_END__
[ue_object_deliverer_bridge_node-1] [INFO] [1785943023.654314592] [ue_object_deliverer_bridge_node]: kinematic setpoint received stamp=44711644 valid=1
[ue_object_deliverer_bridge_node-1] [INFO] [1785943023.896590624] [ue_object_deliverer_bridge_node]: kinematic setpoint received stamp=44711645 valid=1
[ue_object_deliverer_bridge_node-1] [INFO] [1785943024.144071392] [ue_object_deliverer_bridge_node]: kinematic setpoint received stamp=45200588 valid=1
[ue_object_deliverer_bridge_node-1] [INFO] [1785943024.351986816] [ue_object_deliverer_bridge_node]: kinematic setpoint received stamp=45406356 valid=1
[ue_object_deliverer_bridge_node-1] [INFO] [1785943024.565713408] [ue_object_deliverer_bridge_node]: kinematic setpoint received stamp=45610458 valid=1
[ue_object_deliverer_bridge_node-1] [INFO] [1785943024.566251008] [ue_object_deliverer_bridge_node]: Sent kinematic setpoint to UE5: bytes=421, payload={"Command_Type":"Kinematic_Setpoint","Delta_X_Cm":14.940822124481201,"Delta_Y_Cm":-1.11927455291152,"Frame_ID":"ue_actor_local","Hold_Position":false,"Reason":"DECISION_VALID","Run_ID":"B899C86744EC58EE98485F816A90D0F5","Scene_Seed":230908,"Sequence":175,"Source_Frame_Index":455,"Source_Model_Version":"safety_gate_v1","Source_Stamp_Us":45610458,"Stamp_Us":45610458,"Step_Dt":0.20000000298023224,"Valid":true}__OD_END__
[ue_object_deliverer_bridge_node-1] [INFO] [1785943024.845793888] [ue_object_deliverer_bridge_node]: kinematic setpoint received stamp=45902229 valid=1
[image_entity_perception-9] [INFO] [1785943024.939811264] [image_entity_perception]: PERCEPTION_PERF_TRACE frame_index=459 count=450 predict_ms=39.5 entities=4 valid=True
[temporal_entity_tracker-2] [INFO] [1785943024.940572032] [temporal_entity_tracker]: TRACK_TRACE frame_index=459 count=450 source_valid=True source_entities=4 visible_source=1
[ue_object_deliverer_bridge_node-1] [INFO] [1785943025.068846848] [ue_object_deliverer_bridge_node]: kinematic setpoint received stamp=46108920 valid=1
[ue_object_deliverer_bridge_node-1] [INFO] [1785943025.353824192] [ue_object_deliverer_bridge_node]: kinematic setpoint received stamp=46404453 valid=1
[ue_object_deliverer_bridge_node-1] [INFO] [1785943025.562302592] [ue_object_deliverer_bridge_node]: kinematic setpoint received stamp=46610133 valid=1
[ue_object_deliverer_bridge_node-1] [INFO] [1785943025.866734848] [ue_object_deliverer_bridge_node]: kinematic setpoint received stamp=46910891 valid=1
[ue_object_deliverer_bridge_node-1] [INFO] [1785943025.867112960] [ue_object_deliverer_bridge_node]: Sent kinematic setpoint to UE5: bytes=423, payload={"Command_Type":"Kinematic_Setpoint","Delta_X_Cm":28.632017970085144,"Delta_Y_Cm":-1.5008837915956974,"Frame_ID":"ue_actor_local","Hold_Position":false,"Reason":"DECISION_VALID","Run_ID":"B899C86744EC58EE98485F816A90D0F5","Scene_Seed":230908,"Sequence":180,"Source_Frame_Index":468,"Source_Model_Version":"safety_gate_v1","Source_Stamp_Us":46910891,"Stamp_Us":46910891,"Step_Dt":0.20000000298023224,"Valid":true}__OD_END__
[ue_object_deliverer_bridge_node-1] [INFO] [1785943026.161038560] [ue_object_deliverer_bridge_node]: kinematic setpoint received stamp=47212929 valid=1
[ue_object_deliverer_bridge_node-1] [INFO] [1785943026.442804416] [ue_object_deliverer_bridge_node]: kinematic setpoint received stamp=47503696 valid=1
[ue_object_deliverer_bridge_node-1] [INFO] [1785943026.649199392] [ue_object_deliverer_bridge_node]: kinematic setpoint received stamp=47711028 valid=1
[ue_object_deliverer_bridge_node-1] [INFO] [1785943026.854002912] [ue_object_deliverer_bridge_node]: kinematic setpoint received stamp=47902126 valid=1
[ue_object_deliverer_bridge_node-1] [INFO] [1785943027.158029472] [ue_object_deliverer_bridge_node]: kinematic setpoint received stamp=48206514 valid=1
[ue_object_deliverer_bridge_node-1] [INFO] [1785943027.158418176] [ue_object_deliverer_bridge_node]: Sent kinematic setpoint to UE5: bytes=423, payload={"Command_Type":"Kinematic_Setpoint","Delta_X_Cm":19.056549668312073,"Delta_Y_Cm":-1.5453851781785488,"Frame_ID":"ue_actor_local","Hold_Position":false,"Reason":"DECISION_VALID","Run_ID":"B899C86744EC58EE98485F816A90D0F5","Scene_Seed":230908,"Sequence":185,"Source_Frame_Index":481,"Source_Model_Version":"safety_gate_v1","Source_Stamp_Us":48206514,"Stamp_Us":48206514,"Step_Dt":0.20000000298023224,"Valid":true}__OD_END__
[ue_object_deliverer_bridge_node-1] [INFO] [1785943027.466072896] [ue_object_deliverer_bridge_node]: kinematic setpoint received stamp=48509456 valid=1
[ue_object_deliverer_bridge_node-1] [INFO] [1785943027.751681184] [ue_object_deliverer_bridge_node]: kinematic setpoint received stamp=48804406 valid=1
[ue_object_deliverer_bridge_node-1] [INFO] [1785943028.056808000] [ue_object_deliverer_bridge_node]: kinematic setpoint received stamp=49106306 valid=1
[ue_object_deliverer_bridge_node-1] [INFO] [1785943028.264702784] [ue_object_deliverer_bridge_node]: kinematic setpoint received stamp=49310614 valid=1
[ue_object_deliverer_bridge_node-1] [INFO] [1785943028.265075968] [ue_object_deliverer_bridge_node]: Sent kinematic setpoint to UE5: bytes=422, payload={"Command_Type":"Kinematic_Setpoint","Delta_X_Cm":9.577430039644241,"Delta_Y_Cm":-1.5854643657803535,"Frame_ID":"ue_actor_local","Hold_Position":false,"Reason":"DECISION_VALID","Run_ID":"B899C86744EC58EE98485F816A90D0F5","Scene_Seed":230908,"Sequence":189,"Source_Frame_Index":492,"Source_Model_Version":"safety_gate_v1","Source_Stamp_Us":49310614,"Stamp_Us":49310614,"Step_Dt":0.20000000298023224,"Valid":true}__OD_END__
[ue_object_deliverer_bridge_node-1] [INFO] [1785943028.549975040] [ue_object_deliverer_bridge_node]: kinematic setpoint received stamp=49601078 valid=1
[ue_object_deliverer_bridge_node-1] [INFO] [1785943028.860620960] [ue_object_deliverer_bridge_node]: kinematic setpoint received stamp=49903434 valid=1
[ue_object_deliverer_bridge_node-1] [INFO] [1785943029.154696448] [ue_object_deliverer_bridge_node]: kinematic setpoint received stamp=50203913 valid=1
[ue_object_deliverer_bridge_node-1] [INFO] [1785943029.355060288] [ue_object_deliverer_bridge_node]: kinematic setpoint received stamp=50411908 valid=1
[ue_object_deliverer_bridge_node-1] [INFO] [1785943029.355440928] [ue_object_deliverer_bridge_node]: Sent kinematic setpoint to UE5: bytes=423, payload={"Command_Type":"Kinematic_Setpoint","Delta_X_Cm":19.560334086418152,"Delta_Y_Cm":-1.8593152984976768,"Frame_ID":"ue_actor_local","Hold_Position":false,"Reason":"DECISION_VALID","Run_ID":"B899C86744EC58EE98485F816A90D0F5","Scene_Seed":230908,"Sequence":193,"Source_Frame_Index":503,"Source_Model_Version":"safety_gate_v1","Source_Stamp_Us":50411908,"Stamp_Us":50411908,"Step_Dt":0.20000000298023224,"Valid":true}__OD_END__
[ue_object_deliverer_bridge_node-1] [INFO] [1785943029.652975328] [ue_object_deliverer_bridge_node]: kinematic setpoint received stamp=50704431 valid=1
[ue_object_deliverer_bridge_node-1] [INFO] [1785943029.874014944] [ue_object_deliverer_bridge_node]: kinematic setpoint received stamp=50911752 valid=1
[image_entity_perception-9] [INFO] [1785943029.944126112] [image_entity_perception]: PERCEPTION_PERF_TRACE frame_index=509 count=500 predict_ms=46.1 entities=4 valid=True
[temporal_entity_tracker-2] [INFO] [1785943029.945174208] [temporal_entity_tracker]: TRACK_TRACE frame_index=509 count=500 source_valid=True source_entities=4 visible_source=1
[vla_policy-10] [INFO] [1785943029.949747360] [vla_policy]: ENT_IN_TRACE count=500 frame_index=509 valid=True detail=OK:selected=1;targets=1;risks=1;dropped=0
[ue_object_deliverer_bridge_node-1] [INFO] [1785943030.168199872] [ue_object_deliverer_bridge_node]: kinematic setpoint received stamp=51213255 valid=1
[ue_object_deliverer_bridge_node-1] [INFO] [1785943030.456618624] [ue_object_deliverer_bridge_node]: kinematic setpoint received stamp=51503014 valid=1
[ue_object_deliverer_bridge_node-1] [INFO] [1785943030.457007232] [ue_object_deliverer_bridge_node]: Sent kinematic setpoint to UE5: bytes=420, payload={"Command_Type":"Kinematic_Setpoint","Delta_X_Cm":22.983318567276,"Delta_Y_Cm":-1.5022621490061283,"Frame_ID":"ue_actor_local","Hold_Position":false,"Reason":"DECISION_VALID","Run_ID":"B899C86744EC58EE98485F816A90D0F5","Scene_Seed":230908,"Sequence":197,"Source_Frame_Index":514,"Source_Model_Version":"safety_gate_v1","Source_Stamp_Us":51503014,"Stamp_Us":51503014,"Step_Dt":0.20000000298023224,"Valid":true}__OD_END__
[ue_object_deliverer_bridge_node-1] [INFO] [1785943030.764040800] [ue_object_deliverer_bridge_node]: kinematic setpoint received stamp=51812633 valid=1
[vla_policy-10] [INFO] [1785943031.056663680] [vla_policy]: POLICY_AUDIT trigger=periodic events=200 policy_driven=192 backstop=8 hold=0 fail_closed=0 policy_stop=0 guard_reason=policy_driven raw_dx=0.142226 raw_dy=0.014454 guarded_dx=0.142226 guarded_dy=0.014454 final_dx=0.160650 final_dy=0.014399
[ue_object_deliverer_bridge_node-1] [INFO] [1785943031.060091104] [ue_object_deliverer_bridge_node]: kinematic setpoint received stamp=52113340 valid=1
[ue_object_deliverer_bridge_node-1] [INFO] [1785943031.344121504] [ue_object_deliverer_bridge_node]: kinematic setpoint received stamp=52401926 valid=1
[ue_object_deliverer_bridge_node-1] [INFO] [1785943031.552277056] [ue_object_deliverer_bridge_node]: kinematic setpoint received stamp=52608669 valid=1
[ue_object_deliverer_bridge_node-1] [INFO] [1785943031.552668192] [ue_object_deliverer_bridge_node]: Sent kinematic setpoint to UE5: bytes=423, payload={"Command_Type":"Kinematic_Setpoint","Delta_X_Cm":11.013240367174149,"Delta_Y_Cm":-0.8596261963248253,"Frame_ID":"ue_actor_local","Hold_Position":false,"Reason":"DECISION_VALID","Run_ID":"B899C86744EC58EE98485F816A90D0F5","Scene_Seed":230908,"Sequence":201,"Source_Frame_Index":525,"Source_Model_Version":"safety_gate_v1","Source_Stamp_Us":52608669,"Stamp_Us":52608669,"Step_Dt":0.20000000298023224,"Valid":true}__OD_END__
[ue_object_deliverer_bridge_node-1] [INFO] [1785943031.758689600] [ue_object_deliverer_bridge_node]: kinematic setpoint received stamp=52813536 valid=1
[ue_object_deliverer_bridge_node-1] [INFO] [1785943032.047646752] [ue_object_deliverer_bridge_node]: kinematic setpoint received stamp=53104266 valid=1
[ue_object_deliverer_bridge_node-1] [INFO] [1785943032.263754272] [ue_object_deliverer_bridge_node]: kinematic setpoint received stamp=53310913 valid=1
[ue_object_deliverer_bridge_node-1] [INFO] [1785943032.562100640] [ue_object_deliverer_bridge_node]: kinematic setpoint received stamp=53613873 valid=1
[ue_object_deliverer_bridge_node-1] [INFO] [1785943032.562480096] [ue_object_deliverer_bridge_node]: Sent kinematic setpoint to UE5: bytes=423, payload={"Command_Type":"Kinematic_Setpoint","Delta_X_Cm":0.9998537600040436,"Delta_Y_Cm":-1.1082975193858147,"Frame_ID":"ue_actor_local","Hold_Position":false,"Reason":"DECISION_VALID","Run_ID":"B899C86744EC58EE98485F816A90D0F5","Scene_Seed":230908,"Sequence":205,"Source_Frame_Index":535,"Source_Model_Version":"safety_gate_v1","Source_Stamp_Us":53613873,"Stamp_Us":53613873,"Step_Dt":0.20000000298023224,"Valid":true}__OD_END__
[ue_object_deliverer_bridge_node-1] [INFO] [1785943032.845125600] [ue_object_deliverer_bridge_node]: kinematic setpoint received stamp=53903527 valid=1
[ue_object_deliverer_bridge_node-1] [INFO] [1785943033.057809600] [ue_object_deliverer_bridge_node]: kinematic setpoint received stamp=54111660 valid=1
[ue_object_deliverer_bridge_node-1] [INFO] [1785943033.348863456] [ue_object_deliverer_bridge_node]: kinematic setpoint received stamp=54404565 valid=1
[ue_object_deliverer_bridge_node-1] [INFO] [1785943033.555122336] [ue_object_deliverer_bridge_node]: kinematic setpoint received stamp=54611575 valid=1
[ue_object_deliverer_bridge_node-1] [INFO] [1785943033.851985536] [ue_object_deliverer_bridge_node]: kinematic setpoint received stamp=54902729 valid=1
[ue_object_deliverer_bridge_node-1] [INFO] [1785943033.852393248] [ue_object_deliverer_bridge_node]: Sent kinematic setpoint to UE5: bytes=423, payload={"Command_Type":"Kinematic_Setpoint","Delta_X_Cm":24.829193949699402,"Delta_Y_Cm":-1.4957262203097343,"Frame_ID":"ue_actor_local","Hold_Position":false,"Reason":"DECISION_VALID","Run_ID":"B899C86744EC58EE98485F816A90D0F5","Scene_Seed":230908,"Sequence":210,"Source_Frame_Index":548,"Source_Model_Version":"safety_gate_v1","Source_Stamp_Us":54902729,"Stamp_Us":54902729,"Step_Dt":0.20000000298023224,"Valid":true}__OD_END__
[ue_object_deliverer_bridge_node-1] [INFO] [1785943034.061413312] [ue_object_deliverer_bridge_node]: kinematic setpoint received stamp=55107140 valid=1
[ue_object_deliverer_bridge_node-1] [INFO] [1785943034.351285408] [ue_object_deliverer_bridge_node]: kinematic setpoint received stamp=55406976 valid=1
[ue_object_deliverer_bridge_node-1] [INFO] [1785943034.550456736] [ue_object_deliverer_bridge_node]: kinematic setpoint received stamp=55612884 valid=1
[ue_object_deliverer_bridge_node-1] [INFO] [1785943034.859240224] [ue_object_deliverer_bridge_node]: kinematic setpoint received stamp=55913954 valid=1
[ue_object_deliverer_bridge_node-1] [INFO] [1785943034.859616064] [ue_object_deliverer_bridge_node]: Sent kinematic setpoint to UE5: bytes=423, payload={"Command_Type":"Kinematic_Setpoint","Delta_X_Cm":23.187054693698883,"Delta_Y_Cm":-1.8417621031403542,"Frame_ID":"ue_actor_local","Hold_Position":false,"Reason":"DECISION_VALID","Run_ID":"B899C86744EC58EE98485F816A90D0F5","Scene_Seed":230908,"Sequence":214,"Source_Frame_Index":558,"Source_Model_Version":"safety_gate_v1","Source_Stamp_Us":55913954,"Stamp_Us":55913954,"Step_Dt":0.20000000298023224,"Valid":true}__OD_END__
[image_entity_perception-9] [INFO] [1785943034.923392320] [image_entity_perception]: PERCEPTION_PERF_TRACE frame_index=559 count=550 predict_ms=38.6 entities=4 valid=True
[temporal_entity_tracker-2] [INFO] [1785943034.924269888] [temporal_entity_tracker]: TRACK_TRACE frame_index=559 count=550 source_valid=True source_entities=4 visible_source=1
[ue_object_deliverer_bridge_node-1] [INFO] [1785943035.146404416] [ue_object_deliverer_bridge_node]: kinematic setpoint received stamp=56201603 valid=1
[ue_object_deliverer_bridge_node-1] [INFO] [1785943035.355924896] [ue_object_deliverer_bridge_node]: kinematic setpoint received stamp=56408861 valid=1
[ue_object_deliverer_bridge_node-1] [INFO] [1785943035.568183328] [ue_object_deliverer_bridge_node]: kinematic setpoint received stamp=56611095 valid=1
[ue_object_deliverer_bridge_node-1] [INFO] [1785943035.846401344] [ue_object_deliverer_bridge_node]: kinematic setpoint received stamp=56909002 valid=1
[ue_object_deliverer_bridge_node-1] [INFO] [1785943036.151199008] [ue_object_deliverer_bridge_node]: kinematic setpoint received stamp=57212259 valid=1
[ue_object_deliverer_bridge_node-1] [INFO] [1785943036.151614624] [ue_object_deliverer_bridge_node]: Sent kinematic setpoint to UE5: bytes=423, payload={"Command_Type":"Kinematic_Setpoint","Delta_X_Cm":14.305058121681213,"Delta_Y_Cm":-1.6841152682900429,"Frame_ID":"ue_actor_local","Hold_Position":false,"Reason":"DECISION_VALID","Run_ID":"B899C86744EC58EE98485F816A90D0F5","Scene_Seed":230908,"Sequence":219,"Source_Frame_Index":571,"Source_Model_Version":"safety_gate_v1","Source_Stamp_Us":57212259,"Stamp_Us":57212259,"Step_Dt":0.20000000298023224,"Valid":true}__OD_END__
[ue_object_deliverer_bridge_node-1] [INFO] [1785943036.438602368] [ue_object_deliverer_bridge_node]: kinematic setpoint received stamp=57501358 valid=1
[ue_object_deliverer_bridge_node-1] [INFO] [1785943036.644733248] [ue_object_deliverer_bridge_node]: kinematic setpoint received stamp=57706911 valid=1
[ue_object_deliverer_bridge_node-1] [INFO] [1785943036.897579936] [ue_object_deliverer_bridge_node]: kinematic setpoint received stamp=57706912 valid=1
[ue_object_deliverer_bridge_node-1] [INFO] [1785943037.157855744] [ue_object_deliverer_bridge_node]: kinematic setpoint received stamp=58202788 valid=1
[ue_object_deliverer_bridge_node-1] [INFO] [1785943037.442186240] [ue_object_deliverer_bridge_node]: kinematic setpoint received stamp=58506357 valid=1
[ue_object_deliverer_bridge_node-1] [INFO] [1785943037.442561376] [ue_object_deliverer_bridge_node]: Sent kinematic setpoint to UE5: bytes=423, payload={"Command_Type":"Kinematic_Setpoint","Delta_X_Cm":-8.303243666887283,"Delta_Y_Cm":-2.6222828775644302,"Frame_ID":"ue_actor_local","Hold_Position":false,"Reason":"DECISION_VALID","Run_ID":"B899C86744EC58EE98485F816A90D0F5","Scene_Seed":230908,"Sequence":224,"Source_Frame_Index":584,"Source_Model_Version":"safety_gate_v1","Source_Stamp_Us":58506357,"Stamp_Us":58506357,"Step_Dt":0.20000000298023224,"Valid":true}__OD_END__
[ue_object_deliverer_bridge_node-1] [INFO] [1785943037.646705824] [ue_object_deliverer_bridge_node]: kinematic setpoint received stamp=58711619 valid=1
[ue_object_deliverer_bridge_node-1] [INFO] [1785943037.884097696] [ue_object_deliverer_bridge_node]: kinematic setpoint received stamp=58711620 valid=1
[ue_object_deliverer_bridge_node-1] [INFO] [1785943038.139099520] [ue_object_deliverer_bridge_node]: kinematic setpoint received stamp=59207474 valid=1
[ue_object_deliverer_bridge_node-1] [INFO] [1785943038.346487072] [ue_object_deliverer_bridge_node]: kinematic setpoint received stamp=59411490 valid=1
[ue_object_deliverer_bridge_node-1] [INFO] [1785943038.556179648] [ue_object_deliverer_bridge_node]: kinematic setpoint received stamp=59605228 valid=1
[ue_object_deliverer_bridge_node-1] [INFO] [1785943038.556682304] [ue_object_deliverer_bridge_node]: Sent kinematic setpoint to UE5: bytes=423, payload={"Command_Type":"Kinematic_Setpoint","Delta_X_Cm":14.924049377441406,"Delta_Y_Cm":-1.2712165713310242,"Frame_ID":"ue_actor_local","Hold_Position":false,"Reason":"DECISION_VALID","Run_ID":"B899C86744EC58EE98485F816A90D0F5","Scene_Seed":230908,"Sequence":229,"Source_Frame_Index":595,"Source_Model_Version":"safety_gate_v1","Source_Stamp_Us":59605228,"Stamp_Us":59605228,"Step_Dt":0.20000000298023224,"Valid":true}__OD_END__
[ue_object_deliverer_bridge_node-1] [INFO] [1785943038.772125024] [ue_object_deliverer_bridge_node]: kinematic setpoint received stamp=59813059 valid=1
[ue_object_deliverer_bridge_node-1] [INFO] [1785943039.049804832] [ue_object_deliverer_bridge_node]: kinematic setpoint received stamp=60103811 valid=1
[ue_object_deliverer_bridge_node-1] [INFO] [1785943039.253990144] [ue_object_deliverer_bridge_node]: kinematic setpoint received stamp=60308783 valid=1
[ue_object_deliverer_bridge_node-1] [INFO] [1785943039.558221408] [ue_object_deliverer_bridge_node]: kinematic setpoint received stamp=60611723 valid=1
[ue_object_deliverer_bridge_node-1] [INFO] [1785943039.558603712] [ue_object_deliverer_bridge_node]: Sent kinematic setpoint to UE5: bytes=422, payload={"Command_Type":"Kinematic_Setpoint","Delta_X_Cm":27.97853648662567,"Delta_Y_Cm":-1.6072813421487808,"Frame_ID":"ue_actor_local","Hold_Position":false,"Reason":"DECISION_VALID","Run_ID":"B899C86744EC58EE98485F816A90D0F5","Scene_Seed":230908,"Sequence":233,"Source_Frame_Index":605,"Source_Model_Version":"safety_gate_v1","Source_Stamp_Us":60611723,"Stamp_Us":60611723,"Step_Dt":0.20000000298023224,"Valid":true}__OD_END__
[ue_object_deliverer_bridge_node-1] [INFO] [1785943039.836587488] [ue_object_deliverer_bridge_node]: kinematic setpoint received stamp=60902774 valid=1
[image_entity_perception-9] [INFO] [1785943039.929811776] [image_entity_perception]: PERCEPTION_PERF_TRACE frame_index=609 count=600 predict_ms=44.2 entities=4 valid=True
[temporal_entity_tracker-2] [INFO] [1785943039.930890656] [temporal_entity_tracker]: TRACK_TRACE frame_index=609 count=600 source_valid=True source_entities=4 visible_source=1
[vla_policy-10] [INFO] [1785943039.935788224] [vla_policy]: ENT_IN_TRACE count=600 frame_index=609 valid=True detail=OK:selected=1;targets=1;risks=0;dropped=0
[ue_object_deliverer_bridge_node-1] [INFO] [1785943040.072301696] [ue_object_deliverer_bridge_node]: kinematic setpoint received stamp=61110549 valid=1
[ue_object_deliverer_bridge_node-1] [INFO] [1785943040.356901184] [ue_object_deliverer_bridge_node]: kinematic setpoint received stamp=61401120 valid=1
[ue_object_deliverer_bridge_node-1] [INFO] [1785943040.651715264] [ue_object_deliverer_bridge_node]: kinematic setpoint received stamp=61702919 valid=1
[ue_object_deliverer_bridge_node-1] [INFO] [1785943040.652131200] [ue_object_deliverer_bridge_node]: Sent kinematic setpoint to UE5: bytes=423, payload={"Command_Type":"Kinematic_Setpoint","Delta_X_Cm":20.156851410865784,"Delta_Y_Cm":-1.0877634398639202,"Frame_ID":"ue_actor_local","Hold_Position":false,"Reason":"DECISION_VALID","Run_ID":"B899C86744EC58EE98485F816A90D0F5","Scene_Seed":230908,"Sequence":237,"Source_Frame_Index":616,"Source_Model_Version":"safety_gate_v1","Source_Stamp_Us":61702919,"Stamp_Us":61702919,"Step_Dt":0.20000000298023224,"Valid":true}__OD_END__
[ue_object_deliverer_bridge_node-1] [INFO] [1785943040.860489728] [ue_object_deliverer_bridge_node]: kinematic setpoint received stamp=61908955 valid=1
[ue_object_deliverer_bridge_node-1] [INFO] [1785943041.153572064] [ue_object_deliverer_bridge_node]: kinematic setpoint received stamp=62200887 valid=1
[ue_object_deliverer_bridge_node-1] [INFO] [1785943041.361584288] [ue_object_deliverer_bridge_node]: kinematic setpoint received stamp=62409828 valid=1
[ue_object_deliverer_bridge_node-1] [INFO] [1785943041.643102080] [ue_object_deliverer_bridge_node]: kinematic setpoint received stamp=62702169 valid=1
[ue_object_deliverer_bridge_node-1] [INFO] [1785943041.895038080] [ue_object_deliverer_bridge_node]: kinematic setpoint received stamp=62702170 valid=1
[ue_object_deliverer_bridge_node-1] [INFO] [1785943041.895489056] [ue_object_deliverer_bridge_node]: Sent kinematic setpoint to UE5: bytes=423, payload={"Command_Type":"Kinematic_Setpoint","Delta_X_Cm":-4.866751283407211,"Delta_Y_Cm":-1.1466175317764282,"Frame_ID":"ue_actor_local","Hold_Position":false,"Reason":"DECISION_VALID","Run_ID":"B899C86744EC58EE98485F816A90D0F5","Scene_Seed":230908,"Sequence":242,"Source_Frame_Index":579,"Source_Model_Version":"safety_gate_v1","Source_Stamp_Us":62702170,"Stamp_Us":62702170,"Step_Dt":0.20000000298023224,"Valid":true}__OD_END__
[ue_object_deliverer_bridge_node-1] [INFO] [1785943042.150391072] [ue_object_deliverer_bridge_node]: kinematic setpoint received stamp=63203871 valid=1
[ue_object_deliverer_bridge_node-1] [INFO] [1785943042.354480608] [ue_object_deliverer_bridge_node]: kinematic setpoint received stamp=63409064 valid=1
[ue_object_deliverer_bridge_node-1] [INFO] [1785943042.651173664] [ue_object_deliverer_bridge_node]: kinematic setpoint received stamp=63711119 valid=1
[ue_object_deliverer_bridge_node-1] [INFO] [1785943042.898660928] [ue_object_deliverer_bridge_node]: kinematic setpoint received stamp=63711120 valid=1
[ue_object_deliverer_bridge_node-1] [INFO] [1785943042.899037952] [ue_object_deliverer_bridge_node]: Sent kinematic setpoint to UE5: bytes=423, payload={"Command_Type":"Kinematic_Setpoint","Delta_X_Cm":4.999438300728798,"Delta_Y_Cm":-0.07493385346606374,"Frame_ID":"ue_actor_local","Hold_Position":false,"Reason":"DECISION_VALID","Run_ID":"B899C86744EC58EE98485F816A90D0F5","Scene_Seed":230908,"Sequence":246,"Source_Frame_Index":589,"Source_Model_Version":"safety_gate_v1","Source_Stamp_Us":63711120,"Stamp_Us":63711120,"Step_Dt":0.20000000298023224,"Valid":true}__OD_END__
[ue_object_deliverer_bridge_node-1] [INFO] [1785943043.140258112] [ue_object_deliverer_bridge_node]: kinematic setpoint received stamp=64205557 valid=1
[ue_object_deliverer_bridge_node-1] [INFO] [1785943043.365229984] [ue_object_deliverer_bridge_node]: kinematic setpoint received stamp=64411383 valid=1
[ue_object_deliverer_bridge_node-1] [INFO] [1785943043.649688064] [ue_object_deliverer_bridge_node]: kinematic setpoint received stamp=64706812 valid=1
[ue_object_deliverer_bridge_node-1] [INFO] [1785943043.864783008] [ue_object_deliverer_bridge_node]: kinematic setpoint received stamp=64913116 valid=1
[ue_object_deliverer_bridge_node-1] [INFO] [1785943044.151724864] [ue_object_deliverer_bridge_node]: kinematic setpoint received stamp=65201672 valid=1
[ue_object_deliverer_bridge_node-1] [INFO] [1785943044.152131008] [ue_object_deliverer_bridge_node]: Sent kinematic setpoint to UE5: bytes=422, payload={"Command_Type":"Kinematic_Setpoint","Delta_X_Cm":24.94874596595764,"Delta_Y_Cm":-0.9376072324812412,"Frame_ID":"ue_actor_local","Hold_Position":false,"Reason":"DECISION_VALID","Run_ID":"B899C86744EC58EE98485F816A90D0F5","Scene_Seed":230908,"Sequence":251,"Source_Frame_Index":651,"Source_Model_Version":"safety_gate_v1","Source_Stamp_Us":65201672,"Stamp_Us":65201672,"Step_Dt":0.20000000298023224,"Valid":true}__OD_END__
[ue_object_deliverer_bridge_node-1] [INFO] [1785943044.355948256] [ue_object_deliverer_bridge_node]: kinematic setpoint received stamp=65406682 valid=1
[ue_object_deliverer_bridge_node-1] [INFO] [1785943044.667807040] [ue_object_deliverer_bridge_node]: kinematic setpoint received stamp=65712467 valid=1
[ue_object_deliverer_bridge_node-1] [INFO] [1785943044.886097952] [ue_object_deliverer_bridge_node]: kinematic setpoint received stamp=65712468 valid=1
[image_entity_perception-9] [INFO] [1785943044.933238400] [image_entity_perception]: PERCEPTION_PERF_TRACE frame_index=659 count=650 predict_ms=44.5 entities=4 valid=True
[temporal_entity_tracker-2] [INFO] [1785943044.934230080] [temporal_entity_tracker]: TRACK_TRACE frame_index=659 count=650 source_valid=True source_entities=4 visible_source=1
[ue_object_deliverer_bridge_node-1] [INFO] [1785943045.154126880] [ue_object_deliverer_bridge_node]: kinematic setpoint received stamp=66209875 valid=1
[ue_object_deliverer_bridge_node-1] [INFO] [1785943045.154509760] [ue_object_deliverer_bridge_node]: Sent kinematic setpoint to UE5: bytes=393, payload={"Command_Type":"Kinematic_Setpoint","Delta_X_Cm":0.0,"Delta_Y_Cm":-0.0,"Frame_ID":"ue_actor_local","Hold_Position":false,"Reason":"DECISION_VALID","Run_ID":"B899C86744EC58EE98485F816A90D0F5","Scene_Seed":230908,"Sequence":255,"Source_Frame_Index":661,"Source_Model_Version":"safety_gate_v1","Source_Stamp_Us":66209875,"Stamp_Us":66209875,"Step_Dt":0.20000000298023224,"Valid":true}__OD_END__
[ue_object_deliverer_bridge_node-1] [INFO] [1785943045.469899296] [ue_object_deliverer_bridge_node]: kinematic setpoint received stamp=66513320 valid=1
[ue_object_deliverer_bridge_node-1] [INFO] [1785943045.748765952] [ue_object_deliverer_bridge_node]: kinematic setpoint received stamp=66801228 valid=1
[ue_object_deliverer_bridge_node-1] [INFO] [1785943045.955805920] [ue_object_deliverer_bridge_node]: kinematic setpoint received stamp=67005950 valid=1
[ue_object_deliverer_bridge_node-1] [INFO] [1785943046.263657376] [ue_object_deliverer_bridge_node]: kinematic setpoint received stamp=67311280 valid=1
[ue_object_deliverer_bridge_node-1] [INFO] [1785943046.264055200] [ue_object_deliverer_bridge_node]: Sent kinematic setpoint to UE5: bytes=422, payload={"Command_Type":"Kinematic_Setpoint","Delta_X_Cm":19.80023831129074,"Delta_Y_Cm":-1.1180276982486248,"Frame_ID":"ue_actor_local","Hold_Position":false,"Reason":"DECISION_VALID","Run_ID":"B899C86744EC58EE98485F816A90D0F5","Scene_Seed":230908,"Sequence":259,"Source_Frame_Index":672,"Source_Model_Version":"safety_gate_v1","Source_Stamp_Us":67311280,"Stamp_Us":67311280,"Step_Dt":0.20000000298023224,"Valid":true}__OD_END__
[ue_object_deliverer_bridge_node-1] [INFO] [1785943046.565118176] [ue_object_deliverer_bridge_node]: kinematic setpoint received stamp=67613613 valid=1
[ue_object_deliverer_bridge_node-1] [INFO] [1785943046.853306848] [ue_object_deliverer_bridge_node]: kinematic setpoint received stamp=67902289 valid=1
[ue_object_deliverer_bridge_node-1] [INFO] [1785943047.054992416] [ue_object_deliverer_bridge_node]: kinematic setpoint received stamp=68108046 valid=1
[ue_object_deliverer_bridge_node-1] [INFO] [1785943047.266603008] [ue_object_deliverer_bridge_node]: kinematic setpoint received stamp=68312935 valid=1
[ue_object_deliverer_bridge_node-1] [INFO] [1785943047.266980352] [ue_object_deliverer_bridge_node]: Sent kinematic setpoint to UE5: bytes=423, payload={"Command_Type":"Kinematic_Setpoint","Delta_X_Cm":29.583218693733215,"Delta_Y_Cm":-1.0524218901991844,"Frame_ID":"ue_actor_local","Hold_Position":false,"Reason":"DECISION_VALID","Run_ID":"B899C86744EC58EE98485F816A90D0F5","Scene_Seed":230908,"Sequence":263,"Source_Frame_Index":682,"Source_Model_Version":"safety_gate_v1","Source_Stamp_Us":68312935,"Stamp_Us":68312935,"Step_Dt":0.20000000298023224,"Valid":true}__OD_END__
[ue_object_deliverer_bridge_node-1] [INFO] [1785943047.552582048] [ue_object_deliverer_bridge_node]: kinematic setpoint received stamp=68605575 valid=1
[ue_object_deliverer_bridge_node-1] [INFO] [1785943047.762296704] [ue_object_deliverer_bridge_node]: kinematic setpoint received stamp=68812374 valid=1
[ue_object_deliverer_bridge_node-1] [INFO] [1785943048.056540736] [ue_object_deliverer_bridge_node]: kinematic setpoint received stamp=69104806 valid=1
[ue_object_deliverer_bridge_node-1] [INFO] [1785943048.354192416] [ue_object_deliverer_bridge_node]: kinematic setpoint received stamp=69400841 valid=1
[ue_object_deliverer_bridge_node-1] [INFO] [1785943048.354596480] [ue_object_deliverer_bridge_node]: Sent kinematic setpoint to UE5: bytes=424, payload={"Command_Type":"Kinematic_Setpoint","Delta_X_Cm":19.830968976020813,"Delta_Y_Cm":-0.19209074089303613,"Frame_ID":"ue_actor_local","Hold_Position":false,"Reason":"DECISION_VALID","Run_ID":"B899C86744EC58EE98485F816A90D0F5","Scene_Seed":230908,"Sequence":267,"Source_Frame_Index":693,"Source_Model_Version":"safety_gate_v1","Source_Stamp_Us":69400841,"Stamp_Us":69400841,"Step_Dt":0.20000000298023224,"Valid":true}__OD_END__
[ue_object_deliverer_bridge_node-1] [INFO] [1785943048.558670752] [ue_object_deliverer_bridge_node]: kinematic setpoint received stamp=69607452 valid=1
[ue_object_deliverer_bridge_node-1] [INFO] [1785943048.769540640] [ue_object_deliverer_bridge_node]: kinematic setpoint received stamp=69813478 valid=1
[ue_object_deliverer_bridge_node-1] [INFO] [1785943049.052824416] [ue_object_deliverer_bridge_node]: kinematic setpoint received stamp=70104461 valid=1
[ue_object_deliverer_bridge_node-1] [INFO] [1785943049.261929600] [ue_object_deliverer_bridge_node]: kinematic setpoint received stamp=70310290 valid=1
[ue_object_deliverer_bridge_node-1] [INFO] [1785943049.557457472] [ue_object_deliverer_bridge_node]: kinematic setpoint received stamp=70603044 valid=1
[ue_object_deliverer_bridge_node-1] [INFO] [1785943049.557842976] [ue_object_deliverer_bridge_node]: Sent kinematic setpoint to UE5: bytes=421, payload={"Command_Type":"Kinematic_Setpoint","Delta_X_Cm":9.06570479273796,"Delta_Y_Cm":0.14077640371397138,"Frame_ID":"ue_actor_local","Hold_Position":false,"Reason":"DECISION_VALID","Run_ID":"B899C86744EC58EE98485F816A90D0F5","Scene_Seed":230908,"Sequence":272,"Source_Frame_Index":705,"Source_Model_Version":"safety_gate_v1","Source_Stamp_Us":70603044,"Stamp_Us":70603044,"Step_Dt":0.20000000298023224,"Valid":true}__OD_END__
[ue_object_deliverer_bridge_node-1] [INFO] [1785943049.757479616] [ue_object_deliverer_bridge_node]: kinematic setpoint received stamp=70807174 valid=1
[temporal_entity_tracker-2] [INFO] [1785943049.938736160] [temporal_entity_tracker]: TRACK_TRACE frame_index=709 count=700 source_valid=True source_entities=4 visible_source=1
[image_entity_perception-9] [INFO] [1785943049.941083168] [image_entity_perception]: PERCEPTION_PERF_TRACE frame_index=709 count=700 predict_ms=47.6 entities=4 valid=True
[vla_policy-10] [INFO] [1785943049.943139776] [vla_policy]: ENT_IN_TRACE count=700 frame_index=709 valid=True detail=OK:selected=1;targets=1;risks=0;dropped=0
[ue_object_deliverer_bridge_node-1] [INFO] [1785943050.067810080] [ue_object_deliverer_bridge_node]: kinematic setpoint received stamp=71112371 valid=1
[ue_object_deliverer_bridge_node-1] [INFO] [1785943050.363940032] [ue_object_deliverer_bridge_node]: kinematic setpoint received stamp=71413280 valid=1
[ue_object_deliverer_bridge_node-1] [INFO] [1785943050.650381760] [ue_object_deliverer_bridge_node]: kinematic setpoint received stamp=71701126 valid=1
[ue_object_deliverer_bridge_node-1] [INFO] [1785943050.650774208] [ue_object_deliverer_bridge_node]: Sent kinematic setpoint to UE5: bytes=423, payload={"Command_Type":"Kinematic_Setpoint","Delta_X_Cm":-4.430818930268288,"Delta_Y_Cm":-1.5775784850120544,"Frame_ID":"ue_actor_local","Hold_Position":false,"Reason":"DECISION_VALID","Run_ID":"B899C86744EC58EE98485F816A90D0F5","Scene_Seed":230908,"Sequence":276,"Source_Frame_Index":716,"Source_Model_Version":"safety_gate_v1","Source_Stamp_Us":71701126,"Stamp_Us":71701126,"Step_Dt":0.20000000298023224,"Valid":true}__OD_END__
[ue_object_deliverer_bridge_node-1] [INFO] [1785943050.897452320] [ue_object_deliverer_bridge_node]: kinematic setpoint received stamp=71701127 valid=1
[ue_object_deliverer_bridge_node-1] [INFO] [1785943051.143164928] [ue_object_deliverer_bridge_node]: kinematic setpoint received stamp=72206406 valid=1
[ue_object_deliverer_bridge_node-1] [INFO] [1785943051.348431136] [ue_object_deliverer_bridge_node]: kinematic setpoint received stamp=72411154 valid=1
[ue_object_deliverer_bridge_node-1] [INFO] [1785943051.555603552] [ue_object_deliverer_bridge_node]: kinematic setpoint received stamp=72602217 valid=1
[ue_object_deliverer_bridge_node-1] [INFO] [1785943051.760940096] [ue_object_deliverer_bridge_node]: kinematic setpoint received stamp=72808030 valid=1
[ue_object_deliverer_bridge_node-1] [INFO] [1785943051.761347104] [ue_object_deliverer_bridge_node]: Sent kinematic setpoint to UE5: bytes=423, payload={"Command_Type":"Kinematic_Setpoint","Delta_X_Cm":19.976189732551575,"Delta_Y_Cm":-0.6328431889414787,"Frame_ID":"ue_actor_local","Hold_Position":false,"Reason":"DECISION_VALID","Run_ID":"B899C86744EC58EE98485F816A90D0F5","Scene_Seed":230908,"Sequence":281,"Source_Frame_Index":727,"Source_Model_Version":"safety_gate_v1","Source_Stamp_Us":72808030,"Stamp_Us":72808030,"Step_Dt":0.20000000298023224,"Valid":true}__OD_END__
[ue_object_deliverer_bridge_node-1] [INFO] [1785943052.067841248] [ue_object_deliverer_bridge_node]: kinematic setpoint received stamp=73111176 valid=1
[ue_object_deliverer_bridge_node-1] [INFO] [1785943052.349838496] [ue_object_deliverer_bridge_node]: kinematic setpoint received stamp=73401239 valid=1
[ue_object_deliverer_bridge_node-1] [INFO] [1785943052.644797728] [ue_object_deliverer_bridge_node]: kinematic setpoint received stamp=73703502 valid=1
[ue_object_deliverer_bridge_node-1] [INFO] [1785943052.854697088] [ue_object_deliverer_bridge_node]: kinematic setpoint received stamp=73906615 valid=1
[ue_object_deliverer_bridge_node-1] [INFO] [1785943052.855132544] [ue_object_deliverer_bridge_node]: Sent kinematic setpoint to UE5: bytes=423, payload={"Command_Type":"Kinematic_Setpoint","Delta_X_Cm":29.537847638130188,"Delta_Y_Cm":-0.4932202398777008,"Frame_ID":"ue_actor_local","Hold_Position":false,"Reason":"DECISION_VALID","Run_ID":"B899C86744EC58EE98485F816A90D0F5","Scene_Seed":230908,"Sequence":285,"Source_Frame_Index":738,"Source_Model_Version":"safety_gate_v1","Source_Stamp_Us":73906615,"Stamp_Us":73906615,"Step_Dt":0.20000000298023224,"Valid":true}__OD_END__
[ue_object_deliverer_bridge_node-1] [INFO] [1785943053.058858624] [ue_object_deliverer_bridge_node]: kinematic setpoint received stamp=74110690 valid=1
[ue_object_deliverer_bridge_node-1] [INFO] [1785943053.349248768] [ue_object_deliverer_bridge_node]: kinematic setpoint received stamp=74405793 valid=1
[ue_object_deliverer_bridge_node-1] [INFO] [1785943053.559183936] [ue_object_deliverer_bridge_node]: kinematic setpoint received stamp=74609586 valid=1
[ue_object_deliverer_bridge_node-1] [INFO] [1785943053.762159776] [ue_object_deliverer_bridge_node]: kinematic setpoint received stamp=74808404 valid=1
[ue_object_deliverer_bridge_node-1] [INFO] [1785943054.071606432] [ue_object_deliverer_bridge_node]: kinematic setpoint received stamp=75113760 valid=1
[ue_object_deliverer_bridge_node-1] [INFO] [1785943054.072047904] [ue_object_deliverer_bridge_node]: Sent kinematic setpoint to UE5: bytes=422, payload={"Command_Type":"Kinematic_Setpoint","Delta_X_Cm":20.79916149377823,"Delta_Y_Cm":-0.2725224941968918,"Frame_ID":"ue_actor_local","Hold_Position":false,"Reason":"DECISION_VALID","Run_ID":"B899C86744EC58EE98485F816A90D0F5","Scene_Seed":230908,"Sequence":290,"Source_Frame_Index":750,"Source_Model_Version":"safety_gate_v1","Source_Stamp_Us":75113760,"Stamp_Us":75113760,"Step_Dt":0.20000000298023224,"Valid":true}__OD_END__
[ue_object_deliverer_bridge_node-1] [INFO] [1785943054.342425248] [ue_object_deliverer_bridge_node]: kinematic setpoint received stamp=75404071 valid=1
[ue_object_deliverer_bridge_node-1] [INFO] [1785943054.548447520] [ue_object_deliverer_bridge_node]: kinematic setpoint received stamp=75608732 valid=1
[ue_object_deliverer_bridge_node-1] [INFO] [1785943054.841057984] [ue_object_deliverer_bridge_node]: kinematic setpoint received stamp=75901857 valid=1
[image_entity_perception-9] [INFO] [1785943054.945760736] [image_entity_perception]: PERCEPTION_PERF_TRACE frame_index=759 count=750 predict_ms=45.3 entities=4 valid=True
[temporal_entity_tracker-2] [INFO] [1785943054.946788544] [temporal_entity_tracker]: TRACK_TRACE frame_index=759 count=750 source_valid=True source_entities=4 visible_source=1
[ue_object_deliverer_bridge_node-1] [INFO] [1785943055.054531968] [ue_object_deliverer_bridge_node]: kinematic setpoint received stamp=76106691 valid=1
[ue_object_deliverer_bridge_node-1] [INFO] [1785943055.362335456] [ue_object_deliverer_bridge_node]: kinematic setpoint received stamp=76412086 valid=1
[ue_object_deliverer_bridge_node-1] [INFO] [1785943055.362715776] [ue_object_deliverer_bridge_node]: Sent kinematic setpoint to UE5: bytes=423, payload={"Command_Type":"Kinematic_Setpoint","Delta_X_Cm":-4.145082458853722,"Delta_Y_Cm":-0.4668987821787596,"Frame_ID":"ue_actor_local","Hold_Position":false,"Reason":"DECISION_VALID","Run_ID":"B899C86744EC58EE98485F816A90D0F5","Scene_Seed":230908,"Sequence":295,"Source_Frame_Index":763,"Source_Model_Version":"safety_gate_v1","Source_Stamp_Us":76412086,"Stamp_Us":76412086,"Step_Dt":0.20000000298023224,"Valid":true}__OD_END__
[ue_object_deliverer_bridge_node-1] [INFO] [1785943055.649843008] [ue_object_deliverer_bridge_node]: kinematic setpoint received stamp=76703030 valid=1
[ue_object_deliverer_bridge_node-1] [INFO] [1785943055.855675456] [ue_object_deliverer_bridge_node]: kinematic setpoint received stamp=76907978 valid=1
[ue_object_deliverer_bridge_node-1] [INFO] [1785943056.157587776] [ue_object_deliverer_bridge_node]: kinematic setpoint received stamp=77208657 valid=1
[vla_policy-10] [INFO] [1785943056.443674336] [vla_policy]: POLICY_AUDIT trigger=periodic events=300 policy_driven=291 backstop=8 hold=1 fail_closed=0 policy_stop=0 guard_reason=policy_driven raw_dx=-0.050735 raw_dy=0.046785 guarded_dx=-0.050735 guarded_dy=0.046785 final_dx=-0.050735 final_dy=0.046785
[ue_object_deliverer_bridge_node-1] [INFO] [1785943056.447500224] [ue_object_deliverer_bridge_node]: kinematic setpoint received stamp=77500641 valid=1
[ue_object_deliverer_bridge_node-1] [INFO] [1785943056.447878368] [ue_object_deliverer_bridge_node]: Sent kinematic setpoint to UE5: bytes=422, payload={"Command_Type":"Kinematic_Setpoint","Delta_X_Cm":-5.073453485965729,"Delta_Y_Cm":-4.678474739193916,"Frame_ID":"ue_actor_local","Hold_Position":false,"Reason":"DECISION_VALID","Run_ID":"B899C86744EC58EE98485F816A90D0F5","Scene_Seed":230908,"Sequence":299,"Source_Frame_Index":774,"Source_Model_Version":"safety_gate_v1","Source_Stamp_Us":77500641,"Stamp_Us":77500641,"Step_Dt":0.20000000298023224,"Valid":true}__OD_END__
[ue_object_deliverer_bridge_node-1] [INFO] [1785943056.736513952] [ue_object_deliverer_bridge_node]: kinematic setpoint received stamp=77803724 valid=1
[ue_object_deliverer_bridge_node-1] [INFO] [1785943056.939496416] [ue_object_deliverer_bridge_node]: kinematic setpoint received stamp=78011042 valid=1
[ue_object_deliverer_bridge_node-1] [INFO] [1785943057.142630656] [ue_object_deliverer_bridge_node]: kinematic setpoint received stamp=78203546 valid=1
[ue_object_deliverer_bridge_node-1] [INFO] [1785943057.351089344] [ue_object_deliverer_bridge_node]: kinematic setpoint received stamp=78407997 valid=1
[ue_object_deliverer_bridge_node-1] [INFO] [1785943057.645795424] [ue_object_deliverer_bridge_node]: kinematic setpoint received stamp=78701700 valid=1
[ue_object_deliverer_bridge_node-1] [INFO] [1785943057.646174784] [ue_object_deliverer_bridge_node]: Sent kinematic setpoint to UE5: bytes=423, payload={"Command_Type":"Kinematic_Setpoint","Delta_X_Cm":18.918240070343018,"Delta_Y_Cm":-1.4923852868378162,"Frame_ID":"ue_actor_local","Hold_Position":false,"Reason":"DECISION_VALID","Run_ID":"B899C86744EC58EE98485F816A90D0F5","Scene_Seed":230908,"Sequence":304,"Source_Frame_Index":786,"Source_Model_Version":"safety_gate_v1","Source_Stamp_Us":78701700,"Stamp_Us":78701700,"Step_Dt":0.20000000298023224,"Valid":true}__OD_END__
[ue_object_deliverer_bridge_node-1] [INFO] [1785943057.886224128] [ue_object_deliverer_bridge_node]: kinematic setpoint received stamp=78701701 valid=1
[ue_object_deliverer_bridge_node-1] [INFO] [1785943058.162452352] [ue_object_deliverer_bridge_node]: kinematic setpoint received stamp=79211817 valid=1
[ue_object_deliverer_bridge_node-1] [INFO] [1785943058.463319488] [ue_object_deliverer_bridge_node]: kinematic setpoint received stamp=79513401 valid=1
[ue_object_deliverer_bridge_node-1] [INFO] [1785943058.738914112] [ue_object_deliverer_bridge_node]: kinematic setpoint received stamp=79804245 valid=1
[ue_object_deliverer_bridge_node-1] [INFO] [1785943058.739265536] [ue_object_deliverer_bridge_node]: Sent kinematic setpoint to UE5: bytes=422, payload={"Command_Type":"Kinematic_Setpoint","Delta_X_Cm":14.976522326469421,"Delta_Y_Cm":0.6842264905571938,"Frame_ID":"ue_actor_local","Hold_Position":false,"Reason":"DECISION_VALID","Run_ID":"B899C86744EC58EE98485F816A90D0F5","Scene_Seed":230908,"Sequence":308,"Source_Frame_Index":797,"Source_Model_Version":"safety_gate_v1","Source_Stamp_Us":79804245,"Stamp_Us":79804245,"Step_Dt":0.20000000298023224,"Valid":true}__OD_END__
[ue_object_deliverer_bridge_node-1] [INFO] [1785943058.941195648] [ue_object_deliverer_bridge_node]: kinematic setpoint received stamp=80006335 valid=1
[ue_object_deliverer_bridge_node-1] [INFO] [1785943059.155049312] [ue_object_deliverer_bridge_node]: kinematic setpoint received stamp=80212050 valid=1
[ue_object_deliverer_bridge_node-1] [INFO] [1785943059.451474784] [ue_object_deliverer_bridge_node]: kinematic setpoint received stamp=80513130 valid=1
[ue_object_deliverer_bridge_node-1] [INFO] [1785943059.739331104] [ue_object_deliverer_bridge_node]: kinematic setpoint received stamp=80803906 valid=1
[image_entity_perception-9] [INFO] [1785943059.921856448] [image_entity_perception]: PERCEPTION_PERF_TRACE frame_index=809 count=800 predict_ms=33.8 entities=4 valid=True
[temporal_entity_tracker-2] [INFO] [1785943059.923724640] [temporal_entity_tracker]: TRACK_TRACE frame_index=809 count=800 source_valid=True source_entities=4 visible_source=1
[vla_policy-10] [INFO] [1785943059.929766592] [vla_policy]: ENT_IN_TRACE count=800 frame_index=809 valid=True detail=OK:selected=1;targets=1;risks=0;dropped=0
[ue_object_deliverer_bridge_node-1] [INFO] [1785943059.947640256] [ue_object_deliverer_bridge_node]: kinematic setpoint received stamp=81008135 valid=1
[ue_object_deliverer_bridge_node-1] [INFO] [1785943059.948013536] [ue_object_deliverer_bridge_node]: Sent kinematic setpoint to UE5: bytes=422, payload={"Command_Type":"Kinematic_Setpoint","Delta_X_Cm":29.870682954788208,"Delta_Y_Cm":1.7718609422445297,"Frame_ID":"ue_actor_local","Hold_Position":false,"Reason":"DECISION_VALID","Run_ID":"B899C86744EC58EE98485F816A90D0F5","Scene_Seed":230908,"Sequence":313,"Source_Frame_Index":809,"Source_Model_Version":"safety_gate_v1","Source_Stamp_Us":81008135,"Stamp_Us":81008135,"Step_Dt":0.20000000298023224,"Valid":true}__OD_END__
[ue_object_deliverer_bridge_node-1] [INFO] [1785943060.248604928] [ue_object_deliverer_bridge_node]: kinematic setpoint received stamp=81311147 valid=1
[ue_object_deliverer_bridge_node-1] [INFO] [1785943060.537938080] [ue_object_deliverer_bridge_node]: kinematic setpoint received stamp=81602474 valid=1
[ue_object_deliverer_bridge_node-1] [INFO] [1785943060.737548160] [ue_object_deliverer_bridge_node]: kinematic setpoint received stamp=81805541 valid=1
[ue_object_deliverer_bridge_node-1] [INFO] [1785943060.959613760] [ue_object_deliverer_bridge_node]: kinematic setpoint received stamp=82010878 valid=1
[ue_object_deliverer_bridge_node-1] [INFO] [1785943060.959984640] [ue_object_deliverer_bridge_node]: Sent kinematic setpoint to UE5: bytes=422, payload={"Command_Type":"Kinematic_Setpoint","Delta_X_Cm":27.809837460517883,"Delta_Y_Cm":1.8537169322371483,"Frame_ID":"ue_actor_local","Hold_Position":false,"Reason":"DECISION_VALID","Run_ID":"B899C86744EC58EE98485F816A90D0F5","Scene_Seed":230908,"Sequence":317,"Source_Frame_Index":819,"Source_Model_Version":"safety_gate_v1","Source_Stamp_Us":82010878,"Stamp_Us":82010878,"Step_Dt":0.20000000298023224,"Valid":true}__OD_END__
[ue_object_deliverer_bridge_node-1] [INFO] [1785943061.163405248] [ue_object_deliverer_bridge_node]: kinematic setpoint received stamp=82213459 valid=1
[ue_object_deliverer_bridge_node-1] [INFO] [1785943061.452571328] [ue_object_deliverer_bridge_node]: kinematic setpoint received stamp=82503894 valid=1
[ue_object_deliverer_bridge_node-1] [INFO] [1785943061.742174112] [ue_object_deliverer_bridge_node]: kinematic setpoint received stamp=82804398 valid=1
[ue_object_deliverer_bridge_node-1] [INFO] [1785943061.949431264] [ue_object_deliverer_bridge_node]: kinematic setpoint received stamp=83012512 valid=1
[ue_object_deliverer_bridge_node-1] [INFO] [1785943061.949815648] [ue_object_deliverer_bridge_node]: Sent kinematic setpoint to UE5: bytes=420, payload={"Command_Type":"Kinematic_Setpoint","Delta_X_Cm":28.59557569026947,"Delta_Y_Cm":2.357536554336548,"Frame_ID":"ue_actor_local","Hold_Position":false,"Reason":"DECISION_VALID","Run_ID":"B899C86744EC58EE98485F816A90D0F5","Scene_Seed":230908,"Sequence":321,"Source_Frame_Index":829,"Source_Model_Version":"safety_gate_v1","Source_Stamp_Us":83012512,"Stamp_Us":83012512,"Step_Dt":0.20000000298023224,"Valid":true}__OD_END__
[ue_object_deliverer_bridge_node-1] [INFO] [1785943062.241765280] [ue_object_deliverer_bridge_node]: kinematic setpoint received stamp=83301173 valid=1
[ue_object_deliverer_bridge_node-1] [INFO] [1785943062.446053888] [ue_object_deliverer_bridge_node]: kinematic setpoint received stamp=83508445 valid=1
[ue_object_deliverer_bridge_node-1] [INFO] [1785943062.661474624] [ue_object_deliverer_bridge_node]: kinematic setpoint received stamp=83713809 valid=1
[ue_object_deliverer_bridge_node-1] [INFO] [1785943062.890536640] [ue_object_deliverer_bridge_node]: kinematic setpoint received stamp=83713810 valid=1
[ue_object_deliverer_bridge_node-1] [INFO] [1785943063.157658848] [ue_object_deliverer_bridge_node]: kinematic setpoint received stamp=84209291 valid=1
[ue_object_deliverer_bridge_node-1] [INFO] [1785943063.158039456] [ue_object_deliverer_bridge_node]: Sent kinematic setpoint to UE5: bytes=422, payload={"Command_Type":"Kinematic_Setpoint","Delta_X_Cm":-2.204522304236889,"Delta_Y_Cm":-2.183987572789192,"Frame_ID":"ue_actor_local","Hold_Position":false,"Reason":"DECISION_VALID","Run_ID":"B899C86744EC58EE98485F816A90D0F5","Scene_Seed":230908,"Sequence":326,"Source_Frame_Index":841,"Source_Model_Version":"safety_gate_v1","Source_Stamp_Us":84209291,"Stamp_Us":84209291,"Step_Dt":0.20000000298023224,"Valid":true}__OD_END__
[ue_object_deliverer_bridge_node-1] [INFO] [1785943063.467156576] [ue_object_deliverer_bridge_node]: kinematic setpoint received stamp=84510693 valid=1
[ue_object_deliverer_bridge_node-1] [INFO] [1785943063.739322272] [ue_object_deliverer_bridge_node]: kinematic setpoint received stamp=84803261 valid=1
[ue_object_deliverer_bridge_node-1] [INFO] [1785943063.946025856] [ue_object_deliverer_bridge_node]: kinematic setpoint received stamp=85011271 valid=1
[ue_object_deliverer_bridge_node-1] [INFO] [1785943064.246827808] [ue_object_deliverer_bridge_node]: kinematic setpoint received stamp=85311095 valid=1
[ue_object_deliverer_bridge_node-1] [INFO] [1785943064.247225696] [ue_object_deliverer_bridge_node]: Sent kinematic setpoint to UE5: bytes=424, payload={"Command_Type":"Kinematic_Setpoint","Delta_X_Cm":-2.2610336542129517,"Delta_Y_Cm":-1.3790355995297432,"Frame_ID":"ue_actor_local","Hold_Position":false,"Reason":"DECISION_VALID","Run_ID":"B899C86744EC58EE98485F816A90D0F5","Scene_Seed":230908,"Sequence":330,"Source_Frame_Index":852,"Source_Model_Version":"safety_gate_v1","Source_Stamp_Us":85311095,"Stamp_Us":85311095,"Step_Dt":0.20000000298023224,"Valid":true}__OD_END__
[ue_object_deliverer_bridge_node-1] [INFO] [1785943064.552282816] [ue_object_deliverer_bridge_node]: kinematic setpoint received stamp=85612123 valid=1
[ue_object_deliverer_bridge_node-1] [INFO] [1785943064.843059648] [ue_object_deliverer_bridge_node]: kinematic setpoint received stamp=85902287 valid=1
[image_entity_perception-9] [INFO] [1785943064.946351264] [image_entity_perception]: PERCEPTION_PERF_TRACE frame_index=859 count=850 predict_ms=42.9 entities=4 valid=True
[temporal_entity_tracker-2] [INFO] [1785943064.946952544] [temporal_entity_tracker]: TRACK_TRACE frame_index=859 count=850 source_valid=True source_entities=4 visible_source=1
[ue_object_deliverer_bridge_node-1] [INFO] [1785943065.043779040] [ue_object_deliverer_bridge_node]: kinematic setpoint received stamp=86107709 valid=1
[ue_object_deliverer_bridge_node-1] [INFO] [1785943065.262970912] [ue_object_deliverer_bridge_node]: kinematic setpoint received stamp=86310612 valid=1
[ue_object_deliverer_bridge_node-1] [INFO] [1785943065.560633760] [ue_object_deliverer_bridge_node]: kinematic setpoint received stamp=86611853 valid=1
[ue_object_deliverer_bridge_node-1] [INFO] [1785943065.561016320] [ue_object_deliverer_bridge_node]: Sent kinematic setpoint to UE5: bytes=420, payload={"Command_Type":"Kinematic_Setpoint","Delta_X_Cm":22.34441339969635,"Delta_Y_Cm":1.243311632424593,"Frame_ID":"ue_actor_local","Hold_Position":false,"Reason":"DECISION_VALID","Run_ID":"B899C86744EC58EE98485F816A90D0F5","Scene_Seed":230908,"Sequence":335,"Source_Frame_Index":865,"Source_Model_Version":"safety_gate_v1","Source_Stamp_Us":86611853,"Stamp_Us":86611853,"Step_Dt":0.20000000298023224,"Valid":true}__OD_END__
[ue_object_deliverer_bridge_node-1] [INFO] [1785943065.869454624] [ue_object_deliverer_bridge_node]: kinematic setpoint received stamp=86912724 valid=1
[ue_object_deliverer_bridge_node-1] [INFO] [1785943066.161103296] [ue_object_deliverer_bridge_node]: kinematic setpoint received stamp=87213059 valid=1
[ue_object_deliverer_bridge_node-1] [INFO] [1785943066.463791488] [ue_object_deliverer_bridge_node]: kinematic setpoint received stamp=87513062 valid=1
[ue_object_deliverer_bridge_node-1] [INFO] [1785943066.750322848] [ue_object_deliverer_bridge_node]: kinematic setpoint received stamp=87800750 valid=1
[ue_object_deliverer_bridge_node-1] [INFO] [1785943066.750715200] [ue_object_deliverer_bridge_node]: Sent kinematic setpoint to UE5: bytes=422, payload={"Command_Type":"Kinematic_Setpoint","Delta_X_Cm":28.923127055168152,"Delta_Y_Cm":2.4017591029405594,"Frame_ID":"ue_actor_local","Hold_Position":false,"Reason":"DECISION_VALID","Run_ID":"B899C86744EC58EE98485F816A90D0F5","Scene_Seed":230908,"Sequence":339,"Source_Frame_Index":877,"Source_Model_Version":"safety_gate_v1","Source_Stamp_Us":87800750,"Stamp_Us":87800750,"Step_Dt":0.20000000298023224,"Valid":true}__OD_END__
[ue_object_deliverer_bridge_node-1] [INFO] [1785943067.043698400] [ue_object_deliverer_bridge_node]: kinematic setpoint received stamp=88100557 valid=1
[ue_object_deliverer_bridge_node-1] [INFO] [1785943067.257051584] [ue_object_deliverer_bridge_node]: kinematic setpoint received stamp=88307354 valid=1
[ue_object_deliverer_bridge_node-1] [INFO] [1785943067.562971488] [ue_object_deliverer_bridge_node]: kinematic setpoint received stamp=88611154 valid=1
[ue_object_deliverer_bridge_node-1] [INFO] [1785943067.867650880] [ue_object_deliverer_bridge_node]: kinematic setpoint received stamp=88909331 valid=1
[ue_object_deliverer_bridge_node-1] [INFO] [1785943067.868026752] [ue_object_deliverer_bridge_node]: Sent kinematic setpoint to UE5: bytes=420, payload={"Command_Type":"Kinematic_Setpoint","Delta_X_Cm":24.98052418231964,"Delta_Y_Cm":2.553606405854225,"Frame_ID":"ue_actor_local","Hold_Position":false,"Reason":"DECISION_VALID","Run_ID":"B899C86744EC58EE98485F816A90D0F5","Scene_Seed":230908,"Sequence":343,"Source_Frame_Index":888,"Source_Model_Version":"safety_gate_v1","Source_Stamp_Us":88909331,"Stamp_Us":88909331,"Step_Dt":0.20000000298023224,"Valid":true}__OD_END__
[ue_object_deliverer_bridge_node-1] [INFO] [1785943068.153815456] [ue_object_deliverer_bridge_node]: kinematic setpoint received stamp=89211980 valid=1
[ue_object_deliverer_bridge_node-1] [INFO] [1785943068.445052672] [ue_object_deliverer_bridge_node]: kinematic setpoint received stamp=89501413 valid=1
[ue_object_deliverer_bridge_node-1] [INFO] [1785943068.647773792] [ue_object_deliverer_bridge_node]: kinematic setpoint received stamp=89706313 valid=1
[ue_object_deliverer_bridge_node-1] [INFO] [1785943068.901176032] [ue_object_deliverer_bridge_node]: kinematic setpoint received stamp=89706314 valid=1
[ue_object_deliverer_bridge_node-1] [INFO] [1785943068.901559136] [ue_object_deliverer_bridge_node]: Sent kinematic setpoint to UE5: bytes=423, payload={"Command_Type":"Kinematic_Setpoint","Delta_X_Cm":-4.895535856485367,"Delta_Y_Cm":-1.0167242959141731,"Frame_ID":"ue_actor_local","Hold_Position":false,"Reason":"DECISION_VALID","Run_ID":"B899C86744EC58EE98485F816A90D0F5","Scene_Seed":230908,"Sequence":347,"Source_Frame_Index":839,"Source_Model_Version":"safety_gate_v1","Source_Stamp_Us":89706314,"Stamp_Us":89706314,"Step_Dt":0.20000000298023224,"Valid":true}__OD_END__
[ue_object_deliverer_bridge_node-1] [INFO] [1785943069.146133024] [ue_object_deliverer_bridge_node]: kinematic setpoint received stamp=90206269 valid=1
[ue_object_deliverer_bridge_node-1] [INFO] [1785943069.367858944] [ue_object_deliverer_bridge_node]: kinematic setpoint received stamp=90413415 valid=1
[ue_object_deliverer_bridge_node-1] [INFO] [1785943069.644243936] [ue_object_deliverer_bridge_node]: kinematic setpoint received stamp=90701076 valid=1
[ue_object_deliverer_bridge_node-1] [INFO] [1785943069.847332256] [ue_object_deliverer_bridge_node]: kinematic setpoint received stamp=90907039 valid=1
[image_entity_perception-9] [INFO] [1785943069.922288672] [image_entity_perception]: PERCEPTION_PERF_TRACE frame_index=909 count=900 predict_ms=38.2 entities=4 valid=True
[temporal_entity_tracker-2] [INFO] [1785943069.923964416] [temporal_entity_tracker]: TRACK_TRACE frame_index=909 count=900 source_valid=True source_entities=4 visible_source=1
[vla_policy-10] [INFO] [1785943069.930938688] [vla_policy]: ENT_IN_TRACE count=900 frame_index=909 valid=True detail=OK:selected=1;targets=1;risks=1;dropped=0
[ue_object_deliverer_bridge_node-1] [INFO] [1785943070.047378432] [ue_object_deliverer_bridge_node]: kinematic setpoint received stamp=91110475 valid=1
[ue_object_deliverer_bridge_node-1] [INFO] [1785943070.047781120] [ue_object_deliverer_bridge_node]: Sent kinematic setpoint to UE5: bytes=422, payload={"Command_Type":"Kinematic_Setpoint","Delta_X_Cm":21.149495244026184,"Delta_Y_Cm":2.1391017362475395,"Frame_ID":"ue_actor_local","Hold_Position":false,"Reason":"DECISION_VALID","Run_ID":"B899C86744EC58EE98485F816A90D0F5","Scene_Seed":230908,"Sequence":352,"Source_Frame_Index":910,"Source_Model_Version":"safety_gate_v1","Source_Stamp_Us":91110475,"Stamp_Us":91110475,"Step_Dt":0.20000000298023224,"Valid":true}__OD_END__
[ue_object_deliverer_bridge_node-1] [INFO] [1785943070.357108000] [ue_object_deliverer_bridge_node]: kinematic setpoint received stamp=91412380 valid=1
[ue_object_deliverer_bridge_node-1] [INFO] [1785943070.643897568] [ue_object_deliverer_bridge_node]: kinematic setpoint received stamp=91700810 valid=1
[ue_object_deliverer_bridge_node-1] [INFO] [1785943070.855804288] [ue_object_deliverer_bridge_node]: kinematic setpoint received stamp=91907579 valid=1
[ue_object_deliverer_bridge_node-1] [INFO] [1785943071.061716192] [ue_object_deliverer_bridge_node]: kinematic setpoint received stamp=92111285 valid=1
[ue_object_deliverer_bridge_node-1] [INFO] [1785943071.062239712] [ue_object_deliverer_bridge_node]: Sent kinematic setpoint to UE5: bytes=422, payload={"Command_Type":"Kinematic_Setpoint","Delta_X_Cm":28.841930627822876,"Delta_Y_Cm":2.4055244401097298,"Frame_ID":"ue_actor_local","Hold_Position":false,"Reason":"DECISION_VALID","Run_ID":"B899C86744EC58EE98485F816A90D0F5","Scene_Seed":230908,"Sequence":356,"Source_Frame_Index":920,"Source_Model_Version":"safety_gate_v1","Source_Stamp_Us":92111285,"Stamp_Us":92111285,"Step_Dt":0.20000000298023224,"Valid":true}__OD_END__
[ue_object_deliverer_bridge_node-1] [INFO] [1785943071.363120224] [ue_object_deliverer_bridge_node]: kinematic setpoint received stamp=92410771 valid=1
[ue_object_deliverer_bridge_node-1] [INFO] [1785943071.647345664] [ue_object_deliverer_bridge_node]: kinematic setpoint received stamp=92710709 valid=1
[ue_object_deliverer_bridge_node-1] [INFO] [1785943071.859630304] [ue_object_deliverer_bridge_node]: kinematic setpoint received stamp=92913862 valid=1
[ue_object_deliverer_bridge_node-1] [INFO] [1785943072.141177920] [ue_object_deliverer_bridge_node]: kinematic setpoint received stamp=93203364 valid=1
[ue_object_deliverer_bridge_node-1] [INFO] [1785943072.141583680] [ue_object_deliverer_bridge_node]: Sent kinematic setpoint to UE5: bytes=422, payload={"Command_Type":"Kinematic_Setpoint","Delta_X_Cm":13.562415540218353,"Delta_Y_Cm":2.4390632286667824,"Frame_ID":"ue_actor_local","Hold_Position":false,"Reason":"DECISION_VALID","Run_ID":"B899C86744EC58EE98485F816A90D0F5","Scene_Seed":230908,"Sequence":360,"Source_Frame_Index":931,"Source_Model_Version":"safety_gate_v1","Source_Stamp_Us":93203364,"Stamp_Us":93203364,"Step_Dt":0.20000000298023224,"Valid":true}__OD_END__
[ue_object_deliverer_bridge_node-1] [INFO] [1785943072.358103328] [ue_object_deliverer_bridge_node]: kinematic setpoint received stamp=93409353 valid=1
[ue_object_deliverer_bridge_node-1] [INFO] [1785943072.664332608] [ue_object_deliverer_bridge_node]: kinematic setpoint received stamp=93711874 valid=1
[ue_object_deliverer_bridge_node-1] [INFO] [1785943072.881374496] [ue_object_deliverer_bridge_node]: kinematic setpoint received stamp=93711875 valid=1
[ue_object_deliverer_bridge_node-1] [INFO] [1785943073.153710848] [ue_object_deliverer_bridge_node]: kinematic setpoint received stamp=94207576 valid=1
[ue_object_deliverer_bridge_node-1] [INFO] [1785943073.154273600] [ue_object_deliverer_bridge_node]: Sent kinematic setpoint to UE5: bytes=423, payload={"Command_Type":"Kinematic_Setpoint","Delta_X_Cm":-4.629392176866531,"Delta_Y_Cm":-1.8891079351305962,"Frame_ID":"ue_actor_local","Hold_Position":false,"Reason":"DECISION_VALID","Run_ID":"B899C86744EC58EE98485F816A90D0F5","Scene_Seed":230908,"Sequence":364,"Source_Frame_Index":941,"Source_Model_Version":"safety_gate_v1","Source_Stamp_Us":94207576,"Stamp_Us":94207576,"Step_Dt":0.20000000298023224,"Valid":true}__OD_END__
[ue_object_deliverer_bridge_node-1] [INFO] [1785943073.460043872] [ue_object_deliverer_bridge_node]: kinematic setpoint received stamp=94510361 valid=1
[ue_object_deliverer_bridge_node-1] [INFO] [1785943073.762732128] [ue_object_deliverer_bridge_node]: kinematic setpoint received stamp=94812708 valid=1
[ue_object_deliverer_bridge_node-1] [INFO] [1785943074.048464992] [ue_object_deliverer_bridge_node]: kinematic setpoint received stamp=95109949 valid=1
[ue_object_deliverer_bridge_node-1] [INFO] [1785943074.356453760] [ue_object_deliverer_bridge_node]: kinematic setpoint received stamp=95412802 valid=1
[ue_object_deliverer_bridge_node-1] [INFO] [1785943074.356993504] [ue_object_deliverer_bridge_node]: Sent kinematic setpoint to UE5: bytes=423, payload={"Command_Type":"Kinematic_Setpoint","Delta_X_Cm":4.930419847369194,"Delta_Y_Cm":-0.39824219420552254,"Frame_ID":"ue_actor_local","Hold_Position":false,"Reason":"DECISION_VALID","Run_ID":"B899C86744EC58EE98485F816A90D0F5","Scene_Seed":230908,"Sequence":368,"Source_Frame_Index":953,"Source_Model_Version":"safety_gate_v1","Source_Stamp_Us":95412802,"Stamp_Us":95412802,"Step_Dt":0.20000000298023224,"Valid":true}__OD_END__
[ue_object_deliverer_bridge_node-1] [INFO] [1785943074.664517280] [ue_object_deliverer_bridge_node]: kinematic setpoint received stamp=95709939 valid=1
[ue_object_deliverer_bridge_node-1] [INFO] [1785943074.893574112] [ue_object_deliverer_bridge_node]: kinematic setpoint received stamp=95709940 valid=1
[image_entity_perception-9] [INFO] [1785943074.943732384] [image_entity_perception]: PERCEPTION_PERF_TRACE frame_index=959 count=950 predict_ms=44.7 entities=4 valid=True
[temporal_entity_tracker-2] [INFO] [1785943074.944407488] [temporal_entity_tracker]: TRACK_TRACE frame_index=959 count=950 source_valid=True source_entities=4 visible_source=1
[ue_object_deliverer_bridge_node-1] [INFO] [1785943075.159622304] [ue_object_deliverer_bridge_node]: kinematic setpoint received stamp=96213832 valid=1
[ue_object_deliverer_bridge_node-1] [INFO] [1785943075.444442336] [ue_object_deliverer_bridge_node]: kinematic setpoint received stamp=96505233 valid=1
[ue_object_deliverer_bridge_node-1] [INFO] [1785943075.444830784] [ue_object_deliverer_bridge_node]: Sent kinematic setpoint to UE5: bytes=421, payload={"Command_Type":"Kinematic_Setpoint","Delta_X_Cm":9.975149482488632,"Delta_Y_Cm":0.6257246248424053,"Frame_ID":"ue_actor_local","Hold_Position":false,"Reason":"DECISION_VALID","Run_ID":"B899C86744EC58EE98485F816A90D0F5","Scene_Seed":230908,"Sequence":372,"Source_Frame_Index":964,"Source_Model_Version":"safety_gate_v1","Source_Stamp_Us":96505233,"Stamp_Us":96505233,"Step_Dt":0.20000000298023224,"Valid":true}__OD_END__
[ue_object_deliverer_bridge_node-1] [INFO] [1785943075.651954624] [ue_object_deliverer_bridge_node]: kinematic setpoint received stamp=96706357 valid=1
[ue_object_deliverer_bridge_node-1] [INFO] [1785943075.857372800] [ue_object_deliverer_bridge_node]: kinematic setpoint received stamp=96912407 valid=1
[ue_object_deliverer_bridge_node-1] [INFO] [1785943076.146409152] [ue_object_deliverer_bridge_node]: kinematic setpoint received stamp=97200677 valid=1
[ue_object_deliverer_bridge_node-1] [INFO] [1785943076.353694176] [ue_object_deliverer_bridge_node]: kinematic setpoint received stamp=97406976 valid=1
[ue_object_deliverer_bridge_node-1] [INFO] [1785943076.664657216] [ue_object_deliverer_bridge_node]: kinematic setpoint received stamp=97709145 valid=1
[ue_object_deliverer_bridge_node-1] [INFO] [1785943076.665008832] [ue_object_deliverer_bridge_node]: Sent kinematic setpoint to UE5: bytes=421, payload={"Command_Type":"Kinematic_Setpoint","Delta_X_Cm":29.508787393569946,"Delta_Y_Cm":2.264413982629776,"Frame_ID":"ue_actor_local","Hold_Position":false,"Reason":"DECISION_VALID","Run_ID":"B899C86744EC58EE98485F816A90D0F5","Scene_Seed":230908,"Sequence":377,"Source_Frame_Index":976,"Source_Model_Version":"safety_gate_v1","Source_Stamp_Us":97709145,"Stamp_Us":97709145,"Step_Dt":0.20000000298023224,"Valid":true}__OD_END__
[ue_object_deliverer_bridge_node-1] [INFO] [1785943076.894973248] [ue_object_deliverer_bridge_node]: kinematic setpoint received stamp=97709146 valid=1
[ue_object_deliverer_bridge_node-1] [INFO] [1785943077.146797088] [ue_object_deliverer_bridge_node]: kinematic setpoint received stamp=98204371 valid=1
[ue_object_deliverer_bridge_node-1] [INFO] [1785943077.360921248] [ue_object_deliverer_bridge_node]: kinematic setpoint received stamp=98409908 valid=1
[ue_object_deliverer_bridge_node-1] [INFO] [1785943077.662191424] [ue_object_deliverer_bridge_node]: kinematic setpoint received stamp=98712846 valid=1
[ue_object_deliverer_bridge_node-1] [INFO] [1785943077.662570304] [ue_object_deliverer_bridge_node]: Sent kinematic setpoint to UE5: bytes=422, payload={"Command_Type":"Kinematic_Setpoint","Delta_X_Cm":14.950992166996002,"Delta_Y_Cm":1.1774848215281963,"Frame_ID":"ue_actor_local","Hold_Position":false,"Reason":"DECISION_VALID","Run_ID":"B899C86744EC58EE98485F816A90D0F5","Scene_Seed":230908,"Sequence":381,"Source_Frame_Index":986,"Source_Model_Version":"safety_gate_v1","Source_Stamp_Us":98712846,"Stamp_Us":98712846,"Step_Dt":0.20000000298023224,"Valid":true}__OD_END__
[ue_object_deliverer_bridge_node-1] [INFO] [1785943077.885795456] [ue_object_deliverer_bridge_node]: kinematic setpoint received stamp=98712847 valid=1
[ue_object_deliverer_bridge_node-1] [INFO] [1785943078.158127680] [ue_object_deliverer_bridge_node]: kinematic setpoint received stamp=99210066 valid=1
[ue_object_deliverer_bridge_node-1] [INFO] [1785943078.452587232] [ue_object_deliverer_bridge_node]: kinematic setpoint received stamp=99510962 valid=1
[ue_object_deliverer_bridge_node-1] [INFO] [1785943078.767229120] [ue_object_deliverer_bridge_node]: kinematic setpoint received stamp=99812218 valid=1
[ue_object_deliverer_bridge_node-1] [INFO] [1785943078.767602592] [ue_object_deliverer_bridge_node]: Sent kinematic setpoint to UE5: bytes=419, payload={"Command_Type":"Kinematic_Setpoint","Delta_X_Cm":14.93983119726181,"Delta_Y_Cm":1.30477761849761,"Frame_ID":"ue_actor_local","Hold_Position":false,"Reason":"DECISION_VALID","Run_ID":"B899C86744EC58EE98485F816A90D0F5","Scene_Seed":230908,"Sequence":385,"Source_Frame_Index":997,"Source_Model_Version":"safety_gate_v1","Source_Stamp_Us":99812218,"Stamp_Us":99812218,"Step_Dt":0.20000000298023224,"Valid":true}__OD_END__
[ue_object_deliverer_bridge_node-1] [INFO] [1785943079.047955776] [ue_object_deliverer_bridge_node]: kinematic setpoint received stamp=100112659 valid=1
[ue_object_deliverer_bridge_node-1] [INFO] [1785943079.360829312] [ue_object_deliverer_bridge_node]: kinematic setpoint received stamp=100411544 valid=1
[ue_object_deliverer_bridge_node-1] [INFO] [1785943079.659352800] [ue_object_deliverer_bridge_node]: kinematic setpoint received stamp=100712435 valid=1
[ue_object_deliverer_bridge_node-1] [INFO] [1785943079.879044448] [ue_object_deliverer_bridge_node]: kinematic setpoint received stamp=100712436 valid=1
[ue_object_deliverer_bridge_node-1] [INFO] [1785943079.879444096] [ue_object_deliverer_bridge_node]: Sent kinematic setpoint to UE5: bytes=424, payload={"Command_Type":"Kinematic_Setpoint","Delta_X_Cm":4.980757087469101,"Delta_Y_Cm":0.43824445456266403,"Frame_ID":"ue_actor_local","Hold_Position":false,"Reason":"DECISION_VALID","Run_ID":"B899C86744EC58EE98485F816A90D0F5","Scene_Seed":230908,"Sequence":389,"Source_Frame_Index":959,"Source_Model_Version":"safety_gate_v1","Source_Stamp_Us":100712436,"Stamp_Us":100712436,"Step_Dt":0.20000000298023224,"Valid":true}__OD_END__
[image_entity_perception-9] [INFO] [1785943079.928874880] [image_entity_perception]: PERCEPTION_PERF_TRACE frame_index=1009 count=1000 predict_ms=43.9 entities=4 valid=True
[temporal_entity_tracker-2] [INFO] [1785943079.929664288] [temporal_entity_tracker]: TRACK_TRACE frame_index=1009 count=1000 source_valid=True source_entities=4 visible_source=1
[vla_policy-10] [INFO] [1785943079.934379968] [vla_policy]: ENT_IN_TRACE count=1000 frame_index=1009 valid=True detail=OK:selected=1;targets=1;risks=0;dropped=0
[ue_object_deliverer_bridge_node-1] [INFO] [1785943080.150949632] [ue_object_deliverer_bridge_node]: kinematic setpoint received stamp=101206173 valid=1
[ue_object_deliverer_bridge_node-1] [INFO] [1785943080.359268192] [ue_object_deliverer_bridge_node]: kinematic setpoint received stamp=101413426 valid=1
[ue_object_deliverer_bridge_node-1] [INFO] [1785943080.666299744] [ue_object_deliverer_bridge_node]: kinematic setpoint received stamp=101712465 valid=1
[ue_object_deliverer_bridge_node-1] [INFO] [1785943080.882873152] [ue_object_deliverer_bridge_node]: kinematic setpoint received stamp=101712466 valid=1
[ue_object_deliverer_bridge_node-1] [INFO] [1785943081.145830400] [ue_object_deliverer_bridge_node]: kinematic setpoint received stamp=102201992 valid=1
[ue_object_deliverer_bridge_node-1] [INFO] [1785943081.146222272] [ue_object_deliverer_bridge_node]: Sent kinematic setpoint to UE5: bytes=423, payload={"Command_Type":"Kinematic_Setpoint","Delta_X_Cm":4.48063537478447,"Delta_Y_Cm":2.2189877927303314,"Frame_ID":"ue_actor_local","Hold_Position":false,"Reason":"DECISION_VALID","Run_ID":"B899C86744EC58EE98485F816A90D0F5","Scene_Seed":230908,"Sequence":394,"Source_Frame_Index":1021,"Source_Model_Version":"safety_gate_v1","Source_Stamp_Us":102201992,"Stamp_Us":102201992,"Step_Dt":0.20000000298023224,"Valid":true}__OD_END__
[ue_object_deliverer_bridge_node-1] [INFO] [1785943081.358730560] [ue_object_deliverer_bridge_node]: kinematic setpoint received stamp=102407245 valid=1
[ue_object_deliverer_bridge_node-1] [INFO] [1785943081.562850464] [ue_object_deliverer_bridge_node]: kinematic setpoint received stamp=102613507 valid=1
[ue_object_deliverer_bridge_node-1] [INFO] [1785943081.850029600] [ue_object_deliverer_bridge_node]: kinematic setpoint received stamp=102906455 valid=1
[ue_object_deliverer_bridge_node-1] [INFO] [1785943082.057193632] [ue_object_deliverer_bridge_node]: kinematic setpoint received stamp=103112148 valid=1
[vla_policy-10] [INFO] [1785943082.331927616] [vla_policy]: POLICY_AUDIT trigger=periodic events=400 policy_driven=391 backstop=8 hold=1 fail_closed=0 policy_stop=0 guard_reason=policy_driven raw_dx=0.261339 raw_dy=-0.147142 guarded_dx=0.261339 guarded_dy=-0.147142 final_dx=0.260818 final_dy=-0.146903
[ue_object_deliverer_bridge_node-1] [INFO] [1785943082.335643712] [ue_object_deliverer_bridge_node]: kinematic setpoint received stamp=103400842 valid=1
[ue_object_deliverer_bridge_node-1] [INFO] [1785943082.336021696] [ue_object_deliverer_bridge_node]: Sent kinematic setpoint to UE5: bytes=425, payload={"Command_Type":"Kinematic_Setpoint","Delta_X_Cm":26.081767678260803,"Delta_Y_Cm":14.690257608890533,"Frame_ID":"ue_actor_local","Hold_Position":false,"Reason":"DECISION_VALID","Run_ID":"B899C86744EC58EE98485F816A90D0F5","Scene_Seed":230908,"Sequence":399,"Source_Frame_Index":1033,"Source_Model_Version":"safety_gate_v1","Source_Stamp_Us":103400842,"Stamp_Us":103400842,"Step_Dt":0.20000000298023224,"Valid":true}__OD_END__
[ue_object_deliverer_bridge_node-1] [INFO] [1785943082.538146848] [ue_object_deliverer_bridge_node]: kinematic setpoint received stamp=103606729 valid=1
[ue_object_deliverer_bridge_node-1] [INFO] [1785943082.746121472] [ue_object_deliverer_bridge_node]: kinematic setpoint received stamp=103810569 valid=1
[ue_object_deliverer_bridge_node-1] [INFO] [1785943083.061519520] [ue_object_deliverer_bridge_node]: kinematic setpoint received stamp=104109616 valid=1
[ue_object_deliverer_bridge_node-1] [INFO] [1785943083.361986496] [ue_object_deliverer_bridge_node]: kinematic setpoint received stamp=104413910 valid=1
[ue_object_deliverer_bridge_node-1] [INFO] [1785943083.362478688] [ue_object_deliverer_bridge_node]: Sent kinematic setpoint to UE5: bytes=424, payload={"Command_Type":"Kinematic_Setpoint","Delta_X_Cm":27.221640944480896,"Delta_Y_Cm":9.240951389074326,"Frame_ID":"ue_actor_local","Hold_Position":false,"Reason":"DECISION_VALID","Run_ID":"B899C86744EC58EE98485F816A90D0F5","Scene_Seed":230908,"Sequence":403,"Source_Frame_Index":1043,"Source_Model_Version":"safety_gate_v1","Source_Stamp_Us":104413910,"Stamp_Us":104413910,"Step_Dt":0.20000000298023224,"Valid":true}__OD_END__
[ue_object_deliverer_bridge_node-1] [INFO] [1785943083.635953376] [ue_object_deliverer_bridge_node]: kinematic setpoint received stamp=104700945 valid=1
[ue_object_deliverer_bridge_node-1] [INFO] [1785943083.837912672] [ue_object_deliverer_bridge_node]: kinematic setpoint received stamp=104904059 valid=1
[ue_object_deliverer_bridge_node-1] [INFO] [1785943084.060971424] [ue_object_deliverer_bridge_node]: kinematic setpoint received stamp=105110543 valid=1
[ue_object_deliverer_bridge_node-1] [INFO] [1785943084.340773504] [ue_object_deliverer_bridge_node]: kinematic setpoint received stamp=105413121 valid=1
[ue_object_deliverer_bridge_node-1] [INFO] [1785943084.638324576] [ue_object_deliverer_bridge_node]: kinematic setpoint received stamp=105710737 valid=1
[ue_object_deliverer_bridge_node-1] [INFO] [1785943084.638709184] [ue_object_deliverer_bridge_node]: Sent kinematic setpoint to UE5: bytes=425, payload={"Command_Type":"Kinematic_Setpoint","Delta_X_Cm":29.35541272163391,"Delta_Y_Cm":-2.2952022030949593,"Frame_ID":"ue_actor_local","Hold_Position":false,"Reason":"DECISION_VALID","Run_ID":"B899C86744EC58EE98485F816A90D0F5","Scene_Seed":230908,"Sequence":408,"Source_Frame_Index":1056,"Source_Model_Version":"safety_gate_v1","Source_Stamp_Us":105710737,"Stamp_Us":105710737,"Step_Dt":0.20000000298023224,"Valid":true}__OD_END__
[ue_object_deliverer_bridge_node-1] [INFO] [1785943084.845246816] [ue_object_deliverer_bridge_node]: kinematic setpoint received stamp=105901809 valid=1
[image_entity_perception-9] [INFO] [1785943084.931307392] [image_entity_perception]: PERCEPTION_PERF_TRACE frame_index=1059 count=1050 predict_ms=35.1 entities=4 valid=True
[temporal_entity_tracker-2] [INFO] [1785943084.932091968] [temporal_entity_tracker]: TRACK_TRACE frame_index=1059 count=1050 source_valid=True source_entities=4 visible_source=1
[ue_object_deliverer_bridge_node-1] [INFO] [1785943085.142990432] [ue_object_deliverer_bridge_node]: kinematic setpoint received stamp=106203360 valid=1
[ue_object_deliverer_bridge_node-1] [INFO] [1785943085.346640288] [ue_object_deliverer_bridge_node]: kinematic setpoint received stamp=106409558 valid=1
[ue_object_deliverer_bridge_node-1] [INFO] [1785943085.651949344] [ue_object_deliverer_bridge_node]: kinematic setpoint received stamp=106713732 valid=1
[ue_object_deliverer_bridge_node-1] [INFO] [1785943085.652354400] [ue_object_deliverer_bridge_node]: Sent kinematic setpoint to UE5: bytes=423, payload={"Command_Type":"Kinematic_Setpoint","Delta_X_Cm":27.2720605134964,"Delta_Y_Cm":-1.437543798238039,"Frame_ID":"ue_actor_local","Hold_Position":false,"Reason":"DECISION_VALID","Run_ID":"B899C86744EC58EE98485F816A90D0F5","Scene_Seed":230908,"Sequence":412,"Source_Frame_Index":1066,"Source_Model_Version":"safety_gate_v1","Source_Stamp_Us":106713732,"Stamp_Us":106713732,"Step_Dt":0.20000000298023224,"Valid":true}__OD_END__
[ue_object_deliverer_bridge_node-1] [INFO] [1785943085.894239680] [ue_object_deliverer_bridge_node]: kinematic setpoint received stamp=106713733 valid=1
[ue_object_deliverer_bridge_node-1] [INFO] [1785943086.147140224] [ue_object_deliverer_bridge_node]: kinematic setpoint received stamp=107201637 valid=1
[ue_object_deliverer_bridge_node-1] [INFO] [1785943086.366391552] [ue_object_deliverer_bridge_node]: kinematic setpoint received stamp=107410509 valid=1
[ue_object_deliverer_bridge_node-1] [INFO] [1785943086.665273184] [ue_object_deliverer_bridge_node]: kinematic setpoint received stamp=107711832 valid=1
[ue_object_deliverer_bridge_node-1] [INFO] [1785943086.901935424] [ue_object_deliverer_bridge_node]: kinematic setpoint received stamp=107711833 valid=1
[ue_object_deliverer_bridge_node-1] [INFO] [1785943086.902389280] [ue_object_deliverer_bridge_node]: Sent kinematic setpoint to UE5: bytes=423, payload={"Command_Type":"Kinematic_Setpoint","Delta_X_Cm":4.489755257964134,"Delta_Y_Cm":2.200476825237274,"Frame_ID":"ue_actor_local","Hold_Position":false,"Reason":"DECISION_VALID","Run_ID":"B899C86744EC58EE98485F816A90D0F5","Scene_Seed":230908,"Sequence":417,"Source_Frame_Index":1029,"Source_Model_Version":"safety_gate_v1","Source_Stamp_Us":107711833,"Stamp_Us":107711833,"Step_Dt":0.20000000298023224,"Valid":true}__OD_END__
[ue_object_deliverer_bridge_node-1] [INFO] [1785943087.135869440] [ue_object_deliverer_bridge_node]: kinematic setpoint received stamp=108205897 valid=1
[ue_object_deliverer_bridge_node-1] [INFO] [1785943087.349152736] [ue_object_deliverer_bridge_node]: kinematic setpoint received stamp=108412782 valid=1
[ue_object_deliverer_bridge_node-1] [INFO] [1785943087.633392544] [ue_object_deliverer_bridge_node]: kinematic setpoint received stamp=108700984 valid=1
[ue_object_deliverer_bridge_node-1] [INFO] [1785943087.850854016] [ue_object_deliverer_bridge_node]: kinematic setpoint received stamp=108903208 valid=1
[ue_object_deliverer_bridge_node-1] [INFO] [1785943088.054739936] [ue_object_deliverer_bridge_node]: kinematic setpoint received stamp=109109071 valid=1
[ue_object_deliverer_bridge_node-1] [INFO] [1785943088.055135040] [ue_object_deliverer_bridge_node]: Sent kinematic setpoint to UE5: bytes=428, payload={"Command_Type":"Kinematic_Setpoint","Delta_X_Cm":24.971921741962433,"Delta_Y_Cm":-0.005618825525743887,"Frame_ID":"ue_actor_local","Hold_Position":false,"Reason":"DECISION_VALID","Run_ID":"B899C86744EC58EE98485F816A90D0F5","Scene_Seed":230908,"Sequence":422,"Source_Frame_Index":1090,"Source_Model_Version":"safety_gate_v1","Source_Stamp_Us":109109071,"Stamp_Us":109109071,"Step_Dt":0.20000000298023224,"Valid":true}__OD_END__
[ue_object_deliverer_bridge_node-1] [INFO] [1785943088.357421888] [ue_object_deliverer_bridge_node]: kinematic setpoint received stamp=109411622 valid=1
[ue_object_deliverer_bridge_node-1] [INFO] [1785943088.659549376] [ue_object_deliverer_bridge_node]: kinematic setpoint received stamp=109711242 valid=1
[ue_object_deliverer_bridge_node-1] [INFO] [1785943088.880359776] [ue_object_deliverer_bridge_node]: kinematic setpoint received stamp=109711243 valid=1
[ue_object_deliverer_bridge_node-1] [INFO] [1785943089.153941600] [ue_object_deliverer_bridge_node]: kinematic setpoint received stamp=110205076 valid=1
[ue_object_deliverer_bridge_node-1] [INFO] [1785943089.154338304] [ue_object_deliverer_bridge_node]: Sent kinematic setpoint to UE5: bytes=426, payload={"Command_Type":"Kinematic_Setpoint","Delta_X_Cm":-4.674933850765228,"Delta_Y_Cm":-1.7734125256538391,"Frame_ID":"ue_actor_local","Hold_Position":false,"Reason":"DECISION_VALID","Run_ID":"B899C86744EC58EE98485F816A90D0F5","Scene_Seed":230908,"Sequence":426,"Source_Frame_Index":1101,"Source_Model_Version":"safety_gate_v1","Source_Stamp_Us":110205076,"Stamp_Us":110205076,"Step_Dt":0.20000000298023224,"Valid":true}__OD_END__
[ue_object_deliverer_bridge_node-1] [INFO] [1785943089.352830848] [ue_object_deliverer_bridge_node]: kinematic setpoint received stamp=110410978 valid=1
[ue_object_deliverer_bridge_node-1] [INFO] [1785943089.645019744] [ue_object_deliverer_bridge_node]: kinematic setpoint received stamp=110705134 valid=1
[ue_object_deliverer_bridge_node-1] [INFO] [1785943089.859035072] [ue_object_deliverer_bridge_node]: kinematic setpoint received stamp=110910245 valid=1
[image_entity_perception-9] [INFO] [1785943089.925958912] [image_entity_perception]: PERCEPTION_PERF_TRACE frame_index=1109 count=1100 predict_ms=39.9 entities=4 valid=True
[temporal_entity_tracker-2] [INFO] [1785943089.926818240] [temporal_entity_tracker]: TRACK_TRACE frame_index=1109 count=1100 source_valid=True source_entities=4 visible_source=1
[vla_policy-10] [INFO] [1785943089.930904160] [vla_policy]: ENT_IN_TRACE count=1100 frame_index=1109 valid=True detail=OK:selected=1;targets=1;risks=0;dropped=0
[ue_object_deliverer_bridge_node-1] [INFO] [1785943090.155100448] [ue_object_deliverer_bridge_node]: kinematic setpoint received stamp=111211599 valid=1
[ue_object_deliverer_bridge_node-1] [INFO] [1785943090.155489344] [ue_object_deliverer_bridge_node]: Sent kinematic setpoint to UE5: bytes=423, payload={"Command_Type":"Kinematic_Setpoint","Delta_X_Cm":8.22451114654541,"Delta_Y_Cm":-2.154846116900444,"Frame_ID":"ue_actor_local","Hold_Position":false,"Reason":"DECISION_VALID","Run_ID":"B899C86744EC58EE98485F816A90D0F5","Scene_Seed":230908,"Sequence":430,"Source_Frame_Index":1111,"Source_Model_Version":"safety_gate_v1","Source_Stamp_Us":111211599,"Stamp_Us":111211599,"Step_Dt":0.20000000298023224,"Valid":true}__OD_END__
[ue_object_deliverer_bridge_node-1] [INFO] [1785943090.439711776] [ue_object_deliverer_bridge_node]: kinematic setpoint received stamp=111511664 valid=1
[ue_object_deliverer_bridge_node-1] [INFO] [1785943090.647012384] [ue_object_deliverer_bridge_node]: kinematic setpoint received stamp=111703124 valid=1
[ue_object_deliverer_bridge_node-1] [INFO] [1785943090.855148000] [ue_object_deliverer_bridge_node]: kinematic setpoint received stamp=111908264 valid=1
[ue_object_deliverer_bridge_node-1] [INFO] [1785943091.059535968] [ue_object_deliverer_bridge_node]: kinematic setpoint received stamp=112113152 valid=1
[ue_object_deliverer_bridge_node-1] [INFO] [1785943091.348138304] [ue_object_deliverer_bridge_node]: kinematic setpoint received stamp=112400742 valid=1
[ue_object_deliverer_bridge_node-1] [INFO] [1785943091.348563968] [ue_object_deliverer_bridge_node]: Sent kinematic setpoint to UE5: bytes=424, payload={"Command_Type":"Kinematic_Setpoint","Delta_X_Cm":29.13672626018524,"Delta_Y_Cm":1.8895160406827927,"Frame_ID":"ue_actor_local","Hold_Position":false,"Reason":"DECISION_VALID","Run_ID":"B899C86744EC58EE98485F816A90D0F5","Scene_Seed":230908,"Sequence":435,"Source_Frame_Index":1123,"Source_Model_Version":"safety_gate_v1","Source_Stamp_Us":112400742,"Stamp_Us":112400742,"Step_Dt":0.20000000298023224,"Valid":true}__OD_END__
[ue_object_deliverer_bridge_node-1] [INFO] [1785943091.552811488] [ue_object_deliverer_bridge_node]: kinematic setpoint received stamp=112606197 valid=1
[ue_object_deliverer_bridge_node-1] [INFO] [1785943091.762417024] [ue_object_deliverer_bridge_node]: kinematic setpoint received stamp=112813356 valid=1
[ue_object_deliverer_bridge_node-1] [INFO] [1785943092.048044704] [ue_object_deliverer_bridge_node]: kinematic setpoint received stamp=113104571 valid=1
[ue_object_deliverer_bridge_node-1] [INFO] [1785943092.262279712] [ue_object_deliverer_bridge_node]: kinematic setpoint received stamp=113312532 valid=1
[ue_object_deliverer_bridge_node-1] [INFO] [1785943092.566644704] [ue_object_deliverer_bridge_node]: kinematic setpoint received stamp=113612482 valid=1
[ue_object_deliverer_bridge_node-1] [INFO] [1785943092.567013216] [ue_object_deliverer_bridge_node]: Sent kinematic setpoint to UE5: bytes=425, payload={"Command_Type":"Kinematic_Setpoint","Delta_X_Cm":25.295469164848328,"Delta_Y_Cm":2.0286323502659798,"Frame_ID":"ue_actor_local","Hold_Position":false,"Reason":"DECISION_VALID","Run_ID":"B899C86744EC58EE98485F816A90D0F5","Scene_Seed":230908,"Sequence":440,"Source_Frame_Index":1135,"Source_Model_Version":"safety_gate_v1","Source_Stamp_Us":113612482,"Stamp_Us":113612482,"Step_Dt":0.20000000298023224,"Valid":true}__OD_END__
[ue_object_deliverer_bridge_node-1] [INFO] [1785943092.851811136] [ue_object_deliverer_bridge_node]: kinematic setpoint received stamp=113904285 valid=1
[ue_object_deliverer_bridge_node-1] [INFO] [1785943093.060354656] [ue_object_deliverer_bridge_node]: kinematic setpoint received stamp=114109884 valid=1
[ue_object_deliverer_bridge_node-1] [INFO] [1785943093.348632096] [ue_object_deliverer_bridge_node]: kinematic setpoint received stamp=114403009 valid=1
[ue_object_deliverer_bridge_node-1] [INFO] [1785943093.554045856] [ue_object_deliverer_bridge_node]: kinematic setpoint received stamp=114608529 valid=1
[ue_object_deliverer_bridge_node-1] [INFO] [1785943093.857483072] [ue_object_deliverer_bridge_node]: kinematic setpoint received stamp=114911499 valid=1
[ue_object_deliverer_bridge_node-1] [INFO] [1785943093.857856256] [ue_object_deliverer_bridge_node]: Sent kinematic setpoint to UE5: bytes=425, payload={"Command_Type":"Kinematic_Setpoint","Delta_X_Cm":18.502338230609894,"Delta_Y_Cm":2.2103505209088326,"Frame_ID":"ue_actor_local","Hold_Position":false,"Reason":"DECISION_VALID","Run_ID":"B899C86744EC58EE98485F816A90D0F5","Scene_Seed":230908,"Sequence":445,"Source_Frame_Index":1148,"Source_Model_Version":"safety_gate_v1","Source_Stamp_Us":114911499,"Stamp_Us":114911499,"Step_Dt":0.20000000298023224,"Valid":true}__OD_END__
[ue_object_deliverer_bridge_node-1] [INFO] [1785943094.135510240] [ue_object_deliverer_bridge_node]: kinematic setpoint received stamp=115200957 valid=1
[ue_object_deliverer_bridge_node-1] [INFO] [1785943094.340264544] [ue_object_deliverer_bridge_node]: kinematic setpoint received stamp=115404713 valid=1
[ue_object_deliverer_bridge_node-1] [INFO] [1785943094.659267072] [ue_object_deliverer_bridge_node]: kinematic setpoint received stamp=115711621 valid=1
[ue_object_deliverer_bridge_node-1] [INFO] [1785943094.893573856] [ue_object_deliverer_bridge_node]: kinematic setpoint received stamp=115711622 valid=1
[ue_object_deliverer_bridge_node-1] [INFO] [1785943094.893969856] [ue_object_deliverer_bridge_node]: Sent kinematic setpoint to UE5: bytes=424, payload={"Command_Type":"Kinematic_Setpoint","Delta_X_Cm":4.991432279348373,"Delta_Y_Cm":0.2925822976976633,"Frame_ID":"ue_actor_local","Hold_Position":false,"Reason":"DECISION_VALID","Run_ID":"B899C86744EC58EE98485F816A90D0F5","Scene_Seed":230908,"Sequence":449,"Source_Frame_Index":1109,"Source_Model_Version":"safety_gate_v1","Source_Stamp_Us":115711622,"Stamp_Us":115711622,"Step_Dt":0.20000000298023224,"Valid":true}__OD_END__
[image_entity_perception-9] [INFO] [1785943094.927398848] [image_entity_perception]: PERCEPTION_PERF_TRACE frame_index=1159 count=1150 predict_ms=40.6 entities=4 valid=True
[temporal_entity_tracker-2] [INFO] [1785943094.929208928] [temporal_entity_tracker]: TRACK_TRACE frame_index=1159 count=1150 source_valid=True source_entities=4 visible_source=1
[ue_object_deliverer_bridge_node-1] [INFO] [1785943095.168443168] [ue_object_deliverer_bridge_node]: kinematic setpoint received stamp=116210931 valid=1
[ue_object_deliverer_bridge_node-1] [INFO] [1785943095.470535872] [ue_object_deliverer_bridge_node]: kinematic setpoint received stamp=116512947 valid=1
[ue_object_deliverer_bridge_node-1] [INFO] [1785943095.750384608] [ue_object_deliverer_bridge_node]: kinematic setpoint received stamp=116803865 valid=1
[ue_object_deliverer_bridge_node-1] [INFO] [1785943095.955197376] [ue_object_deliverer_bridge_node]: kinematic setpoint received stamp=117008757 valid=1
[ue_object_deliverer_bridge_node-1] [INFO] [1785943095.955573408] [ue_object_deliverer_bridge_node]: Sent kinematic setpoint to UE5: bytes=427, payload={"Command_Type":"Kinematic_Setpoint","Delta_X_Cm":-17.992858588695526,"Delta_Y_Cm":-1.6182929277420044,"Frame_ID":"ue_actor_local","Hold_Position":false,"Reason":"DECISION_VALID","Run_ID":"B899C86744EC58EE98485F816A90D0F5","Scene_Seed":230908,"Sequence":453,"Source_Frame_Index":1169,"Source_Model_Version":"safety_gate_v1","Source_Stamp_Us":117008757,"Stamp_Us":117008757,"Step_Dt":0.20000000298023224,"Valid":true}__OD_END__
[ue_object_deliverer_bridge_node-1] [INFO] [1785943096.257578112] [ue_object_deliverer_bridge_node]: kinematic setpoint received stamp=117309297 valid=1
[ue_object_deliverer_bridge_node-1] [INFO] [1785943096.557128544] [ue_object_deliverer_bridge_node]: kinematic setpoint received stamp=117611954 valid=1
[ue_object_deliverer_bridge_node-1] [INFO] [1785943096.857428384] [ue_object_deliverer_bridge_node]: kinematic setpoint received stamp=117910092 valid=1
[ue_object_deliverer_bridge_node-1] [INFO] [1785943097.142585824] [ue_object_deliverer_bridge_node]: kinematic setpoint received stamp=118211200 valid=1
[ue_object_deliverer_bridge_node-1] [INFO] [1785943097.142988192] [ue_object_deliverer_bridge_node]: Sent kinematic setpoint to UE5: bytes=425, payload={"Command_Type":"Kinematic_Setpoint","Delta_X_Cm":1.0716257616877556,"Delta_Y_Cm":-4.435623809695244,"Frame_ID":"ue_actor_local","Hold_Position":false,"Reason":"DECISION_VALID","Run_ID":"B899C86744EC58EE98485F816A90D0F5","Scene_Seed":230908,"Sequence":457,"Source_Frame_Index":1181,"Source_Model_Version":"safety_gate_v1","Source_Stamp_Us":118211200,"Stamp_Us":118211200,"Step_Dt":0.20000000298023224,"Valid":true}__OD_END__
[ue_object_deliverer_bridge_node-1] [INFO] [1785943097.358825664] [ue_object_deliverer_bridge_node]: kinematic setpoint received stamp=118413713 valid=1
[ue_object_deliverer_bridge_node-1] [INFO] [1785943097.634165504] [ue_object_deliverer_bridge_node]: kinematic setpoint received stamp=118702419 valid=1
[ue_object_deliverer_bridge_node-1] [INFO] [1785943097.850178496] [ue_object_deliverer_bridge_node]: kinematic setpoint received stamp=118908018 valid=1
[ue_object_deliverer_bridge_node-1] [INFO] [1785943098.058580096] [ue_object_deliverer_bridge_node]: kinematic setpoint received stamp=119112839 valid=1
[ue_object_deliverer_bridge_node-1] [INFO] [1785943098.338564064] [ue_object_deliverer_bridge_node]: kinematic setpoint received stamp=119402458 valid=1
[ue_object_deliverer_bridge_node-1] [INFO] [1785943098.338950432] [ue_object_deliverer_bridge_node]: Sent kinematic setpoint to UE5: bytes=425, payload={"Command_Type":"Kinematic_Setpoint","Delta_X_Cm":25.394678115844727,"Delta_Y_Cm":0.9685476310551167,"Frame_ID":"ue_actor_local","Hold_Position":false,"Reason":"DECISION_VALID","Run_ID":"B899C86744EC58EE98485F816A90D0F5","Scene_Seed":230908,"Sequence":462,"Source_Frame_Index":1193,"Source_Model_Version":"safety_gate_v1","Source_Stamp_Us":119402458,"Stamp_Us":119402458,"Step_Dt":0.20000000298023224,"Valid":true}__OD_END__
[ue_object_deliverer_bridge_node-1] [INFO] [1785943098.554681280] [ue_object_deliverer_bridge_node]: kinematic setpoint received stamp=119612346 valid=1
[ue_object_deliverer_bridge_node-1] [INFO] [1785943098.852578816] [ue_object_deliverer_bridge_node]: kinematic setpoint received stamp=119912331 valid=1
[ue_object_deliverer_bridge_node-1] [INFO] [1785943099.152577152] [ue_object_deliverer_bridge_node]: kinematic setpoint received stamp=120212719 valid=1
[ue_object_deliverer_bridge_node-1] [INFO] [1785943099.442686592] [ue_object_deliverer_bridge_node]: kinematic setpoint received stamp=120501952 valid=1
[ue_object_deliverer_bridge_node-1] [INFO] [1785943099.443079936] [ue_object_deliverer_bridge_node]: Sent kinematic setpoint to UE5: bytes=425, payload={"Command_Type":"Kinematic_Setpoint","Delta_X_Cm":29.755759239196777,"Delta_Y_Cm":2.5866203010082245,"Frame_ID":"ue_actor_local","Hold_Position":false,"Reason":"DECISION_VALID","Run_ID":"B899C86744EC58EE98485F816A90D0F5","Scene_Seed":230908,"Sequence":466,"Source_Frame_Index":1204,"Source_Model_Version":"safety_gate_v1","Source_Stamp_Us":120501952,"Stamp_Us":120501952,"Step_Dt":0.20000000298023224,"Valid":true}__OD_END__
[ue_object_deliverer_bridge_node-1] [INFO] [1785943099.652789728] [ue_object_deliverer_bridge_node]: kinematic setpoint received stamp=120706433 valid=1
[ue_object_deliverer_bridge_node-1] [INFO] [1785943099.860940352] [ue_object_deliverer_bridge_node]: kinematic setpoint received stamp=120911295 valid=1
[image_entity_perception-9] [INFO] [1785943099.931690016] [image_entity_perception]: PERCEPTION_PERF_TRACE frame_index=1209 count=1200 predict_ms=42.5 entities=4 valid=True
[temporal_entity_tracker-2] [INFO] [1785943099.932446848] [temporal_entity_tracker]: TRACK_TRACE frame_index=1209 count=1200 source_valid=True source_entities=4 visible_source=1
[vla_policy-10] [INFO] [1785943099.937242112] [vla_policy]: ENT_IN_TRACE count=1200 frame_index=1209 valid=True detail=OK:selected=1;targets=1;risks=1;dropped=0
[ue_object_deliverer_bridge_node-1] [INFO] [1785943100.162909248] [ue_object_deliverer_bridge_node]: kinematic setpoint received stamp=121213923 valid=1
[ue_object_deliverer_bridge_node-1] [INFO] [1785943100.467896192] [ue_object_deliverer_bridge_node]: kinematic setpoint received stamp=121513757 valid=1
[ue_object_deliverer_bridge_node-1] [INFO] [1785943100.468274720] [ue_object_deliverer_bridge_node]: Sent kinematic setpoint to UE5: bytes=423, payload={"Command_Type":"Kinematic_Setpoint","Delta_X_Cm":28.69129180908203,"Delta_Y_Cm":2.435014955699444,"Frame_ID":"ue_actor_local","Hold_Position":false,"Reason":"DECISION_VALID","Run_ID":"B899C86744EC58EE98485F816A90D0F5","Scene_Seed":230908,"Sequence":470,"Source_Frame_Index":1214,"Source_Model_Version":"safety_gate_v1","Source_Stamp_Us":121513757,"Stamp_Us":121513757,"Step_Dt":0.20000000298023224,"Valid":true}__OD_END__
[ue_object_deliverer_bridge_node-1] [INFO] [1785943100.759396256] [ue_object_deliverer_bridge_node]: kinematic setpoint received stamp=121813370 valid=1
[ue_object_deliverer_bridge_node-1] [INFO] [1785943101.055340064] [ue_object_deliverer_bridge_node]: kinematic setpoint received stamp=122108593 valid=1
[ue_object_deliverer_bridge_node-1] [INFO] [1785943101.350266816] [ue_object_deliverer_bridge_node]: kinematic setpoint received stamp=122401863 valid=1
[ue_object_deliverer_bridge_node-1] [INFO] [1785943101.559518816] [ue_object_deliverer_bridge_node]: kinematic setpoint received stamp=122606890 valid=1
[ue_object_deliverer_bridge_node-1] [INFO] [1785943101.559917760] [ue_object_deliverer_bridge_node]: Sent kinematic setpoint to UE5: bytes=424, payload={"Command_Type":"Kinematic_Setpoint","Delta_X_Cm":29.43052351474762,"Delta_Y_Cm":2.4032987654209137,"Frame_ID":"ue_actor_local","Hold_Position":false,"Reason":"DECISION_VALID","Run_ID":"B899C86744EC58EE98485F816A90D0F5","Scene_Seed":230908,"Sequence":474,"Source_Frame_Index":1225,"Source_Model_Version":"safety_gate_v1","Source_Stamp_Us":122606890,"Stamp_Us":122606890,"Step_Dt":0.20000000298023224,"Valid":true}__OD_END__
[ue_object_deliverer_bridge_node-1] [INFO] [1785943101.862310848] [ue_object_deliverer_bridge_node]: kinematic setpoint received stamp=122912781 valid=1
[ue_object_deliverer_bridge_node-1] [INFO] [1785943102.145943392] [ue_object_deliverer_bridge_node]: kinematic setpoint received stamp=123205011 valid=1
[ue_object_deliverer_bridge_node-1] [INFO] [1785943102.365714592] [ue_object_deliverer_bridge_node]: kinematic setpoint received stamp=123411386 valid=1
[ue_object_deliverer_bridge_node-1] [INFO] [1785943102.663577760] [ue_object_deliverer_bridge_node]: kinematic setpoint received stamp=123714098 valid=1
[ue_object_deliverer_bridge_node-1] [INFO] [1785943102.663964320] [ue_object_deliverer_bridge_node]: Sent kinematic setpoint to UE5: bytes=425, payload={"Command_Type":"Kinematic_Setpoint","Delta_X_Cm":21.422038972377777,"Delta_Y_Cm":1.9827364012598991,"Frame_ID":"ue_actor_local","Hold_Position":false,"Reason":"DECISION_VALID","Run_ID":"B899C86744EC58EE98485F816A90D0F5","Scene_Seed":230908,"Sequence":478,"Source_Frame_Index":1236,"Source_Model_Version":"safety_gate_v1","Source_Stamp_Us":123714098,"Stamp_Us":123714098,"Step_Dt":0.20000000298023224,"Valid":true}__OD_END__
[ue_object_deliverer_bridge_node-1] [INFO] [1785943102.888995648] [ue_object_deliverer_bridge_node]: kinematic setpoint received stamp=123714099 valid=1
[ue_object_deliverer_bridge_node-1] [INFO] [1785943103.151314016] [ue_object_deliverer_bridge_node]: kinematic setpoint received stamp=124210301 valid=1
[ue_object_deliverer_bridge_node-1] [INFO] [1785943103.441182624] [ue_object_deliverer_bridge_node]: kinematic setpoint received stamp=124500752 valid=1
[ue_object_deliverer_bridge_node-1] [INFO] [1785943103.645127520] [ue_object_deliverer_bridge_node]: kinematic setpoint received stamp=124705150 valid=1
[ue_object_deliverer_bridge_node-1] [INFO] [1785943103.849126944] [ue_object_deliverer_bridge_node]: kinematic setpoint received stamp=124911364 valid=1
[ue_object_deliverer_bridge_node-1] [INFO] [1785943103.849504736] [ue_object_deliverer_bridge_node]: Sent kinematic setpoint to UE5: bytes=427, payload={"Command_Type":"Kinematic_Setpoint","Delta_X_Cm":-10.730863362550735,"Delta_Y_Cm":-1.4500494115054607,"Frame_ID":"ue_actor_local","Hold_Position":false,"Reason":"DECISION_VALID","Run_ID":"B899C86744EC58EE98485F816A90D0F5","Scene_Seed":230908,"Sequence":483,"Source_Frame_Index":1248,"Source_Model_Version":"safety_gate_v1","Source_Stamp_Us":124911364,"Stamp_Us":124911364,"Step_Dt":0.20000000298023224,"Valid":true}__OD_END__
[ue_object_deliverer_bridge_node-1] [INFO] [1785943104.154413376] [ue_object_deliverer_bridge_node]: kinematic setpoint received stamp=125211540 valid=1
[ue_object_deliverer_bridge_node-1] [INFO] [1785943104.465790016] [ue_object_deliverer_bridge_node]: kinematic setpoint received stamp=125512703 valid=1
[ue_object_deliverer_bridge_node-1] [INFO] [1785943104.766084512] [ue_object_deliverer_bridge_node]: kinematic setpoint received stamp=125811047 valid=1
[image_entity_perception-9] [INFO] [1785943104.929537344] [image_entity_perception]: PERCEPTION_PERF_TRACE frame_index=1259 count=1250 predict_ms=42.3 entities=4 valid=True
[temporal_entity_tracker-2] [INFO] [1785943104.929998656] [temporal_entity_tracker]: TRACK_TRACE frame_index=1259 count=1250 source_valid=True source_entities=4 visible_source=1
[ue_object_deliverer_bridge_node-1] [INFO] [1785943105.043549120] [ue_object_deliverer_bridge_node]: kinematic setpoint received stamp=126101411 valid=1
[ue_object_deliverer_bridge_node-1] [INFO] [1785943105.043963072] [ue_object_deliverer_bridge_node]: Sent kinematic setpoint to UE5: bytes=425, payload={"Command_Type":"Kinematic_Setpoint","Delta_X_Cm":8.669286966323853,"Delta_Y_Cm":-2.8550175949931145,"Frame_ID":"ue_actor_local","Hold_Position":false,"Reason":"DECISION_VALID","Run_ID":"B899C86744EC58EE98485F816A90D0F5","Scene_Seed":230908,"Sequence":487,"Source_Frame_Index":1260,"Source_Model_Version":"safety_gate_v1","Source_Stamp_Us":126101411,"Stamp_Us":126101411,"Step_Dt":0.20000000298023224,"Valid":true}__OD_END__
[ue_object_deliverer_bridge_node-1] [INFO] [1785943105.249371744] [ue_object_deliverer_bridge_node]: kinematic setpoint received stamp=126305009 valid=1
[ue_object_deliverer_bridge_node-1] [INFO] [1785943105.562136224] [ue_object_deliverer_bridge_node]: kinematic setpoint received stamp=126610068 valid=1
[ue_object_deliverer_bridge_node-1] [INFO] [1785943105.849389856] [ue_object_deliverer_bridge_node]: kinematic setpoint received stamp=126911550 valid=1
[ue_object_deliverer_bridge_node-1] [INFO] [1785943106.157962336] [ue_object_deliverer_bridge_node]: kinematic setpoint received stamp=127213601 valid=1
[ue_object_deliverer_bridge_node-1] [INFO] [1785943106.158352160] [ue_object_deliverer_bridge_node]: Sent kinematic setpoint to UE5: bytes=425, payload={"Command_Type":"Kinematic_Setpoint","Delta_X_Cm":28.201541304588318,"Delta_Y_Cm":1.3304107822477818,"Frame_ID":"ue_actor_local","Hold_Position":false,"Reason":"DECISION_VALID","Run_ID":"B899C86744EC58EE98485F816A90D0F5","Scene_Seed":230908,"Sequence":491,"Source_Frame_Index":1271,"Source_Model_Version":"safety_gate_v1","Source_Stamp_Us":127213601,"Stamp_Us":127213601,"Step_Dt":0.20000000298023224,"Valid":true}__OD_END__
[ue_object_deliverer_bridge_node-1] [INFO] [1785943106.440009888] [ue_object_deliverer_bridge_node]: kinematic setpoint received stamp=127502810 valid=1
[ue_object_deliverer_bridge_node-1] [INFO] [1785943106.644272992] [ue_object_deliverer_bridge_node]: kinematic setpoint received stamp=127708404 valid=1
[ue_object_deliverer_bridge_node-1] [INFO] [1785943106.899948320] [ue_object_deliverer_bridge_node]: kinematic setpoint received stamp=127708405 valid=1
[ue_object_deliverer_bridge_node-1] [INFO] [1785943107.149186688] [ue_object_deliverer_bridge_node]: kinematic setpoint received stamp=128208846 valid=1
[ue_object_deliverer_bridge_node-1] [INFO] [1785943107.361424192] [ue_object_deliverer_bridge_node]: kinematic setpoint received stamp=128411862 valid=1
[ue_object_deliverer_bridge_node-1] [INFO] [1785943107.361791584] [ue_object_deliverer_bridge_node]: Sent kinematic setpoint to UE5: bytes=424, payload={"Command_Type":"Kinematic_Setpoint","Delta_X_Cm":9.985541552305222,"Delta_Y_Cm":0.2593595068901777,"Frame_ID":"ue_actor_local","Hold_Position":false,"Reason":"DECISION_VALID","Run_ID":"B899C86744EC58EE98485F816A90D0F5","Scene_Seed":230908,"Sequence":496,"Source_Frame_Index":1283,"Source_Model_Version":"safety_gate_v1","Source_Stamp_Us":128411862,"Stamp_Us":128411862,"Step_Dt":0.20000000298023224,"Valid":true}__OD_END__
[ue_object_deliverer_bridge_node-1] [INFO] [1785943107.643288544] [ue_object_deliverer_bridge_node]: kinematic setpoint received stamp=128700576 valid=1
[ue_object_deliverer_bridge_node-1] [INFO] [1785943107.854112544] [ue_object_deliverer_bridge_node]: kinematic setpoint received stamp=128910559 valid=1
[vla_policy-10] [INFO] [1785943108.155706656] [vla_policy]: POLICY_AUDIT trigger=periodic events=500 policy_driven=491 backstop=8 hold=1 fail_closed=0 policy_stop=0 guard_reason=policy_driven raw_dx=0.294788 raw_dy=-0.013538 guarded_dx=0.294788 guarded_dy=-0.013538 final_dx=0.249632 final_dy=-0.010522
[ue_object_deliverer_bridge_node-1] [INFO] [1785943108.158856320] [ue_object_deliverer_bridge_node]: kinematic setpoint received stamp=129211521 valid=1
[ue_object_deliverer_bridge_node-1] [INFO] [1785943108.441020352] [ue_object_deliverer_bridge_node]: kinematic setpoint received stamp=129500916 valid=1
[ue_object_deliverer_bridge_node-1] [INFO] [1785943108.441406304] [ue_object_deliverer_bridge_node]: Sent kinematic setpoint to UE5: bytes=424, payload={"Command_Type":"Kinematic_Setpoint","Delta_X_Cm":29.426300525665283,"Delta_Y_Cm":1.238811668008566,"Frame_ID":"ue_actor_local","Hold_Position":false,"Reason":"DECISION_VALID","Run_ID":"B899C86744EC58EE98485F816A90D0F5","Scene_Seed":230908,"Sequence":500,"Source_Frame_Index":1294,"Source_Model_Version":"safety_gate_v1","Source_Stamp_Us":129500916,"Stamp_Us":129500916,"Step_Dt":0.20000000298023224,"Valid":true}__OD_END__
[ue_object_deliverer_bridge_node-1] [INFO] [1785943108.656422560] [ue_object_deliverer_bridge_node]: kinematic setpoint received stamp=129703801 valid=1
[ue_object_deliverer_bridge_node-1] [INFO] [1785943108.857768064] [ue_object_deliverer_bridge_node]: kinematic setpoint received stamp=129909204 valid=1
[ue_object_deliverer_bridge_node-1] [INFO] [1785943109.158372640] [ue_object_deliverer_bridge_node]: kinematic setpoint received stamp=130212410 valid=1
[ue_object_deliverer_bridge_node-1] [INFO] [1785943109.441727648] [ue_object_deliverer_bridge_node]: kinematic setpoint received stamp=130503192 valid=1
[ue_object_deliverer_bridge_node-1] [INFO] [1785943109.442137344] [ue_object_deliverer_bridge_node]: Sent kinematic setpoint to UE5: bytes=423, payload={"Command_Type":"Kinematic_Setpoint","Delta_X_Cm":28.42991054058075,"Delta_Y_Cm":0.872388482093811,"Frame_ID":"ue_actor_local","Hold_Position":false,"Reason":"DECISION_VALID","Run_ID":"B899C86744EC58EE98485F816A90D0F5","Scene_Seed":230908,"Sequence":504,"Source_Frame_Index":1304,"Source_Model_Version":"safety_gate_v1","Source_Stamp_Us":130503192,"Stamp_Us":130503192,"Step_Dt":0.20000000298023224,"Valid":true}__OD_END__
[ue_object_deliverer_bridge_node-1] [INFO] [1785943109.649559104] [ue_object_deliverer_bridge_node]: kinematic setpoint received stamp=130707235 valid=1
[ue_object_deliverer_bridge_node-1] [INFO] [1785943109.884901664] [ue_object_deliverer_bridge_node]: kinematic setpoint received stamp=130707236 valid=1
[image_entity_perception-9] [INFO] [1785943109.916793920] [image_entity_perception]: PERCEPTION_PERF_TRACE frame_index=1309 count=1300 predict_ms=34.6 entities=4 valid=True
[temporal_entity_tracker-2] [INFO] [1785943109.918584608] [temporal_entity_tracker]: TRACK_TRACE frame_index=1309 count=1300 source_valid=True source_entities=4 visible_source=1
[vla_policy-10] [INFO] [1785943109.924955296] [vla_policy]: ENT_IN_TRACE count=1300 frame_index=1309 valid=True detail=OK:selected=1;targets=1;risks=1;dropped=0
[ue_object_deliverer_bridge_node-1] [INFO] [1785943110.142885664] [ue_object_deliverer_bridge_node]: kinematic setpoint received stamp=131209031 valid=1
[ue_object_deliverer_bridge_node-1] [INFO] [1785943110.343939360] [ue_object_deliverer_bridge_node]: kinematic setpoint received stamp=131402314 valid=1
[ue_object_deliverer_bridge_node-1] [INFO] [1785943110.548445696] [ue_object_deliverer_bridge_node]: kinematic setpoint received stamp=131607872 valid=1
[ue_object_deliverer_bridge_node-1] [INFO] [1785943110.548830592] [ue_object_deliverer_bridge_node]: Sent kinematic setpoint to UE5: bytes=426, payload={"Command_Type":"Kinematic_Setpoint","Delta_X_Cm":14.990498125553131,"Delta_Y_Cm":0.20613041706383228,"Frame_ID":"ue_actor_local","Hold_Position":false,"Reason":"DECISION_VALID","Run_ID":"B899C86744EC58EE98485F816A90D0F5","Scene_Seed":230908,"Sequence":509,"Source_Frame_Index":1315,"Source_Model_Version":"safety_gate_v1","Source_Stamp_Us":131607872,"Stamp_Us":131607872,"Step_Dt":0.20000000298023224,"Valid":true}__OD_END__
[ue_object_deliverer_bridge_node-1] [INFO] [1785943110.855945248] [ue_object_deliverer_bridge_node]: kinematic setpoint received stamp=131909784 valid=1
[ue_object_deliverer_bridge_node-1] [INFO] [1785943111.152377856] [ue_object_deliverer_bridge_node]: kinematic setpoint received stamp=132213054 valid=1
[ue_object_deliverer_bridge_node-1] [INFO] [1785943111.458854336] [ue_object_deliverer_bridge_node]: kinematic setpoint received stamp=132512878 valid=1
[ue_object_deliverer_bridge_node-1] [INFO] [1785943111.743943296] [ue_object_deliverer_bridge_node]: kinematic setpoint received stamp=132801717 valid=1
[ue_object_deliverer_bridge_node-1] [INFO] [1785943111.744353088] [ue_object_deliverer_bridge_node]: Sent kinematic setpoint to UE5: bytes=425, payload={"Command_Type":"Kinematic_Setpoint","Delta_X_Cm":27.673500776290894,"Delta_Y_Cm":0.6098487880080938,"Frame_ID":"ue_actor_local","Hold_Position":false,"Reason":"DECISION_VALID","Run_ID":"B899C86744EC58EE98485F816A90D0F5","Scene_Seed":230908,"Sequence":513,"Source_Frame_Index":1327,"Source_Model_Version":"safety_gate_v1","Source_Stamp_Us":132801717,"Stamp_Us":132801717,"Step_Dt":0.20000000298023224,"Valid":true}__OD_END__
[ue_object_deliverer_bridge_node-1] [INFO] [1785943111.946328800] [ue_object_deliverer_bridge_node]: kinematic setpoint received stamp=133007569 valid=1
[ue_object_deliverer_bridge_node-1] [INFO] [1785943112.163214336] [ue_object_deliverer_bridge_node]: kinematic setpoint received stamp=133213590 valid=1
[ue_object_deliverer_bridge_node-1] [INFO] [1785943112.453101024] [ue_object_deliverer_bridge_node]: kinematic setpoint received stamp=133507927 valid=1
[ue_object_deliverer_bridge_node-1] [INFO] [1785943112.762787936] [ue_object_deliverer_bridge_node]: kinematic setpoint received stamp=133810876 valid=1
[ue_object_deliverer_bridge_node-1] [INFO] [1785943112.763174432] [ue_object_deliverer_bridge_node]: Sent kinematic setpoint to UE5: bytes=424, payload={"Command_Type":"Kinematic_Setpoint","Delta_X_Cm":18.79703402519226,"Delta_Y_Cm":0.6104554515331984,"Frame_ID":"ue_actor_local","Hold_Position":false,"Reason":"DECISION_VALID","Run_ID":"B899C86744EC58EE98485F816A90D0F5","Scene_Seed":230908,"Sequence":517,"Source_Frame_Index":1337,"Source_Model_Version":"safety_gate_v1","Source_Stamp_Us":133810876,"Stamp_Us":133810876,"Step_Dt":0.20000000298023224,"Valid":true}__OD_END__
[ue_object_deliverer_bridge_node-1] [INFO] [1785943113.047238272] [ue_object_deliverer_bridge_node]: kinematic setpoint received stamp=134101231 valid=1
[ue_object_deliverer_bridge_node-1] [INFO] [1785943113.345377792] [ue_object_deliverer_bridge_node]: kinematic setpoint received stamp=134402899 valid=1
[ue_object_deliverer_bridge_node-1] [INFO] [1785943113.555500288] [ue_object_deliverer_bridge_node]: kinematic setpoint received stamp=134613437 valid=1
[ue_object_deliverer_bridge_node-1] [INFO] [1785943113.844803872] [ue_object_deliverer_bridge_node]: kinematic setpoint received stamp=134904257 valid=1
[ue_object_deliverer_bridge_node-1] [INFO] [1785943113.845221120] [ue_object_deliverer_bridge_node]: Sent kinematic setpoint to UE5: bytes=426, payload={"Command_Type":"Kinematic_Setpoint","Delta_X_Cm":18.776974081993103,"Delta_Y_Cm":0.12976615689694881,"Frame_ID":"ue_actor_local","Hold_Position":false,"Reason":"DECISION_VALID","Run_ID":"B899C86744EC58EE98485F816A90D0F5","Scene_Seed":230908,"Sequence":521,"Source_Frame_Index":1348,"Source_Model_Version":"safety_gate_v1","Source_Stamp_Us":134904257,"Stamp_Us":134904257,"Step_Dt":0.20000000298023224,"Valid":true}__OD_END__
[ue_object_deliverer_bridge_node-1] [INFO] [1785943114.162407072] [ue_object_deliverer_bridge_node]: kinematic setpoint received stamp=135211933 valid=1
[ue_object_deliverer_bridge_node-1] [INFO] [1785943114.435746944] [ue_object_deliverer_bridge_node]: kinematic setpoint received stamp=135502298 valid=1
[ue_object_deliverer_bridge_node-1] [INFO] [1785943114.640703008] [ue_object_deliverer_bridge_node]: kinematic setpoint received stamp=135708556 valid=1
[ue_object_deliverer_bridge_node-1] [INFO] [1785943114.845480576] [ue_object_deliverer_bridge_node]: kinematic setpoint received stamp=135901074 valid=1
[image_entity_perception-9] [INFO] [1785943114.940252096] [image_entity_perception]: PERCEPTION_PERF_TRACE frame_index=1359 count=1350 predict_ms=46.1 entities=4 valid=True
[temporal_entity_tracker-2] [INFO] [1785943114.940978144] [temporal_entity_tracker]: TRACK_TRACE frame_index=1359 count=1350 source_valid=True source_entities=4 visible_source=1
[ue_object_deliverer_bridge_node-1] [INFO] [1785943115.050913376] [ue_object_deliverer_bridge_node]: kinematic setpoint received stamp=136108533 valid=1
[ue_object_deliverer_bridge_node-1] [INFO] [1785943115.051324064] [ue_object_deliverer_bridge_node]: Sent kinematic setpoint to UE5: bytes=426, payload={"Command_Type":"Kinematic_Setpoint","Delta_X_Cm":15.86490124464035,"Delta_Y_Cm":-0.21008020266890526,"Frame_ID":"ue_actor_local","Hold_Position":false,"Reason":"DECISION_VALID","Run_ID":"B899C86744EC58EE98485F816A90D0F5","Scene_Seed":230908,"Sequence":526,"Source_Frame_Index":1360,"Source_Model_Version":"safety_gate_v1","Source_Stamp_Us":136108533,"Stamp_Us":136108533,"Step_Dt":0.20000000298023224,"Valid":true}__OD_END__
[ue_object_deliverer_bridge_node-1] [INFO] [1785943115.351289504] [ue_object_deliverer_bridge_node]: kinematic setpoint received stamp=136412163 valid=1
[ue_object_deliverer_bridge_node-1] [INFO] [1785943115.632726240] [ue_object_deliverer_bridge_node]: kinematic setpoint received stamp=136700553 valid=1
[ue_object_deliverer_bridge_node-1] [INFO] [1785943115.859947456] [ue_object_deliverer_bridge_node]: kinematic setpoint received stamp=136910041 valid=1
[ue_object_deliverer_bridge_node-1] [INFO] [1785943116.141135968] [ue_object_deliverer_bridge_node]: kinematic setpoint received stamp=137200955 valid=1
[ue_object_deliverer_bridge_node-1] [INFO] [1785943116.141625664] [ue_object_deliverer_bridge_node]: Sent kinematic setpoint to UE5: bytes=425, payload={"Command_Type":"Kinematic_Setpoint","Delta_X_Cm":10.92282086610794,"Delta_Y_Cm":-1.0282345116138458,"Frame_ID":"ue_actor_local","Hold_Position":false,"Reason":"DECISION_VALID","Run_ID":"B899C86744EC58EE98485F816A90D0F5","Scene_Seed":230908,"Sequence":530,"Source_Frame_Index":1371,"Source_Model_Version":"safety_gate_v1","Source_Stamp_Us":137200955,"Stamp_Us":137200955,"Step_Dt":0.20000000298023224,"Valid":true}__OD_END__
[ue_object_deliverer_bridge_node-1] [INFO] [1785943116.342151680] [ue_object_deliverer_bridge_node]: kinematic setpoint received stamp=137405594 valid=1
[ue_object_deliverer_bridge_node-1] [INFO] [1785943116.549314784] [ue_object_deliverer_bridge_node]: kinematic setpoint received stamp=137608472 valid=1
[ue_object_deliverer_bridge_node-1] [INFO] [1785943116.840812000] [ue_object_deliverer_bridge_node]: kinematic setpoint received stamp=137901487 valid=1
[ue_object_deliverer_bridge_node-1] [INFO] [1785943117.049154880] [ue_object_deliverer_bridge_node]: kinematic setpoint received stamp=138108565 valid=1
[ue_object_deliverer_bridge_node-1] [INFO] [1785943117.363115552] [ue_object_deliverer_bridge_node]: kinematic setpoint received stamp=138411478 valid=1
[ue_object_deliverer_bridge_node-1] [INFO] [1785943117.363702816] [ue_object_deliverer_bridge_node]: Sent kinematic setpoint to UE5: bytes=426, payload={"Command_Type":"Kinematic_Setpoint","Delta_X_Cm":18.404412269592285,"Delta_Y_Cm":-1.2152723968029022,"Frame_ID":"ue_actor_local","Hold_Position":false,"Reason":"DECISION_VALID","Run_ID":"B899C86744EC58EE98485F816A90D0F5","Scene_Seed":230908,"Sequence":535,"Source_Frame_Index":1383,"Source_Model_Version":"safety_gate_v1","Source_Stamp_Us":138411478,"Stamp_Us":138411478,"Step_Dt":0.20000000298023224,"Valid":true}__OD_END__
[ue_object_deliverer_bridge_node-1] [INFO] [1785943117.639958048] [ue_object_deliverer_bridge_node]: kinematic setpoint received stamp=138700975 valid=1
[ue_object_deliverer_bridge_node-1] [INFO] [1785943117.852252736] [ue_object_deliverer_bridge_node]: kinematic setpoint received stamp=138909945 valid=1
[ue_object_deliverer_bridge_node-1] [INFO] [1785943118.143964416] [ue_object_deliverer_bridge_node]: kinematic setpoint received stamp=139201134 valid=1
[ue_object_deliverer_bridge_node-1] [INFO] [1785943118.354236352] [ue_object_deliverer_bridge_node]: kinematic setpoint received stamp=139411657 valid=1
[ue_object_deliverer_bridge_node-1] [INFO] [1785943118.354626368] [ue_object_deliverer_bridge_node]: Sent kinematic setpoint to UE5: bytes=424, payload={"Command_Type":"Kinematic_Setpoint","Delta_X_Cm":14.77186530828476,"Delta_Y_Cm":-0.875887181609869,"Frame_ID":"ue_actor_local","Hold_Position":false,"Reason":"DECISION_VALID","Run_ID":"B899C86744EC58EE98485F816A90D0F5","Scene_Seed":230908,"Sequence":539,"Source_Frame_Index":1393,"Source_Model_Version":"safety_gate_v1","Source_Stamp_Us":139411657,"Stamp_Us":139411657,"Step_Dt":0.20000000298023224,"Valid":true}__OD_END__
[ue_object_deliverer_bridge_node-1] [INFO] [1785943118.645259072] [ue_object_deliverer_bridge_node]: kinematic setpoint received stamp=139701684 valid=1
[ue_object_deliverer_bridge_node-1] [INFO] [1785943118.858507904] [ue_object_deliverer_bridge_node]: kinematic setpoint received stamp=139906939 valid=1
[ue_object_deliverer_bridge_node-1] [INFO] [1785943119.166656736] [ue_object_deliverer_bridge_node]: kinematic setpoint received stamp=140210763 valid=1
[ue_object_deliverer_bridge_node-1] [INFO] [1785943119.441641728] [ue_object_deliverer_bridge_node]: kinematic setpoint received stamp=140500732 valid=1
[ue_object_deliverer_bridge_node-1] [INFO] [1785943119.442033408] [ue_object_deliverer_bridge_node]: Sent kinematic setpoint to UE5: bytes=425, payload={"Command_Type":"Kinematic_Setpoint","Delta_X_Cm":4.100419953465462,"Delta_Y_Cm":-0.9851086884737015,"Frame_ID":"ue_actor_local","Hold_Position":false,"Reason":"DECISION_VALID","Run_ID":"B899C86744EC58EE98485F816A90D0F5","Scene_Seed":230908,"Sequence":543,"Source_Frame_Index":1404,"Source_Model_Version":"safety_gate_v1","Source_Stamp_Us":140500732,"Stamp_Us":140500732,"Step_Dt":0.20000000298023224,"Valid":true}__OD_END__
[ue_object_deliverer_bridge_node-1] [INFO] [1785943119.648407520] [ue_object_deliverer_bridge_node]: kinematic setpoint received stamp=140708236 valid=1
[ue_object_deliverer_bridge_node-1] [INFO] [1785943119.855281184] [ue_object_deliverer_bridge_node]: kinematic setpoint received stamp=140912749 valid=1
[temporal_entity_tracker-2] [INFO] [1785943119.932816736] [temporal_entity_tracker]: TRACK_TRACE frame_index=1409 count=1400 source_valid=True source_entities=4 visible_source=1
[image_entity_perception-9] [INFO] [1785943119.933139040] [image_entity_perception]: PERCEPTION_PERF_TRACE frame_index=1409 count=1400 predict_ms=42.0 entities=4 valid=True
[vla_policy-10] [INFO] [1785943119.937145888] [vla_policy]: ENT_IN_TRACE count=1400 frame_index=1409 valid=True detail=OK:selected=1;targets=1;risks=0;dropped=0
[ue_object_deliverer_bridge_node-1] [INFO] [1785943120.146641952] [ue_object_deliverer_bridge_node]: kinematic setpoint received stamp=141203276 valid=1
[ue_object_deliverer_bridge_node-1] [INFO] [1785943120.352188192] [ue_object_deliverer_bridge_node]: kinematic setpoint received stamp=141410168 valid=1
[ue_object_deliverer_bridge_node-1] [INFO] [1785943120.662430176] [ue_object_deliverer_bridge_node]: kinematic setpoint received stamp=141711527 valid=1
[ue_object_deliverer_bridge_node-1] [INFO] [1785943120.662807392] [ue_object_deliverer_bridge_node]: Sent kinematic setpoint to UE5: bytes=425, payload={"Command_Type":"Kinematic_Setpoint","Delta_X_Cm":21.55327796936035,"Delta_Y_Cm":-1.4580551534891129,"Frame_ID":"ue_actor_local","Hold_Position":false,"Reason":"DECISION_VALID","Run_ID":"B899C86744EC58EE98485F816A90D0F5","Scene_Seed":230908,"Sequence":548,"Source_Frame_Index":1416,"Source_Model_Version":"safety_gate_v1","Source_Stamp_Us":141711527,"Stamp_Us":141711527,"Step_Dt":0.20000000298023224,"Valid":true}__OD_END__
[ue_object_deliverer_bridge_node-1] [INFO] [1785943120.897636864] [ue_object_deliverer_bridge_node]: kinematic setpoint received stamp=141711528 valid=1
[ue_object_deliverer_bridge_node-1] [INFO] [1785943121.148367424] [ue_object_deliverer_bridge_node]: kinematic setpoint received stamp=142207284 valid=1
[ue_object_deliverer_bridge_node-1] [INFO] [1785943121.358447808] [ue_object_deliverer_bridge_node]: kinematic setpoint received stamp=142409808 valid=1
[ue_object_deliverer_bridge_node-1] [INFO] [1785943121.649480800] [ue_object_deliverer_bridge_node]: kinematic setpoint received stamp=142700748 valid=1
[ue_object_deliverer_bridge_node-1] [INFO] [1785943121.857441408] [ue_object_deliverer_bridge_node]: kinematic setpoint received stamp=142907750 valid=1
[ue_object_deliverer_bridge_node-1] [INFO] [1785943121.857825984] [ue_object_deliverer_bridge_node]: Sent kinematic setpoint to UE5: bytes=425, payload={"Command_Type":"Kinematic_Setpoint","Delta_X_Cm":19.924865663051605,"Delta_Y_Cm":-1.410841103643179,"Frame_ID":"ue_actor_local","Hold_Position":false,"Reason":"DECISION_VALID","Run_ID":"B899C86744EC58EE98485F816A90D0F5","Scene_Seed":230908,"Sequence":553,"Source_Frame_Index":1428,"Source_Model_Version":"safety_gate_v1","Source_Stamp_Us":142907750,"Stamp_Us":142907750,"Step_Dt":0.20000000298023224,"Valid":true}__OD_END__
[ue_object_deliverer_bridge_node-1] [INFO] [1785943122.156123040] [ue_object_deliverer_bridge_node]: kinematic setpoint received stamp=143211723 valid=1
[ue_object_deliverer_bridge_node-1] [INFO] [1785943122.430376704] [ue_object_deliverer_bridge_node]: kinematic setpoint received stamp=143502635 valid=1
[ue_object_deliverer_bridge_node-1] [INFO] [1785943122.656689248] [ue_object_deliverer_bridge_node]: kinematic setpoint received stamp=143711325 valid=1
[ue_object_deliverer_bridge_node-1] [INFO] [1785943122.895635424] [ue_object_deliverer_bridge_node]: kinematic setpoint received stamp=143711326 valid=1
[ue_object_deliverer_bridge_node-1] [INFO] [1785943122.896023872] [ue_object_deliverer_bridge_node]: Sent kinematic setpoint to UE5: bytes=426, payload={"Command_Type":"Kinematic_Setpoint","Delta_X_Cm":-2.676212228834629,"Delta_Y_Cm":-1.0009064339101315,"Frame_ID":"ue_actor_local","Hold_Position":false,"Reason":"DECISION_VALID","Run_ID":"B899C86744EC58EE98485F816A90D0F5","Scene_Seed":230908,"Sequence":557,"Source_Frame_Index":1389,"Source_Model_Version":"safety_gate_v1","Source_Stamp_Us":143711326,"Stamp_Us":143711326,"Step_Dt":0.20000000298023224,"Valid":true}__OD_END__
[ue_object_deliverer_bridge_node-1] [INFO] [1785943123.148022272] [ue_object_deliverer_bridge_node]: kinematic setpoint received stamp=144206763 valid=1
[ue_object_deliverer_bridge_node-1] [INFO] [1785943123.465982624] [ue_object_deliverer_bridge_node]: kinematic setpoint received stamp=144510528 valid=1
[ue_object_deliverer_bridge_node-1] [INFO] [1785943123.759035488] [ue_object_deliverer_bridge_node]: kinematic setpoint received stamp=144808845 valid=1
[ue_object_deliverer_bridge_node-1] [INFO] [1785943123.962556096] [ue_object_deliverer_bridge_node]: kinematic setpoint received stamp=145009561 valid=1
[ue_object_deliverer_bridge_node-1] [INFO] [1785943124.245688480] [ue_object_deliverer_bridge_node]: kinematic setpoint received stamp=145302855 valid=1
[ue_object_deliverer_bridge_node-1] [INFO] [1785943124.246084128] [ue_object_deliverer_bridge_node]: Sent kinematic setpoint to UE5: bytes=426, payload={"Command_Type":"Kinematic_Setpoint","Delta_X_Cm":21.676331758499146,"Delta_Y_Cm":-1.5540479682385921,"Frame_ID":"ue_actor_local","Hold_Position":false,"Reason":"DECISION_VALID","Run_ID":"B899C86744EC58EE98485F816A90D0F5","Scene_Seed":230908,"Sequence":562,"Source_Frame_Index":1452,"Source_Model_Version":"safety_gate_v1","Source_Stamp_Us":145302855,"Stamp_Us":145302855,"Step_Dt":0.20000000298023224,"Valid":true}__OD_END__
[ue_object_deliverer_bridge_node-1] [INFO] [1785943124.463680608] [ue_object_deliverer_bridge_node]: kinematic setpoint received stamp=145513553 valid=1
[ue_object_deliverer_bridge_node-1] [INFO] [1785943124.751795360] [ue_object_deliverer_bridge_node]: kinematic setpoint received stamp=145807529 valid=1
[image_entity_perception-9] [INFO] [1785943124.929713504] [image_entity_perception]: PERCEPTION_PERF_TRACE frame_index=1459 count=1450 predict_ms=44.8 entities=4 valid=True
[temporal_entity_tracker-2] [INFO] [1785943124.930617888] [temporal_entity_tracker]: TRACK_TRACE frame_index=1459 count=1450 source_valid=True source_entities=4 visible_source=1
[ue_object_deliverer_bridge_node-1] [INFO] [1785943125.047677728] [ue_object_deliverer_bridge_node]: kinematic setpoint received stamp=146111537 valid=1
[ue_object_deliverer_bridge_node-1] [INFO] [1785943125.249374688] [ue_object_deliverer_bridge_node]: kinematic setpoint received stamp=146306689 valid=1
[ue_object_deliverer_bridge_node-1] [INFO] [1785943125.249745120] [ue_object_deliverer_bridge_node]: Sent kinematic setpoint to UE5: bytes=425, payload={"Command_Type":"Kinematic_Setpoint","Delta_X_Cm":29.278752207756042,"Delta_Y_Cm":-2.048303745687008,"Frame_ID":"ue_actor_local","Hold_Position":false,"Reason":"DECISION_VALID","Run_ID":"B899C86744EC58EE98485F816A90D0F5","Scene_Seed":230908,"Sequence":566,"Source_Frame_Index":1462,"Source_Model_Version":"safety_gate_v1","Source_Stamp_Us":146306689,"Stamp_Us":146306689,"Step_Dt":0.20000000298023224,"Valid":true}__OD_END__
[ue_object_deliverer_bridge_node-1] [INFO] [1785943125.552482048] [ue_object_deliverer_bridge_node]: kinematic setpoint received stamp=146611504 valid=1
[ue_object_deliverer_bridge_node-1] [INFO] [1785943125.843230112] [ue_object_deliverer_bridge_node]: kinematic setpoint received stamp=146906942 valid=1
[ue_object_deliverer_bridge_node-1] [INFO] [1785943126.054796064] [ue_object_deliverer_bridge_node]: kinematic setpoint received stamp=147111077 valid=1
[ue_object_deliverer_bridge_node-1] [INFO] [1785943126.346609760] [ue_object_deliverer_bridge_node]: kinematic setpoint received stamp=147400902 valid=1
[ue_object_deliverer_bridge_node-1] [INFO] [1785943126.347008928] [ue_object_deliverer_bridge_node]: Sent kinematic setpoint to UE5: bytes=426, payload={"Command_Type":"Kinematic_Setpoint","Delta_X_Cm":22.145649790763855,"Delta_Y_Cm":-1.9095396623015404,"Frame_ID":"ue_actor_local","Hold_Position":false,"Reason":"DECISION_VALID","Run_ID":"B899C86744EC58EE98485F816A90D0F5","Scene_Seed":230908,"Sequence":570,"Source_Frame_Index":1473,"Source_Model_Version":"safety_gate_v1","Source_Stamp_Us":147400902,"Stamp_Us":147400902,"Step_Dt":0.20000000298023224,"Valid":true}__OD_END__
[ue_object_deliverer_bridge_node-1] [INFO] [1785943126.552627424] [ue_object_deliverer_bridge_node]: kinematic setpoint received stamp=147607973 valid=1
[ue_object_deliverer_bridge_node-1] [INFO] [1785943126.757026240] [ue_object_deliverer_bridge_node]: kinematic setpoint received stamp=147811620 valid=1
[ue_object_deliverer_bridge_node-1] [INFO] [1785943127.047003168] [ue_object_deliverer_bridge_node]: kinematic setpoint received stamp=148103748 valid=1
[ue_object_deliverer_bridge_node-1] [INFO] [1785943127.265460352] [ue_object_deliverer_bridge_node]: kinematic setpoint received stamp=148310592 valid=1
[ue_object_deliverer_bridge_node-1] [INFO] [1785943127.547046944] [ue_object_deliverer_bridge_node]: kinematic setpoint received stamp=148601483 valid=1
[ue_object_deliverer_bridge_node-1] [INFO] [1785943127.547428128] [ue_object_deliverer_bridge_node]: Sent kinematic setpoint to UE5: bytes=426, payload={"Command_Type":"Kinematic_Setpoint","Delta_X_Cm":0.8602728135883808,"Delta_Y_Cm":-0.9799080900847912,"Frame_ID":"ue_actor_local","Hold_Position":false,"Reason":"DECISION_VALID","Run_ID":"B899C86744EC58EE98485F816A90D0F5","Scene_Seed":230908,"Sequence":575,"Source_Frame_Index":1485,"Source_Model_Version":"safety_gate_v1","Source_Stamp_Us":148601483,"Stamp_Us":148601483,"Step_Dt":0.20000000298023224,"Valid":true}__OD_END__
[ue_object_deliverer_bridge_node-1] [INFO] [1785943127.758988896] [ue_object_deliverer_bridge_node]: kinematic setpoint received stamp=148807504 valid=1
[ue_object_deliverer_bridge_node-1] [INFO] [1785943128.060924704] [ue_object_deliverer_bridge_node]: kinematic setpoint received stamp=149112774 valid=1
[ue_object_deliverer_bridge_node-1] [INFO] [1785943128.337676704] [ue_object_deliverer_bridge_node]: kinematic setpoint received stamp=149403187 valid=1
[ue_object_deliverer_bridge_node-1] [INFO] [1785943128.555026944] [ue_object_deliverer_bridge_node]: kinematic setpoint received stamp=149612617 valid=1
[ue_object_deliverer_bridge_node-1] [INFO] [1785943128.555413376] [ue_object_deliverer_bridge_node]: Sent kinematic setpoint to UE5: bytes=425, payload={"Command_Type":"Kinematic_Setpoint","Delta_X_Cm":0.7211094256490469,"Delta_Y_Cm":-4.065224528312683,"Frame_ID":"ue_actor_local","Hold_Position":false,"Reason":"DECISION_VALID","Run_ID":"B899C86744EC58EE98485F816A90D0F5","Scene_Seed":230908,"Sequence":579,"Source_Frame_Index":1495,"Source_Model_Version":"safety_gate_v1","Source_Stamp_Us":149612617,"Stamp_Us":149612617,"Step_Dt":0.20000000298023224,"Valid":true}__OD_END__
[ue_object_deliverer_bridge_node-1] [INFO] [1785943128.837455616] [ue_object_deliverer_bridge_node]: kinematic setpoint received stamp=149905403 valid=1
[ue_object_deliverer_bridge_node-1] [INFO] [1785943129.051294080] [ue_object_deliverer_bridge_node]: kinematic setpoint received stamp=150109692 valid=1
[ue_object_deliverer_bridge_node-1] [INFO] [1785943129.247971680] [ue_object_deliverer_bridge_node]: kinematic setpoint received stamp=150303420 valid=1
[ue_object_deliverer_bridge_node-1] [INFO] [1785943129.463848704] [ue_object_deliverer_bridge_node]: kinematic setpoint received stamp=150510183 valid=1
[ue_object_deliverer_bridge_node-1] [INFO] [1785943129.736403008] [ue_object_deliverer_bridge_node]: kinematic setpoint received stamp=150802390 valid=1
[ue_object_deliverer_bridge_node-1] [INFO] [1785943129.736801504] [ue_object_deliverer_bridge_node]: Sent kinematic setpoint to UE5: bytes=425, payload={"Command_Type":"Kinematic_Setpoint","Delta_X_Cm":25.472921133041382,"Delta_Y_Cm":-1.469594519585371,"Frame_ID":"ue_actor_local","Hold_Position":false,"Reason":"DECISION_VALID","Run_ID":"B899C86744EC58EE98485F816A90D0F5","Scene_Seed":230908,"Sequence":584,"Source_Frame_Index":1507,"Source_Model_Version":"safety_gate_v1","Source_Stamp_Us":150802390,"Stamp_Us":150802390,"Step_Dt":0.20000000298023224,"Valid":true}__OD_END__
[image_entity_perception-9] [INFO] [1785943129.917429664] [image_entity_perception]: PERCEPTION_PERF_TRACE frame_index=1509 count=1500 predict_ms=35.6 entities=4 valid=True
[temporal_entity_tracker-2] [INFO] [1785943129.918626368] [temporal_entity_tracker]: TRACK_TRACE frame_index=1509 count=1500 source_valid=True source_entities=4 visible_source=1
[vla_policy-10] [INFO] [1785943129.923072704] [vla_policy]: ENT_IN_TRACE count=1500 frame_index=1509 valid=True detail=OK:selected=1;targets=1;risks=0;dropped=0
[ue_object_deliverer_bridge_node-1] [INFO] [1785943130.048844000] [ue_object_deliverer_bridge_node]: kinematic setpoint received stamp=151112379 valid=1
[ue_object_deliverer_bridge_node-1] [INFO] [1785943130.331180352] [ue_object_deliverer_bridge_node]: kinematic setpoint received stamp=151401448 valid=1
[ue_object_deliverer_bridge_node-1] [INFO] [1785943130.542901088] [ue_object_deliverer_bridge_node]: kinematic setpoint received stamp=151607722 valid=1
[ue_object_deliverer_bridge_node-1] [INFO] [1785943130.840906496] [ue_object_deliverer_bridge_node]: kinematic setpoint received stamp=151912236 valid=1
[ue_object_deliverer_bridge_node-1] [INFO] [1785943130.841291584] [ue_object_deliverer_bridge_node]: Sent kinematic setpoint to UE5: bytes=426, payload={"Command_Type":"Kinematic_Setpoint","Delta_X_Cm":28.885361552238464,"Delta_Y_Cm":-0.9752737358212471,"Frame_ID":"ue_actor_local","Hold_Position":false,"Reason":"DECISION_VALID","Run_ID":"B899C86744EC58EE98485F816A90D0F5","Scene_Seed":230908,"Sequence":588,"Source_Frame_Index":1518,"Source_Model_Version":"safety_gate_v1","Source_Stamp_Us":151912236,"Stamp_Us":151912236,"Step_Dt":0.20000000298023224,"Valid":true}__OD_END__
[ue_object_deliverer_bridge_node-1] [INFO] [1785943131.168062720] [ue_object_deliverer_bridge_node]: kinematic setpoint received stamp=152213995 valid=1
[ue_object_deliverer_bridge_node-1] [INFO] [1785943131.450549120] [ue_object_deliverer_bridge_node]: kinematic setpoint received stamp=152504576 valid=1
[ue_object_deliverer_bridge_node-1] [INFO] [1785943131.737674656] [ue_object_deliverer_bridge_node]: kinematic setpoint received stamp=152806482 valid=1
[ue_object_deliverer_bridge_node-1] [INFO] [1785943131.938264800] [ue_object_deliverer_bridge_node]: kinematic setpoint received stamp=153006479 valid=1
[ue_object_deliverer_bridge_node-1] [INFO] [1785943131.938647904] [ue_object_deliverer_bridge_node]: Sent kinematic setpoint to UE5: bytes=425, payload={"Command_Type":"Kinematic_Setpoint","Delta_X_Cm":25.18097162246704,"Delta_Y_Cm":-0.9853499010205269,"Frame_ID":"ue_actor_local","Hold_Position":false,"Reason":"DECISION_VALID","Run_ID":"B899C86744EC58EE98485F816A90D0F5","Scene_Seed":230908,"Sequence":592,"Source_Frame_Index":1529,"Source_Model_Version":"safety_gate_v1","Source_Stamp_Us":153006479,"Stamp_Us":153006479,"Step_Dt":0.20000000298023224,"Valid":true}__OD_END__
[ue_object_deliverer_bridge_node-1] [INFO] [1785943132.153288256] [ue_object_deliverer_bridge_node]: kinematic setpoint received stamp=153210683 valid=1
[ue_object_deliverer_bridge_node-1] [INFO] [1785943132.453266720] [ue_object_deliverer_bridge_node]: kinematic setpoint received stamp=153513566 valid=1
[ue_object_deliverer_bridge_node-1] [INFO] [1785943132.742556736] [ue_object_deliverer_bridge_node]: kinematic setpoint received stamp=153801291 valid=1
[ue_object_deliverer_bridge_node-1] [INFO] [1785943132.955745696] [ue_object_deliverer_bridge_node]: kinematic setpoint received stamp=154009286 valid=1
[ue_object_deliverer_bridge_node-1] [INFO] [1785943132.956127424] [ue_object_deliverer_bridge_node]: Sent kinematic setpoint to UE5: bytes=426, payload={"Command_Type":"Kinematic_Setpoint","Delta_X_Cm":19.056904315948486,"Delta_Y_Cm":-0.8531087078154087,"Frame_ID":"ue_actor_local","Hold_Position":false,"Reason":"DECISION_VALID","Run_ID":"B899C86744EC58EE98485F816A90D0F5","Scene_Seed":230908,"Sequence":596,"Source_Frame_Index":1539,"Source_Model_Version":"safety_gate_v1","Source_Stamp_Us":154009286,"Stamp_Us":154009286,"Step_Dt":0.20000000298023224,"Valid":true}__OD_END__
[ue_object_deliverer_bridge_node-1] [INFO] [1785943133.264280224] [ue_object_deliverer_bridge_node]: kinematic setpoint received stamp=154313058 valid=1
[ue_object_deliverer_bridge_node-1] [INFO] [1785943133.545815232] [ue_object_deliverer_bridge_node]: kinematic setpoint received stamp=154609891 valid=1
[vla_policy-10] [INFO] [1785943133.842289984] [vla_policy]: POLICY_AUDIT trigger=periodic events=600 policy_driven=591 backstop=8 hold=1 fail_closed=0 policy_stop=0 guard_reason=policy_driven raw_dx=-0.073884 raw_dy=0.009100 guarded_dx=-0.073884 guarded_dy=0.009100 final_dx=0.040580 final_dy=0.008083
[ue_object_deliverer_bridge_node-1] [INFO] [1785943133.846527136] [ue_object_deliverer_bridge_node]: kinematic setpoint received stamp=154903085 valid=1
[ue_object_deliverer_bridge_node-1] [INFO] [1785943134.056405536] [ue_object_deliverer_bridge_node]: kinematic setpoint received stamp=155112028 valid=1
[ue_object_deliverer_bridge_node-1] [INFO] [1785943134.056966240] [ue_object_deliverer_bridge_node]: Sent kinematic setpoint to UE5: bytes=427, payload={"Command_Type":"Kinematic_Setpoint","Delta_X_Cm":-0.9341019205749035,"Delta_Y_Cm":-1.0886292904615402,"Frame_ID":"ue_actor_local","Hold_Position":false,"Reason":"DECISION_VALID","Run_ID":"B899C86744EC58EE98485F816A90D0F5","Scene_Seed":230908,"Sequence":600,"Source_Frame_Index":1550,"Source_Model_Version":"safety_gate_v1","Source_Stamp_Us":155112028,"Stamp_Us":155112028,"Step_Dt":0.20000000298023224,"Valid":true}__OD_END__
[ue_object_deliverer_bridge_node-1] [INFO] [1785943134.336393920] [ue_object_deliverer_bridge_node]: kinematic setpoint received stamp=155402580 valid=1
[ue_object_deliverer_bridge_node-1] [INFO] [1785943134.550477632] [ue_object_deliverer_bridge_node]: kinematic setpoint received stamp=155609260 valid=1
[ue_object_deliverer_bridge_node-1] [INFO] [1785943134.840440256] [ue_object_deliverer_bridge_node]: kinematic setpoint received stamp=155901108 valid=1
[image_entity_perception-9] [INFO] [1785943134.941251808] [image_entity_perception]: PERCEPTION_PERF_TRACE frame_index=1559 count=1550 predict_ms=45.3 entities=4 valid=True
[temporal_entity_tracker-2] [INFO] [1785943134.942017472] [temporal_entity_tracker]: TRACK_TRACE frame_index=1559 count=1550 source_valid=True source_entities=4 visible_source=1
[ue_object_deliverer_bridge_node-1] [INFO] [1785943135.044626752] [ue_object_deliverer_bridge_node]: kinematic setpoint received stamp=156107057 valid=1
[ue_object_deliverer_bridge_node-1] [INFO] [1785943135.337311552] [ue_object_deliverer_bridge_node]: kinematic setpoint received stamp=156409816 valid=1
[ue_object_deliverer_bridge_node-1] [INFO] [1785943135.337698880] [ue_object_deliverer_bridge_node]: Sent kinematic setpoint to UE5: bytes=426, payload={"Command_Type":"Kinematic_Setpoint","Delta_X_Cm":14.761565625667572,"Delta_Y_Cm":-2.0318714901804924,"Frame_ID":"ue_actor_local","Hold_Position":false,"Reason":"DECISION_VALID","Run_ID":"B899C86744EC58EE98485F816A90D0F5","Scene_Seed":230908,"Sequence":605,"Source_Frame_Index":1563,"Source_Model_Version":"safety_gate_v1","Source_Stamp_Us":156409816,"Stamp_Us":156409816,"Step_Dt":0.20000000298023224,"Valid":true}__OD_END__
[ue_object_deliverer_bridge_node-1] [INFO] [1785943135.630544800] [ue_object_deliverer_bridge_node]: kinematic setpoint received stamp=156701827 valid=1
[ue_object_deliverer_bridge_node-1] [INFO] [1785943135.894003776] [ue_object_deliverer_bridge_node]: kinematic setpoint received stamp=156701828 valid=1
[ue_object_deliverer_bridge_node-1] [INFO] [1785943136.157429280] [ue_object_deliverer_bridge_node]: kinematic setpoint received stamp=157212709 valid=1
[ue_object_deliverer_bridge_node-1] [INFO] [1785943136.444200512] [ue_object_deliverer_bridge_node]: kinematic setpoint received stamp=157501936 valid=1
[ue_object_deliverer_bridge_node-1] [INFO] [1785943136.444625856] [ue_object_deliverer_bridge_node]: Sent kinematic setpoint to UE5: bytes=425, payload={"Command_Type":"Kinematic_Setpoint","Delta_X_Cm":9.944429993629456,"Delta_Y_Cm":-0.8750254288315773,"Frame_ID":"ue_actor_local","Hold_Position":false,"Reason":"DECISION_VALID","Run_ID":"B899C86744EC58EE98485F816A90D0F5","Scene_Seed":230908,"Sequence":609,"Source_Frame_Index":1574,"Source_Model_Version":"safety_gate_v1","Source_Stamp_Us":157501936,"Stamp_Us":157501936,"Step_Dt":0.20000000298023224,"Valid":true}__OD_END__
[ue_object_deliverer_bridge_node-1] [INFO] [1785943136.653750784] [ue_object_deliverer_bridge_node]: kinematic setpoint received stamp=157706677 valid=1
[ue_object_deliverer_bridge_node-1] [INFO] [1785943136.891377280] [ue_object_deliverer_bridge_node]: kinematic setpoint received stamp=157706678 valid=1
[ue_object_deliverer_bridge_node-1] [INFO] [1785943137.138421536] [ue_object_deliverer_bridge_node]: kinematic setpoint received stamp=158205272 valid=1
[ue_object_deliverer_bridge_node-1] [INFO] [1785943137.355211680] [ue_object_deliverer_bridge_node]: kinematic setpoint received stamp=158412070 valid=1
[ue_object_deliverer_bridge_node-1] [INFO] [1785943137.641060224] [ue_object_deliverer_bridge_node]: kinematic setpoint received stamp=158703541 valid=1
[ue_object_deliverer_bridge_node-1] [INFO] [1785943137.641471360] [ue_object_deliverer_bridge_node]: Sent kinematic setpoint to UE5: bytes=425, payload={"Command_Type":"Kinematic_Setpoint","Delta_X_Cm":14.92515504360199,"Delta_Y_Cm":-1.2869864702224731,"Frame_ID":"ue_actor_local","Hold_Position":false,"Reason":"DECISION_VALID","Run_ID":"B899C86744EC58EE98485F816A90D0F5","Scene_Seed":230908,"Sequence":614,"Source_Frame_Index":1586,"Source_Model_Version":"safety_gate_v1","Source_Stamp_Us":158703541,"Stamp_Us":158703541,"Step_Dt":0.20000000298023224,"Valid":true}__OD_END__
[ue_object_deliverer_bridge_node-1] [INFO] [1785943137.855929408] [ue_object_deliverer_bridge_node]: kinematic setpoint received stamp=158912056 valid=1
[ue_object_deliverer_bridge_node-1] [INFO] [1785943138.149345088] [ue_object_deliverer_bridge_node]: kinematic setpoint received stamp=159205086 valid=1
[ue_object_deliverer_bridge_node-1] [INFO] [1785943138.357120128] [ue_object_deliverer_bridge_node]: kinematic setpoint received stamp=159411089 valid=1
[ue_object_deliverer_bridge_node-1] [INFO] [1785943138.666002496] [ue_object_deliverer_bridge_node]: kinematic setpoint received stamp=159712370 valid=1
[ue_object_deliverer_bridge_node-1] [INFO] [1785943138.666382880] [ue_object_deliverer_bridge_node]: Sent kinematic setpoint to UE5: bytes=424, payload={"Command_Type":"Kinematic_Setpoint","Delta_X_Cm":29.2734295129776,"Delta_Y_Cm":-1.6197042539715767,"Frame_ID":"ue_actor_local","Hold_Position":false,"Reason":"DECISION_VALID","Run_ID":"B899C86744EC58EE98485F816A90D0F5","Scene_Seed":230908,"Sequence":618,"Source_Frame_Index":1596,"Source_Model_Version":"safety_gate_v1","Source_Stamp_Us":159712370,"Stamp_Us":159712370,"Step_Dt":0.20000000298023224,"Valid":true}__OD_END__
[ue_object_deliverer_bridge_node-1] [INFO] [1785943138.892282880] [ue_object_deliverer_bridge_node]: kinematic setpoint received stamp=159712371 valid=1
[ue_object_deliverer_bridge_node-1] [INFO] [1785943139.158601120] [ue_object_deliverer_bridge_node]: kinematic setpoint received stamp=160212681 valid=1
[ue_object_deliverer_bridge_node-1] [INFO] [1785943139.443221792] [ue_object_deliverer_bridge_node]: kinematic setpoint received stamp=160501577 valid=1
[ue_object_deliverer_bridge_node-1] [INFO] [1785943139.653916352] [ue_object_deliverer_bridge_node]: kinematic setpoint received stamp=160706681 valid=1
[ue_object_deliverer_bridge_node-1] [INFO] [1785943139.890790720] [ue_object_deliverer_bridge_node]: kinematic setpoint received stamp=160706682 valid=1
[ue_object_deliverer_bridge_node-1] [INFO] [1785943139.891175872] [ue_object_deliverer_bridge_node]: Sent kinematic setpoint to UE5: bytes=426, payload={"Command_Type":"Kinematic_Setpoint","Delta_X_Cm":4.995853826403618,"Delta_Y_Cm":-0.20358390174806118,"Frame_ID":"ue_actor_local","Hold_Position":false,"Reason":"DECISION_VALID","Run_ID":"B899C86744EC58EE98485F816A90D0F5","Scene_Seed":230908,"Sequence":623,"Source_Frame_Index":1559,"Source_Model_Version":"safety_gate_v1","Source_Stamp_Us":160706682,"Stamp_Us":160706682,"Step_Dt":0.20000000298023224,"Valid":true}__OD_END__
[image_entity_perception-9] [INFO] [1785943139.941800864] [image_entity_perception]: PERCEPTION_PERF_TRACE frame_index=1609 count=1600 predict_ms=44.5 entities=4 valid=True
[temporal_entity_tracker-2] [INFO] [1785943139.942477216] [temporal_entity_tracker]: TRACK_TRACE frame_index=1609 count=1600 source_valid=True source_entities=4 visible_source=1
[vla_policy-10] [INFO] [1785943139.946895232] [vla_policy]: ENT_IN_TRACE count=1600 frame_index=1609 valid=True detail=OK:selected=1;targets=1;risks=0;dropped=0
[ue_object_deliverer_bridge_node-1] [INFO] [1785943140.147545280] [ue_object_deliverer_bridge_node]: kinematic setpoint received stamp=161204477 valid=1
[ue_object_deliverer_bridge_node-1] [INFO] [1785943140.434037920] [ue_object_deliverer_bridge_node]: kinematic setpoint received stamp=161507334 valid=1
[ue_object_deliverer_bridge_node-1] [INFO] [1785943140.643967680] [ue_object_deliverer_bridge_node]: kinematic setpoint received stamp=161712648 valid=1
[ue_object_deliverer_bridge_node-1] [INFO] [1785943140.878706048] [ue_object_deliverer_bridge_node]: kinematic setpoint received stamp=161712649 valid=1
[ue_object_deliverer_bridge_node-1] [INFO] [1785943141.151238816] [ue_object_deliverer_bridge_node]: kinematic setpoint received stamp=162207156 valid=1
[ue_object_deliverer_bridge_node-1] [INFO] [1785943141.151635040] [ue_object_deliverer_bridge_node]: Sent kinematic setpoint to UE5: bytes=426, payload={"Command_Type":"Kinematic_Setpoint","Delta_X_Cm":4.997089505195618,"Delta_Y_Cm":-0.17057631630450487,"Frame_ID":"ue_actor_local","Hold_Position":false,"Reason":"DECISION_VALID","Run_ID":"B899C86744EC58EE98485F816A90D0F5","Scene_Seed":230908,"Sequence":628,"Source_Frame_Index":1621,"Source_Model_Version":"safety_gate_v1","Source_Stamp_Us":162207156,"Stamp_Us":162207156,"Step_Dt":0.20000000298023224,"Valid":true}__OD_END__
[ue_object_deliverer_bridge_node-1] [INFO] [1785943141.356906400] [ue_object_deliverer_bridge_node]: kinematic setpoint received stamp=162412823 valid=1
[ue_object_deliverer_bridge_node-1] [INFO] [1785943141.646714976] [ue_object_deliverer_bridge_node]: kinematic setpoint received stamp=162703783 valid=1
[ue_object_deliverer_bridge_node-1] [INFO] [1785943141.857627776] [ue_object_deliverer_bridge_node]: kinematic setpoint received stamp=162909955 valid=1
[ue_object_deliverer_bridge_node-1] [INFO] [1785943142.152231136] [ue_object_deliverer_bridge_node]: kinematic setpoint received stamp=163207262 valid=1
[ue_object_deliverer_bridge_node-1] [INFO] [1785943142.152631008] [ue_object_deliverer_bridge_node]: Sent kinematic setpoint to UE5: bytes=426, payload={"Command_Type":"Kinematic_Setpoint","Delta_X_Cm":24.915577471256256,"Delta_Y_Cm":-1.4812151901423931,"Frame_ID":"ue_actor_local","Hold_Position":false,"Reason":"DECISION_VALID","Run_ID":"B899C86744EC58EE98485F816A90D0F5","Scene_Seed":230908,"Sequence":632,"Source_Frame_Index":1631,"Source_Model_Version":"safety_gate_v1","Source_Stamp_Us":163207262,"Stamp_Us":163207262,"Step_Dt":0.20000000298023224,"Valid":true}__OD_END__
[ue_object_deliverer_bridge_node-1] [INFO] [1785943142.362291392] [ue_object_deliverer_bridge_node]: kinematic setpoint received stamp=163412791 valid=1
[ue_object_deliverer_bridge_node-1] [INFO] [1785943142.644941888] [ue_object_deliverer_bridge_node]: kinematic setpoint received stamp=163703303 valid=1
[ue_object_deliverer_bridge_node-1] [INFO] [1785943142.885032192] [ue_object_deliverer_bridge_node]: kinematic setpoint received stamp=163703304 valid=1
[ue_object_deliverer_bridge_node-1] [INFO] [1785943143.131958720] [ue_object_deliverer_bridge_node]: kinematic setpoint received stamp=164201420 valid=1
[ue_object_deliverer_bridge_node-1] [INFO] [1785943143.346145024] [ue_object_deliverer_bridge_node]: kinematic setpoint received stamp=164406304 valid=1
[ue_object_deliverer_bridge_node-1] [INFO] [1785943143.346633504] [ue_object_deliverer_bridge_node]: Sent kinematic setpoint to UE5: bytes=425, payload={"Command_Type":"Kinematic_Setpoint","Delta_X_Cm":9.936273843050003,"Delta_Y_Cm":-0.9421109221875668,"Frame_ID":"ue_actor_local","Hold_Position":false,"Reason":"DECISION_VALID","Run_ID":"B899C86744EC58EE98485F816A90D0F5","Scene_Seed":230908,"Sequence":637,"Source_Frame_Index":1643,"Source_Model_Version":"safety_gate_v1","Source_Stamp_Us":164406304,"Stamp_Us":164406304,"Step_Dt":0.20000000298023224,"Valid":true}__OD_END__
[ue_object_deliverer_bridge_node-1] [INFO] [1785943143.548300064] [ue_object_deliverer_bridge_node]: kinematic setpoint received stamp=164610221 valid=1
[ue_object_deliverer_bridge_node-1] [INFO] [1785943143.754007360] [ue_object_deliverer_bridge_node]: kinematic setpoint received stamp=164807774 valid=1
[ue_object_deliverer_bridge_node-1] [INFO] [1785943144.051647680] [ue_object_deliverer_bridge_node]: kinematic setpoint received stamp=165112748 valid=1
[ue_object_deliverer_bridge_node-1] [INFO] [1785943144.337468704] [ue_object_deliverer_bridge_node]: kinematic setpoint received stamp=165402704 valid=1
[ue_object_deliverer_bridge_node-1] [INFO] [1785943144.546659296] [ue_object_deliverer_bridge_node]: kinematic setpoint received stamp=165610011 valid=1
[ue_object_deliverer_bridge_node-1] [INFO] [1785943144.547049056] [ue_object_deliverer_bridge_node]: Sent kinematic setpoint to UE5: bytes=426, payload={"Command_Type":"Kinematic_Setpoint","Delta_X_Cm":29.936259984970093,"Delta_Y_Cm":-1.5220871195197105,"Frame_ID":"ue_actor_local","Hold_Position":false,"Reason":"DECISION_VALID","Run_ID":"B899C86744EC58EE98485F816A90D0F5","Scene_Seed":230908,"Sequence":642,"Source_Frame_Index":1655,"Source_Model_Version":"safety_gate_v1","Source_Stamp_Us":165610011,"Stamp_Us":165610011,"Step_Dt":0.20000000298023224,"Valid":true}__OD_END__
[ue_object_deliverer_bridge_node-1] [INFO] [1785943144.845375840] [ue_object_deliverer_bridge_node]: kinematic setpoint received stamp=165902514 valid=1
[image_entity_perception-9] [INFO] [1785943144.926895488] [image_entity_perception]: PERCEPTION_PERF_TRACE frame_index=1659 count=1650 predict_ms=33.9 entities=4 valid=True
[temporal_entity_tracker-2] [INFO] [1785943144.928662304] [temporal_entity_tracker]: TRACK_TRACE frame_index=1659 count=1650 source_valid=True source_entities=4 visible_source=1
[ue_object_deliverer_bridge_node-1] [INFO] [1785943145.046961888] [ue_object_deliverer_bridge_node]: kinematic setpoint received stamp=166107111 valid=1
[ue_object_deliverer_bridge_node-1] [INFO] [1785943145.265152864] [ue_object_deliverer_bridge_node]: kinematic setpoint received stamp=166313422 valid=1
[ue_object_deliverer_bridge_node-1] [INFO] [1785943145.553130304] [ue_object_deliverer_bridge_node]: kinematic setpoint received stamp=166605567 valid=1
[ue_object_deliverer_bridge_node-1] [INFO] [1785943145.858731776] [ue_object_deliverer_bridge_node]: kinematic setpoint received stamp=166909871 valid=1
[ue_object_deliverer_bridge_node-1] [INFO] [1785943145.859120224] [ue_object_deliverer_bridge_node]: Sent kinematic setpoint to UE5: bytes=426, payload={"Command_Type":"Kinematic_Setpoint","Delta_X_Cm":27.937063574790955,"Delta_Y_Cm":-1.0783732868731022,"Frame_ID":"ue_actor_local","Hold_Position":false,"Reason":"DECISION_VALID","Run_ID":"B899C86744EC58EE98485F816A90D0F5","Scene_Seed":230908,"Sequence":647,"Source_Frame_Index":1668,"Source_Model_Version":"safety_gate_v1","Source_Stamp_Us":166909871,"Stamp_Us":166909871,"Step_Dt":0.20000000298023224,"Valid":true}__OD_END__
[ue_object_deliverer_bridge_node-1] [INFO] [1785943146.145702176] [ue_object_deliverer_bridge_node]: kinematic setpoint received stamp=167204275 valid=1
[ue_object_deliverer_bridge_node-1] [INFO] [1785943146.352761312] [ue_object_deliverer_bridge_node]: kinematic setpoint received stamp=167409220 valid=1
[ue_object_deliverer_bridge_node-1] [INFO] [1785943146.658748192] [ue_object_deliverer_bridge_node]: kinematic setpoint received stamp=167712410 valid=1
[ue_object_deliverer_bridge_node-1] [INFO] [1785943146.881746464] [ue_object_deliverer_bridge_node]: kinematic setpoint received stamp=167712411 valid=1
[ue_object_deliverer_bridge_node-1] [INFO] [1785943146.882154880] [ue_object_deliverer_bridge_node]: Sent kinematic setpoint to UE5: bytes=427, payload={"Command_Type":"Kinematic_Setpoint","Delta_X_Cm":4.9966298043727875,"Delta_Y_Cm":-0.18355369102209806,"Frame_ID":"ue_actor_local","Hold_Position":false,"Reason":"DECISION_VALID","Run_ID":"B899C86744EC58EE98485F816A90D0F5","Scene_Seed":230908,"Sequence":651,"Source_Frame_Index":1629,"Source_Model_Version":"safety_gate_v1","Source_Stamp_Us":167712411,"Stamp_Us":167712411,"Step_Dt":0.20000000298023224,"Valid":true}__OD_END__
[ue_object_deliverer_bridge_node-1] [INFO] [1785943147.159309312] [ue_object_deliverer_bridge_node]: kinematic setpoint received stamp=168206976 valid=1
[ue_object_deliverer_bridge_node-1] [INFO] [1785943147.447391584] [ue_object_deliverer_bridge_node]: kinematic setpoint received stamp=168512281 valid=1
[ue_object_deliverer_bridge_node-1] [INFO] [1785943147.733783200] [ue_object_deliverer_bridge_node]: kinematic setpoint received stamp=168802860 valid=1
[ue_object_deliverer_bridge_node-1] [INFO] [1785943147.935161760] [ue_object_deliverer_bridge_node]: kinematic setpoint received stamp=169006926 valid=1
[ue_object_deliverer_bridge_node-1] [INFO] [1785943147.935545440] [ue_object_deliverer_bridge_node]: Sent kinematic setpoint to UE5: bytes=426, payload={"Command_Type":"Kinematic_Setpoint","Delta_X_Cm":3.5756848752498627,"Delta_Y_Cm":-3.2452955842018127,"Frame_ID":"ue_actor_local","Hold_Position":false,"Reason":"DECISION_VALID","Run_ID":"B899C86744EC58EE98485F816A90D0F5","Scene_Seed":230908,"Sequence":655,"Source_Frame_Index":1689,"Source_Model_Version":"safety_gate_v1","Source_Stamp_Us":169006926,"Stamp_Us":169006926,"Step_Dt":0.20000000298023224,"Valid":true}__OD_END__
[ue_object_deliverer_bridge_node-1] [INFO] [1785943148.145419072] [ue_object_deliverer_bridge_node]: kinematic setpoint received stamp=169212797 valid=1
[ue_object_deliverer_bridge_node-1] [INFO] [1785943148.433010464] [ue_object_deliverer_bridge_node]: kinematic setpoint received stamp=169505486 valid=1
[ue_object_deliverer_bridge_node-1] [INFO] [1785943148.647011360] [ue_object_deliverer_bridge_node]: kinematic setpoint received stamp=169710748 valid=1
[ue_object_deliverer_bridge_node-1] [INFO] [1785943148.878872992] [ue_object_deliverer_bridge_node]: kinematic setpoint received stamp=169710749 valid=1
[ue_object_deliverer_bridge_node-1] [INFO] [1785943149.147492768] [ue_object_deliverer_bridge_node]: kinematic setpoint received stamp=170206930 valid=1
[ue_object_deliverer_bridge_node-1] [INFO] [1785943149.147885664] [ue_object_deliverer_bridge_node]: Sent kinematic setpoint to UE5: bytes=425, payload={"Command_Type":"Kinematic_Setpoint","Delta_X_Cm":4.999133199453354,"Delta_Y_Cm":0.09308952721767128,"Frame_ID":"ue_actor_local","Hold_Position":false,"Reason":"DECISION_VALID","Run_ID":"B899C86744EC58EE98485F816A90D0F5","Scene_Seed":230908,"Sequence":660,"Source_Frame_Index":1701,"Source_Model_Version":"safety_gate_v1","Source_Stamp_Us":170206930,"Stamp_Us":170206930,"Step_Dt":0.20000000298023224,"Valid":true}__OD_END__
[ue_object_deliverer_bridge_node-1] [INFO] [1785943149.352630304] [ue_object_deliverer_bridge_node]: kinematic setpoint received stamp=170413376 valid=1
[ue_object_deliverer_bridge_node-1] [INFO] [1785943149.641656576] [ue_object_deliverer_bridge_node]: kinematic setpoint received stamp=170703804 valid=1
[ue_object_deliverer_bridge_node-1] [INFO] [1785943149.853175200] [ue_object_deliverer_bridge_node]: kinematic setpoint received stamp=170909425 valid=1
[image_entity_perception-9] [INFO] [1785943149.929882464] [image_entity_perception]: PERCEPTION_PERF_TRACE frame_index=1709 count=1700 predict_ms=42.8 entities=4 valid=True
[temporal_entity_tracker-2] [INFO] [1785943149.930464160] [temporal_entity_tracker]: TRACK_TRACE frame_index=1709 count=1700 source_valid=True source_entities=4 visible_source=1
[vla_policy-10] [INFO] [1785943149.934922464] [vla_policy]: ENT_IN_TRACE count=1700 frame_index=1709 valid=True detail=OK:selected=1;targets=1;risks=0;dropped=0
[ue_object_deliverer_bridge_node-1] [INFO] [1785943150.159200896] [ue_object_deliverer_bridge_node]: kinematic setpoint received stamp=171213614 valid=1
[ue_object_deliverer_bridge_node-1] [INFO] [1785943150.159593568] [ue_object_deliverer_bridge_node]: Sent kinematic setpoint to UE5: bytes=427, payload={"Command_Type":"Kinematic_Setpoint","Delta_X_Cm":24.973657727241516,"Delta_Y_Cm":-0.13940547360107303,"Frame_ID":"ue_actor_local","Hold_Position":false,"Reason":"DECISION_VALID","Run_ID":"B899C86744EC58EE98485F816A90D0F5","Scene_Seed":230908,"Sequence":664,"Source_Frame_Index":1711,"Source_Model_Version":"safety_gate_v1","Source_Stamp_Us":171213614,"Stamp_Us":171213614,"Step_Dt":0.20000000298023224,"Valid":true}__OD_END__
[ue_object_deliverer_bridge_node-1] [INFO] [1785943150.447307808] [ue_object_deliverer_bridge_node]: kinematic setpoint received stamp=171507002 valid=1
[ue_object_deliverer_bridge_node-1] [INFO] [1785943150.651837536] [ue_object_deliverer_bridge_node]: kinematic setpoint received stamp=171712901 valid=1
[ue_object_deliverer_bridge_node-1] [INFO] [1785943150.895400160] [ue_object_deliverer_bridge_node]: kinematic setpoint received stamp=171712902 valid=1
[ue_object_deliverer_bridge_node-1] [INFO] [1785943151.141008064] [ue_object_deliverer_bridge_node]: kinematic setpoint received stamp=172203875 valid=1
[ue_object_deliverer_bridge_node-1] [INFO] [1785943151.356718432] [ue_object_deliverer_bridge_node]: kinematic setpoint received stamp=172410181 valid=1
[ue_object_deliverer_bridge_node-1] [INFO] [1785943151.357096992] [ue_object_deliverer_bridge_node]: Sent kinematic setpoint to UE5: bytes=426, payload={"Command_Type":"Kinematic_Setpoint","Delta_X_Cm":9.983914345502853,"Delta_Y_Cm":-0.49865320324897766,"Frame_ID":"ue_actor_local","Hold_Position":false,"Reason":"DECISION_VALID","Run_ID":"B899C86744EC58EE98485F816A90D0F5","Scene_Seed":230908,"Sequence":669,"Source_Frame_Index":1723,"Source_Model_Version":"safety_gate_v1","Source_Stamp_Us":172410181,"Stamp_Us":172410181,"Step_Dt":0.20000000298023224,"Valid":true}__OD_END__
[ue_object_deliverer_bridge_node-1] [INFO] [1785943151.663221056] [ue_object_deliverer_bridge_node]: kinematic setpoint received stamp=172714402 valid=1
[ue_object_deliverer_bridge_node-1] [INFO] [1785943151.878853312] [ue_object_deliverer_bridge_node]: kinematic setpoint received stamp=172714403 valid=1
[ue_object_deliverer_bridge_node-1] [INFO] [1785943152.144656736] [ue_object_deliverer_bridge_node]: kinematic setpoint received stamp=173205095 valid=1
[ue_object_deliverer_bridge_node-1] [INFO] [1785943152.364884000] [ue_object_deliverer_bridge_node]: kinematic setpoint received stamp=173413087 valid=1
[ue_object_deliverer_bridge_node-1] [INFO] [1785943152.365253408] [ue_object_deliverer_bridge_node]: Sent kinematic setpoint to UE5: bytes=425, payload={"Command_Type":"Kinematic_Setpoint","Delta_X_Cm":9.979048371315002,"Delta_Y_Cm":-0.3455086378380656,"Frame_ID":"ue_actor_local","Hold_Position":false,"Reason":"DECISION_VALID","Run_ID":"B899C86744EC58EE98485F816A90D0F5","Scene_Seed":230908,"Sequence":673,"Source_Frame_Index":1733,"Source_Model_Version":"safety_gate_v1","Source_Stamp_Us":173413087,"Stamp_Us":173413087,"Step_Dt":0.20000000298023224,"Valid":true}__OD_END__
[ue_object_deliverer_bridge_node-1] [INFO] [1785943152.649067776] [ue_object_deliverer_bridge_node]: kinematic setpoint received stamp=173703675 valid=1
[ue_object_deliverer_bridge_node-1] [INFO] [1785943152.853717088] [ue_object_deliverer_bridge_node]: kinematic setpoint received stamp=173907878 valid=1
[ue_object_deliverer_bridge_node-1] [INFO] [1785943153.142165920] [ue_object_deliverer_bridge_node]: kinematic setpoint received stamp=174210344 valid=1
[ue_object_deliverer_bridge_node-1] [INFO] [1785943153.446694080] [ue_object_deliverer_bridge_node]: kinematic setpoint received stamp=174513634 valid=1
[ue_object_deliverer_bridge_node-1] [INFO] [1785943153.447088288] [ue_object_deliverer_bridge_node]: Sent kinematic setpoint to UE5: bytes=426, payload={"Command_Type":"Kinematic_Setpoint","Delta_X_Cm":29.433926939964294,"Delta_Y_Cm":0.13155251508578658,"Frame_ID":"ue_actor_local","Hold_Position":false,"Reason":"DECISION_VALID","Run_ID":"B899C86744EC58EE98485F816A90D0F5","Scene_Seed":230908,"Sequence":677,"Source_Frame_Index":1744,"Source_Model_Version":"safety_gate_v1","Source_Stamp_Us":174513634,"Stamp_Us":174513634,"Step_Dt":0.20000000298023224,"Valid":true}__OD_END__
[ue_object_deliverer_bridge_node-1] [INFO] [1785943153.734001408] [ue_object_deliverer_bridge_node]: kinematic setpoint received stamp=174805137 valid=1
[ue_object_deliverer_bridge_node-1] [INFO] [1785943153.940889632] [ue_object_deliverer_bridge_node]: kinematic setpoint received stamp=175006368 valid=1
[ue_object_deliverer_bridge_node-1] [INFO] [1785943154.244742592] [ue_object_deliverer_bridge_node]: kinematic setpoint received stamp=175310450 valid=1
[ue_object_deliverer_bridge_node-1] [INFO] [1785943154.547293568] [ue_object_deliverer_bridge_node]: kinematic setpoint received stamp=175612794 valid=1
[ue_object_deliverer_bridge_node-1] [INFO] [1785943154.547678816] [ue_object_deliverer_bridge_node]: Sent kinematic setpoint to UE5: bytes=425, payload={"Command_Type":"Kinematic_Setpoint","Delta_X_Cm":28.608834743499756,"Delta_Y_Cm":0.2270866185426712,"Frame_ID":"ue_actor_local","Hold_Position":false,"Reason":"DECISION_VALID","Run_ID":"B899C86744EC58EE98485F816A90D0F5","Scene_Seed":230908,"Sequence":681,"Source_Frame_Index":1755,"Source_Model_Version":"safety_gate_v1","Source_Stamp_Us":175612794,"Stamp_Us":175612794,"Step_Dt":0.20000000298023224,"Valid":true}__OD_END__
[ue_object_deliverer_bridge_node-1] [INFO] [1785943154.840162144] [ue_object_deliverer_bridge_node]: kinematic setpoint received stamp=175902183 valid=1
[image_entity_perception-9] [INFO] [1785943154.942169952] [image_entity_perception]: PERCEPTION_PERF_TRACE frame_index=1759 count=1750 predict_ms=46.0 entities=4 valid=True
[temporal_entity_tracker-2] [INFO] [1785943154.942960288] [temporal_entity_tracker]: TRACK_TRACE frame_index=1759 count=1750 source_valid=True source_entities=4 visible_source=1
[ue_object_deliverer_bridge_node-1] [INFO] [1785943155.051301056] [ue_object_deliverer_bridge_node]: kinematic setpoint received stamp=176106382 valid=1
[ue_object_deliverer_bridge_node-1] [INFO] [1785943155.341285472] [ue_object_deliverer_bridge_node]: kinematic setpoint received stamp=176411379 valid=1
[ue_object_deliverer_bridge_node-1] [INFO] [1785943155.650113024] [ue_object_deliverer_bridge_node]: kinematic setpoint received stamp=176702527 valid=1
[ue_object_deliverer_bridge_node-1] [INFO] [1785943155.650585376] [ue_object_deliverer_bridge_node]: Sent kinematic setpoint to UE5: bytes=425, payload={"Command_Type":"Kinematic_Setpoint","Delta_X_Cm":22.003328800201416,"Delta_Y_Cm":0.5696325097233057,"Frame_ID":"ue_actor_local","Hold_Position":false,"Reason":"DECISION_VALID","Run_ID":"B899C86744EC58EE98485F816A90D0F5","Scene_Seed":230908,"Sequence":685,"Source_Frame_Index":1766,"Source_Model_Version":"safety_gate_v1","Source_Stamp_Us":176702527,"Stamp_Us":176702527,"Step_Dt":0.20000000298023224,"Valid":true}__OD_END__
[ue_object_deliverer_bridge_node-1] [INFO] [1785943155.890607776] [ue_object_deliverer_bridge_node]: kinematic setpoint received stamp=176702528 valid=1
[ue_object_deliverer_bridge_node-1] [INFO] [1785943156.141212256] [ue_object_deliverer_bridge_node]: kinematic setpoint received stamp=177203104 valid=1
[ue_object_deliverer_bridge_node-1] [INFO] [1785943156.360266336] [ue_object_deliverer_bridge_node]: kinematic setpoint received stamp=177413164 valid=1
[ue_object_deliverer_bridge_node-1] [INFO] [1785943156.640432192] [ue_object_deliverer_bridge_node]: kinematic setpoint received stamp=177703359 valid=1
[ue_object_deliverer_bridge_node-1] [INFO] [1785943156.640835712] [ue_object_deliverer_bridge_node]: Sent kinematic setpoint to UE5: bytes=427, payload={"Command_Type":"Kinematic_Setpoint","Delta_X_Cm":-3.5190414637327194,"Delta_Y_Cm":-2.1087661385536194,"Frame_ID":"ue_actor_local","Hold_Position":false,"Reason":"DECISION_VALID","Run_ID":"B899C86744EC58EE98485F816A90D0F5","Scene_Seed":230908,"Sequence":689,"Source_Frame_Index":1776,"Source_Model_Version":"safety_gate_v1","Source_Stamp_Us":177703359,"Stamp_Us":177703359,"Step_Dt":0.20000000298023224,"Valid":true}__OD_END__
[ue_object_deliverer_bridge_node-1] [INFO] [1785943156.852824992] [ue_object_deliverer_bridge_node]: kinematic setpoint received stamp=177908322 valid=1
[ue_object_deliverer_bridge_node-1] [INFO] [1785943157.144628128] [ue_object_deliverer_bridge_node]: kinematic setpoint received stamp=178211661 valid=1
[ue_object_deliverer_bridge_node-1] [INFO] [1785943157.444192384] [ue_object_deliverer_bridge_node]: kinematic setpoint received stamp=178504346 valid=1
[ue_object_deliverer_bridge_node-1] [INFO] [1785943157.660402336] [ue_object_deliverer_bridge_node]: kinematic setpoint received stamp=178713518 valid=1
[ue_object_deliverer_bridge_node-1] [INFO] [1785943157.660738944] [ue_object_deliverer_bridge_node]: Sent kinematic setpoint to UE5: bytes=424, payload={"Command_Type":"Kinematic_Setpoint","Delta_X_Cm":8.629782497882843,"Delta_Y_Cm":-3.279653564095497,"Frame_ID":"ue_actor_local","Hold_Position":false,"Reason":"DECISION_VALID","Run_ID":"B899C86744EC58EE98485F816A90D0F5","Scene_Seed":230908,"Sequence":693,"Source_Frame_Index":1786,"Source_Model_Version":"safety_gate_v1","Source_Stamp_Us":178713518,"Stamp_Us":178713518,"Step_Dt":0.20000000298023224,"Valid":true}__OD_END__
[ue_object_deliverer_bridge_node-1] [INFO] [1785943157.879373920] [ue_object_deliverer_bridge_node]: kinematic setpoint received stamp=178713519 valid=1
[ue_object_deliverer_bridge_node-1] [INFO] [1785943158.158362176] [ue_object_deliverer_bridge_node]: kinematic setpoint received stamp=179211913 valid=1
[ue_object_deliverer_bridge_node-1] [INFO] [1785943158.460201632] [ue_object_deliverer_bridge_node]: kinematic setpoint received stamp=179512850 valid=1
[ue_object_deliverer_bridge_node-1] [INFO] [1785943158.742288992] [ue_object_deliverer_bridge_node]: kinematic setpoint received stamp=179801801 valid=1
[ue_object_deliverer_bridge_node-1] [INFO] [1785943158.742690560] [ue_object_deliverer_bridge_node]: Sent kinematic setpoint to UE5: bytes=426, payload={"Command_Type":"Kinematic_Setpoint","Delta_X_Cm":14.982447028160095,"Delta_Y_Cm":0.32416507601737976,"Frame_ID":"ue_actor_local","Hold_Position":false,"Reason":"DECISION_VALID","Run_ID":"B899C86744EC58EE98485F816A90D0F5","Scene_Seed":230908,"Sequence":697,"Source_Frame_Index":1797,"Source_Model_Version":"safety_gate_v1","Source_Stamp_Us":179801801,"Stamp_Us":179801801,"Step_Dt":0.20000000298023224,"Valid":true}__OD_END__
[ue_object_deliverer_bridge_node-1] [INFO] [1785943159.058477760] [ue_object_deliverer_bridge_node]: kinematic setpoint received stamp=180110478 valid=1
[vla_policy-10] [INFO] [1785943159.345872096] [vla_policy]: POLICY_AUDIT trigger=periodic events=700 policy_driven=691 backstop=8 hold=1 fail_closed=0 policy_stop=0 guard_reason=policy_driven raw_dx=0.297841 raw_dy=-0.016561 guarded_dx=0.297841 guarded_dy=-0.016561 final_dx=0.249457 final_dy=-0.011601
[ue_object_deliverer_bridge_node-1] [INFO] [1785943159.349020640] [ue_object_deliverer_bridge_node]: kinematic setpoint received stamp=180402804 valid=1
[ue_object_deliverer_bridge_node-1] [INFO] [1785943159.547324704] [ue_object_deliverer_bridge_node]: kinematic setpoint received stamp=180610828 valid=1
[ue_object_deliverer_bridge_node-1] [INFO] [1785943159.749844864] [ue_object_deliverer_bridge_node]: kinematic setpoint received stamp=180806589 valid=1
[ue_object_deliverer_bridge_node-1] [INFO] [1785943159.750232224] [ue_object_deliverer_bridge_node]: Sent kinematic setpoint to UE5: bytes=425, payload={"Command_Type":"Kinematic_Setpoint","Delta_X_Cm":29.917335510253906,"Delta_Y_Cm":1.3187077827751637,"Frame_ID":"ue_actor_local","Hold_Position":false,"Reason":"DECISION_VALID","Run_ID":"B899C86744EC58EE98485F816A90D0F5","Scene_Seed":230908,"Sequence":701,"Source_Frame_Index":1807,"Source_Model_Version":"safety_gate_v1","Source_Stamp_Us":180806589,"Stamp_Us":180806589,"Step_Dt":0.20000000298023224,"Valid":true}__OD_END__
[image_entity_perception-9] [INFO] [1785943159.926009440] [image_entity_perception]: PERCEPTION_PERF_TRACE frame_index=1809 count=1800 predict_ms=42.3 entities=4 valid=True
[temporal_entity_tracker-2] [INFO] [1785943159.926840352] [temporal_entity_tracker]: TRACK_TRACE frame_index=1809 count=1800 source_valid=True source_entities=4 visible_source=1
[vla_policy-10] [INFO] [1785943159.931427072] [vla_policy]: ENT_IN_TRACE count=1800 frame_index=1809 valid=True detail=OK:selected=1;targets=1;risks=0;dropped=0
[ue_object_deliverer_bridge_node-1] [INFO] [1785943160.063837664] [ue_object_deliverer_bridge_node]: kinematic setpoint received stamp=181113694 valid=1
[ue_object_deliverer_bridge_node-1] [INFO] [1785943160.346340160] [ue_object_deliverer_bridge_node]: kinematic setpoint received stamp=181403445 valid=1
[ue_object_deliverer_bridge_node-1] [INFO] [1785943160.565857888] [ue_object_deliverer_bridge_node]: kinematic setpoint received stamp=181610406 valid=1
[ue_object_deliverer_bridge_node-1] [INFO] [1785943160.837897504] [ue_object_deliverer_bridge_node]: kinematic setpoint received stamp=181900764 valid=1
[ue_object_deliverer_bridge_node-1] [INFO] [1785943160.838252512] [ue_object_deliverer_bridge_node]: Sent kinematic setpoint to UE5: bytes=425, payload={"Command_Type":"Kinematic_Setpoint","Delta_X_Cm":29.086795449256897,"Delta_Y_Cm":1.4987491071224213,"Frame_ID":"ue_actor_local","Hold_Position":false,"Reason":"DECISION_VALID","Run_ID":"B899C86744EC58EE98485F816A90D0F5","Scene_Seed":230908,"Sequence":705,"Source_Frame_Index":1818,"Source_Model_Version":"safety_gate_v1","Source_Stamp_Us":181900764,"Stamp_Us":181900764,"Step_Dt":0.20000000298023224,"Valid":true}__OD_END__
[ue_object_deliverer_bridge_node-1] [INFO] [1785943161.041015168] [ue_object_deliverer_bridge_node]: kinematic setpoint received stamp=182107240 valid=1
[ue_object_deliverer_bridge_node-1] [INFO] [1785943161.263528064] [ue_object_deliverer_bridge_node]: kinematic setpoint received stamp=182312094 valid=1
[ue_object_deliverer_bridge_node-1] [INFO] [1785943161.550778400] [ue_object_deliverer_bridge_node]: kinematic setpoint received stamp=182605239 valid=1
[ue_object_deliverer_bridge_node-1] [INFO] [1785943161.865909216] [ue_object_deliverer_bridge_node]: kinematic setpoint received stamp=182913356 valid=1
[ue_object_deliverer_bridge_node-1] [INFO] [1785943161.866453184] [ue_object_deliverer_bridge_node]: Sent kinematic setpoint to UE5: bytes=425, payload={"Command_Type":"Kinematic_Setpoint","Delta_X_Cm":22.874008119106293,"Delta_Y_Cm":1.6572272405028343,"Frame_ID":"ue_actor_local","Hold_Position":false,"Reason":"DECISION_VALID","Run_ID":"B899C86744EC58EE98485F816A90D0F5","Scene_Seed":230908,"Sequence":709,"Source_Frame_Index":1828,"Source_Model_Version":"safety_gate_v1","Source_Stamp_Us":182913356,"Stamp_Us":182913356,"Step_Dt":0.20000000298023224,"Valid":true}__OD_END__
[ue_object_deliverer_bridge_node-1] [INFO] [1785943162.156072960] [ue_object_deliverer_bridge_node]: kinematic setpoint received stamp=183209573 valid=1
[ue_object_deliverer_bridge_node-1] [INFO] [1785943162.357762688] [ue_object_deliverer_bridge_node]: kinematic setpoint received stamp=183407772 valid=1
[ue_object_deliverer_bridge_node-1] [INFO] [1785943162.667675200] [ue_object_deliverer_bridge_node]: kinematic setpoint received stamp=183712741 valid=1
[ue_object_deliverer_bridge_node-1] [INFO] [1785943162.880882592] [ue_object_deliverer_bridge_node]: kinematic setpoint received stamp=183712742 valid=1
[ue_object_deliverer_bridge_node-1] [INFO] [1785943162.881274944] [ue_object_deliverer_bridge_node]: Sent kinematic setpoint to UE5: bytes=426, payload={"Command_Type":"Kinematic_Setpoint","Delta_X_Cm":4.9942441284656525,"Delta_Y_Cm":0.23984303697943687,"Frame_ID":"ue_actor_local","Hold_Position":false,"Reason":"DECISION_VALID","Run_ID":"B899C86744EC58EE98485F816A90D0F5","Scene_Seed":230908,"Sequence":713,"Source_Frame_Index":1779,"Source_Model_Version":"safety_gate_v1","Source_Stamp_Us":183712742,"Stamp_Us":183712742,"Step_Dt":0.20000000298023224,"Valid":true}__OD_END__
[ue_object_deliverer_bridge_node-1] [INFO] [1785943163.154790016] [ue_object_deliverer_bridge_node]: kinematic setpoint received stamp=184211647 valid=1
[ue_object_deliverer_bridge_node-1] [INFO] [1785943163.433794496] [ue_object_deliverer_bridge_node]: kinematic setpoint received stamp=184504022 valid=1
[ue_object_deliverer_bridge_node-1] [INFO] [1785943163.664129056] [ue_object_deliverer_bridge_node]: kinematic setpoint received stamp=184713860 valid=1
[ue_object_deliverer_bridge_node-1] [INFO] [1785943163.887428704] [ue_object_deliverer_bridge_node]: kinematic setpoint received stamp=184713861 valid=1
[ue_object_deliverer_bridge_node-1] [INFO] [1785943163.887825216] [ue_object_deliverer_bridge_node]: Sent kinematic setpoint to UE5: bytes=424, payload={"Command_Type":"Kinematic_Setpoint","Delta_X_Cm":4.989424720406532,"Delta_Y_Cm":0.3250254550948739,"Frame_ID":"ue_actor_local","Hold_Position":false,"Reason":"DECISION_VALID","Run_ID":"B899C86744EC58EE98485F816A90D0F5","Scene_Seed":230908,"Sequence":717,"Source_Frame_Index":1799,"Source_Model_Version":"safety_gate_v1","Source_Stamp_Us":184713861,"Stamp_Us":184713861,"Step_Dt":0.20000000298023224,"Valid":true}__OD_END__
[ue_object_deliverer_bridge_node-1] [WARN] [1785943164.032457344] [ue_object_deliverer_bridge_node]: UE5 disconnected
