[INFO] [launch]: All log files can be found below /home/jetson/.ros/log/2026-08-06-10-15-34-873912-yahboom-1645456
[INFO] [launch]: Default logging verbosity is set to INFO
[INFO] [ue_object_deliverer_bridge_node-1]: process started with pid [1645480]
[INFO] [temporal_entity_tracker-2]: process started with pid [1645482]
[INFO] [task_instruction-3]: process started with pid [1645484]
[INFO] [language_qwen-4]: process started with pid [1645486]
[INFO] [task_entity_tensor-5]: process started with pid [1645488]
[INFO] [safety_gate-6]: process started with pid [1645490]
[INFO] [trajectory_controller-7]: process started with pid [1645492]
[INFO] [decision_setpoint_adapter-8]: process started with pid [1645503]
[ue_object_deliverer_bridge_node-1] [INFO] [1785982535.085152864] [ue_object_deliverer_bridge_node]: Listening for UE5 ObjectDeliverer on 0.0.0.0:8080, terminator='__OD_END__', outbound_command_mode='kinematic'
[task_instruction-3] [INFO] [1785982535.960909312] [task_instruction]: publishing task text: 跟随红色目标船，保持3米距离
[language_qwen-4] [INFO] [1785982544.306060768] [language_qwen]: READY model=Qwen/Qwen3-Embedding-0.6B;device=cuda;cache_size=32
[language_qwen-4] [INFO] [1785982544.308724416] [language_qwen]: LANGUAGE_TASK_RECEIVED instruction=跟随红色目标船，保持3米距离
[language_qwen-4] [INFO] [1785982545.819865664] [language_qwen]: LANGUAGE_READY_VALID instruction=跟随红色目标船，保持3米距离;release_model=true
[INFO] [image_entity_perception-9]: process started with pid [1646057]
[image_entity_perception-9] [INFO] [1785982582.660750304] [image_entity_perception]: ready model=image_entity_ridge_language_v3;device=cuda;path=/home/jetson/jetson_asv_ws/models/perception_image_conditioned.npz;input=(camera_image_rgb,task_embedding_float32[256])->structured_entities;language_model=Qwen/Qwen3-Embedding-0.6B;legacy_image_only=False;preprocess=ue5_capture_gamma065_brightness100_contrast100_v2;enabled=False;gamma=0.920;brightness=1.040;contrast=1.030
[INFO] [vla_policy-10]: process started with pid [1646151]
[vla_policy-10] [INFO] [1785982587.689824736] [vla_policy]: POLICY_READY backend=torch_cuda device=cuda model=/home/jetson/jetson_asv_ws/models/policy_single_point.pt inputs=task_embedding+structured_entities+previous_action output=[desired_x,desired_y]
[ue_object_deliverer_bridge_node-1] [INFO] [1785982613.058470336] [ue_object_deliverer_bridge_node]: UE5 connected from 192.168.137.1:3731
[image_entity_perception-9] [INFO] [1785982615.091444384] [image_entity_perception]: PERCEPTION_TRACE run_id=64B6916A44BFC514173CFD8FFD73CE39 frame_index=8 sample=1/5 model=image_entity_ridge_language_v3 target=target_red relative_x=4.765496 relative_y=0.488162 visible=True confidence=1.000000 bbox_valid=True
[vla_policy-10] [INFO] [1785982615.098141888] [vla_policy]: ENT_IN_TRACE count=1 frame_index=8 valid=True detail=OK:selected=1;targets=1;risks=0;dropped=0
[image_entity_perception-9] [INFO] [1785982615.141632256] [image_entity_perception]: PERCEPTION_TRACE run_id=64B6916A44BFC514173CFD8FFD73CE39 frame_index=14 sample=2/5 model=image_entity_ridge_language_v3 target=target_red relative_x=4.741412 relative_y=0.487097 visible=True confidence=1.000000 bbox_valid=True
[image_entity_perception-9] [INFO] [1785982615.189652960] [image_entity_perception]: PERCEPTION_TRACE run_id=64B6916A44BFC514173CFD8FFD73CE39 frame_index=15 sample=3/5 model=image_entity_ridge_language_v3 target=target_red relative_x=4.790008 relative_y=0.492868 visible=True confidence=1.000000 bbox_valid=True
[image_entity_perception-9] [INFO] [1785982615.236483200] [image_entity_perception]: PERCEPTION_TRACE run_id=64B6916A44BFC514173CFD8FFD73CE39 frame_index=16 sample=4/5 model=image_entity_ridge_language_v3 target=target_red relative_x=4.694483 relative_y=0.482788 visible=True confidence=1.000000 bbox_valid=True
[image_entity_perception-9] [INFO] [1785982615.309062336] [image_entity_perception]: PERCEPTION_TRACE run_id=64B6916A44BFC514173CFD8FFD73CE39 frame_index=17 sample=5/5 model=image_entity_ridge_language_v3 target=target_red relative_x=4.814962 relative_y=0.492975 visible=True confidence=1.000000 bbox_valid=True
[vla_policy-10] [INFO] [1785982615.501783008] [vla_policy]: POLICY_TRACE sample=1/5 run_id=64B6916A44BFC514173CFD8FFD73CE39 scene_seed=230908 frame_index=8 policy_valid=True stop=False lang_valid=True entity_valid=True guard_result=policy_driven guard_reason=policy_driven raw_dx=0.298017 raw_dy=0.034343 guarded_dx=0.298017 guarded_dy=0.034343 final_dx=0.049671 final_dy=0.005724 policy_driven=1 backstop=0 hold=0 fail_closed=0 policy_stop=0
[vla_policy-10] [INFO] [1785982615.504480032] [vla_policy]: ENT_IN_TRACE count=2 frame_index=14 valid=True detail=OK:selected=1;targets=1;risks=0;dropped=0
[ue_object_deliverer_bridge_node-1] [INFO] [1785982615.510437344] [ue_object_deliverer_bridge_node]: kinematic setpoint received stamp=941319 valid=0
[ue_object_deliverer_bridge_node-1] [INFO] [1785982615.510848608] [ue_object_deliverer_bridge_node]: Sent kinematic setpoint to UE5: bytes=386, payload={"Command_Type":"Kinematic_Setpoint","Delta_X_Cm":0.0,"Delta_Y_Cm":0.0,"Frame_ID":"ue_actor_local","Hold_Position":true,"Reason":"DECISION_INVALID","Run_ID":"64B6916A44BFC514173CFD8FFD73CE39","Scene_Seed":230908,"Sequence":0,"Source_Frame_Index":8,"Source_Model_Version":"safety_gate_v1","Source_Stamp_Us":941319,"Stamp_Us":941319,"Step_Dt":0.20000000298023224,"Valid":false}__OD_END__
[vla_policy-10] [INFO] [1785982615.515938400] [vla_policy]: POLICY_TRACE sample=2/5 run_id=64B6916A44BFC514173CFD8FFD73CE39 scene_seed=230908 frame_index=14 policy_valid=True stop=False lang_valid=True entity_valid=True guard_result=policy_driven guard_reason=policy_driven raw_dx=0.298003 raw_dy=0.034453 guarded_dx=0.298003 guarded_dy=0.034453 final_dx=0.049669 final_dy=0.005742 policy_driven=2 backstop=0 hold=0 fail_closed=0 policy_stop=0
[vla_policy-10] [INFO] [1785982615.518322336] [vla_policy]: ENT_IN_TRACE count=3 frame_index=15 valid=True detail=OK:selected=1;targets=1;risks=0;dropped=0
[vla_policy-10] [INFO] [1785982615.519744416] [vla_policy]: ENT_IN_TRACE count=4 frame_index=16 valid=True detail=OK:selected=1;targets=1;risks=0;dropped=0
[vla_policy-10] [INFO] [1785982615.521292128] [vla_policy]: ENT_IN_TRACE count=5 frame_index=17 valid=True detail=OK:selected=1;targets=1;risks=0;dropped=0
[trajectory_controller-7] [INFO] [1785982615.530544032] [trajectory_controller]: control bridge: STALE_DISPLACEMENT
[ue_object_deliverer_bridge_node-1] [INFO] [1785982615.533173152] [ue_object_deliverer_bridge_node]: kinematic setpoint received stamp=1502579 valid=1
[vla_policy-10] [INFO] [1785982615.729314304] [vla_policy]: POLICY_TRACE sample=3/5 run_id=64B6916A44BFC514173CFD8FFD73CE39 scene_seed=230908 frame_index=21 policy_valid=True stop=False lang_valid=True entity_valid=True guard_result=policy_driven guard_reason=policy_driven raw_dx=0.258160 raw_dy=0.063129 guarded_dx=0.258160 guarded_dy=0.063129 final_dx=0.097876 final_dy=0.019011 policy_driven=3 backstop=0 hold=0 fail_closed=0 policy_stop=0
[ue_object_deliverer_bridge_node-1] [INFO] [1785982615.732853216] [ue_object_deliverer_bridge_node]: kinematic setpoint received stamp=2201841 valid=1
[vla_policy-10] [INFO] [1785982615.931460096] [vla_policy]: POLICY_TRACE sample=4/5 run_id=64B6916A44BFC514173CFD8FFD73CE39 scene_seed=230908 frame_index=23 policy_valid=True stop=False lang_valid=True entity_valid=True guard_result=policy_driven guard_reason=policy_driven raw_dx=0.282469 raw_dy=0.049253 guarded_dx=0.282469 guarded_dy=0.049253 final_dx=0.147219 final_dy=0.027095 policy_driven=4 backstop=0 hold=0 fail_closed=0 policy_stop=0
[ue_object_deliverer_bridge_node-1] [INFO] [1785982615.934781472] [ue_object_deliverer_bridge_node]: kinematic setpoint received stamp=2402835 valid=1
[vla_policy-10] [INFO] [1785982616.130076768] [vla_policy]: POLICY_TRACE sample=5/5 run_id=64B6916A44BFC514173CFD8FFD73CE39 scene_seed=230908 frame_index=25 policy_valid=True stop=False lang_valid=True entity_valid=True guard_result=policy_driven guard_reason=policy_driven raw_dx=0.296180 raw_dy=0.040386 guarded_dx=0.296180 guarded_dy=0.040386 final_dx=0.197021 final_dy=0.031539 policy_driven=5 backstop=0 hold=0 fail_closed=0 policy_stop=0
[ue_object_deliverer_bridge_node-1] [INFO] [1785982616.133692096] [ue_object_deliverer_bridge_node]: kinematic setpoint received stamp=2606636 valid=1
[ue_object_deliverer_bridge_node-1] [INFO] [1785982616.427611392] [ue_object_deliverer_bridge_node]: kinematic setpoint received stamp=2901356 valid=1
[ue_object_deliverer_bridge_node-1] [INFO] [1785982616.632520512] [ue_object_deliverer_bridge_node]: kinematic setpoint received stamp=3104856 valid=1
[ue_object_deliverer_bridge_node-1] [INFO] [1785982616.632910496] [ue_object_deliverer_bridge_node]: Sent kinematic setpoint to UE5: bytes=416, payload={"Command_Type":"Kinematic_Setpoint","Delta_X_Cm":29.607993364334106,"Delta_Y_Cm":-3.48355695605278,"Frame_ID":"ue_actor_local","Hold_Position":false,"Reason":"DECISION_VALID","Run_ID":"64B6916A44BFC514173CFD8FFD73CE39","Scene_Seed":230908,"Sequence":6,"Source_Frame_Index":30,"Source_Model_Version":"safety_gate_v1","Source_Stamp_Us":3104856,"Stamp_Us":3104856,"Step_Dt":0.20000000298023224,"Valid":true}__OD_END__
[ue_object_deliverer_bridge_node-1] [INFO] [1785982616.841829440] [ue_object_deliverer_bridge_node]: kinematic setpoint received stamp=3312907 valid=1
[ue_object_deliverer_bridge_node-1] [INFO] [1785982617.130477472] [ue_object_deliverer_bridge_node]: kinematic setpoint received stamp=3608038 valid=1
[ue_object_deliverer_bridge_node-1] [INFO] [1785982617.330628896] [ue_object_deliverer_bridge_node]: kinematic setpoint received stamp=3808780 valid=1
[ue_object_deliverer_bridge_node-1] [INFO] [1785982617.544196352] [ue_object_deliverer_bridge_node]: kinematic setpoint received stamp=4013615 valid=1
[ue_object_deliverer_bridge_node-1] [INFO] [1785982617.830973920] [ue_object_deliverer_bridge_node]: kinematic setpoint received stamp=4300523 valid=1
[ue_object_deliverer_bridge_node-1] [INFO] [1785982617.831361280] [ue_object_deliverer_bridge_node]: Sent kinematic setpoint to UE5: bytes=418, payload={"Command_Type":"Kinematic_Setpoint","Delta_X_Cm":20.83365172147751,"Delta_Y_Cm":-3.0551189556717873,"Frame_ID":"ue_actor_local","Hold_Position":false,"Reason":"DECISION_VALID","Run_ID":"64B6916A44BFC514173CFD8FFD73CE39","Scene_Seed":230908,"Sequence":11,"Source_Frame_Index":42,"Source_Model_Version":"safety_gate_v1","Source_Stamp_Us":4300523,"Stamp_Us":4300523,"Step_Dt":0.20000000298023224,"Valid":true}__OD_END__
[ue_object_deliverer_bridge_node-1] [INFO] [1785982618.117897312] [ue_object_deliverer_bridge_node]: kinematic setpoint received stamp=4502348 valid=1
[ue_object_deliverer_bridge_node-1] [INFO] [1785982618.337073088] [ue_object_deliverer_bridge_node]: kinematic setpoint received stamp=4808442 valid=1
[ue_object_deliverer_bridge_node-1] [INFO] [1785982618.636207328] [ue_object_deliverer_bridge_node]: kinematic setpoint received stamp=5107374 valid=1
[ue_object_deliverer_bridge_node-1] [INFO] [1785982618.835867104] [ue_object_deliverer_bridge_node]: kinematic setpoint received stamp=5304488 valid=1
[ue_object_deliverer_bridge_node-1] [INFO] [1785982618.836358464] [ue_object_deliverer_bridge_node]: Sent kinematic setpoint to UE5: bytes=417, payload={"Command_Type":"Kinematic_Setpoint","Delta_X_Cm":0.84096509963274,"Delta_Y_Cm":-2.8955332934856415,"Frame_ID":"ue_actor_local","Hold_Position":false,"Reason":"DECISION_VALID","Run_ID":"64B6916A44BFC514173CFD8FFD73CE39","Scene_Seed":230908,"Sequence":15,"Source_Frame_Index":52,"Source_Model_Version":"safety_gate_v1","Source_Stamp_Us":5304488,"Stamp_Us":5304488,"Step_Dt":0.20000000298023224,"Valid":true}__OD_END__
[ue_object_deliverer_bridge_node-1] [INFO] [1785982619.040131168] [ue_object_deliverer_bridge_node]: kinematic setpoint received stamp=5505755 valid=1
[ue_object_deliverer_bridge_node-1] [INFO] [1785982619.293133792] [ue_object_deliverer_bridge_node]: kinematic setpoint received stamp=5711766 valid=1
[ue_object_deliverer_bridge_node-1] [INFO] [1785982619.542362688] [ue_object_deliverer_bridge_node]: kinematic setpoint received stamp=6009185 valid=1
[ue_object_deliverer_bridge_node-1] [INFO] [1785982619.745449792] [ue_object_deliverer_bridge_node]: kinematic setpoint received stamp=6212863 valid=1
[image_entity_perception-9] [INFO] [1785982619.826603680] [image_entity_perception]: PERCEPTION_PERF_TRACE frame_index=62 count=50 predict_ms=47.0 entities=4 valid=True
[temporal_entity_tracker-2] [INFO] [1785982619.851686624] [temporal_entity_tracker]: TRACK_TRACE frame_index=62 count=50 source_valid=True source_entities=4 visible_source=1
[ue_object_deliverer_bridge_node-1] [INFO] [1785982620.041849088] [ue_object_deliverer_bridge_node]: kinematic setpoint received stamp=6510737 valid=1
[ue_object_deliverer_bridge_node-1] [INFO] [1785982620.042196416] [ue_object_deliverer_bridge_node]: Sent kinematic setpoint to UE5: bytes=420, payload={"Command_Type":"Kinematic_Setpoint","Delta_X_Cm":-24.091584980487823,"Delta_Y_Cm":-1.3720053248107433,"Frame_ID":"ue_actor_local","Hold_Position":false,"Reason":"DECISION_VALID","Run_ID":"64B6916A44BFC514173CFD8FFD73CE39","Scene_Seed":230908,"Sequence":20,"Source_Frame_Index":64,"Source_Model_Version":"safety_gate_v1","Source_Stamp_Us":6510737,"Stamp_Us":6510737,"Step_Dt":0.20000000298023224,"Valid":true}__OD_END__
[ue_object_deliverer_bridge_node-1] [INFO] [1785982620.341731904] [ue_object_deliverer_bridge_node]: kinematic setpoint received stamp=6812258 valid=1
[ue_object_deliverer_bridge_node-1] [INFO] [1785982620.639921472] [ue_object_deliverer_bridge_node]: kinematic setpoint received stamp=7109353 valid=1
[ue_object_deliverer_bridge_node-1] [INFO] [1785982620.845430368] [ue_object_deliverer_bridge_node]: kinematic setpoint received stamp=7312083 valid=1
[ue_object_deliverer_bridge_node-1] [INFO] [1785982621.129200192] [ue_object_deliverer_bridge_node]: kinematic setpoint received stamp=7607622 valid=1
[ue_object_deliverer_bridge_node-1] [INFO] [1785982621.129583872] [ue_object_deliverer_bridge_node]: Sent kinematic setpoint to UE5: bytes=420, payload={"Command_Type":"Kinematic_Setpoint","Delta_X_Cm":-12.237697839736938,"Delta_Y_Cm":-1.2901043519377708,"Frame_ID":"ue_actor_local","Hold_Position":false,"Reason":"DECISION_VALID","Run_ID":"64B6916A44BFC514173CFD8FFD73CE39","Scene_Seed":230908,"Sequence":24,"Source_Frame_Index":75,"Source_Model_Version":"safety_gate_v1","Source_Stamp_Us":7607622,"Stamp_Us":7607622,"Step_Dt":0.20000000298023224,"Valid":true}__OD_END__
[ue_object_deliverer_bridge_node-1] [INFO] [1785982621.327404128] [ue_object_deliverer_bridge_node]: kinematic setpoint received stamp=7809021 valid=1
[ue_object_deliverer_bridge_node-1] [INFO] [1785982621.635515552] [ue_object_deliverer_bridge_node]: kinematic setpoint received stamp=8108478 valid=1
[ue_object_deliverer_bridge_node-1] [INFO] [1785982621.839962336] [ue_object_deliverer_bridge_node]: kinematic setpoint received stamp=8310975 valid=1
[ue_object_deliverer_bridge_node-1] [INFO] [1785982622.119650432] [ue_object_deliverer_bridge_node]: kinematic setpoint received stamp=8602056 valid=1
[ue_object_deliverer_bridge_node-1] [INFO] [1785982622.335018560] [ue_object_deliverer_bridge_node]: kinematic setpoint received stamp=8802467 valid=1
[ue_object_deliverer_bridge_node-1] [INFO] [1785982622.335411936] [ue_object_deliverer_bridge_node]: Sent kinematic setpoint to UE5: bytes=416, payload={"Command_Type":"Kinematic_Setpoint","Delta_X_Cm":4.23448272049427,"Delta_Y_Cm":-2.718406356871128,"Frame_ID":"ue_actor_local","Hold_Position":false,"Reason":"DECISION_VALID","Run_ID":"64B6916A44BFC514173CFD8FFD73CE39","Scene_Seed":230908,"Sequence":29,"Source_Frame_Index":87,"Source_Model_Version":"safety_gate_v1","Source_Stamp_Us":8802467,"Stamp_Us":8802467,"Step_Dt":0.20000000298023224,"Valid":true}__OD_END__
[ue_object_deliverer_bridge_node-1] [INFO] [1785982622.643782592] [ue_object_deliverer_bridge_node]: kinematic setpoint received stamp=9109037 valid=1
[ue_object_deliverer_bridge_node-1] [INFO] [1785982622.935730432] [ue_object_deliverer_bridge_node]: kinematic setpoint received stamp=9403103 valid=1
[ue_object_deliverer_bridge_node-1] [INFO] [1785982623.242994400] [ue_object_deliverer_bridge_node]: kinematic setpoint received stamp=9709776 valid=1
[ue_object_deliverer_bridge_node-1] [INFO] [1785982623.444362368] [ue_object_deliverer_bridge_node]: kinematic setpoint received stamp=9913162 valid=1
[ue_object_deliverer_bridge_node-1] [INFO] [1785982623.444741792] [ue_object_deliverer_bridge_node]: Sent kinematic setpoint to UE5: bytes=418, payload={"Command_Type":"Kinematic_Setpoint","Delta_X_Cm":23.546288907527924,"Delta_Y_Cm":1.6491994261741638,"Frame_ID":"ue_actor_local","Hold_Position":false,"Reason":"DECISION_VALID","Run_ID":"64B6916A44BFC514173CFD8FFD73CE39","Scene_Seed":230908,"Sequence":33,"Source_Frame_Index":98,"Source_Model_Version":"safety_gate_v1","Source_Stamp_Us":9913162,"Stamp_Us":9913162,"Step_Dt":0.20000000298023224,"Valid":true}__OD_END__
[ue_object_deliverer_bridge_node-1] [INFO] [1785982623.742045376] [ue_object_deliverer_bridge_node]: kinematic setpoint received stamp=10208885 valid=1
[ue_object_deliverer_bridge_node-1] [INFO] [1785982623.947853408] [ue_object_deliverer_bridge_node]: kinematic setpoint received stamp=10409198 valid=1
[ue_object_deliverer_bridge_node-1] [INFO] [1785982624.156677600] [ue_object_deliverer_bridge_node]: kinematic setpoint received stamp=10612619 valid=1
[ue_object_deliverer_bridge_node-1] [INFO] [1785982624.428477376] [ue_object_deliverer_bridge_node]: kinematic setpoint received stamp=10903335 valid=1
[ue_object_deliverer_bridge_node-1] [INFO] [1785982624.639661472] [ue_object_deliverer_bridge_node]: kinematic setpoint received stamp=11104223 valid=1
[ue_object_deliverer_bridge_node-1] [INFO] [1785982624.640034784] [ue_object_deliverer_bridge_node]: Sent kinematic setpoint to UE5: bytes=423, payload={"Command_Type":"Kinematic_Setpoint","Delta_X_Cm":-1.3729056343436241,"Delta_Y_Cm":0.37690254393965006,"Frame_ID":"ue_actor_local","Hold_Position":false,"Reason":"DECISION_VALID","Run_ID":"64B6916A44BFC514173CFD8FFD73CE39","Scene_Seed":230908,"Sequence":38,"Source_Frame_Index":110,"Source_Model_Version":"safety_gate_v1","Source_Stamp_Us":11104223,"Stamp_Us":11104223,"Step_Dt":0.20000000298023224,"Valid":true}__OD_END__
[image_entity_perception-9] [INFO] [1785982624.831336064] [image_entity_perception]: PERCEPTION_PERF_TRACE frame_index=112 count=100 predict_ms=47.2 entities=4 valid=True
[temporal_entity_tracker-2] [INFO] [1785982624.832176544] [temporal_entity_tracker]: TRACK_TRACE frame_index=112 count=100 source_valid=True source_entities=4 visible_source=1
[vla_policy-10] [INFO] [1785982624.836683520] [vla_policy]: ENT_IN_TRACE count=100 frame_index=112 valid=True detail=OK:selected=1;targets=1;risks=0;dropped=0
[ue_object_deliverer_bridge_node-1] [INFO] [1785982624.849032576] [ue_object_deliverer_bridge_node]: kinematic setpoint received stamp=11310212 valid=1
[ue_object_deliverer_bridge_node-1] [INFO] [1785982625.148049088] [ue_object_deliverer_bridge_node]: kinematic setpoint received stamp=11614385 valid=1
[ue_object_deliverer_bridge_node-1] [INFO] [1785982625.450849664] [ue_object_deliverer_bridge_node]: kinematic setpoint received stamp=11911620 valid=1
[ue_object_deliverer_bridge_node-1] [INFO] [1785982625.742169440] [ue_object_deliverer_bridge_node]: kinematic setpoint received stamp=12209904 valid=1
[ue_object_deliverer_bridge_node-1] [INFO] [1785982625.742536352] [ue_object_deliverer_bridge_node]: Sent kinematic setpoint to UE5: bytes=421, payload={"Command_Type":"Kinematic_Setpoint","Delta_X_Cm":-21.20380699634552,"Delta_Y_Cm":-2.215120568871498,"Frame_ID":"ue_actor_local","Hold_Position":false,"Reason":"DECISION_VALID","Run_ID":"64B6916A44BFC514173CFD8FFD73CE39","Scene_Seed":230908,"Sequence":42,"Source_Frame_Index":121,"Source_Model_Version":"safety_gate_v1","Source_Stamp_Us":12209904,"Stamp_Us":12209904,"Step_Dt":0.20000000298023224,"Valid":true}__OD_END__
[ue_object_deliverer_bridge_node-1] [INFO] [1785982625.958706208] [ue_object_deliverer_bridge_node]: kinematic setpoint received stamp=12412026 valid=1
[ue_object_deliverer_bridge_node-1] [INFO] [1785982626.233189920] [ue_object_deliverer_bridge_node]: kinematic setpoint received stamp=12703878 valid=1
[ue_object_deliverer_bridge_node-1] [INFO] [1785982626.440756960] [ue_object_deliverer_bridge_node]: kinematic setpoint received stamp=12905850 valid=1
[ue_object_deliverer_bridge_node-1] [INFO] [1785982626.650750528] [ue_object_deliverer_bridge_node]: kinematic setpoint received stamp=13112598 valid=1
[ue_object_deliverer_bridge_node-1] [INFO] [1785982626.948630048] [ue_object_deliverer_bridge_node]: kinematic setpoint received stamp=13410886 valid=1
[ue_object_deliverer_bridge_node-1] [INFO] [1785982626.949070208] [ue_object_deliverer_bridge_node]: Sent kinematic setpoint to UE5: bytes=423, payload={"Command_Type":"Kinematic_Setpoint","Delta_X_Cm":-10.517489165067673,"Delta_Y_Cm":-2.9564185068011284,"Frame_ID":"ue_actor_local","Hold_Position":false,"Reason":"DECISION_VALID","Run_ID":"64B6916A44BFC514173CFD8FFD73CE39","Scene_Seed":230908,"Sequence":47,"Source_Frame_Index":133,"Source_Model_Version":"safety_gate_v1","Source_Stamp_Us":13410886,"Stamp_Us":13410886,"Step_Dt":0.20000000298023224,"Valid":true}__OD_END__
[ue_object_deliverer_bridge_node-1] [INFO] [1785982627.237246656] [ue_object_deliverer_bridge_node]: kinematic setpoint received stamp=13701099 valid=1
[ue_object_deliverer_bridge_node-1] [INFO] [1785982627.439856768] [ue_object_deliverer_bridge_node]: kinematic setpoint received stamp=13909321 valid=1
[ue_object_deliverer_bridge_node-1] [INFO] [1785982627.649177024] [ue_object_deliverer_bridge_node]: kinematic setpoint received stamp=14112337 valid=1
[ue_object_deliverer_bridge_node-1] [INFO] [1785982627.920879936] [ue_object_deliverer_bridge_node]: kinematic setpoint received stamp=14402857 valid=1
[ue_object_deliverer_bridge_node-1] [INFO] [1785982628.150279392] [ue_object_deliverer_bridge_node]: kinematic setpoint received stamp=14613723 valid=1
[ue_object_deliverer_bridge_node-1] [INFO] [1785982628.150668320] [ue_object_deliverer_bridge_node]: Sent kinematic setpoint to UE5: bytes=420, payload={"Command_Type":"Kinematic_Setpoint","Delta_X_Cm":14.26667869091034,"Delta_Y_Cm":0.2338211750611663,"Frame_ID":"ue_actor_local","Hold_Position":false,"Reason":"DECISION_VALID","Run_ID":"64B6916A44BFC514173CFD8FFD73CE39","Scene_Seed":230908,"Sequence":52,"Source_Frame_Index":145,"Source_Model_Version":"safety_gate_v1","Source_Stamp_Us":14613723,"Stamp_Us":14613723,"Step_Dt":0.20000000298023224,"Valid":true}__OD_END__
[ue_object_deliverer_bridge_node-1] [INFO] [1785982628.437143136] [ue_object_deliverer_bridge_node]: kinematic setpoint received stamp=14904744 valid=1
[ue_object_deliverer_bridge_node-1] [INFO] [1785982628.649477664] [ue_object_deliverer_bridge_node]: kinematic setpoint received stamp=15112207 valid=1
[ue_object_deliverer_bridge_node-1] [INFO] [1785982628.937955904] [ue_object_deliverer_bridge_node]: kinematic setpoint received stamp=15403709 valid=1
[ue_object_deliverer_bridge_node-1] [INFO] [1785982629.153803168] [ue_object_deliverer_bridge_node]: kinematic setpoint received stamp=15610800 valid=1
[ue_object_deliverer_bridge_node-1] [INFO] [1785982629.453640320] [ue_object_deliverer_bridge_node]: kinematic setpoint received stamp=15913085 valid=1
[ue_object_deliverer_bridge_node-1] [INFO] [1785982629.454014016] [ue_object_deliverer_bridge_node]: Sent kinematic setpoint to UE5: bytes=420, payload={"Command_Type":"Kinematic_Setpoint","Delta_X_Cm":10.506687313318253,"Delta_Y_Cm":1.984628103673458,"Frame_ID":"ue_actor_local","Hold_Position":false,"Reason":"DECISION_VALID","Run_ID":"64B6916A44BFC514173CFD8FFD73CE39","Scene_Seed":230908,"Sequence":57,"Source_Frame_Index":158,"Source_Model_Version":"safety_gate_v1","Source_Stamp_Us":15913085,"Stamp_Us":15913085,"Step_Dt":0.20000000298023224,"Valid":true}__OD_END__
[ue_object_deliverer_bridge_node-1] [INFO] [1785982629.739358496] [ue_object_deliverer_bridge_node]: kinematic setpoint received stamp=16207814 valid=1
[image_entity_perception-9] [INFO] [1785982629.819772160] [image_entity_perception]: PERCEPTION_PERF_TRACE frame_index=162 count=150 predict_ms=43.4 entities=4 valid=True
[temporal_entity_tracker-2] [INFO] [1785982629.820555168] [temporal_entity_tracker]: TRACK_TRACE frame_index=162 count=150 source_valid=True source_entities=4 visible_source=1
[ue_object_deliverer_bridge_node-1] [INFO] [1785982630.048612544] [ue_object_deliverer_bridge_node]: kinematic setpoint received stamp=16512355 valid=1
[ue_object_deliverer_bridge_node-1] [INFO] [1785982630.337107168] [ue_object_deliverer_bridge_node]: kinematic setpoint received stamp=16803959 valid=1
[ue_object_deliverer_bridge_node-1] [INFO] [1785982630.650540928] [ue_object_deliverer_bridge_node]: kinematic setpoint received stamp=17108666 valid=1
[ue_object_deliverer_bridge_node-1] [INFO] [1785982630.650914272] [ue_object_deliverer_bridge_node]: Sent kinematic setpoint to UE5: bytes=421, payload={"Command_Type":"Kinematic_Setpoint","Delta_X_Cm":-9.336689114570618,"Delta_Y_Cm":-0.505233509466052,"Frame_ID":"ue_actor_local","Hold_Position":false,"Reason":"DECISION_VALID","Run_ID":"64B6916A44BFC514173CFD8FFD73CE39","Scene_Seed":230908,"Sequence":61,"Source_Frame_Index":170,"Source_Model_Version":"safety_gate_v1","Source_Stamp_Us":17108666,"Stamp_Us":17108666,"Step_Dt":0.20000000298023224,"Valid":true}__OD_END__
[ue_object_deliverer_bridge_node-1] [INFO] [1785982630.940887232] [ue_object_deliverer_bridge_node]: kinematic setpoint received stamp=17401285 valid=1
[ue_object_deliverer_bridge_node-1] [INFO] [1785982631.252421472] [ue_object_deliverer_bridge_node]: kinematic setpoint received stamp=17712397 valid=1
[ue_object_deliverer_bridge_node-1] [INFO] [1785982631.472666656] [ue_object_deliverer_bridge_node]: kinematic setpoint received stamp=17712398 valid=1
[ue_object_deliverer_bridge_node-1] [INFO] [1785982631.751994784] [ue_object_deliverer_bridge_node]: kinematic setpoint received stamp=18212516 valid=1
[ue_object_deliverer_bridge_node-1] [INFO] [1785982631.752392224] [ue_object_deliverer_bridge_node]: Sent kinematic setpoint to UE5: bytes=422, payload={"Command_Type":"Kinematic_Setpoint","Delta_X_Cm":-4.803395643830299,"Delta_Y_Cm":-1.3883045874536037,"Frame_ID":"ue_actor_local","Hold_Position":false,"Reason":"DECISION_VALID","Run_ID":"64B6916A44BFC514173CFD8FFD73CE39","Scene_Seed":230908,"Sequence":65,"Source_Frame_Index":181,"Source_Model_Version":"safety_gate_v1","Source_Stamp_Us":18212516,"Stamp_Us":18212516,"Step_Dt":0.20000000298023224,"Valid":true}__OD_END__
[ue_object_deliverer_bridge_node-1] [INFO] [1785982632.023217664] [ue_object_deliverer_bridge_node]: kinematic setpoint received stamp=18502323 valid=1
[ue_object_deliverer_bridge_node-1] [INFO] [1785982632.249396512] [ue_object_deliverer_bridge_node]: kinematic setpoint received stamp=18710397 valid=1
[ue_object_deliverer_bridge_node-1] [INFO] [1785982632.483446720] [ue_object_deliverer_bridge_node]: kinematic setpoint received stamp=18710398 valid=1
[ue_object_deliverer_bridge_node-1] [INFO] [1785982632.730415584] [ue_object_deliverer_bridge_node]: kinematic setpoint received stamp=19208469 valid=1
[ue_object_deliverer_bridge_node-1] [INFO] [1785982632.935758080] [ue_object_deliverer_bridge_node]: kinematic setpoint received stamp=19402863 valid=1
[ue_object_deliverer_bridge_node-1] [INFO] [1785982632.936139520] [ue_object_deliverer_bridge_node]: Sent kinematic setpoint to UE5: bytes=420, payload={"Command_Type":"Kinematic_Setpoint","Delta_X_Cm":-9.309513121843338,"Delta_Y_Cm":-2.32076495885849,"Frame_ID":"ue_actor_local","Hold_Position":false,"Reason":"DECISION_VALID","Run_ID":"64B6916A44BFC514173CFD8FFD73CE39","Scene_Seed":230908,"Sequence":70,"Source_Frame_Index":193,"Source_Model_Version":"safety_gate_v1","Source_Stamp_Us":19402863,"Stamp_Us":19402863,"Step_Dt":0.20000000298023224,"Valid":true}__OD_END__
[ue_object_deliverer_bridge_node-1] [INFO] [1785982633.147481440] [ue_object_deliverer_bridge_node]: kinematic setpoint received stamp=19611275 valid=1
[ue_object_deliverer_bridge_node-1] [INFO] [1785982633.433301344] [ue_object_deliverer_bridge_node]: kinematic setpoint received stamp=19904450 valid=1
[ue_object_deliverer_bridge_node-1] [INFO] [1785982633.648750944] [ue_object_deliverer_bridge_node]: kinematic setpoint received stamp=20110279 valid=1
[ue_object_deliverer_bridge_node-1] [INFO] [1785982633.938803520] [ue_object_deliverer_bridge_node]: kinematic setpoint received stamp=20408162 valid=1
[ue_object_deliverer_bridge_node-1] [INFO] [1785982633.939163296] [ue_object_deliverer_bridge_node]: Sent kinematic setpoint to UE5: bytes=423, payload={"Command_Type":"Kinematic_Setpoint","Delta_X_Cm":-3.5659942775964737,"Delta_Y_Cm":-1.0823441669344902,"Frame_ID":"ue_actor_local","Hold_Position":false,"Reason":"DECISION_VALID","Run_ID":"64B6916A44BFC514173CFD8FFD73CE39","Scene_Seed":230908,"Sequence":74,"Source_Frame_Index":203,"Source_Model_Version":"safety_gate_v1","Source_Stamp_Us":20408162,"Stamp_Us":20408162,"Step_Dt":0.20000000298023224,"Valid":true}__OD_END__
[ue_object_deliverer_bridge_node-1] [INFO] [1785982634.236555712] [ue_object_deliverer_bridge_node]: kinematic setpoint received stamp=20702606 valid=1
[ue_object_deliverer_bridge_node-1] [INFO] [1785982634.442639936] [ue_object_deliverer_bridge_node]: kinematic setpoint received stamp=20909367 valid=1
[ue_object_deliverer_bridge_node-1] [INFO] [1785982634.732026144] [ue_object_deliverer_bridge_node]: kinematic setpoint received stamp=21202168 valid=1
[image_entity_perception-9] [INFO] [1785982634.831985280] [image_entity_perception]: PERCEPTION_PERF_TRACE frame_index=212 count=200 predict_ms=45.9 entities=4 valid=True
[temporal_entity_tracker-2] [INFO] [1785982634.832932832] [temporal_entity_tracker]: TRACK_TRACE frame_index=212 count=200 source_valid=True source_entities=4 visible_source=1
[vla_policy-10] [INFO] [1785982634.837873056] [vla_policy]: ENT_IN_TRACE count=200 frame_index=212 valid=True detail=OK:selected=1;targets=1;risks=0;dropped=0
[ue_object_deliverer_bridge_node-1] [INFO] [1785982634.941333824] [ue_object_deliverer_bridge_node]: kinematic setpoint received stamp=21408130 valid=1
[ue_object_deliverer_bridge_node-1] [INFO] [1785982635.261304640] [ue_object_deliverer_bridge_node]: kinematic setpoint received stamp=21714286 valid=1
[ue_object_deliverer_bridge_node-1] [INFO] [1785982635.261700960] [ue_object_deliverer_bridge_node]: Sent kinematic setpoint to UE5: bytes=421, payload={"Command_Type":"Kinematic_Setpoint","Delta_X_Cm":10.806337743997574,"Delta_Y_Cm":1.0638916864991188,"Frame_ID":"ue_actor_local","Hold_Position":false,"Reason":"DECISION_VALID","Run_ID":"64B6916A44BFC514173CFD8FFD73CE39","Scene_Seed":230908,"Sequence":79,"Source_Frame_Index":216,"Source_Model_Version":"safety_gate_v1","Source_Stamp_Us":21714286,"Stamp_Us":21714286,"Step_Dt":0.20000000298023224,"Valid":true}__OD_END__
[ue_object_deliverer_bridge_node-1] [INFO] [1785982635.475153856] [ue_object_deliverer_bridge_node]: kinematic setpoint received stamp=21714287 valid=1
[ue_object_deliverer_bridge_node-1] [INFO] [1785982635.737640032] [ue_object_deliverer_bridge_node]: kinematic setpoint received stamp=22205145 valid=1
[ue_object_deliverer_bridge_node-1] [INFO] [1785982635.949021344] [ue_object_deliverer_bridge_node]: kinematic setpoint received stamp=22410978 valid=1
[ue_object_deliverer_bridge_node-1] [INFO] [1785982636.235114784] [ue_object_deliverer_bridge_node]: kinematic setpoint received stamp=22701583 valid=1
[ue_object_deliverer_bridge_node-1] [INFO] [1785982636.438060192] [ue_object_deliverer_bridge_node]: kinematic setpoint received stamp=22910128 valid=1
[ue_object_deliverer_bridge_node-1] [INFO] [1785982636.438437760] [ue_object_deliverer_bridge_node]: Sent kinematic setpoint to UE5: bytes=420, payload={"Command_Type":"Kinematic_Setpoint","Delta_X_Cm":17.00904220342636,"Delta_Y_Cm":2.1695002913475037,"Frame_ID":"ue_actor_local","Hold_Position":false,"Reason":"DECISION_VALID","Run_ID":"64B6916A44BFC514173CFD8FFD73CE39","Scene_Seed":230908,"Sequence":84,"Source_Frame_Index":228,"Source_Model_Version":"safety_gate_v1","Source_Stamp_Us":22910128,"Stamp_Us":22910128,"Step_Dt":0.20000000298023224,"Valid":true}__OD_END__
[ue_object_deliverer_bridge_node-1] [INFO] [1785982636.754571520] [ue_object_deliverer_bridge_node]: kinematic setpoint received stamp=23211707 valid=1
[ue_object_deliverer_bridge_node-1] [INFO] [1785982637.037098304] [ue_object_deliverer_bridge_node]: kinematic setpoint received stamp=23507661 valid=1
[ue_object_deliverer_bridge_node-1] [INFO] [1785982637.336441696] [ue_object_deliverer_bridge_node]: kinematic setpoint received stamp=23811739 valid=1
[ue_object_deliverer_bridge_node-1] [INFO] [1785982637.633102784] [ue_object_deliverer_bridge_node]: kinematic setpoint received stamp=24102326 valid=1
[ue_object_deliverer_bridge_node-1] [INFO] [1785982637.633494880] [ue_object_deliverer_bridge_node]: Sent kinematic setpoint to UE5: bytes=422, payload={"Command_Type":"Kinematic_Setpoint","Delta_X_Cm":-0.3118779044598341,"Delta_Y_Cm":1.2136620469391346,"Frame_ID":"ue_actor_local","Hold_Position":false,"Reason":"DECISION_VALID","Run_ID":"64B6916A44BFC514173CFD8FFD73CE39","Scene_Seed":230908,"Sequence":88,"Source_Frame_Index":240,"Source_Model_Version":"safety_gate_v1","Source_Stamp_Us":24102326,"Stamp_Us":24102326,"Step_Dt":0.20000000298023224,"Valid":true}__OD_END__
[ue_object_deliverer_bridge_node-1] [INFO] [1785982637.848017344] [ue_object_deliverer_bridge_node]: kinematic setpoint received stamp=24307272 valid=1
[ue_object_deliverer_bridge_node-1] [INFO] [1785982638.137400992] [ue_object_deliverer_bridge_node]: kinematic setpoint received stamp=24603504 valid=1
[ue_object_deliverer_bridge_node-1] [INFO] [1785982638.439373536] [ue_object_deliverer_bridge_node]: kinematic setpoint received stamp=24910739 valid=1
[ue_object_deliverer_bridge_node-1] [INFO] [1785982638.726952640] [ue_object_deliverer_bridge_node]: kinematic setpoint received stamp=25201627 valid=1
[ue_object_deliverer_bridge_node-1] [INFO] [1785982638.727356192] [ue_object_deliverer_bridge_node]: Sent kinematic setpoint to UE5: bytes=422, payload={"Command_Type":"Kinematic_Setpoint","Delta_X_Cm":-17.296935617923737,"Delta_Y_Cm":-1.403803937137127,"Frame_ID":"ue_actor_local","Hold_Position":false,"Reason":"DECISION_VALID","Run_ID":"64B6916A44BFC514173CFD8FFD73CE39","Scene_Seed":230908,"Sequence":92,"Source_Frame_Index":251,"Source_Model_Version":"safety_gate_v1","Source_Stamp_Us":25201627,"Stamp_Us":25201627,"Step_Dt":0.20000000298023224,"Valid":true}__OD_END__
[ue_object_deliverer_bridge_node-1] [INFO] [1785982638.936766464] [ue_object_deliverer_bridge_node]: kinematic setpoint received stamp=25406771 valid=1
[ue_object_deliverer_bridge_node-1] [INFO] [1785982639.232964992] [ue_object_deliverer_bridge_node]: kinematic setpoint received stamp=25710112 valid=1
[ue_object_deliverer_bridge_node-1] [INFO] [1785982639.439532512] [ue_object_deliverer_bridge_node]: kinematic setpoint received stamp=25902284 valid=1
[ue_object_deliverer_bridge_node-1] [INFO] [1785982639.648864864] [ue_object_deliverer_bridge_node]: kinematic setpoint received stamp=26110982 valid=1
[image_entity_perception-9] [INFO] [1785982639.813136032] [image_entity_perception]: PERCEPTION_PERF_TRACE frame_index=262 count=250 predict_ms=37.0 entities=4 valid=True
[temporal_entity_tracker-2] [INFO] [1785982639.813892480] [temporal_entity_tracker]: TRACK_TRACE frame_index=262 count=250 source_valid=True source_entities=4 visible_source=1
[ue_object_deliverer_bridge_node-1] [INFO] [1785982639.927242592] [ue_object_deliverer_bridge_node]: kinematic setpoint received stamp=26400631 valid=1
[ue_object_deliverer_bridge_node-1] [INFO] [1785982639.927593120] [ue_object_deliverer_bridge_node]: Sent kinematic setpoint to UE5: bytes=423, payload={"Command_Type":"Kinematic_Setpoint","Delta_X_Cm":-2.4549534544348717,"Delta_Y_Cm":-0.9349099360406399,"Frame_ID":"ue_actor_local","Hold_Position":false,"Reason":"DECISION_VALID","Run_ID":"64B6916A44BFC514173CFD8FFD73CE39","Scene_Seed":230908,"Sequence":97,"Source_Frame_Index":263,"Source_Model_Version":"safety_gate_v1","Source_Stamp_Us":26400631,"Stamp_Us":26400631,"Step_Dt":0.20000000298023224,"Valid":true}__OD_END__
[ue_object_deliverer_bridge_node-1] [INFO] [1785982640.137729280] [ue_object_deliverer_bridge_node]: kinematic setpoint received stamp=26603693 valid=1
[vla_policy-10] [INFO] [1785982640.439390496] [vla_policy]: POLICY_AUDIT trigger=periodic events=100 policy_driven=93 backstop=7 hold=0 fail_closed=0 policy_stop=0 guard_reason=policy_driven raw_dx=0.100698 raw_dy=-0.001370 guarded_dx=0.100698 guarded_dy=-0.001370 final_dx=0.074724 final_dy=0.002988
[ue_object_deliverer_bridge_node-1] [INFO] [1785982640.442867072] [ue_object_deliverer_bridge_node]: kinematic setpoint received stamp=26912463 valid=1
[ue_object_deliverer_bridge_node-1] [INFO] [1785982640.735838336] [ue_object_deliverer_bridge_node]: kinematic setpoint received stamp=27202320 valid=1
[ue_object_deliverer_bridge_node-1] [INFO] [1785982640.943831680] [ue_object_deliverer_bridge_node]: kinematic setpoint received stamp=27406646 valid=1
[ue_object_deliverer_bridge_node-1] [INFO] [1785982640.944212000] [ue_object_deliverer_bridge_node]: Sent kinematic setpoint to UE5: bytes=422, payload={"Command_Type":"Kinematic_Setpoint","Delta_X_Cm":17.419449985027313,"Delta_Y_Cm":0.7280792109668255,"Frame_ID":"ue_actor_local","Hold_Position":false,"Reason":"DECISION_VALID","Run_ID":"64B6916A44BFC514173CFD8FFD73CE39","Scene_Seed":230908,"Sequence":101,"Source_Frame_Index":273,"Source_Model_Version":"safety_gate_v1","Source_Stamp_Us":27406646,"Stamp_Us":27406646,"Step_Dt":0.20000000298023224,"Valid":true}__OD_END__
[ue_object_deliverer_bridge_node-1] [INFO] [1785982641.244664992] [ue_object_deliverer_bridge_node]: kinematic setpoint received stamp=27712270 valid=1
[ue_object_deliverer_bridge_node-1] [INFO] [1785982641.470445408] [ue_object_deliverer_bridge_node]: kinematic setpoint received stamp=27712271 valid=1
[ue_object_deliverer_bridge_node-1] [INFO] [1785982641.744977696] [ue_object_deliverer_bridge_node]: kinematic setpoint received stamp=28209032 valid=1
[ue_object_deliverer_bridge_node-1] [INFO] [1785982642.053760928] [ue_object_deliverer_bridge_node]: kinematic setpoint received stamp=28511398 valid=1
[ue_object_deliverer_bridge_node-1] [INFO] [1785982642.054167520] [ue_object_deliverer_bridge_node]: Sent kinematic setpoint to UE5: bytes=423, payload={"Command_Type":"Kinematic_Setpoint","Delta_X_Cm":-8.089172840118408,"Delta_Y_Cm":-1.0495420545339584,"Frame_ID":"ue_actor_local","Hold_Position":false,"Reason":"DECISION_VALID","Run_ID":"64B6916A44BFC514173CFD8FFD73CE39","Scene_Seed":230908,"Sequence":105,"Source_Frame_Index":284,"Source_Model_Version":"safety_gate_v1","Source_Stamp_Us":28511398,"Stamp_Us":28511398,"Step_Dt":0.20000000298023224,"Valid":true}__OD_END__
[ue_object_deliverer_bridge_node-1] [INFO] [1785982642.342663904] [ue_object_deliverer_bridge_node]: kinematic setpoint received stamp=28806321 valid=1
[ue_object_deliverer_bridge_node-1] [INFO] [1785982642.545214816] [ue_object_deliverer_bridge_node]: kinematic setpoint received stamp=29013427 valid=1
[ue_object_deliverer_bridge_node-1] [INFO] [1785982642.837015680] [ue_object_deliverer_bridge_node]: kinematic setpoint received stamp=29303950 valid=1
[ue_object_deliverer_bridge_node-1] [INFO] [1785982643.043881440] [ue_object_deliverer_bridge_node]: kinematic setpoint received stamp=29510843 valid=1
[ue_object_deliverer_bridge_node-1] [INFO] [1785982643.371853184] [ue_object_deliverer_bridge_node]: kinematic setpoint received stamp=29813694 valid=1
[ue_object_deliverer_bridge_node-1] [INFO] [1785982643.372244128] [ue_object_deliverer_bridge_node]: Sent kinematic setpoint to UE5: bytes=424, payload={"Command_Type":"Kinematic_Setpoint","Delta_X_Cm":-0.2605473855510354,"Delta_Y_Cm":-0.8592642843723297,"Frame_ID":"ue_actor_local","Hold_Position":false,"Reason":"DECISION_VALID","Run_ID":"64B6916A44BFC514173CFD8FFD73CE39","Scene_Seed":230908,"Sequence":110,"Source_Frame_Index":297,"Source_Model_Version":"safety_gate_v1","Source_Stamp_Us":29813694,"Stamp_Us":29813694,"Step_Dt":0.20000000298023224,"Valid":true}__OD_END__
[ue_object_deliverer_bridge_node-1] [INFO] [1785982643.643905056] [ue_object_deliverer_bridge_node]: kinematic setpoint received stamp=30107282 valid=1
[ue_object_deliverer_bridge_node-1] [INFO] [1785982643.855232032] [ue_object_deliverer_bridge_node]: kinematic setpoint received stamp=30313376 valid=1
[ue_object_deliverer_bridge_node-1] [INFO] [1785982644.138005088] [ue_object_deliverer_bridge_node]: kinematic setpoint received stamp=30605872 valid=1
[ue_object_deliverer_bridge_node-1] [INFO] [1785982644.350026560] [ue_object_deliverer_bridge_node]: kinematic setpoint received stamp=30813152 valid=1
[ue_object_deliverer_bridge_node-1] [INFO] [1785982644.633410688] [ue_object_deliverer_bridge_node]: kinematic setpoint received stamp=31101861 valid=1
[ue_object_deliverer_bridge_node-1] [INFO] [1785982644.633800416] [ue_object_deliverer_bridge_node]: Sent kinematic setpoint to UE5: bytes=421, payload={"Command_Type":"Kinematic_Setpoint","Delta_X_Cm":15.917833149433136,"Delta_Y_Cm":2.414804697036743,"Frame_ID":"ue_actor_local","Hold_Position":false,"Reason":"DECISION_VALID","Run_ID":"64B6916A44BFC514173CFD8FFD73CE39","Scene_Seed":230908,"Sequence":115,"Source_Frame_Index":310,"Source_Model_Version":"safety_gate_v1","Source_Stamp_Us":31101861,"Stamp_Us":31101861,"Step_Dt":0.20000000298023224,"Valid":true}__OD_END__
[image_entity_perception-9] [INFO] [1785982644.829419328] [image_entity_perception]: PERCEPTION_PERF_TRACE frame_index=312 count=300 predict_ms=44.3 entities=4 valid=True
[temporal_entity_tracker-2] [INFO] [1785982644.830145248] [temporal_entity_tracker]: TRACK_TRACE frame_index=312 count=300 source_valid=True source_entities=4 visible_source=1
[vla_policy-10] [INFO] [1785982644.835098272] [vla_policy]: ENT_IN_TRACE count=300 frame_index=312 valid=True detail=OK:selected=1;targets=1;risks=0;dropped=0
[ue_object_deliverer_bridge_node-1] [INFO] [1785982644.849570752] [ue_object_deliverer_bridge_node]: kinematic setpoint received stamp=31312066 valid=1
[ue_object_deliverer_bridge_node-1] [INFO] [1785982645.140229536] [ue_object_deliverer_bridge_node]: kinematic setpoint received stamp=31603201 valid=1
[ue_object_deliverer_bridge_node-1] [INFO] [1785982645.344547328] [ue_object_deliverer_bridge_node]: kinematic setpoint received stamp=31807571 valid=1
[ue_object_deliverer_bridge_node-1] [INFO] [1785982645.641483296] [ue_object_deliverer_bridge_node]: kinematic setpoint received stamp=32112435 valid=1
[ue_object_deliverer_bridge_node-1] [INFO] [1785982645.641857632] [ue_object_deliverer_bridge_node]: Sent kinematic setpoint to UE5: bytes=420, payload={"Command_Type":"Kinematic_Setpoint","Delta_X_Cm":7.525549829006195,"Delta_Y_Cm":2.189830504357815,"Frame_ID":"ue_actor_local","Hold_Position":false,"Reason":"DECISION_VALID","Run_ID":"64B6916A44BFC514173CFD8FFD73CE39","Scene_Seed":230908,"Sequence":119,"Source_Frame_Index":320,"Source_Model_Version":"safety_gate_v1","Source_Stamp_Us":32112435,"Stamp_Us":32112435,"Step_Dt":0.20000000298023224,"Valid":true}__OD_END__
[ue_object_deliverer_bridge_node-1] [INFO] [1785982645.927787328] [ue_object_deliverer_bridge_node]: kinematic setpoint received stamp=32404602 valid=1
[ue_object_deliverer_bridge_node-1] [INFO] [1785982646.131026624] [ue_object_deliverer_bridge_node]: kinematic setpoint received stamp=32609089 valid=1
[ue_object_deliverer_bridge_node-1] [INFO] [1785982646.337984096] [ue_object_deliverer_bridge_node]: kinematic setpoint received stamp=32805994 valid=1
[ue_object_deliverer_bridge_node-1] [INFO] [1785982646.632655616] [ue_object_deliverer_bridge_node]: kinematic setpoint received stamp=33111041 valid=1
[ue_object_deliverer_bridge_node-1] [INFO] [1785982646.925515200] [ue_object_deliverer_bridge_node]: kinematic setpoint received stamp=33403408 valid=1
[ue_object_deliverer_bridge_node-1] [INFO] [1785982646.925889664] [ue_object_deliverer_bridge_node]: Sent kinematic setpoint to UE5: bytes=423, payload={"Command_Type":"Kinematic_Setpoint","Delta_X_Cm":-17.22882241010666,"Delta_Y_Cm":-1.3000773265957832,"Frame_ID":"ue_actor_local","Hold_Position":false,"Reason":"DECISION_VALID","Run_ID":"64B6916A44BFC514173CFD8FFD73CE39","Scene_Seed":230908,"Sequence":124,"Source_Frame_Index":333,"Source_Model_Version":"safety_gate_v1","Source_Stamp_Us":33403408,"Stamp_Us":33403408,"Step_Dt":0.20000000298023224,"Valid":true}__OD_END__
[ue_object_deliverer_bridge_node-1] [INFO] [1785982647.137747072] [ue_object_deliverer_bridge_node]: kinematic setpoint received stamp=33612336 valid=1
[ue_object_deliverer_bridge_node-1] [INFO] [1785982647.431750080] [ue_object_deliverer_bridge_node]: kinematic setpoint received stamp=33901049 valid=1
[ue_object_deliverer_bridge_node-1] [INFO] [1785982647.635835200] [ue_object_deliverer_bridge_node]: kinematic setpoint received stamp=34107776 valid=1
[ue_object_deliverer_bridge_node-1] [INFO] [1785982647.955615360] [ue_object_deliverer_bridge_node]: kinematic setpoint received stamp=34412833 valid=1
[ue_object_deliverer_bridge_node-1] [INFO] [1785982647.956002080] [ue_object_deliverer_bridge_node]: Sent kinematic setpoint to UE5: bytes=424, payload={"Command_Type":"Kinematic_Setpoint","Delta_X_Cm":-12.651489675045013,"Delta_Y_Cm":-1.7002115026116371,"Frame_ID":"ue_actor_local","Hold_Position":false,"Reason":"DECISION_VALID","Run_ID":"64B6916A44BFC514173CFD8FFD73CE39","Scene_Seed":230908,"Sequence":128,"Source_Frame_Index":343,"Source_Model_Version":"safety_gate_v1","Source_Stamp_Us":34412833,"Stamp_Us":34412833,"Step_Dt":0.20000000298023224,"Valid":true}__OD_END__
[ue_object_deliverer_bridge_node-1] [INFO] [1785982648.160742944] [ue_object_deliverer_bridge_node]: kinematic setpoint received stamp=34604000 valid=1
[ue_object_deliverer_bridge_node-1] [INFO] [1785982648.425970656] [ue_object_deliverer_bridge_node]: kinematic setpoint received stamp=34905140 valid=1
[ue_object_deliverer_bridge_node-1] [INFO] [1785982648.644690496] [ue_object_deliverer_bridge_node]: kinematic setpoint received stamp=35111121 valid=1
[ue_object_deliverer_bridge_node-1] [INFO] [1785982648.950937792] [ue_object_deliverer_bridge_node]: kinematic setpoint received stamp=35412179 valid=1
[ue_object_deliverer_bridge_node-1] [INFO] [1785982649.232901824] [ue_object_deliverer_bridge_node]: kinematic setpoint received stamp=35702587 valid=1
[ue_object_deliverer_bridge_node-1] [INFO] [1785982649.233295008] [ue_object_deliverer_bridge_node]: Sent kinematic setpoint to UE5: bytes=422, payload={"Command_Type":"Kinematic_Setpoint","Delta_X_Cm":12.252838909626007,"Delta_Y_Cm":0.1287942286580801,"Frame_ID":"ue_actor_local","Hold_Position":false,"Reason":"DECISION_VALID","Run_ID":"64B6916A44BFC514173CFD8FFD73CE39","Scene_Seed":230908,"Sequence":133,"Source_Frame_Index":356,"Source_Model_Version":"safety_gate_v1","Source_Stamp_Us":35702587,"Stamp_Us":35702587,"Step_Dt":0.20000000298023224,"Valid":true}__OD_END__
[ue_object_deliverer_bridge_node-1] [INFO] [1785982649.446148448] [ue_object_deliverer_bridge_node]: kinematic setpoint received stamp=35910417 valid=1
[ue_object_deliverer_bridge_node-1] [INFO] [1785982649.747642464] [ue_object_deliverer_bridge_node]: kinematic setpoint received stamp=36211054 valid=1
[image_entity_perception-9] [INFO] [1785982649.826417824] [image_entity_perception]: PERCEPTION_PERF_TRACE frame_index=362 count=350 predict_ms=44.8 entities=4 valid=True
[temporal_entity_tracker-2] [INFO] [1785982649.826854400] [temporal_entity_tracker]: TRACK_TRACE frame_index=362 count=350 source_valid=True source_entities=4 visible_source=1
[ue_object_deliverer_bridge_node-1] [INFO] [1785982650.059245056] [ue_object_deliverer_bridge_node]: kinematic setpoint received stamp=36512550 valid=1
[ue_object_deliverer_bridge_node-1] [INFO] [1785982650.338376864] [ue_object_deliverer_bridge_node]: kinematic setpoint received stamp=36804735 valid=1
[ue_object_deliverer_bridge_node-1] [INFO] [1785982650.338762912] [ue_object_deliverer_bridge_node]: Sent kinematic setpoint to UE5: bytes=422, payload={"Command_Type":"Kinematic_Setpoint","Delta_X_Cm":16.129297018051147,"Delta_Y_Cm":2.5115469470620155,"Frame_ID":"ue_actor_local","Hold_Position":false,"Reason":"DECISION_VALID","Run_ID":"64B6916A44BFC514173CFD8FFD73CE39","Scene_Seed":230908,"Sequence":137,"Source_Frame_Index":367,"Source_Model_Version":"safety_gate_v1","Source_Stamp_Us":36804735,"Stamp_Us":36804735,"Step_Dt":0.20000000298023224,"Valid":true}__OD_END__
[ue_object_deliverer_bridge_node-1] [INFO] [1785982650.546898112] [ue_object_deliverer_bridge_node]: kinematic setpoint received stamp=37011809 valid=1
[ue_object_deliverer_bridge_node-1] [INFO] [1785982650.838440928] [ue_object_deliverer_bridge_node]: kinematic setpoint received stamp=37311627 valid=1
[ue_object_deliverer_bridge_node-1] [INFO] [1785982651.049108992] [ue_object_deliverer_bridge_node]: kinematic setpoint received stamp=37512232 valid=1
[ue_object_deliverer_bridge_node-1] [INFO] [1785982651.418735360] [ue_object_deliverer_bridge_node]: kinematic setpoint received stamp=37803213 valid=1
[ue_object_deliverer_bridge_node-1] [INFO] [1785982651.419118112] [ue_object_deliverer_bridge_node]: Sent kinematic setpoint to UE5: bytes=422, payload={"Command_Type":"Kinematic_Setpoint","Delta_X_Cm":-2.8932562097907066,"Delta_Y_Cm":0.784916989505291,"Frame_ID":"ue_actor_local","Hold_Position":false,"Reason":"DECISION_VALID","Run_ID":"64B6916A44BFC514173CFD8FFD73CE39","Scene_Seed":230908,"Sequence":141,"Source_Frame_Index":377,"Source_Model_Version":"safety_gate_v1","Source_Stamp_Us":37803213,"Stamp_Us":37803213,"Step_Dt":0.20000000298023224,"Valid":true}__OD_END__
[ue_object_deliverer_bridge_node-1] [INFO] [1785982651.628729504] [ue_object_deliverer_bridge_node]: kinematic setpoint received stamp=38103331 valid=1
[ue_object_deliverer_bridge_node-1] [INFO] [1785982651.851227008] [ue_object_deliverer_bridge_node]: kinematic setpoint received stamp=38312095 valid=1
[ue_object_deliverer_bridge_node-1] [INFO] [1785982652.137643680] [ue_object_deliverer_bridge_node]: kinematic setpoint received stamp=38607679 valid=1
[ue_object_deliverer_bridge_node-1] [INFO] [1785982652.435055840] [ue_object_deliverer_bridge_node]: kinematic setpoint received stamp=38903412 valid=1
[ue_object_deliverer_bridge_node-1] [INFO] [1785982652.741659040] [ue_object_deliverer_bridge_node]: kinematic setpoint received stamp=39205661 valid=1
[ue_object_deliverer_bridge_node-1] [INFO] [1785982652.742031680] [ue_object_deliverer_bridge_node]: Sent kinematic setpoint to UE5: bytes=424, payload={"Command_Type":"Kinematic_Setpoint","Delta_X_Cm":-13.339100778102875,"Delta_Y_Cm":-1.1989163234829903,"Frame_ID":"ue_actor_local","Hold_Position":false,"Reason":"DECISION_VALID","Run_ID":"64B6916A44BFC514173CFD8FFD73CE39","Scene_Seed":230908,"Sequence":146,"Source_Frame_Index":391,"Source_Model_Version":"safety_gate_v1","Source_Stamp_Us":39205661,"Stamp_Us":39205661,"Step_Dt":0.20000000298023224,"Valid":true}__OD_END__
[ue_object_deliverer_bridge_node-1] [INFO] [1785982652.949210880] [ue_object_deliverer_bridge_node]: kinematic setpoint received stamp=39411597 valid=1
[ue_object_deliverer_bridge_node-1] [INFO] [1785982653.236205312] [ue_object_deliverer_bridge_node]: kinematic setpoint received stamp=39702468 valid=1
[ue_object_deliverer_bridge_node-1] [INFO] [1785982653.439784000] [ue_object_deliverer_bridge_node]: kinematic setpoint received stamp=39908443 valid=1
[ue_object_deliverer_bridge_node-1] [INFO] [1785982653.727824832] [ue_object_deliverer_bridge_node]: kinematic setpoint received stamp=40201158 valid=1
[ue_object_deliverer_bridge_node-1] [INFO] [1785982653.940427712] [ue_object_deliverer_bridge_node]: kinematic setpoint received stamp=40407869 valid=1
[ue_object_deliverer_bridge_node-1] [INFO] [1785982653.940811488] [ue_object_deliverer_bridge_node]: Sent kinematic setpoint to UE5: bytes=421, payload={"Command_Type":"Kinematic_Setpoint","Delta_X_Cm":4.113462939858437,"Delta_Y_Cm":-2.377242222428322,"Frame_ID":"ue_actor_local","Hold_Position":false,"Reason":"DECISION_VALID","Run_ID":"64B6916A44BFC514173CFD8FFD73CE39","Scene_Seed":230908,"Sequence":151,"Source_Frame_Index":403,"Source_Model_Version":"safety_gate_v1","Source_Stamp_Us":40407869,"Stamp_Us":40407869,"Step_Dt":0.20000000298023224,"Valid":true}__OD_END__
[ue_object_deliverer_bridge_node-1] [INFO] [1785982654.234821824] [ue_object_deliverer_bridge_node]: kinematic setpoint received stamp=40703086 valid=1
[ue_object_deliverer_bridge_node-1] [INFO] [1785982654.444978112] [ue_object_deliverer_bridge_node]: kinematic setpoint received stamp=40911936 valid=1
[ue_object_deliverer_bridge_node-1] [INFO] [1785982654.735274048] [ue_object_deliverer_bridge_node]: kinematic setpoint received stamp=41202551 valid=1
[image_entity_perception-9] [INFO] [1785982654.811045920] [image_entity_perception]: PERCEPTION_PERF_TRACE frame_index=412 count=400 predict_ms=41.1 entities=4 valid=True
[temporal_entity_tracker-2] [INFO] [1785982654.811873856] [temporal_entity_tracker]: TRACK_TRACE frame_index=412 count=400 source_valid=True source_entities=4 visible_source=1
[vla_policy-10] [INFO] [1785982654.818805824] [vla_policy]: ENT_IN_TRACE count=400 frame_index=412 valid=True detail=OK:selected=1;targets=1;risks=0;dropped=0
[ue_object_deliverer_bridge_node-1] [INFO] [1785982655.037350816] [ue_object_deliverer_bridge_node]: kinematic setpoint received stamp=41507648 valid=1
[ue_object_deliverer_bridge_node-1] [INFO] [1785982655.037757728] [ue_object_deliverer_bridge_node]: Sent kinematic setpoint to UE5: bytes=422, payload={"Command_Type":"Kinematic_Setpoint","Delta_X_Cm":23.90037775039673,"Delta_Y_Cm":0.43087550438940525,"Frame_ID":"ue_actor_local","Hold_Position":false,"Reason":"DECISION_VALID","Run_ID":"64B6916A44BFC514173CFD8FFD73CE39","Scene_Seed":230908,"Sequence":155,"Source_Frame_Index":414,"Source_Model_Version":"safety_gate_v1","Source_Stamp_Us":41507648,"Stamp_Us":41507648,"Step_Dt":0.20000000298023224,"Valid":true}__OD_END__
[ue_object_deliverer_bridge_node-1] [INFO] [1785982655.237846272] [ue_object_deliverer_bridge_node]: kinematic setpoint received stamp=41704118 valid=1
[ue_object_deliverer_bridge_node-1] [INFO] [1785982655.445840032] [ue_object_deliverer_bridge_node]: kinematic setpoint received stamp=41911361 valid=1
[ue_object_deliverer_bridge_node-1] [INFO] [1785982655.739352672] [ue_object_deliverer_bridge_node]: kinematic setpoint received stamp=42205469 valid=1
[ue_object_deliverer_bridge_node-1] [INFO] [1785982655.948582144] [ue_object_deliverer_bridge_node]: kinematic setpoint received stamp=42413010 valid=1
[ue_object_deliverer_bridge_node-1] [INFO] [1785982656.241484352] [ue_object_deliverer_bridge_node]: kinematic setpoint received stamp=42707716 valid=1
[ue_object_deliverer_bridge_node-1] [INFO] [1785982656.241875680] [ue_object_deliverer_bridge_node]: Sent kinematic setpoint to UE5: bytes=422, payload={"Command_Type":"Kinematic_Setpoint","Delta_X_Cm":28.264373540878296,"Delta_Y_Cm":1.0779820382595062,"Frame_ID":"ue_actor_local","Hold_Position":false,"Reason":"DECISION_VALID","Run_ID":"64B6916A44BFC514173CFD8FFD73CE39","Scene_Seed":230908,"Sequence":160,"Source_Frame_Index":426,"Source_Model_Version":"safety_gate_v1","Source_Stamp_Us":42707716,"Stamp_Us":42707716,"Step_Dt":0.20000000298023224,"Valid":true}__OD_END__
[ue_object_deliverer_bridge_node-1] [INFO] [1785982656.483216800] [ue_object_deliverer_bridge_node]: kinematic setpoint received stamp=42707717 valid=1
[ue_object_deliverer_bridge_node-1] [INFO] [1785982656.736043680] [ue_object_deliverer_bridge_node]: kinematic setpoint received stamp=43209237 valid=1
[ue_object_deliverer_bridge_node-1] [INFO] [1785982657.025951680] [ue_object_deliverer_bridge_node]: kinematic setpoint received stamp=43500600 valid=1
[ue_object_deliverer_bridge_node-1] [INFO] [1785982657.238378208] [ue_object_deliverer_bridge_node]: kinematic setpoint received stamp=43713380 valid=1
[ue_object_deliverer_bridge_node-1] [INFO] [1785982657.238769024] [ue_object_deliverer_bridge_node]: Sent kinematic setpoint to UE5: bytes=422, payload={"Command_Type":"Kinematic_Setpoint","Delta_X_Cm":14.98924195766449,"Delta_Y_Cm":-0.0869895564392209,"Frame_ID":"ue_actor_local","Hold_Position":false,"Reason":"DECISION_VALID","Run_ID":"64B6916A44BFC514173CFD8FFD73CE39","Scene_Seed":230908,"Sequence":164,"Source_Frame_Index":436,"Source_Model_Version":"safety_gate_v1","Source_Stamp_Us":43713380,"Stamp_Us":43713380,"Step_Dt":0.20000000298023224,"Valid":true}__OD_END__
[ue_object_deliverer_bridge_node-1] [INFO] [1785982657.476507040] [ue_object_deliverer_bridge_node]: kinematic setpoint received stamp=43713381 valid=1
[ue_object_deliverer_bridge_node-1] [INFO] [1785982657.728937088] [ue_object_deliverer_bridge_node]: kinematic setpoint received stamp=44202695 valid=1
[ue_object_deliverer_bridge_node-1] [INFO] [1785982657.934461824] [ue_object_deliverer_bridge_node]: kinematic setpoint received stamp=44411263 valid=1
[ue_object_deliverer_bridge_node-1] [INFO] [1785982658.150358816] [ue_object_deliverer_bridge_node]: kinematic setpoint received stamp=44604321 valid=1
[ue_object_deliverer_bridge_node-1] [INFO] [1785982658.438356992] [ue_object_deliverer_bridge_node]: kinematic setpoint received stamp=44906183 valid=1
[ue_object_deliverer_bridge_node-1] [INFO] [1785982658.438731872] [ue_object_deliverer_bridge_node]: Sent kinematic setpoint to UE5: bytes=422, payload={"Command_Type":"Kinematic_Setpoint","Delta_X_Cm":19.9735090136528,"Delta_Y_Cm":-0.19854165147989988,"Frame_ID":"ue_actor_local","Hold_Position":false,"Reason":"DECISION_VALID","Run_ID":"64B6916A44BFC514173CFD8FFD73CE39","Scene_Seed":230908,"Sequence":169,"Source_Frame_Index":448,"Source_Model_Version":"safety_gate_v1","Source_Stamp_Us":44906183,"Stamp_Us":44906183,"Step_Dt":0.20000000298023224,"Valid":true}__OD_END__
[ue_object_deliverer_bridge_node-1] [INFO] [1785982658.651093472] [ue_object_deliverer_bridge_node]: kinematic setpoint received stamp=45113158 valid=1
[ue_object_deliverer_bridge_node-1] [INFO] [1785982658.934075040] [ue_object_deliverer_bridge_node]: kinematic setpoint received stamp=45401576 valid=1
[ue_object_deliverer_bridge_node-1] [INFO] [1785982659.245479136] [ue_object_deliverer_bridge_node]: kinematic setpoint received stamp=45709760 valid=1
[ue_object_deliverer_bridge_node-1] [INFO] [1785982659.477970304] [ue_object_deliverer_bridge_node]: kinematic setpoint received stamp=45709761 valid=1
[ue_object_deliverer_bridge_node-1] [INFO] [1785982659.478368768] [ue_object_deliverer_bridge_node]: Sent kinematic setpoint to UE5: bytes=422, payload={"Command_Type":"Kinematic_Setpoint","Delta_X_Cm":4.982535168528557,"Delta_Y_Cm":0.41754553094506264,"Frame_ID":"ue_actor_local","Hold_Position":false,"Reason":"DECISION_VALID","Run_ID":"64B6916A44BFC514173CFD8FFD73CE39","Scene_Seed":230908,"Sequence":173,"Source_Frame_Index":399,"Source_Model_Version":"safety_gate_v1","Source_Stamp_Us":45709761,"Stamp_Us":45709761,"Step_Dt":0.20000000298023224,"Valid":true}__OD_END__
[ue_object_deliverer_bridge_node-1] [INFO] [1785982659.734950240] [ue_object_deliverer_bridge_node]: kinematic setpoint received stamp=46203577 valid=1
[image_entity_perception-9] [INFO] [1785982659.814947680] [image_entity_perception]: PERCEPTION_PERF_TRACE frame_index=462 count=450 predict_ms=42.1 entities=4 valid=True
[temporal_entity_tracker-2] [INFO] [1785982659.815895872] [temporal_entity_tracker]: TRACK_TRACE frame_index=462 count=450 source_valid=True source_entities=4 visible_source=1
[ue_object_deliverer_bridge_node-1] [INFO] [1785982659.945701760] [ue_object_deliverer_bridge_node]: kinematic setpoint received stamp=46412237 valid=1
[ue_object_deliverer_bridge_node-1] [INFO] [1785982660.240630208] [ue_object_deliverer_bridge_node]: kinematic setpoint received stamp=46707458 valid=1
[ue_object_deliverer_bridge_node-1] [INFO] [1785982660.489225664] [ue_object_deliverer_bridge_node]: kinematic setpoint received stamp=46707459 valid=1
[ue_object_deliverer_bridge_node-1] [INFO] [1785982660.489618944] [ue_object_deliverer_bridge_node]: Sent kinematic setpoint to UE5: bytes=422, payload={"Command_Type":"Kinematic_Setpoint","Delta_X_Cm":4.998747259378433,"Delta_Y_Cm":0.11192214442417026,"Frame_ID":"ue_actor_local","Hold_Position":false,"Reason":"DECISION_VALID","Run_ID":"64B6916A44BFC514173CFD8FFD73CE39","Scene_Seed":230908,"Sequence":177,"Source_Frame_Index":419,"Source_Model_Version":"safety_gate_v1","Source_Stamp_Us":46707459,"Stamp_Us":46707459,"Step_Dt":0.20000000298023224,"Valid":true}__OD_END__
[ue_object_deliverer_bridge_node-1] [INFO] [1785982660.735645344] [ue_object_deliverer_bridge_node]: kinematic setpoint received stamp=47207471 valid=1
[ue_object_deliverer_bridge_node-1] [INFO] [1785982661.047467616] [ue_object_deliverer_bridge_node]: kinematic setpoint received stamp=47513642 valid=1
[ue_object_deliverer_bridge_node-1] [INFO] [1785982661.336683424] [ue_object_deliverer_bridge_node]: kinematic setpoint received stamp=47807005 valid=1
[ue_object_deliverer_bridge_node-1] [INFO] [1785982661.554111776] [ue_object_deliverer_bridge_node]: kinematic setpoint received stamp=48011666 valid=1
[ue_object_deliverer_bridge_node-1] [INFO] [1785982661.833954496] [ue_object_deliverer_bridge_node]: kinematic setpoint received stamp=48303151 valid=1
[ue_object_deliverer_bridge_node-1] [INFO] [1785982661.834357952] [ue_object_deliverer_bridge_node]: Sent kinematic setpoint to UE5: bytes=423, payload={"Command_Type":"Kinematic_Setpoint","Delta_X_Cm":24.938875436782837,"Delta_Y_Cm":-0.9570482186973095,"Frame_ID":"ue_actor_local","Hold_Position":false,"Reason":"DECISION_VALID","Run_ID":"64B6916A44BFC514173CFD8FFD73CE39","Scene_Seed":230908,"Sequence":182,"Source_Frame_Index":482,"Source_Model_Version":"safety_gate_v1","Source_Stamp_Us":48303151,"Stamp_Us":48303151,"Step_Dt":0.20000000298023224,"Valid":true}__OD_END__
[ue_object_deliverer_bridge_node-1] [INFO] [1785982662.045983040] [ue_object_deliverer_bridge_node]: kinematic setpoint received stamp=48510146 valid=1
[ue_object_deliverer_bridge_node-1] [INFO] [1785982662.338814912] [ue_object_deliverer_bridge_node]: kinematic setpoint received stamp=48804849 valid=1
[ue_object_deliverer_bridge_node-1] [INFO] [1785982662.630999968] [ue_object_deliverer_bridge_node]: kinematic setpoint received stamp=49101278 valid=1
[ue_object_deliverer_bridge_node-1] [INFO] [1785982662.844880800] [ue_object_deliverer_bridge_node]: kinematic setpoint received stamp=49310592 valid=1
[ue_object_deliverer_bridge_node-1] [INFO] [1785982662.845252832] [ue_object_deliverer_bridge_node]: Sent kinematic setpoint to UE5: bytes=422, payload={"Command_Type":"Kinematic_Setpoint","Delta_X_Cm":29.86377775669098,"Delta_Y_Cm":-1.3940677978098392,"Frame_ID":"ue_actor_local","Hold_Position":false,"Reason":"DECISION_VALID","Run_ID":"64B6916A44BFC514173CFD8FFD73CE39","Scene_Seed":230908,"Sequence":186,"Source_Frame_Index":492,"Source_Model_Version":"safety_gate_v1","Source_Stamp_Us":49310592,"Stamp_Us":49310592,"Step_Dt":0.20000000298023224,"Valid":true}__OD_END__
[ue_object_deliverer_bridge_node-1] [INFO] [1785982663.136624832] [ue_object_deliverer_bridge_node]: kinematic setpoint received stamp=49603791 valid=1
[ue_object_deliverer_bridge_node-1] [INFO] [1785982663.344961248] [ue_object_deliverer_bridge_node]: kinematic setpoint received stamp=49811119 valid=1
[ue_object_deliverer_bridge_node-1] [INFO] [1785982663.638425728] [ue_object_deliverer_bridge_node]: kinematic setpoint received stamp=50103180 valid=1
[ue_object_deliverer_bridge_node-1] [INFO] [1785982663.938709184] [ue_object_deliverer_bridge_node]: kinematic setpoint received stamp=50409625 valid=1
[ue_object_deliverer_bridge_node-1] [INFO] [1785982663.939245760] [ue_object_deliverer_bridge_node]: Sent kinematic setpoint to UE5: bytes=423, payload={"Command_Type":"Kinematic_Setpoint","Delta_X_Cm":20.776227116584778,"Delta_Y_Cm":-1.0899185203015804,"Frame_ID":"ue_actor_local","Hold_Position":false,"Reason":"DECISION_VALID","Run_ID":"64B6916A44BFC514173CFD8FFD73CE39","Scene_Seed":230908,"Sequence":190,"Source_Frame_Index":503,"Source_Model_Version":"safety_gate_v1","Source_Stamp_Us":50409625,"Stamp_Us":50409625,"Step_Dt":0.20000000298023224,"Valid":true}__OD_END__
[ue_object_deliverer_bridge_node-1] [INFO] [1785982664.133157344] [ue_object_deliverer_bridge_node]: kinematic setpoint received stamp=50604850 valid=1
[ue_object_deliverer_bridge_node-1] [INFO] [1785982664.347575360] [ue_object_deliverer_bridge_node]: kinematic setpoint received stamp=50812523 valid=1
[ue_object_deliverer_bridge_node-1] [INFO] [1785982664.638506016] [ue_object_deliverer_bridge_node]: kinematic setpoint received stamp=51105960 valid=1
[image_entity_perception-9] [INFO] [1785982664.816144416] [image_entity_perception]: PERCEPTION_PERF_TRACE frame_index=512 count=500 predict_ms=44.4 entities=4 valid=True
[temporal_entity_tracker-2] [INFO] [1785982664.816913120] [temporal_entity_tracker]: TRACK_TRACE frame_index=512 count=500 source_valid=True source_entities=4 visible_source=1
[vla_policy-10] [INFO] [1785982664.821856672] [vla_policy]: ENT_IN_TRACE count=500 frame_index=512 valid=True detail=OK:selected=1;targets=1;risks=0;dropped=0
[ue_object_deliverer_bridge_node-1] [INFO] [1785982664.953415872] [ue_object_deliverer_bridge_node]: kinematic setpoint received stamp=51410386 valid=1
[ue_object_deliverer_bridge_node-1] [INFO] [1785982664.953797760] [ue_object_deliverer_bridge_node]: Sent kinematic setpoint to UE5: bytes=423, payload={"Command_Type":"Kinematic_Setpoint","Delta_X_Cm":17.667491734027863,"Delta_Y_Cm":-1.3603074476122856,"Frame_ID":"ue_actor_local","Hold_Position":false,"Reason":"DECISION_VALID","Run_ID":"64B6916A44BFC514173CFD8FFD73CE39","Scene_Seed":230908,"Sequence":194,"Source_Frame_Index":513,"Source_Model_Version":"safety_gate_v1","Source_Stamp_Us":51410386,"Stamp_Us":51410386,"Step_Dt":0.20000000298023224,"Valid":true}__OD_END__
[ue_object_deliverer_bridge_node-1] [INFO] [1785982665.238405728] [ue_object_deliverer_bridge_node]: kinematic setpoint received stamp=51706220 valid=1
[ue_object_deliverer_bridge_node-1] [INFO] [1785982665.489383776] [ue_object_deliverer_bridge_node]: kinematic setpoint received stamp=51706221 valid=1
[ue_object_deliverer_bridge_node-1] [INFO] [1785982665.737809600] [ue_object_deliverer_bridge_node]: kinematic setpoint received stamp=52208964 valid=1
[ue_object_deliverer_bridge_node-1] [INFO] [1785982665.950772256] [ue_object_deliverer_bridge_node]: kinematic setpoint received stamp=52407243 valid=1
[vla_policy-10] [INFO] [1785982666.233942688] [vla_policy]: POLICY_AUDIT trigger=periodic events=200 policy_driven=193 backstop=7 hold=0 fail_closed=0 policy_stop=0 guard_reason=policy_driven raw_dx=-0.087466 raw_dy=0.025551 guarded_dx=-0.087466 guarded_dy=0.025551 final_dx=-0.087466 final_dy=0.025551
[ue_object_deliverer_bridge_node-1] [INFO] [1785982666.237038176] [ue_object_deliverer_bridge_node]: kinematic setpoint received stamp=52702394 valid=1
[ue_object_deliverer_bridge_node-1] [INFO] [1785982666.237412256] [ue_object_deliverer_bridge_node]: Sent kinematic setpoint to UE5: bytes=422, payload={"Command_Type":"Kinematic_Setpoint","Delta_X_Cm":-8.746562898159027,"Delta_Y_Cm":-2.555139735341072,"Frame_ID":"ue_actor_local","Hold_Position":false,"Reason":"DECISION_VALID","Run_ID":"64B6916A44BFC514173CFD8FFD73CE39","Scene_Seed":230908,"Sequence":199,"Source_Frame_Index":526,"Source_Model_Version":"safety_gate_v1","Source_Stamp_Us":52702394,"Stamp_Us":52702394,"Step_Dt":0.20000000298023224,"Valid":true}__OD_END__
[ue_object_deliverer_bridge_node-1] [INFO] [1785982666.448886240] [ue_object_deliverer_bridge_node]: kinematic setpoint received stamp=52912210 valid=1
[ue_object_deliverer_bridge_node-1] [INFO] [1785982666.721044128] [ue_object_deliverer_bridge_node]: kinematic setpoint received stamp=53209109 valid=1
[ue_object_deliverer_bridge_node-1] [INFO] [1785982666.937258112] [ue_object_deliverer_bridge_node]: kinematic setpoint received stamp=53412166 valid=1
[ue_object_deliverer_bridge_node-1] [INFO] [1785982667.228050656] [ue_object_deliverer_bridge_node]: kinematic setpoint received stamp=53710823 valid=1
[ue_object_deliverer_bridge_node-1] [INFO] [1785982667.228496032] [ue_object_deliverer_bridge_node]: Sent kinematic setpoint to UE5: bytes=421, payload={"Command_Type":"Kinematic_Setpoint","Delta_X_Cm":10.17923504114151,"Delta_Y_Cm":-4.307553172111511,"Frame_ID":"ue_actor_local","Hold_Position":false,"Reason":"DECISION_VALID","Run_ID":"64B6916A44BFC514173CFD8FFD73CE39","Scene_Seed":230908,"Sequence":203,"Source_Frame_Index":536,"Source_Model_Version":"safety_gate_v1","Source_Stamp_Us":53710823,"Stamp_Us":53710823,"Step_Dt":0.20000000298023224,"Valid":true}__OD_END__
[ue_object_deliverer_bridge_node-1] [INFO] [1785982667.466738144] [ue_object_deliverer_bridge_node]: kinematic setpoint received stamp=53710824 valid=1
[ue_object_deliverer_bridge_node-1] [INFO] [1785982667.723605056] [ue_object_deliverer_bridge_node]: kinematic setpoint received stamp=54207366 valid=1
[ue_object_deliverer_bridge_node-1] [INFO] [1785982668.031463136] [ue_object_deliverer_bridge_node]: kinematic setpoint received stamp=54500835 valid=1
[ue_object_deliverer_bridge_node-1] [INFO] [1785982668.233329728] [ue_object_deliverer_bridge_node]: kinematic setpoint received stamp=54706812 valid=1
[ue_object_deliverer_bridge_node-1] [INFO] [1785982668.441476832] [ue_object_deliverer_bridge_node]: kinematic setpoint received stamp=54911175 valid=1
[ue_object_deliverer_bridge_node-1] [INFO] [1785982668.441847424] [ue_object_deliverer_bridge_node]: Sent kinematic setpoint to UE5: bytes=422, payload={"Command_Type":"Kinematic_Setpoint","Delta_X_Cm":19.92284059524536,"Delta_Y_Cm":-1.2084427289664745,"Frame_ID":"ue_actor_local","Hold_Position":false,"Reason":"DECISION_VALID","Run_ID":"64B6916A44BFC514173CFD8FFD73CE39","Scene_Seed":230908,"Sequence":208,"Source_Frame_Index":548,"Source_Model_Version":"safety_gate_v1","Source_Stamp_Us":54911175,"Stamp_Us":54911175,"Step_Dt":0.20000000298023224,"Valid":true}__OD_END__
[ue_object_deliverer_bridge_node-1] [INFO] [1785982668.720559584] [ue_object_deliverer_bridge_node]: kinematic setpoint received stamp=55202879 valid=1
[ue_object_deliverer_bridge_node-1] [INFO] [1785982668.929402240] [ue_object_deliverer_bridge_node]: kinematic setpoint received stamp=55409803 valid=1
[ue_object_deliverer_bridge_node-1] [INFO] [1785982669.131564608] [ue_object_deliverer_bridge_node]: kinematic setpoint received stamp=55611567 valid=1
[ue_object_deliverer_bridge_node-1] [INFO] [1785982669.425529632] [ue_object_deliverer_bridge_node]: kinematic setpoint received stamp=55906169 valid=1
[ue_object_deliverer_bridge_node-1] [INFO] [1785982669.635206688] [ue_object_deliverer_bridge_node]: kinematic setpoint received stamp=56104642 valid=1
[ue_object_deliverer_bridge_node-1] [INFO] [1785982669.635634208] [ue_object_deliverer_bridge_node]: Sent kinematic setpoint to UE5: bytes=423, payload={"Command_Type":"Kinematic_Setpoint","Delta_X_Cm":29.847243428230286,"Delta_Y_Cm":-1.4078803360462189,"Frame_ID":"ue_actor_local","Hold_Position":false,"Reason":"DECISION_VALID","Run_ID":"64B6916A44BFC514173CFD8FFD73CE39","Scene_Seed":230908,"Sequence":213,"Source_Frame_Index":560,"Source_Model_Version":"safety_gate_v1","Source_Stamp_Us":56104642,"Stamp_Us":56104642,"Step_Dt":0.20000000298023224,"Valid":true}__OD_END__
[image_entity_perception-9] [INFO] [1785982669.812638144] [image_entity_perception]: PERCEPTION_PERF_TRACE frame_index=562 count=550 predict_ms=33.9 entities=4 valid=True
[temporal_entity_tracker-2] [INFO] [1785982669.813381184] [temporal_entity_tracker]: TRACK_TRACE frame_index=562 count=550 source_valid=True source_entities=4 visible_source=1
[ue_object_deliverer_bridge_node-1] [INFO] [1785982669.944694912] [ue_object_deliverer_bridge_node]: kinematic setpoint received stamp=56410928 valid=1
[ue_object_deliverer_bridge_node-1] [INFO] [1785982670.238272352] [ue_object_deliverer_bridge_node]: kinematic setpoint received stamp=56707206 valid=1
[ue_object_deliverer_bridge_node-1] [INFO] [1785982670.486055008] [ue_object_deliverer_bridge_node]: kinematic setpoint received stamp=56707207 valid=1
[ue_object_deliverer_bridge_node-1] [INFO] [1785982670.735196352] [ue_object_deliverer_bridge_node]: kinematic setpoint received stamp=57202740 valid=1
[ue_object_deliverer_bridge_node-1] [INFO] [1785982670.735593152] [ue_object_deliverer_bridge_node]: Sent kinematic setpoint to UE5: bytes=423, payload={"Command_Type":"Kinematic_Setpoint","Delta_X_Cm":4.997071251273155,"Delta_Y_Cm":-0.17111209454014897,"Frame_ID":"ue_actor_local","Hold_Position":false,"Reason":"DECISION_VALID","Run_ID":"64B6916A44BFC514173CFD8FFD73CE39","Scene_Seed":230908,"Sequence":217,"Source_Frame_Index":571,"Source_Model_Version":"safety_gate_v1","Source_Stamp_Us":57202740,"Stamp_Us":57202740,"Step_Dt":0.20000000298023224,"Valid":true}__OD_END__
[ue_object_deliverer_bridge_node-1] [INFO] [1785982670.945271616] [ue_object_deliverer_bridge_node]: kinematic setpoint received stamp=57410827 valid=1
[ue_object_deliverer_bridge_node-1] [INFO] [1785982671.236546816] [ue_object_deliverer_bridge_node]: kinematic setpoint received stamp=57706083 valid=1
[ue_object_deliverer_bridge_node-1] [INFO] [1785982671.451155520] [ue_object_deliverer_bridge_node]: kinematic setpoint received stamp=57913637 valid=1
[ue_object_deliverer_bridge_node-1] [INFO] [1785982671.736440768] [ue_object_deliverer_bridge_node]: kinematic setpoint received stamp=58212454 valid=1
[ue_object_deliverer_bridge_node-1] [INFO] [1785982671.736974624] [ue_object_deliverer_bridge_node]: Sent kinematic setpoint to UE5: bytes=422, payload={"Command_Type":"Kinematic_Setpoint","Delta_X_Cm":24.92336332798004,"Delta_Y_Cm":-1.0334160178899765,"Frame_ID":"ue_actor_local","Hold_Position":false,"Reason":"DECISION_VALID","Run_ID":"64B6916A44BFC514173CFD8FFD73CE39","Scene_Seed":230908,"Sequence":221,"Source_Frame_Index":581,"Source_Model_Version":"safety_gate_v1","Source_Stamp_Us":58212454,"Stamp_Us":58212454,"Step_Dt":0.20000000298023224,"Valid":true}__OD_END__
[ue_object_deliverer_bridge_node-1] [INFO] [1785982672.042447616] [ue_object_deliverer_bridge_node]: kinematic setpoint received stamp=58509689 valid=1
[ue_object_deliverer_bridge_node-1] [INFO] [1785982672.340964416] [ue_object_deliverer_bridge_node]: kinematic setpoint received stamp=58808063 valid=1
[ue_object_deliverer_bridge_node-1] [INFO] [1785982672.633393312] [ue_object_deliverer_bridge_node]: kinematic setpoint received stamp=59101097 valid=1
[ue_object_deliverer_bridge_node-1] [INFO] [1785982672.842357824] [ue_object_deliverer_bridge_node]: kinematic setpoint received stamp=59311666 valid=1
[ue_object_deliverer_bridge_node-1] [INFO] [1785982672.842742368] [ue_object_deliverer_bridge_node]: Sent kinematic setpoint to UE5: bytes=423, payload={"Command_Type":"Kinematic_Setpoint","Delta_X_Cm":28.241774439811707,"Delta_Y_Cm":-1.3387849554419518,"Frame_ID":"ue_actor_local","Hold_Position":false,"Reason":"DECISION_VALID","Run_ID":"64B6916A44BFC514173CFD8FFD73CE39","Scene_Seed":230908,"Sequence":225,"Source_Frame_Index":592,"Source_Model_Version":"safety_gate_v1","Source_Stamp_Us":59311666,"Stamp_Us":59311666,"Step_Dt":0.20000000298023224,"Valid":true}__OD_END__
[ue_object_deliverer_bridge_node-1] [INFO] [1785982673.137169440] [ue_object_deliverer_bridge_node]: kinematic setpoint received stamp=59607465 valid=1
[ue_object_deliverer_bridge_node-1] [INFO] [1785982673.337643456] [ue_object_deliverer_bridge_node]: kinematic setpoint received stamp=59803514 valid=1
[ue_object_deliverer_bridge_node-1] [INFO] [1785982673.543552288] [ue_object_deliverer_bridge_node]: kinematic setpoint received stamp=60013022 valid=1
[ue_object_deliverer_bridge_node-1] [INFO] [1785982673.844480096] [ue_object_deliverer_bridge_node]: kinematic setpoint received stamp=60309912 valid=1
[ue_object_deliverer_bridge_node-1] [INFO] [1785982674.134965536] [ue_object_deliverer_bridge_node]: kinematic setpoint received stamp=60606500 valid=1
[ue_object_deliverer_bridge_node-1] [INFO] [1785982674.135355296] [ue_object_deliverer_bridge_node]: Sent kinematic setpoint to UE5: bytes=422, payload={"Command_Type":"Kinematic_Setpoint","Delta_X_Cm":14.897382259368896,"Delta_Y_Cm":-1.175833772867918,"Frame_ID":"ue_actor_local","Hold_Position":false,"Reason":"DECISION_VALID","Run_ID":"64B6916A44BFC514173CFD8FFD73CE39","Scene_Seed":230908,"Sequence":230,"Source_Frame_Index":605,"Source_Model_Version":"safety_gate_v1","Source_Stamp_Us":60606500,"Stamp_Us":60606500,"Step_Dt":0.20000000298023224,"Valid":true}__OD_END__
[ue_object_deliverer_bridge_node-1] [INFO] [1785982674.441996992] [ue_object_deliverer_bridge_node]: kinematic setpoint received stamp=60900513 valid=1
[ue_object_deliverer_bridge_node-1] [INFO] [1785982674.646449184] [ue_object_deliverer_bridge_node]: kinematic setpoint received stamp=61110214 valid=1
[image_entity_perception-9] [INFO] [1785982674.839031136] [image_entity_perception]: PERCEPTION_PERF_TRACE frame_index=612 count=600 predict_ms=44.8 entities=4 valid=True
[temporal_entity_tracker-2] [INFO] [1785982674.839848608] [temporal_entity_tracker]: TRACK_TRACE frame_index=612 count=600 source_valid=True source_entities=4 visible_source=1
[vla_policy-10] [INFO] [1785982674.845222720] [vla_policy]: ENT_IN_TRACE count=600 frame_index=612 valid=True detail=OK:selected=1;targets=1;risks=0;dropped=0
[ue_object_deliverer_bridge_node-1] [INFO] [1785982674.861888320] [ue_object_deliverer_bridge_node]: kinematic setpoint received stamp=61313652 valid=1
[ue_object_deliverer_bridge_node-1] [INFO] [1785982675.126329280] [ue_object_deliverer_bridge_node]: kinematic setpoint received stamp=61608910 valid=1
[ue_object_deliverer_bridge_node-1] [INFO] [1785982675.126722112] [ue_object_deliverer_bridge_node]: Sent kinematic setpoint to UE5: bytes=423, payload={"Command_Type":"Kinematic_Setpoint","Delta_X_Cm":-2.4052992463111877,"Delta_Y_Cm":-2.276095375418663,"Frame_ID":"ue_actor_local","Hold_Position":false,"Reason":"DECISION_VALID","Run_ID":"64B6916A44BFC514173CFD8FFD73CE39","Scene_Seed":230908,"Sequence":234,"Source_Frame_Index":615,"Source_Model_Version":"safety_gate_v1","Source_Stamp_Us":61608910,"Stamp_Us":61608910,"Step_Dt":0.20000000298023224,"Valid":true}__OD_END__
[ue_object_deliverer_bridge_node-1] [INFO] [1785982675.330663392] [ue_object_deliverer_bridge_node]: kinematic setpoint received stamp=61808207 valid=1
[ue_object_deliverer_bridge_node-1] [INFO] [1785982675.537675808] [ue_object_deliverer_bridge_node]: kinematic setpoint received stamp=62005445 valid=1
[ue_object_deliverer_bridge_node-1] [INFO] [1785982675.740395328] [ue_object_deliverer_bridge_node]: kinematic setpoint received stamp=62210755 valid=1
[ue_object_deliverer_bridge_node-1] [INFO] [1785982675.941229088] [ue_object_deliverer_bridge_node]: kinematic setpoint received stamp=62407293 valid=1
[ue_object_deliverer_bridge_node-1] [INFO] [1785982676.233624256] [ue_object_deliverer_bridge_node]: kinematic setpoint received stamp=62701407 valid=1
[ue_object_deliverer_bridge_node-1] [INFO] [1785982676.234129312] [ue_object_deliverer_bridge_node]: Sent kinematic setpoint to UE5: bytes=422, payload={"Command_Type":"Kinematic_Setpoint","Delta_X_Cm":8.090699464082718,"Delta_Y_Cm":-3.6298781633377075,"Frame_ID":"ue_actor_local","Hold_Position":false,"Reason":"DECISION_VALID","Run_ID":"64B6916A44BFC514173CFD8FFD73CE39","Scene_Seed":230908,"Sequence":239,"Source_Frame_Index":626,"Source_Model_Version":"safety_gate_v1","Source_Stamp_Us":62701407,"Stamp_Us":62701407,"Step_Dt":0.20000000298023224,"Valid":true}__OD_END__
[ue_object_deliverer_bridge_node-1] [INFO] [1785982676.439934336] [ue_object_deliverer_bridge_node]: kinematic setpoint received stamp=62911435 valid=1
[ue_object_deliverer_bridge_node-1] [INFO] [1785982676.725590400] [ue_object_deliverer_bridge_node]: kinematic setpoint received stamp=63201562 valid=1
[ue_object_deliverer_bridge_node-1] [INFO] [1785982676.940586368] [ue_object_deliverer_bridge_node]: kinematic setpoint received stamp=63407486 valid=1
[ue_object_deliverer_bridge_node-1] [INFO] [1785982677.229897696] [ue_object_deliverer_bridge_node]: kinematic setpoint received stamp=63703248 valid=1
[ue_object_deliverer_bridge_node-1] [INFO] [1785982677.230251360] [ue_object_deliverer_bridge_node]: Sent kinematic setpoint to UE5: bytes=421, payload={"Command_Type":"Kinematic_Setpoint","Delta_X_Cm":27.75958478450775,"Delta_Y_Cm":-0.377456727437675,"Frame_ID":"ue_actor_local","Hold_Position":false,"Reason":"DECISION_VALID","Run_ID":"64B6916A44BFC514173CFD8FFD73CE39","Scene_Seed":230908,"Sequence":243,"Source_Frame_Index":636,"Source_Model_Version":"safety_gate_v1","Source_Stamp_Us":63703248,"Stamp_Us":63703248,"Step_Dt":0.20000000298023224,"Valid":true}__OD_END__
[ue_object_deliverer_bridge_node-1] [INFO] [1785982677.447147584] [ue_object_deliverer_bridge_node]: kinematic setpoint received stamp=63912078 valid=1
[ue_object_deliverer_bridge_node-1] [INFO] [1785982677.734515104] [ue_object_deliverer_bridge_node]: kinematic setpoint received stamp=64205872 valid=1
[ue_object_deliverer_bridge_node-1] [INFO] [1785982678.053599584] [ue_object_deliverer_bridge_node]: kinematic setpoint received stamp=64512255 valid=1
[ue_object_deliverer_bridge_node-1] [INFO] [1785982678.343420512] [ue_object_deliverer_bridge_node]: kinematic setpoint received stamp=64808454 valid=1
[ue_object_deliverer_bridge_node-1] [INFO] [1785982678.343798176] [ue_object_deliverer_bridge_node]: Sent kinematic setpoint to UE5: bytes=423, payload={"Command_Type":"Kinematic_Setpoint","Delta_X_Cm":26.85573697090149,"Delta_Y_Cm":-0.11883657425642014,"Frame_ID":"ue_actor_local","Hold_Position":false,"Reason":"DECISION_VALID","Run_ID":"64B6916A44BFC514173CFD8FFD73CE39","Scene_Seed":230908,"Sequence":247,"Source_Frame_Index":647,"Source_Model_Version":"safety_gate_v1","Source_Stamp_Us":64808454,"Stamp_Us":64808454,"Step_Dt":0.20000000298023224,"Valid":true}__OD_END__
[ue_object_deliverer_bridge_node-1] [INFO] [1785982678.628002240] [ue_object_deliverer_bridge_node]: kinematic setpoint received stamp=65101435 valid=1
[ue_object_deliverer_bridge_node-1] [INFO] [1785982678.844627840] [ue_object_deliverer_bridge_node]: kinematic setpoint received stamp=65309298 valid=1
[ue_object_deliverer_bridge_node-1] [INFO] [1785982679.138321504] [ue_object_deliverer_bridge_node]: kinematic setpoint received stamp=65603593 valid=1
[ue_object_deliverer_bridge_node-1] [INFO] [1785982679.348779936] [ue_object_deliverer_bridge_node]: kinematic setpoint received stamp=65811831 valid=1
[ue_object_deliverer_bridge_node-1] [INFO] [1785982679.349160768] [ue_object_deliverer_bridge_node]: Sent kinematic setpoint to UE5: bytes=423, payload={"Command_Type":"Kinematic_Setpoint","Delta_X_Cm":26.52750015258789,"Delta_Y_Cm":-0.07097104098647833,"Frame_ID":"ue_actor_local","Hold_Position":false,"Reason":"DECISION_VALID","Run_ID":"64B6916A44BFC514173CFD8FFD73CE39","Scene_Seed":230908,"Sequence":251,"Source_Frame_Index":657,"Source_Model_Version":"safety_gate_v1","Source_Stamp_Us":65811831,"Stamp_Us":65811831,"Step_Dt":0.20000000298023224,"Valid":true}__OD_END__
[ue_object_deliverer_bridge_node-1] [INFO] [1785982679.640000960] [ue_object_deliverer_bridge_node]: kinematic setpoint received stamp=66107559 valid=1
[image_entity_perception-9] [INFO] [1785982679.832080512] [image_entity_perception]: PERCEPTION_PERF_TRACE frame_index=662 count=650 predict_ms=48.0 entities=4 valid=True
[temporal_entity_tracker-2] [INFO] [1785982679.832993216] [temporal_entity_tracker]: TRACK_TRACE frame_index=662 count=650 source_valid=True source_entities=4 visible_source=1
[ue_object_deliverer_bridge_node-1] [INFO] [1785982679.851816768] [ue_object_deliverer_bridge_node]: kinematic setpoint received stamp=66304389 valid=1
[ue_object_deliverer_bridge_node-1] [INFO] [1785982680.134276160] [ue_object_deliverer_bridge_node]: kinematic setpoint received stamp=66606366 valid=1
[ue_object_deliverer_bridge_node-1] [INFO] [1785982680.345455904] [ue_object_deliverer_bridge_node]: kinematic setpoint received stamp=66808327 valid=1
[ue_object_deliverer_bridge_node-1] [INFO] [1785982680.635132256] [ue_object_deliverer_bridge_node]: kinematic setpoint received stamp=67106223 valid=1
[ue_object_deliverer_bridge_node-1] [INFO] [1785982680.635509056] [ue_object_deliverer_bridge_node]: Sent kinematic setpoint to UE5: bytes=422, payload={"Command_Type":"Kinematic_Setpoint","Delta_X_Cm":8.491344004869461,"Delta_Y_Cm":0.13833302073180676,"Frame_ID":"ue_actor_local","Hold_Position":false,"Reason":"DECISION_VALID","Run_ID":"64B6916A44BFC514173CFD8FFD73CE39","Scene_Seed":230908,"Sequence":256,"Source_Frame_Index":670,"Source_Model_Version":"safety_gate_v1","Source_Stamp_Us":67106223,"Stamp_Us":67106223,"Step_Dt":0.20000000298023224,"Valid":true}__OD_END__
[ue_object_deliverer_bridge_node-1] [INFO] [1785982680.846878656] [ue_object_deliverer_bridge_node]: kinematic setpoint received stamp=67314271 valid=1
[ue_object_deliverer_bridge_node-1] [INFO] [1785982681.131875488] [ue_object_deliverer_bridge_node]: kinematic setpoint received stamp=67604216 valid=1
[ue_object_deliverer_bridge_node-1] [INFO] [1785982681.345934624] [ue_object_deliverer_bridge_node]: kinematic setpoint received stamp=67813086 valid=1
[ue_object_deliverer_bridge_node-1] [INFO] [1785982681.633871552] [ue_object_deliverer_bridge_node]: kinematic setpoint received stamp=68102471 valid=1
[ue_object_deliverer_bridge_node-1] [INFO] [1785982681.853570720] [ue_object_deliverer_bridge_node]: kinematic setpoint received stamp=68313453 valid=1
[ue_object_deliverer_bridge_node-1] [INFO] [1785982681.853944768] [ue_object_deliverer_bridge_node]: Sent kinematic setpoint to UE5: bytes=423, payload={"Command_Type":"Kinematic_Setpoint","Delta_X_Cm":-10.906703770160675,"Delta_Y_Cm":-2.643401362001896,"Frame_ID":"ue_actor_local","Hold_Position":false,"Reason":"DECISION_VALID","Run_ID":"64B6916A44BFC514173CFD8FFD73CE39","Scene_Seed":230908,"Sequence":261,"Source_Frame_Index":682,"Source_Model_Version":"safety_gate_v1","Source_Stamp_Us":68313453,"Stamp_Us":68313453,"Step_Dt":0.20000000298023224,"Valid":true}__OD_END__
[ue_object_deliverer_bridge_node-1] [INFO] [1785982682.135232288] [ue_object_deliverer_bridge_node]: kinematic setpoint received stamp=68605605 valid=1
[ue_object_deliverer_bridge_node-1] [INFO] [1785982682.353498176] [ue_object_deliverer_bridge_node]: kinematic setpoint received stamp=68812347 valid=1
[ue_object_deliverer_bridge_node-1] [INFO] [1785982682.630585184] [ue_object_deliverer_bridge_node]: kinematic setpoint received stamp=69104598 valid=1
[ue_object_deliverer_bridge_node-1] [INFO] [1785982682.851378752] [ue_object_deliverer_bridge_node]: kinematic setpoint received stamp=69312969 valid=1
[ue_object_deliverer_bridge_node-1] [INFO] [1785982683.137440224] [ue_object_deliverer_bridge_node]: kinematic setpoint received stamp=69608876 valid=1
[ue_object_deliverer_bridge_node-1] [INFO] [1785982683.137821984] [ue_object_deliverer_bridge_node]: Sent kinematic setpoint to UE5: bytes=421, payload={"Command_Type":"Kinematic_Setpoint","Delta_X_Cm":13.910922408103943,"Delta_Y_Cm":-3.46975214779377,"Frame_ID":"ue_actor_local","Hold_Position":false,"Reason":"DECISION_VALID","Run_ID":"64B6916A44BFC514173CFD8FFD73CE39","Scene_Seed":230908,"Sequence":266,"Source_Frame_Index":695,"Source_Model_Version":"safety_gate_v1","Source_Stamp_Us":69608876,"Stamp_Us":69608876,"Step_Dt":0.20000000298023224,"Valid":true}__OD_END__
[ue_object_deliverer_bridge_node-1] [INFO] [1785982683.435482688] [ue_object_deliverer_bridge_node]: kinematic setpoint received stamp=69903521 valid=1
[ue_object_deliverer_bridge_node-1] [INFO] [1785982683.640016800] [ue_object_deliverer_bridge_node]: kinematic setpoint received stamp=70111110 valid=1
[ue_object_deliverer_bridge_node-1] [INFO] [1785982683.934998112] [ue_object_deliverer_bridge_node]: kinematic setpoint received stamp=70404168 valid=1
[ue_object_deliverer_bridge_node-1] [INFO] [1785982684.154037696] [ue_object_deliverer_bridge_node]: kinematic setpoint received stamp=70614145 valid=1
[ue_object_deliverer_bridge_node-1] [INFO] [1785982684.154431520] [ue_object_deliverer_bridge_node]: Sent kinematic setpoint to UE5: bytes=420, payload={"Command_Type":"Kinematic_Setpoint","Delta_X_Cm":29.96688485145569,"Delta_Y_Cm":0.796887744218111,"Frame_ID":"ue_actor_local","Hold_Position":false,"Reason":"DECISION_VALID","Run_ID":"64B6916A44BFC514173CFD8FFD73CE39","Scene_Seed":230908,"Sequence":270,"Source_Frame_Index":705,"Source_Model_Version":"safety_gate_v1","Source_Stamp_Us":70614145,"Stamp_Us":70614145,"Step_Dt":0.20000000298023224,"Valid":true}__OD_END__
[ue_object_deliverer_bridge_node-1] [INFO] [1785982684.433968608] [ue_object_deliverer_bridge_node]: kinematic setpoint received stamp=70906605 valid=1
[ue_object_deliverer_bridge_node-1] [INFO] [1785982684.644359008] [ue_object_deliverer_bridge_node]: kinematic setpoint received stamp=71114050 valid=1
[image_entity_perception-9] [INFO] [1785982684.822808864] [image_entity_perception]: PERCEPTION_PERF_TRACE frame_index=712 count=700 predict_ms=44.2 entities=4 valid=True
[temporal_entity_tracker-2] [INFO] [1785982684.823524512] [temporal_entity_tracker]: TRACK_TRACE frame_index=712 count=700 source_valid=True source_entities=4 visible_source=1
[vla_policy-10] [INFO] [1785982684.828541600] [vla_policy]: ENT_IN_TRACE count=700 frame_index=712 valid=True detail=OK:selected=1;targets=1;risks=0;dropped=0
[ue_object_deliverer_bridge_node-1] [INFO] [1785982684.936033920] [ue_object_deliverer_bridge_node]: kinematic setpoint received stamp=71407195 valid=1
[ue_object_deliverer_bridge_node-1] [INFO] [1785982685.234106784] [ue_object_deliverer_bridge_node]: kinematic setpoint received stamp=71704725 valid=1
[ue_object_deliverer_bridge_node-1] [INFO] [1785982685.234502880] [ue_object_deliverer_bridge_node]: Sent kinematic setpoint to UE5: bytes=421, payload={"Command_Type":"Kinematic_Setpoint","Delta_X_Cm":27.31131613254547,"Delta_Y_Cm":0.7383332122117281,"Frame_ID":"ue_actor_local","Hold_Position":false,"Reason":"DECISION_VALID","Run_ID":"64B6916A44BFC514173CFD8FFD73CE39","Scene_Seed":230908,"Sequence":274,"Source_Frame_Index":716,"Source_Model_Version":"safety_gate_v1","Source_Stamp_Us":71704725,"Stamp_Us":71704725,"Step_Dt":0.20000000298023224,"Valid":true}__OD_END__
[ue_object_deliverer_bridge_node-1] [INFO] [1785982685.453232800] [ue_object_deliverer_bridge_node]: kinematic setpoint received stamp=71912862 valid=1
[ue_object_deliverer_bridge_node-1] [INFO] [1785982685.742476256] [ue_object_deliverer_bridge_node]: kinematic setpoint received stamp=72204877 valid=1
[ue_object_deliverer_bridge_node-1] [INFO] [1785982685.961215584] [ue_object_deliverer_bridge_node]: kinematic setpoint received stamp=72412936 valid=1
[ue_object_deliverer_bridge_node-1] [INFO] [1785982686.228423104] [ue_object_deliverer_bridge_node]: kinematic setpoint received stamp=72708300 valid=1
[ue_object_deliverer_bridge_node-1] [INFO] [1785982686.228809888] [ue_object_deliverer_bridge_node]: Sent kinematic setpoint to UE5: bytes=422, payload={"Command_Type":"Kinematic_Setpoint","Delta_X_Cm":23.656319081783295,"Delta_Y_Cm":0.5126285832375288,"Frame_ID":"ue_actor_local","Hold_Position":false,"Reason":"DECISION_VALID","Run_ID":"64B6916A44BFC514173CFD8FFD73CE39","Scene_Seed":230908,"Sequence":278,"Source_Frame_Index":726,"Source_Model_Version":"safety_gate_v1","Source_Stamp_Us":72708300,"Stamp_Us":72708300,"Step_Dt":0.20000000298023224,"Valid":true}__OD_END__
[ue_object_deliverer_bridge_node-1] [INFO] [1785982686.483237152] [ue_object_deliverer_bridge_node]: kinematic setpoint received stamp=72708301 valid=1
[ue_object_deliverer_bridge_node-1] [INFO] [1785982686.733951264] [ue_object_deliverer_bridge_node]: kinematic setpoint received stamp=73212139 valid=1
[ue_object_deliverer_bridge_node-1] [INFO] [1785982686.937467392] [ue_object_deliverer_bridge_node]: kinematic setpoint received stamp=73405497 valid=1
[ue_object_deliverer_bridge_node-1] [INFO] [1785982687.246314496] [ue_object_deliverer_bridge_node]: kinematic setpoint received stamp=73712196 valid=1
[ue_object_deliverer_bridge_node-1] [INFO] [1785982687.246717280] [ue_object_deliverer_bridge_node]: Sent kinematic setpoint to UE5: bytes=423, payload={"Command_Type":"Kinematic_Setpoint","Delta_X_Cm":-4.796604439616203,"Delta_Y_Cm":-1.8845787271857262,"Frame_ID":"ue_actor_local","Hold_Position":false,"Reason":"DECISION_VALID","Run_ID":"64B6916A44BFC514173CFD8FFD73CE39","Scene_Seed":230908,"Sequence":282,"Source_Frame_Index":736,"Source_Model_Version":"safety_gate_v1","Source_Stamp_Us":73712196,"Stamp_Us":73712196,"Step_Dt":0.20000000298023224,"Valid":true}__OD_END__
[ue_object_deliverer_bridge_node-1] [INFO] [1785982687.469851936] [ue_object_deliverer_bridge_node]: kinematic setpoint received stamp=73712197 valid=1
[ue_object_deliverer_bridge_node-1] [INFO] [1785982687.747916448] [ue_object_deliverer_bridge_node]: kinematic setpoint received stamp=74213194 valid=1
[ue_object_deliverer_bridge_node-1] [INFO] [1785982688.031669952] [ue_object_deliverer_bridge_node]: kinematic setpoint received stamp=74502869 valid=1
[ue_object_deliverer_bridge_node-1] [INFO] [1785982688.246328352] [ue_object_deliverer_bridge_node]: kinematic setpoint received stamp=74712360 valid=1
[ue_object_deliverer_bridge_node-1] [INFO] [1785982688.246713120] [ue_object_deliverer_bridge_node]: Sent kinematic setpoint to UE5: bytes=424, payload={"Command_Type":"Kinematic_Setpoint","Delta_X_Cm":14.985036849975586,"Delta_Y_Cm":-0.09068088256753981,"Frame_ID":"ue_actor_local","Hold_Position":false,"Reason":"DECISION_VALID","Run_ID":"64B6916A44BFC514173CFD8FFD73CE39","Scene_Seed":230908,"Sequence":286,"Source_Frame_Index":746,"Source_Model_Version":"safety_gate_v1","Source_Stamp_Us":74712360,"Stamp_Us":74712360,"Step_Dt":0.20000000298023224,"Valid":true}__OD_END__
[ue_object_deliverer_bridge_node-1] [INFO] [1785982688.478563712] [ue_object_deliverer_bridge_node]: kinematic setpoint received stamp=74712361 valid=1
[ue_object_deliverer_bridge_node-1] [INFO] [1785982688.739168640] [ue_object_deliverer_bridge_node]: kinematic setpoint received stamp=75204150 valid=1
[ue_object_deliverer_bridge_node-1] [INFO] [1785982688.951273472] [ue_object_deliverer_bridge_node]: kinematic setpoint received stamp=75412594 valid=1
[ue_object_deliverer_bridge_node-1] [INFO] [1785982689.239572128] [ue_object_deliverer_bridge_node]: kinematic setpoint received stamp=75704271 valid=1
[ue_object_deliverer_bridge_node-1] [INFO] [1785982689.480611104] [ue_object_deliverer_bridge_node]: kinematic setpoint received stamp=75704272 valid=1
[ue_object_deliverer_bridge_node-1] [INFO] [1785982689.480985664] [ue_object_deliverer_bridge_node]: Sent kinematic setpoint to UE5: bytes=420, payload={"Command_Type":"Kinematic_Setpoint","Delta_X_Cm":4.99747134745121,"Delta_Y_Cm":0.1589986146427691,"Frame_ID":"ue_actor_local","Hold_Position":false,"Reason":"DECISION_VALID","Run_ID":"64B6916A44BFC514173CFD8FFD73CE39","Scene_Seed":230908,"Sequence":291,"Source_Frame_Index":709,"Source_Model_Version":"safety_gate_v1","Source_Stamp_Us":75704272,"Stamp_Us":75704272,"Step_Dt":0.20000000298023224,"Valid":true}__OD_END__
[ue_object_deliverer_bridge_node-1] [INFO] [1785982689.737534464] [ue_object_deliverer_bridge_node]: kinematic setpoint received stamp=76207592 valid=1
[image_entity_perception-9] [INFO] [1785982689.815228960] [image_entity_perception]: PERCEPTION_PERF_TRACE frame_index=762 count=750 predict_ms=41.1 entities=4 valid=True
[temporal_entity_tracker-2] [INFO] [1785982689.816023744] [temporal_entity_tracker]: TRACK_TRACE frame_index=762 count=750 source_valid=True source_entities=4 visible_source=1
[ue_object_deliverer_bridge_node-1] [INFO] [1785982690.057501344] [ue_object_deliverer_bridge_node]: kinematic setpoint received stamp=76514593 valid=1
[ue_object_deliverer_bridge_node-1] [INFO] [1785982690.329031008] [ue_object_deliverer_bridge_node]: kinematic setpoint received stamp=76805699 valid=1
[ue_object_deliverer_bridge_node-1] [INFO] [1785982690.535720928] [ue_object_deliverer_bridge_node]: kinematic setpoint received stamp=77013124 valid=1
[ue_object_deliverer_bridge_node-1] [INFO] [1785982690.536105376] [ue_object_deliverer_bridge_node]: Sent kinematic setpoint to UE5: bytes=424, payload={"Command_Type":"Kinematic_Setpoint","Delta_X_Cm":19.982139766216278,"Delta_Y_Cm":0.006062731335987337,"Frame_ID":"ue_actor_local","Hold_Position":false,"Reason":"DECISION_VALID","Run_ID":"64B6916A44BFC514173CFD8FFD73CE39","Scene_Seed":230908,"Sequence":295,"Source_Frame_Index":769,"Source_Model_Version":"safety_gate_v1","Source_Stamp_Us":77013124,"Stamp_Us":77013124,"Step_Dt":0.20000000298023224,"Valid":true}__OD_END__
[ue_object_deliverer_bridge_node-1] [INFO] [1785982690.736987072] [ue_object_deliverer_bridge_node]: kinematic setpoint received stamp=77206860 valid=1
[ue_object_deliverer_bridge_node-1] [INFO] [1785982691.026951104] [ue_object_deliverer_bridge_node]: kinematic setpoint received stamp=77500701 valid=1
[ue_object_deliverer_bridge_node-1] [INFO] [1785982691.241883040] [ue_object_deliverer_bridge_node]: kinematic setpoint received stamp=77708188 valid=1
[vla_policy-10] [INFO] [1785982691.482882880] [vla_policy]: POLICY_AUDIT trigger=periodic events=300 policy_driven=293 backstop=7 hold=0 fail_closed=0 policy_stop=0 guard_reason=policy_driven raw_dx=0.299354 raw_dy=-0.007072 guarded_dx=0.299354 guarded_dy=-0.007072 final_dx=0.299354 final_dy=-0.007072
[ue_object_deliverer_bridge_node-1] [INFO] [1785982691.486265568] [ue_object_deliverer_bridge_node]: kinematic setpoint received stamp=77901474 valid=1
[ue_object_deliverer_bridge_node-1] [INFO] [1785982691.729309952] [ue_object_deliverer_bridge_node]: kinematic setpoint received stamp=78201931 valid=1
[ue_object_deliverer_bridge_node-1] [INFO] [1785982691.729711104] [ue_object_deliverer_bridge_node]: Sent kinematic setpoint to UE5: bytes=422, payload={"Command_Type":"Kinematic_Setpoint","Delta_X_Cm":29.385662078857422,"Delta_Y_Cm":0.7293737027794123,"Frame_ID":"ue_actor_local","Hold_Position":false,"Reason":"DECISION_VALID","Run_ID":"64B6916A44BFC514173CFD8FFD73CE39","Scene_Seed":230908,"Sequence":300,"Source_Frame_Index":781,"Source_Model_Version":"safety_gate_v1","Source_Stamp_Us":78201931,"Stamp_Us":78201931,"Step_Dt":0.20000000298023224,"Valid":true}__OD_END__
[ue_object_deliverer_bridge_node-1] [INFO] [1785982691.942776896] [ue_object_deliverer_bridge_node]: kinematic setpoint received stamp=78407613 valid=1
[ue_object_deliverer_bridge_node-1] [INFO] [1785982692.235076800] [ue_object_deliverer_bridge_node]: kinematic setpoint received stamp=78712741 valid=1
[ue_object_deliverer_bridge_node-1] [INFO] [1785982692.447064224] [ue_object_deliverer_bridge_node]: kinematic setpoint received stamp=78908331 valid=1
[ue_object_deliverer_bridge_node-1] [INFO] [1785982692.723792032] [ue_object_deliverer_bridge_node]: kinematic setpoint received stamp=79201167 valid=1
[ue_object_deliverer_bridge_node-1] [INFO] [1785982692.941326560] [ue_object_deliverer_bridge_node]: kinematic setpoint received stamp=79409547 valid=1
[ue_object_deliverer_bridge_node-1] [INFO] [1785982692.941698144] [ue_object_deliverer_bridge_node]: Sent kinematic setpoint to UE5: bytes=422, payload={"Command_Type":"Kinematic_Setpoint","Delta_X_Cm":29.009896516799927,"Delta_Y_Cm":1.1441352777183056,"Frame_ID":"ue_actor_local","Hold_Position":false,"Reason":"DECISION_VALID","Run_ID":"64B6916A44BFC514173CFD8FFD73CE39","Scene_Seed":230908,"Sequence":305,"Source_Frame_Index":793,"Source_Model_Version":"safety_gate_v1","Source_Stamp_Us":79409547,"Stamp_Us":79409547,"Step_Dt":0.20000000298023224,"Valid":true}__OD_END__
[ue_object_deliverer_bridge_node-1] [INFO] [1785982693.251231200] [ue_object_deliverer_bridge_node]: kinematic setpoint received stamp=79713714 valid=1
[ue_object_deliverer_bridge_node-1] [INFO] [1785982693.471114976] [ue_object_deliverer_bridge_node]: kinematic setpoint received stamp=79713715 valid=1
[ue_object_deliverer_bridge_node-1] [INFO] [1785982693.748941760] [ue_object_deliverer_bridge_node]: kinematic setpoint received stamp=80213087 valid=1
[ue_object_deliverer_bridge_node-1] [INFO] [1785982694.034921664] [ue_object_deliverer_bridge_node]: kinematic setpoint received stamp=80505468 valid=1
[ue_object_deliverer_bridge_node-1] [INFO] [1785982694.035316032] [ue_object_deliverer_bridge_node]: Sent kinematic setpoint to UE5: bytes=424, payload={"Command_Type":"Kinematic_Setpoint","Delta_X_Cm":-3.0787818133831024,"Delta_Y_Cm":-1.4926942996680737,"Frame_ID":"ue_actor_local","Hold_Position":false,"Reason":"DECISION_VALID","Run_ID":"64B6916A44BFC514173CFD8FFD73CE39","Scene_Seed":230908,"Sequence":309,"Source_Frame_Index":804,"Source_Model_Version":"safety_gate_v1","Source_Stamp_Us":80505468,"Stamp_Us":80505468,"Step_Dt":0.20000000298023224,"Valid":true}__OD_END__
[ue_object_deliverer_bridge_node-1] [INFO] [1785982694.250112032] [ue_object_deliverer_bridge_node]: kinematic setpoint received stamp=80712588 valid=1
[ue_object_deliverer_bridge_node-1] [INFO] [1785982694.466648768] [ue_object_deliverer_bridge_node]: kinematic setpoint received stamp=80712589 valid=1
[ue_object_deliverer_bridge_node-1] [INFO] [1785982694.737628768] [ue_object_deliverer_bridge_node]: kinematic setpoint received stamp=81203202 valid=1
[image_entity_perception-9] [INFO] [1785982694.812253376] [image_entity_perception]: PERCEPTION_PERF_TRACE frame_index=812 count=800 predict_ms=43.8 entities=4 valid=True
[temporal_entity_tracker-2] [INFO] [1785982694.813473440] [temporal_entity_tracker]: TRACK_TRACE frame_index=812 count=800 source_valid=True source_entities=4 visible_source=1
[vla_policy-10] [INFO] [1785982694.817870240] [vla_policy]: ENT_IN_TRACE count=800 frame_index=812 valid=True detail=OK:selected=1;targets=1;risks=0;dropped=0
[ue_object_deliverer_bridge_node-1] [INFO] [1785982694.939997984] [ue_object_deliverer_bridge_node]: kinematic setpoint received stamp=81410633 valid=1
[ue_object_deliverer_bridge_node-1] [INFO] [1785982695.231508896] [ue_object_deliverer_bridge_node]: kinematic setpoint received stamp=81704127 valid=1
[ue_object_deliverer_bridge_node-1] [INFO] [1785982695.231885216] [ue_object_deliverer_bridge_node]: Sent kinematic setpoint to UE5: bytes=423, payload={"Command_Type":"Kinematic_Setpoint","Delta_X_Cm":14.989195764064789,"Delta_Y_Cm":0.24551537353545427,"Frame_ID":"ue_actor_local","Hold_Position":false,"Reason":"DECISION_VALID","Run_ID":"64B6916A44BFC514173CFD8FFD73CE39","Scene_Seed":230908,"Sequence":314,"Source_Frame_Index":816,"Source_Model_Version":"safety_gate_v1","Source_Stamp_Us":81704127,"Stamp_Us":81704127,"Step_Dt":0.20000000298023224,"Valid":true}__OD_END__
[ue_object_deliverer_bridge_node-1] [INFO] [1785982695.448795328] [ue_object_deliverer_bridge_node]: kinematic setpoint received stamp=81913640 valid=1
[ue_object_deliverer_bridge_node-1] [INFO] [1785982695.741994784] [ue_object_deliverer_bridge_node]: kinematic setpoint received stamp=82208105 valid=1
[ue_object_deliverer_bridge_node-1] [INFO] [1785982696.047783040] [ue_object_deliverer_bridge_node]: kinematic setpoint received stamp=82514471 valid=1
[ue_object_deliverer_bridge_node-1] [INFO] [1785982696.330433920] [ue_object_deliverer_bridge_node]: kinematic setpoint received stamp=82811264 valid=1
[ue_object_deliverer_bridge_node-1] [INFO] [1785982696.330821728] [ue_object_deliverer_bridge_node]: Sent kinematic setpoint to UE5: bytes=421, payload={"Command_Type":"Kinematic_Setpoint","Delta_X_Cm":28.83891761302948,"Delta_Y_Cm":1.4300188980996609,"Frame_ID":"ue_actor_local","Hold_Position":false,"Reason":"DECISION_VALID","Run_ID":"64B6916A44BFC514173CFD8FFD73CE39","Scene_Seed":230908,"Sequence":318,"Source_Frame_Index":827,"Source_Model_Version":"safety_gate_v1","Source_Stamp_Us":82811264,"Stamp_Us":82811264,"Step_Dt":0.20000000298023224,"Valid":true}__OD_END__
[ue_object_deliverer_bridge_node-1] [INFO] [1785982696.626328960] [ue_object_deliverer_bridge_node]: kinematic setpoint received stamp=83102450 valid=1
[ue_object_deliverer_bridge_node-1] [INFO] [1785982696.841355904] [ue_object_deliverer_bridge_node]: kinematic setpoint received stamp=83311472 valid=1
[ue_object_deliverer_bridge_node-1] [INFO] [1785982697.122404000] [ue_object_deliverer_bridge_node]: kinematic setpoint received stamp=83606415 valid=1
[ue_object_deliverer_bridge_node-1] [INFO] [1785982697.438638400] [ue_object_deliverer_bridge_node]: kinematic setpoint received stamp=83913205 valid=1
[ue_object_deliverer_bridge_node-1] [INFO] [1785982697.439016256] [ue_object_deliverer_bridge_node]: Sent kinematic setpoint to UE5: bytes=420, payload={"Command_Type":"Kinematic_Setpoint","Delta_X_Cm":24.743250012397766,"Delta_Y_Cm":1.68714951723814,"Frame_ID":"ue_actor_local","Hold_Position":false,"Reason":"DECISION_VALID","Run_ID":"64B6916A44BFC514173CFD8FFD73CE39","Scene_Seed":230908,"Sequence":322,"Source_Frame_Index":838,"Source_Model_Version":"safety_gate_v1","Source_Stamp_Us":83913205,"Stamp_Us":83913205,"Step_Dt":0.20000000298023224,"Valid":true}__OD_END__
[ue_object_deliverer_bridge_node-1] [INFO] [1785982697.637487808] [ue_object_deliverer_bridge_node]: kinematic setpoint received stamp=84105892 valid=1
[ue_object_deliverer_bridge_node-1] [INFO] [1785982697.931066656] [ue_object_deliverer_bridge_node]: kinematic setpoint received stamp=84401155 valid=1
[ue_object_deliverer_bridge_node-1] [INFO] [1785982698.157840416] [ue_object_deliverer_bridge_node]: kinematic setpoint received stamp=84613335 valid=1
[ue_object_deliverer_bridge_node-1] [INFO] [1785982698.377197248] [ue_object_deliverer_bridge_node]: kinematic setpoint received stamp=84833302 valid=1
[ue_object_deliverer_bridge_node-1] [INFO] [1785982698.627628416] [ue_object_deliverer_bridge_node]: kinematic setpoint received stamp=85101503 valid=1
[ue_object_deliverer_bridge_node-1] [INFO] [1785982698.628011520] [ue_object_deliverer_bridge_node]: Sent kinematic setpoint to UE5: bytes=422, payload={"Command_Type":"Kinematic_Setpoint","Delta_X_Cm":18.468396365642548,"Delta_Y_Cm":1.5613928437232971,"Frame_ID":"ue_actor_local","Hold_Position":false,"Reason":"DECISION_VALID","Run_ID":"64B6916A44BFC514173CFD8FFD73CE39","Scene_Seed":230908,"Sequence":327,"Source_Frame_Index":850,"Source_Model_Version":"safety_gate_v1","Source_Stamp_Us":85101503,"Stamp_Us":85101503,"Step_Dt":0.20000000298023224,"Valid":true}__OD_END__
[ue_object_deliverer_bridge_node-1] [INFO] [1785982698.949679968] [ue_object_deliverer_bridge_node]: kinematic setpoint received stamp=85410364 valid=1
[ue_object_deliverer_bridge_node-1] [INFO] [1785982699.240287776] [ue_object_deliverer_bridge_node]: kinematic setpoint received stamp=85705789 valid=1
[ue_object_deliverer_bridge_node-1] [INFO] [1785982699.484939808] [ue_object_deliverer_bridge_node]: kinematic setpoint received stamp=85901151 valid=1
[ue_object_deliverer_bridge_node-1] [INFO] [1785982699.731744416] [ue_object_deliverer_bridge_node]: kinematic setpoint received stamp=86209977 valid=1
[ue_object_deliverer_bridge_node-1] [INFO] [1785982699.732132192] [ue_object_deliverer_bridge_node]: Sent kinematic setpoint to UE5: bytes=423, payload={"Command_Type":"Kinematic_Setpoint","Delta_X_Cm":-1.022070087492466,"Delta_Y_Cm":0.44353678822517395,"Frame_ID":"ue_actor_local","Hold_Position":false,"Reason":"DECISION_VALID","Run_ID":"64B6916A44BFC514173CFD8FFD73CE39","Scene_Seed":230908,"Sequence":331,"Source_Frame_Index":861,"Source_Model_Version":"safety_gate_v1","Source_Stamp_Us":86209977,"Stamp_Us":86209977,"Step_Dt":0.20000000298023224,"Valid":true}__OD_END__
[image_entity_perception-9] [INFO] [1785982699.824456448] [image_entity_perception]: PERCEPTION_PERF_TRACE frame_index=862 count=850 predict_ms=44.5 entities=4 valid=True
[temporal_entity_tracker-2] [INFO] [1785982699.825513376] [temporal_entity_tracker]: TRACK_TRACE frame_index=862 count=850 source_valid=True source_entities=4 visible_source=1
[ue_object_deliverer_bridge_node-1] [INFO] [1785982700.026782240] [ue_object_deliverer_bridge_node]: kinematic setpoint received stamp=86504823 valid=1
[ue_object_deliverer_bridge_node-1] [INFO] [1785982700.238518080] [ue_object_deliverer_bridge_node]: kinematic setpoint received stamp=86713731 valid=1
[ue_object_deliverer_bridge_node-1] [INFO] [1785982700.443129888] [ue_object_deliverer_bridge_node]: kinematic setpoint received stamp=86910612 valid=1
[ue_object_deliverer_bridge_node-1] [INFO] [1785982700.726873472] [ue_object_deliverer_bridge_node]: kinematic setpoint received stamp=87205193 valid=1
[ue_object_deliverer_bridge_node-1] [INFO] [1785982700.953235168] [ue_object_deliverer_bridge_node]: kinematic setpoint received stamp=87412309 valid=1
[ue_object_deliverer_bridge_node-1] [INFO] [1785982700.953603008] [ue_object_deliverer_bridge_node]: Sent kinematic setpoint to UE5: bytes=422, payload={"Command_Type":"Kinematic_Setpoint","Delta_X_Cm":5.204587057232857,"Delta_Y_Cm":-1.9542992115020752,"Frame_ID":"ue_actor_local","Hold_Position":false,"Reason":"DECISION_VALID","Run_ID":"64B6916A44BFC514173CFD8FFD73CE39","Scene_Seed":230908,"Sequence":336,"Source_Frame_Index":873,"Source_Model_Version":"safety_gate_v1","Source_Stamp_Us":87412309,"Stamp_Us":87412309,"Step_Dt":0.20000000298023224,"Valid":true}__OD_END__
[ue_object_deliverer_bridge_node-1] [INFO] [1785982701.214760960] [ue_object_deliverer_bridge_node]: kinematic setpoint received stamp=87701201 valid=1
[ue_object_deliverer_bridge_node-1] [INFO] [1785982701.434956448] [ue_object_deliverer_bridge_node]: kinematic setpoint received stamp=87911622 valid=1
[ue_object_deliverer_bridge_node-1] [INFO] [1785982701.718477152] [ue_object_deliverer_bridge_node]: kinematic setpoint received stamp=88201636 valid=1
[ue_object_deliverer_bridge_node-1] [INFO] [1785982701.929343232] [ue_object_deliverer_bridge_node]: kinematic setpoint received stamp=88410574 valid=1
[ue_object_deliverer_bridge_node-1] [INFO] [1785982702.225389504] [ue_object_deliverer_bridge_node]: kinematic setpoint received stamp=88707456 valid=1
[ue_object_deliverer_bridge_node-1] [INFO] [1785982702.225803072] [ue_object_deliverer_bridge_node]: Sent kinematic setpoint to UE5: bytes=422, payload={"Command_Type":"Kinematic_Setpoint","Delta_X_Cm":29.055631160736084,"Delta_Y_Cm":2.1516958251595497,"Frame_ID":"ue_actor_local","Hold_Position":false,"Reason":"DECISION_VALID","Run_ID":"64B6916A44BFC514173CFD8FFD73CE39","Scene_Seed":230908,"Sequence":341,"Source_Frame_Index":886,"Source_Model_Version":"safety_gate_v1","Source_Stamp_Us":88707456,"Stamp_Us":88707456,"Step_Dt":0.20000000298023224,"Valid":true}__OD_END__
[ue_object_deliverer_bridge_node-1] [INFO] [1785982702.431548352] [ue_object_deliverer_bridge_node]: kinematic setpoint received stamp=88904030 valid=1
[ue_object_deliverer_bridge_node-1] [INFO] [1785982702.637826336] [ue_object_deliverer_bridge_node]: kinematic setpoint received stamp=89112698 valid=1
[ue_object_deliverer_bridge_node-1] [INFO] [1785982702.930122496] [ue_object_deliverer_bridge_node]: kinematic setpoint received stamp=89404508 valid=1
[ue_object_deliverer_bridge_node-1] [INFO] [1785982703.131821856] [ue_object_deliverer_bridge_node]: kinematic setpoint received stamp=89601617 valid=1
[ue_object_deliverer_bridge_node-1] [INFO] [1785982703.347167200] [ue_object_deliverer_bridge_node]: kinematic setpoint received stamp=89811304 valid=1
[ue_object_deliverer_bridge_node-1] [INFO] [1785982703.347566368] [ue_object_deliverer_bridge_node]: Sent kinematic setpoint to UE5: bytes=419, payload={"Command_Type":"Kinematic_Setpoint","Delta_X_Cm":29.26872968673706,"Delta_Y_Cm":2.48861163854599,"Frame_ID":"ue_actor_local","Hold_Position":false,"Reason":"DECISION_VALID","Run_ID":"64B6916A44BFC514173CFD8FFD73CE39","Scene_Seed":230908,"Sequence":346,"Source_Frame_Index":897,"Source_Model_Version":"safety_gate_v1","Source_Stamp_Us":89811304,"Stamp_Us":89811304,"Step_Dt":0.20000000298023224,"Valid":true}__OD_END__
[ue_object_deliverer_bridge_node-1] [INFO] [1785982703.625990912] [ue_object_deliverer_bridge_node]: kinematic setpoint received stamp=90103791 valid=1
[ue_object_deliverer_bridge_node-1] [INFO] [1785982703.837924000] [ue_object_deliverer_bridge_node]: kinematic setpoint received stamp=90312631 valid=1
[ue_object_deliverer_bridge_node-1] [INFO] [1785982704.133147200] [ue_object_deliverer_bridge_node]: kinematic setpoint received stamp=90604208 valid=1
[ue_object_deliverer_bridge_node-1] [INFO] [1785982704.345592192] [ue_object_deliverer_bridge_node]: kinematic setpoint received stamp=90810355 valid=1
[ue_object_deliverer_bridge_node-1] [INFO] [1785982704.554814848] [ue_object_deliverer_bridge_node]: kinematic setpoint received stamp=91011593 valid=1
[ue_object_deliverer_bridge_node-1] [INFO] [1785982704.555199104] [ue_object_deliverer_bridge_node]: Sent kinematic setpoint to UE5: bytes=421, payload={"Command_Type":"Kinematic_Setpoint","Delta_X_Cm":11.93314716219902,"Delta_Y_Cm":2.1059121936559677,"Frame_ID":"ue_actor_local","Hold_Position":false,"Reason":"DECISION_VALID","Run_ID":"64B6916A44BFC514173CFD8FFD73CE39","Scene_Seed":230908,"Sequence":351,"Source_Frame_Index":909,"Source_Model_Version":"safety_gate_v1","Source_Stamp_Us":91011593,"Stamp_Us":91011593,"Step_Dt":0.20000000298023224,"Valid":true}__OD_END__
[image_entity_perception-9] [INFO] [1785982704.822332160] [image_entity_perception]: PERCEPTION_PERF_TRACE frame_index=912 count=900 predict_ms=46.1 entities=4 valid=True
[temporal_entity_tracker-2] [INFO] [1785982704.823011744] [temporal_entity_tracker]: TRACK_TRACE frame_index=912 count=900 source_valid=True source_entities=4 visible_source=1
[vla_policy-10] [INFO] [1785982704.827798464] [vla_policy]: ENT_IN_TRACE count=900 frame_index=912 valid=True detail=OK:selected=1;targets=1;risks=0;dropped=0
[ue_object_deliverer_bridge_node-1] [INFO] [1785982704.842199232] [ue_object_deliverer_bridge_node]: kinematic setpoint received stamp=91302644 valid=1
[ue_object_deliverer_bridge_node-1] [INFO] [1785982705.148751168] [ue_object_deliverer_bridge_node]: kinematic setpoint received stamp=91612458 valid=1
[ue_object_deliverer_bridge_node-1] [INFO] [1785982705.430149120] [ue_object_deliverer_bridge_node]: kinematic setpoint received stamp=91902788 valid=1
[ue_object_deliverer_bridge_node-1] [INFO] [1785982705.649553312] [ue_object_deliverer_bridge_node]: kinematic setpoint received stamp=92111589 valid=1
[ue_object_deliverer_bridge_node-1] [INFO] [1785982705.649919744] [ue_object_deliverer_bridge_node]: Sent kinematic setpoint to UE5: bytes=426, payload={"Command_Type":"Kinematic_Setpoint","Delta_X_Cm":-7.9459309577941895,"Delta_Y_Cm":-0.047963764518499374,"Frame_ID":"ue_actor_local","Hold_Position":false,"Reason":"DECISION_VALID","Run_ID":"64B6916A44BFC514173CFD8FFD73CE39","Scene_Seed":230908,"Sequence":355,"Source_Frame_Index":920,"Source_Model_Version":"safety_gate_v1","Source_Stamp_Us":92111589,"Stamp_Us":92111589,"Step_Dt":0.20000000298023224,"Valid":true}__OD_END__
[ue_object_deliverer_bridge_node-1] [INFO] [1785982705.928234464] [ue_object_deliverer_bridge_node]: kinematic setpoint received stamp=92401452 valid=1
[ue_object_deliverer_bridge_node-1] [INFO] [1785982706.139869728] [ue_object_deliverer_bridge_node]: kinematic setpoint received stamp=92608803 valid=1
[ue_object_deliverer_bridge_node-1] [INFO] [1785982706.425708448] [ue_object_deliverer_bridge_node]: kinematic setpoint received stamp=92900854 valid=1
[ue_object_deliverer_bridge_node-1] [INFO] [1785982706.636599200] [ue_object_deliverer_bridge_node]: kinematic setpoint received stamp=93107863 valid=1
[ue_object_deliverer_bridge_node-1] [INFO] [1785982706.846911520] [ue_object_deliverer_bridge_node]: kinematic setpoint received stamp=93313049 valid=1
[ue_object_deliverer_bridge_node-1] [INFO] [1785982706.847294048] [ue_object_deliverer_bridge_node]: Sent kinematic setpoint to UE5: bytes=422, payload={"Command_Type":"Kinematic_Setpoint","Delta_X_Cm":7.999659329652786,"Delta_Y_Cm":-1.7351668328046799,"Frame_ID":"ue_actor_local","Hold_Position":false,"Reason":"DECISION_VALID","Run_ID":"64B6916A44BFC514173CFD8FFD73CE39","Scene_Seed":230908,"Sequence":360,"Source_Frame_Index":932,"Source_Model_Version":"safety_gate_v1","Source_Stamp_Us":93313049,"Stamp_Us":93313049,"Step_Dt":0.20000000298023224,"Valid":true}__OD_END__
[ue_object_deliverer_bridge_node-1] [INFO] [1785982707.135444352] [ue_object_deliverer_bridge_node]: kinematic setpoint received stamp=93606084 valid=1
[ue_object_deliverer_bridge_node-1] [INFO] [1785982707.446234336] [ue_object_deliverer_bridge_node]: kinematic setpoint received stamp=93912860 valid=1
[ue_object_deliverer_bridge_node-1] [INFO] [1785982707.723791616] [ue_object_deliverer_bridge_node]: kinematic setpoint received stamp=94208177 valid=1
[ue_object_deliverer_bridge_node-1] [INFO] [1785982707.937793760] [ue_object_deliverer_bridge_node]: kinematic setpoint received stamp=94413220 valid=1
[ue_object_deliverer_bridge_node-1] [INFO] [1785982707.938168064] [ue_object_deliverer_bridge_node]: Sent kinematic setpoint to UE5: bytes=422, payload={"Command_Type":"Kinematic_Setpoint","Delta_X_Cm":27.605751156806946,"Delta_Y_Cm":2.1600497886538506,"Frame_ID":"ue_actor_local","Hold_Position":false,"Reason":"DECISION_VALID","Run_ID":"64B6916A44BFC514173CFD8FFD73CE39","Scene_Seed":230908,"Sequence":364,"Source_Frame_Index":943,"Source_Model_Version":"safety_gate_v1","Source_Stamp_Us":94413220,"Stamp_Us":94413220,"Step_Dt":0.20000000298023224,"Valid":true}__OD_END__
[ue_object_deliverer_bridge_node-1] [INFO] [1785982708.220754560] [ue_object_deliverer_bridge_node]: kinematic setpoint received stamp=94707606 valid=1
[ue_object_deliverer_bridge_node-1] [INFO] [1785982708.475920896] [ue_object_deliverer_bridge_node]: kinematic setpoint received stamp=94707607 valid=1
[ue_object_deliverer_bridge_node-1] [INFO] [1785982708.730818112] [ue_object_deliverer_bridge_node]: kinematic setpoint received stamp=95214288 valid=1
[ue_object_deliverer_bridge_node-1] [INFO] [1785982709.033579744] [ue_object_deliverer_bridge_node]: kinematic setpoint received stamp=95508669 valid=1
[ue_object_deliverer_bridge_node-1] [INFO] [1785982709.033982176] [ue_object_deliverer_bridge_node]: Sent kinematic setpoint to UE5: bytes=421, payload={"Command_Type":"Kinematic_Setpoint","Delta_X_Cm":9.972434490919113,"Delta_Y_Cm":0.7325445301830769,"Frame_ID":"ue_actor_local","Hold_Position":false,"Reason":"DECISION_VALID","Run_ID":"64B6916A44BFC514173CFD8FFD73CE39","Scene_Seed":230908,"Sequence":368,"Source_Frame_Index":954,"Source_Model_Version":"safety_gate_v1","Source_Stamp_Us":95508669,"Stamp_Us":95508669,"Step_Dt":0.20000000298023224,"Valid":true}__OD_END__
[ue_object_deliverer_bridge_node-1] [INFO] [1785982709.321867552] [ue_object_deliverer_bridge_node]: kinematic setpoint received stamp=95802137 valid=1
[ue_object_deliverer_bridge_node-1] [INFO] [1785982709.520934784] [ue_object_deliverer_bridge_node]: kinematic setpoint received stamp=96010960 valid=1
[image_entity_perception-9] [INFO] [1785982709.811003136] [image_entity_perception]: PERCEPTION_PERF_TRACE frame_index=962 count=950 predict_ms=33.8 entities=4 valid=True
[temporal_entity_tracker-2] [INFO] [1785982709.812865440] [temporal_entity_tracker]: TRACK_TRACE frame_index=962 count=950 source_valid=True source_entities=4 visible_source=1
[ue_object_deliverer_bridge_node-1] [INFO] [1785982709.829056736] [ue_object_deliverer_bridge_node]: kinematic setpoint received stamp=96314027 valid=1
[ue_object_deliverer_bridge_node-1] [INFO] [1785982710.035884768] [ue_object_deliverer_bridge_node]: kinematic setpoint received stamp=96511031 valid=1
[ue_object_deliverer_bridge_node-1] [INFO] [1785982710.036279808] [ue_object_deliverer_bridge_node]: Sent kinematic setpoint to UE5: bytes=420, payload={"Command_Type":"Kinematic_Setpoint","Delta_X_Cm":29.7096848487854,"Delta_Y_Cm":3.0760250985622406,"Frame_ID":"ue_actor_local","Hold_Position":false,"Reason":"DECISION_VALID","Run_ID":"64B6916A44BFC514173CFD8FFD73CE39","Scene_Seed":230908,"Sequence":372,"Source_Frame_Index":964,"Source_Model_Version":"safety_gate_v1","Source_Stamp_Us":96511031,"Stamp_Us":96511031,"Step_Dt":0.20000000298023224,"Valid":true}__OD_END__
[ue_object_deliverer_bridge_node-1] [INFO] [1785982710.333031520] [ue_object_deliverer_bridge_node]: kinematic setpoint received stamp=96803943 valid=1
[ue_object_deliverer_bridge_node-1] [INFO] [1785982710.539485152] [ue_object_deliverer_bridge_node]: kinematic setpoint received stamp=97010414 valid=1
[ue_object_deliverer_bridge_node-1] [INFO] [1785982710.829640448] [ue_object_deliverer_bridge_node]: kinematic setpoint received stamp=97306128 valid=1
[ue_object_deliverer_bridge_node-1] [INFO] [1785982711.145027616] [ue_object_deliverer_bridge_node]: kinematic setpoint received stamp=97613515 valid=1
[ue_object_deliverer_bridge_node-1] [INFO] [1785982711.145418048] [ue_object_deliverer_bridge_node]: Sent kinematic setpoint to UE5: bytes=420, payload={"Command_Type":"Kinematic_Setpoint","Delta_X_Cm":28.05369794368744,"Delta_Y_Cm":3.153253346681595,"Frame_ID":"ue_actor_local","Hold_Position":false,"Reason":"DECISION_VALID","Run_ID":"64B6916A44BFC514173CFD8FFD73CE39","Scene_Seed":230908,"Sequence":376,"Source_Frame_Index":975,"Source_Model_Version":"safety_gate_v1","Source_Stamp_Us":97613515,"Stamp_Us":97613515,"Step_Dt":0.20000000298023224,"Valid":true}__OD_END__
[ue_object_deliverer_bridge_node-1] [INFO] [1785982711.431735520] [ue_object_deliverer_bridge_node]: kinematic setpoint received stamp=97905116 valid=1
[ue_object_deliverer_bridge_node-1] [INFO] [1785982711.644111744] [ue_object_deliverer_bridge_node]: kinematic setpoint received stamp=98111413 valid=1
[ue_object_deliverer_bridge_node-1] [INFO] [1785982711.930577024] [ue_object_deliverer_bridge_node]: kinematic setpoint received stamp=98403587 valid=1
[ue_object_deliverer_bridge_node-1] [INFO] [1785982712.147653664] [ue_object_deliverer_bridge_node]: kinematic setpoint received stamp=98611503 valid=1
[ue_object_deliverer_bridge_node-1] [INFO] [1785982712.435627136] [ue_object_deliverer_bridge_node]: kinematic setpoint received stamp=98907380 valid=1
[ue_object_deliverer_bridge_node-1] [INFO] [1785982712.436007168] [ue_object_deliverer_bridge_node]: Sent kinematic setpoint to UE5: bytes=422, payload={"Command_Type":"Kinematic_Setpoint","Delta_X_Cm":18.863941729068756,"Delta_Y_Cm":2.8129711747169495,"Frame_ID":"ue_actor_local","Hold_Position":false,"Reason":"DECISION_VALID","Run_ID":"64B6916A44BFC514173CFD8FFD73CE39","Scene_Seed":230908,"Sequence":381,"Source_Frame_Index":988,"Source_Model_Version":"safety_gate_v1","Source_Stamp_Us":98907380,"Stamp_Us":98907380,"Step_Dt":0.20000000298023224,"Valid":true}__OD_END__
[ue_object_deliverer_bridge_node-1] [INFO] [1785982712.736705824] [ue_object_deliverer_bridge_node]: kinematic setpoint received stamp=99213202 valid=1
[ue_object_deliverer_bridge_node-1] [INFO] [1785982712.937568800] [ue_object_deliverer_bridge_node]: kinematic setpoint received stamp=99407643 valid=1
[ue_object_deliverer_bridge_node-1] [INFO] [1785982713.230687072] [ue_object_deliverer_bridge_node]: kinematic setpoint received stamp=99701623 valid=1
[ue_object_deliverer_bridge_node-1] [INFO] [1785982713.437841216] [ue_object_deliverer_bridge_node]: kinematic setpoint received stamp=99909898 valid=1
[ue_object_deliverer_bridge_node-1] [INFO] [1785982713.438226848] [ue_object_deliverer_bridge_node]: Sent kinematic setpoint to UE5: bytes=419, payload={"Command_Type":"Kinematic_Setpoint","Delta_X_Cm":14.2545685172081,"Delta_Y_Cm":2.783411927521229,"Frame_ID":"ue_actor_local","Hold_Position":false,"Reason":"DECISION_VALID","Run_ID":"64B6916A44BFC514173CFD8FFD73CE39","Scene_Seed":230908,"Sequence":385,"Source_Frame_Index":998,"Source_Model_Version":"safety_gate_v1","Source_Stamp_Us":99909898,"Stamp_Us":99909898,"Step_Dt":0.20000000298023224,"Valid":true}__OD_END__
[ue_object_deliverer_bridge_node-1] [INFO] [1785982713.735938272] [ue_object_deliverer_bridge_node]: kinematic setpoint received stamp=100203340 valid=1
[ue_object_deliverer_bridge_node-1] [INFO] [1785982713.936817504] [ue_object_deliverer_bridge_node]: kinematic setpoint received stamp=100408799 valid=1
[ue_object_deliverer_bridge_node-1] [INFO] [1785982714.240192576] [ue_object_deliverer_bridge_node]: kinematic setpoint received stamp=100711552 valid=1
[ue_object_deliverer_bridge_node-1] [INFO] [1785982714.465608544] [ue_object_deliverer_bridge_node]: kinematic setpoint received stamp=100711553 valid=1
[ue_object_deliverer_bridge_node-1] [INFO] [1785982714.466003584] [ue_object_deliverer_bridge_node]: Sent kinematic setpoint to UE5: bytes=422, payload={"Command_Type":"Kinematic_Setpoint","Delta_X_Cm":4.96530644595623,"Delta_Y_Cm":0.5879886448383331,"Frame_ID":"ue_actor_local","Hold_Position":false,"Reason":"DECISION_VALID","Run_ID":"64B6916A44BFC514173CFD8FFD73CE39","Scene_Seed":230908,"Sequence":389,"Source_Frame_Index":960,"Source_Model_Version":"safety_gate_v1","Source_Stamp_Us":100711553,"Stamp_Us":100711553,"Step_Dt":0.20000000298023224,"Valid":true}__OD_END__
[ue_object_deliverer_bridge_node-1] [INFO] [1785982714.741490368] [ue_object_deliverer_bridge_node]: kinematic setpoint received stamp=101211574 valid=1
[image_entity_perception-9] [INFO] [1785982714.820289888] [image_entity_perception]: PERCEPTION_PERF_TRACE frame_index=1012 count=1000 predict_ms=45.6 entities=4 valid=True
[temporal_entity_tracker-2] [INFO] [1785982714.821420768] [temporal_entity_tracker]: TRACK_TRACE frame_index=1012 count=1000 source_valid=True source_entities=4 visible_source=1
[vla_policy-10] [INFO] [1785982714.825770208] [vla_policy]: ENT_IN_TRACE count=1000 frame_index=1012 valid=True detail=OK:selected=1;targets=1;risks=0;dropped=0
[ue_object_deliverer_bridge_node-1] [INFO] [1785982715.026223040] [ue_object_deliverer_bridge_node]: kinematic setpoint received stamp=101501745 valid=1
[ue_object_deliverer_bridge_node-1] [INFO] [1785982715.238933120] [ue_object_deliverer_bridge_node]: kinematic setpoint received stamp=101708595 valid=1
[ue_object_deliverer_bridge_node-1] [INFO] [1785982715.482610432] [ue_object_deliverer_bridge_node]: kinematic setpoint received stamp=101708596 valid=1
[ue_object_deliverer_bridge_node-1] [INFO] [1785982715.483002400] [ue_object_deliverer_bridge_node]: Sent kinematic setpoint to UE5: bytes=423, payload={"Command_Type":"Kinematic_Setpoint","Delta_X_Cm":4.965683072805405,"Delta_Y_Cm":0.5848019849509001,"Frame_ID":"ue_actor_local","Hold_Position":false,"Reason":"DECISION_VALID","Run_ID":"64B6916A44BFC514173CFD8FFD73CE39","Scene_Seed":230908,"Sequence":393,"Source_Frame_Index":961,"Source_Model_Version":"safety_gate_v1","Source_Stamp_Us":101708596,"Stamp_Us":101708596,"Step_Dt":0.20000000298023224,"Valid":true}__OD_END__
[ue_object_deliverer_bridge_node-1] [INFO] [1785982715.723865792] [ue_object_deliverer_bridge_node]: kinematic setpoint received stamp=102209042 valid=1
[ue_object_deliverer_bridge_node-1] [INFO] [1785982716.020182048] [ue_object_deliverer_bridge_node]: kinematic setpoint received stamp=102502884 valid=1
[ue_object_deliverer_bridge_node-1] [INFO] [1785982716.242842944] [ue_object_deliverer_bridge_node]: kinematic setpoint received stamp=102710336 valid=1
[ue_object_deliverer_bridge_node-1] [INFO] [1785982716.464034624] [ue_object_deliverer_bridge_node]: kinematic setpoint received stamp=102710337 valid=1
[ue_object_deliverer_bridge_node-1] [INFO] [1785982716.743600992] [ue_object_deliverer_bridge_node]: kinematic setpoint received stamp=103211543 valid=1
[ue_object_deliverer_bridge_node-1] [INFO] [1785982716.743976192] [ue_object_deliverer_bridge_node]: Sent kinematic setpoint to UE5: bytes=424, payload={"Command_Type":"Kinematic_Setpoint","Delta_X_Cm":4.967200756072998,"Delta_Y_Cm":0.5717666819691658,"Frame_ID":"ue_actor_local","Hold_Position":false,"Reason":"DECISION_VALID","Run_ID":"64B6916A44BFC514173CFD8FFD73CE39","Scene_Seed":230908,"Sequence":398,"Source_Frame_Index":1031,"Source_Model_Version":"safety_gate_v1","Source_Stamp_Us":103211543,"Stamp_Us":103211543,"Step_Dt":0.20000000298023224,"Valid":true}__OD_END__
[vla_policy-10] [INFO] [1785982717.031206528] [vla_policy]: POLICY_AUDIT trigger=periodic events=400 policy_driven=393 backstop=7 hold=0 fail_closed=0 policy_stop=0 guard_reason=policy_driven raw_dx=0.214052 raw_dy=-0.012177 guarded_dx=0.214052 guarded_dy=-0.012177 final_dx=0.099633 final_dy=-0.007681
[ue_object_deliverer_bridge_node-1] [INFO] [1785982717.034818496] [ue_object_deliverer_bridge_node]: kinematic setpoint received stamp=103502822 valid=1
[ue_object_deliverer_bridge_node-1] [INFO] [1785982717.248298400] [ue_object_deliverer_bridge_node]: kinematic setpoint received stamp=103713675 valid=1
[ue_object_deliverer_bridge_node-1] [INFO] [1785982717.474923840] [ue_object_deliverer_bridge_node]: kinematic setpoint received stamp=103713676 valid=1
[ue_object_deliverer_bridge_node-1] [INFO] [1785982717.727996704] [ue_object_deliverer_bridge_node]: kinematic setpoint received stamp=104212368 valid=1
[ue_object_deliverer_bridge_node-1] [INFO] [1785982717.728424544] [ue_object_deliverer_bridge_node]: Sent kinematic setpoint to UE5: bytes=425, payload={"Command_Type":"Kinematic_Setpoint","Delta_X_Cm":4.9656253308057785,"Delta_Y_Cm":0.5852897651493549,"Frame_ID":"ue_actor_local","Hold_Position":false,"Reason":"DECISION_VALID","Run_ID":"64B6916A44BFC514173CFD8FFD73CE39","Scene_Seed":230908,"Sequence":402,"Source_Frame_Index":1041,"Source_Model_Version":"safety_gate_v1","Source_Stamp_Us":104212368,"Stamp_Us":104212368,"Step_Dt":0.20000000298023224,"Valid":true}__OD_END__
[ue_object_deliverer_bridge_node-1] [INFO] [1785982717.941841696] [ue_object_deliverer_bridge_node]: kinematic setpoint received stamp=104412416 valid=1
[ue_object_deliverer_bridge_node-1] [INFO] [1785982718.238877984] [ue_object_deliverer_bridge_node]: kinematic setpoint received stamp=104710644 valid=1
[ue_object_deliverer_bridge_node-1] [INFO] [1785982718.476996256] [ue_object_deliverer_bridge_node]: kinematic setpoint received stamp=104710645 valid=1
[ue_object_deliverer_bridge_node-1] [INFO] [1785982718.727819136] [ue_object_deliverer_bridge_node]: kinematic setpoint received stamp=105200731 valid=1
[ue_object_deliverer_bridge_node-1] [INFO] [1785982718.943123936] [ue_object_deliverer_bridge_node]: kinematic setpoint received stamp=105412070 valid=1
[ue_object_deliverer_bridge_node-1] [INFO] [1785982718.943506880] [ue_object_deliverer_bridge_node]: Sent kinematic setpoint to UE5: bytes=424, payload={"Command_Type":"Kinematic_Setpoint","Delta_X_Cm":9.953983128070831,"Delta_Y_Cm":0.9246222674846649,"Frame_ID":"ue_actor_local","Hold_Position":false,"Reason":"DECISION_VALID","Run_ID":"64B6916A44BFC514173CFD8FFD73CE39","Scene_Seed":230908,"Sequence":407,"Source_Frame_Index":1053,"Source_Model_Version":"safety_gate_v1","Source_Stamp_Us":105412070,"Stamp_Us":105412070,"Step_Dt":0.20000000298023224,"Valid":true}__OD_END__
[ue_object_deliverer_bridge_node-1] [INFO] [1785982719.231236128] [ue_object_deliverer_bridge_node]: kinematic setpoint received stamp=105703244 valid=1
[ue_object_deliverer_bridge_node-1] [INFO] [1785982719.444370336] [ue_object_deliverer_bridge_node]: kinematic setpoint received stamp=105909882 valid=1
[ue_object_deliverer_bridge_node-1] [INFO] [1785982719.729162432] [ue_object_deliverer_bridge_node]: kinematic setpoint received stamp=106203758 valid=1
[image_entity_perception-9] [INFO] [1785982719.811781152] [image_entity_perception]: PERCEPTION_PERF_TRACE frame_index=1062 count=1050 predict_ms=43.0 entities=4 valid=True
[temporal_entity_tracker-2] [INFO] [1785982719.812825344] [temporal_entity_tracker]: TRACK_TRACE frame_index=1062 count=1050 source_valid=True source_entities=4 visible_source=1
[ue_object_deliverer_bridge_node-1] [INFO] [1785982719.945009248] [ue_object_deliverer_bridge_node]: kinematic setpoint received stamp=106411111 valid=1
[ue_object_deliverer_bridge_node-1] [INFO] [1785982720.232852672] [ue_object_deliverer_bridge_node]: kinematic setpoint received stamp=106703957 valid=1
[ue_object_deliverer_bridge_node-1] [INFO] [1785982720.233270720] [ue_object_deliverer_bridge_node]: Sent kinematic setpoint to UE5: bytes=424, payload={"Command_Type":"Kinematic_Setpoint","Delta_X_Cm":29.83410656452179,"Delta_Y_Cm":3.0235469341278076,"Frame_ID":"ue_actor_local","Hold_Position":false,"Reason":"DECISION_VALID","Run_ID":"64B6916A44BFC514173CFD8FFD73CE39","Scene_Seed":230908,"Sequence":412,"Source_Frame_Index":1066,"Source_Model_Version":"safety_gate_v1","Source_Stamp_Us":106703957,"Stamp_Us":106703957,"Step_Dt":0.20000000298023224,"Valid":true}__OD_END__
[ue_object_deliverer_bridge_node-1] [INFO] [1785982720.442307296] [ue_object_deliverer_bridge_node]: kinematic setpoint received stamp=106911414 valid=1
[ue_object_deliverer_bridge_node-1] [INFO] [1785982720.733843040] [ue_object_deliverer_bridge_node]: kinematic setpoint received stamp=107206243 valid=1
[ue_object_deliverer_bridge_node-1] [INFO] [1785982720.947799104] [ue_object_deliverer_bridge_node]: kinematic setpoint received stamp=107412765 valid=1
[ue_object_deliverer_bridge_node-1] [INFO] [1785982721.219640864] [ue_object_deliverer_bridge_node]: kinematic setpoint received stamp=107701050 valid=1
[ue_object_deliverer_bridge_node-1] [INFO] [1785982721.437168128] [ue_object_deliverer_bridge_node]: kinematic setpoint received stamp=107908979 valid=1
[ue_object_deliverer_bridge_node-1] [INFO] [1785982721.437541152] [ue_object_deliverer_bridge_node]: Sent kinematic setpoint to UE5: bytes=425, payload={"Command_Type":"Kinematic_Setpoint","Delta_X_Cm":29.715824127197266,"Delta_Y_Cm":2.9331574216485023,"Frame_ID":"ue_actor_local","Hold_Position":false,"Reason":"DECISION_VALID","Run_ID":"64B6916A44BFC514173CFD8FFD73CE39","Scene_Seed":230908,"Sequence":417,"Source_Frame_Index":1078,"Source_Model_Version":"safety_gate_v1","Source_Stamp_Us":107908979,"Stamp_Us":107908979,"Step_Dt":0.20000000298023224,"Valid":true}__OD_END__
[ue_object_deliverer_bridge_node-1] [INFO] [1785982721.733644832] [ue_object_deliverer_bridge_node]: kinematic setpoint received stamp=108203532 valid=1
[ue_object_deliverer_bridge_node-1] [INFO] [1785982721.944068576] [ue_object_deliverer_bridge_node]: kinematic setpoint received stamp=108411453 valid=1
[ue_object_deliverer_bridge_node-1] [INFO] [1785982722.241616416] [ue_object_deliverer_bridge_node]: kinematic setpoint received stamp=108708903 valid=1
[ue_object_deliverer_bridge_node-1] [INFO] [1785982722.461276480] [ue_object_deliverer_bridge_node]: kinematic setpoint received stamp=108908937 valid=1
[ue_object_deliverer_bridge_node-1] [INFO] [1785982722.461652704] [ue_object_deliverer_bridge_node]: Sent kinematic setpoint to UE5: bytes=425, payload={"Command_Type":"Kinematic_Setpoint","Delta_X_Cm":28.563159704208374,"Delta_Y_Cm":2.9637088999152184,"Frame_ID":"ue_actor_local","Hold_Position":false,"Reason":"DECISION_VALID","Run_ID":"64B6916A44BFC514173CFD8FFD73CE39","Scene_Seed":230908,"Sequence":421,"Source_Frame_Index":1088,"Source_Model_Version":"safety_gate_v1","Source_Stamp_Us":108908937,"Stamp_Us":108908937,"Step_Dt":0.20000000298023224,"Valid":true}__OD_END__
[ue_object_deliverer_bridge_node-1] [INFO] [1785982722.737167072] [ue_object_deliverer_bridge_node]: kinematic setpoint received stamp=109206600 valid=1
[ue_object_deliverer_bridge_node-1] [INFO] [1785982723.030367872] [ue_object_deliverer_bridge_node]: kinematic setpoint received stamp=109501218 valid=1
[ue_object_deliverer_bridge_node-1] [INFO] [1785982723.240787712] [ue_object_deliverer_bridge_node]: kinematic setpoint received stamp=109709837 valid=1
[ue_object_deliverer_bridge_node-1] [INFO] [1785982723.491484256] [ue_object_deliverer_bridge_node]: kinematic setpoint received stamp=109709838 valid=1
[ue_object_deliverer_bridge_node-1] [INFO] [1785982723.733708608] [ue_object_deliverer_bridge_node]: kinematic setpoint received stamp=110204989 valid=1
[ue_object_deliverer_bridge_node-1] [INFO] [1785982723.734095808] [ue_object_deliverer_bridge_node]: Sent kinematic setpoint to UE5: bytes=426, payload={"Command_Type":"Kinematic_Setpoint","Delta_X_Cm":-2.067320793867111,"Delta_Y_Cm":-2.8143631294369698,"Frame_ID":"ue_actor_local","Hold_Position":false,"Reason":"DECISION_VALID","Run_ID":"64B6916A44BFC514173CFD8FFD73CE39","Scene_Seed":230908,"Sequence":426,"Source_Frame_Index":1101,"Source_Model_Version":"safety_gate_v1","Source_Stamp_Us":110204989,"Stamp_Us":110204989,"Step_Dt":0.20000000298023224,"Valid":true}__OD_END__
[ue_object_deliverer_bridge_node-1] [INFO] [1785982723.936080640] [ue_object_deliverer_bridge_node]: kinematic setpoint received stamp=110402646 valid=1
[ue_object_deliverer_bridge_node-1] [INFO] [1785982724.148006624] [ue_object_deliverer_bridge_node]: kinematic setpoint received stamp=110610781 valid=1
[ue_object_deliverer_bridge_node-1] [INFO] [1785982724.435231296] [ue_object_deliverer_bridge_node]: kinematic setpoint received stamp=110908060 valid=1
[ue_object_deliverer_bridge_node-1] [INFO] [1785982724.746315456] [ue_object_deliverer_bridge_node]: kinematic setpoint received stamp=111212281 valid=1
[ue_object_deliverer_bridge_node-1] [INFO] [1785982724.746685920] [ue_object_deliverer_bridge_node]: Sent kinematic setpoint to UE5: bytes=427, payload={"Command_Type":"Kinematic_Setpoint","Delta_X_Cm":3.3160407096147537,"Delta_Y_Cm":-0.43761604465544224,"Frame_ID":"ue_actor_local","Hold_Position":false,"Reason":"DECISION_VALID","Run_ID":"64B6916A44BFC514173CFD8FFD73CE39","Scene_Seed":230908,"Sequence":430,"Source_Frame_Index":1111,"Source_Model_Version":"safety_gate_v1","Source_Stamp_Us":111212281,"Stamp_Us":111212281,"Step_Dt":0.20000000298023224,"Valid":true}__OD_END__
[image_entity_perception-9] [INFO] [1785982724.818325312] [image_entity_perception]: PERCEPTION_PERF_TRACE frame_index=1112 count=1100 predict_ms=44.6 entities=4 valid=True
[temporal_entity_tracker-2] [INFO] [1785982724.819023936] [temporal_entity_tracker]: TRACK_TRACE frame_index=1112 count=1100 source_valid=True source_entities=4 visible_source=1
[vla_policy-10] [INFO] [1785982724.823547776] [vla_policy]: ENT_IN_TRACE count=1100 frame_index=1112 valid=True detail=OK:selected=1;targets=1;risks=0;dropped=0
[ue_object_deliverer_bridge_node-1] [INFO] [1785982725.031380544] [ue_object_deliverer_bridge_node]: kinematic setpoint received stamp=111501842 valid=1
[ue_object_deliverer_bridge_node-1] [INFO] [1785982725.239672000] [ue_object_deliverer_bridge_node]: kinematic setpoint received stamp=111706964 valid=1
[ue_object_deliverer_bridge_node-1] [INFO] [1785982725.477642336] [ue_object_deliverer_bridge_node]: kinematic setpoint received stamp=111706965 valid=1
[ue_object_deliverer_bridge_node-1] [INFO] [1785982725.720955200] [ue_object_deliverer_bridge_node]: kinematic setpoint received stamp=112203224 valid=1
[ue_object_deliverer_bridge_node-1] [INFO] [1785982725.928895264] [ue_object_deliverer_bridge_node]: kinematic setpoint received stamp=112410177 valid=1
[ue_object_deliverer_bridge_node-1] [INFO] [1785982725.929288992] [ue_object_deliverer_bridge_node]: Sent kinematic setpoint to UE5: bytes=424, payload={"Command_Type":"Kinematic_Setpoint","Delta_X_Cm":9.958233684301376,"Delta_Y_Cm":0.8545041084289551,"Frame_ID":"ue_actor_local","Hold_Position":false,"Reason":"DECISION_VALID","Run_ID":"64B6916A44BFC514173CFD8FFD73CE39","Scene_Seed":230908,"Sequence":435,"Source_Frame_Index":1123,"Source_Model_Version":"safety_gate_v1","Source_Stamp_Us":112410177,"Stamp_Us":112410177,"Step_Dt":0.20000000298023224,"Valid":true}__OD_END__
[ue_object_deliverer_bridge_node-1] [INFO] [1785982726.236029152] [ue_object_deliverer_bridge_node]: kinematic setpoint received stamp=112712027 valid=1
[ue_object_deliverer_bridge_node-1] [INFO] [1785982726.476993088] [ue_object_deliverer_bridge_node]: kinematic setpoint received stamp=112712028 valid=1
[ue_object_deliverer_bridge_node-1] [INFO] [1785982726.730967616] [ue_object_deliverer_bridge_node]: kinematic setpoint received stamp=113203780 valid=1
[ue_object_deliverer_bridge_node-1] [INFO] [1785982726.935328128] [ue_object_deliverer_bridge_node]: kinematic setpoint received stamp=113408775 valid=1
[ue_object_deliverer_bridge_node-1] [INFO] [1785982727.141298880] [ue_object_deliverer_bridge_node]: kinematic setpoint received stamp=113612028 valid=1
[ue_object_deliverer_bridge_node-1] [INFO] [1785982727.141705824] [ue_object_deliverer_bridge_node]: Sent kinematic setpoint to UE5: bytes=424, payload={"Command_Type":"Kinematic_Setpoint","Delta_X_Cm":14.947885274887085,"Delta_Y_Cm":1.192664448171854,"Frame_ID":"ue_actor_local","Hold_Position":false,"Reason":"DECISION_VALID","Run_ID":"64B6916A44BFC514173CFD8FFD73CE39","Scene_Seed":230908,"Sequence":440,"Source_Frame_Index":1135,"Source_Model_Version":"safety_gate_v1","Source_Stamp_Us":113612028,"Stamp_Us":113612028,"Step_Dt":0.20000000298023224,"Valid":true}__OD_END__
[ue_object_deliverer_bridge_node-1] [INFO] [1785982727.432741280] [ue_object_deliverer_bridge_node]: kinematic setpoint received stamp=113904434 valid=1
[ue_object_deliverer_bridge_node-1] [INFO] [1785982727.639087744] [ue_object_deliverer_bridge_node]: kinematic setpoint received stamp=114109196 valid=1
[ue_object_deliverer_bridge_node-1] [INFO] [1785982727.948449792] [ue_object_deliverer_bridge_node]: kinematic setpoint received stamp=114413346 valid=1
[ue_object_deliverer_bridge_node-1] [INFO] [1785982728.231106816] [ue_object_deliverer_bridge_node]: kinematic setpoint received stamp=114711299 valid=1
[ue_object_deliverer_bridge_node-1] [INFO] [1785982728.231501632] [ue_object_deliverer_bridge_node]: Sent kinematic setpoint to UE5: bytes=425, payload={"Command_Type":"Kinematic_Setpoint","Delta_X_Cm":29.769641160964966,"Delta_Y_Cm":2.7235321700572968,"Frame_ID":"ue_actor_local","Hold_Position":false,"Reason":"DECISION_VALID","Run_ID":"64B6916A44BFC514173CFD8FFD73CE39","Scene_Seed":230908,"Sequence":444,"Source_Frame_Index":1146,"Source_Model_Version":"safety_gate_v1","Source_Stamp_Us":114711299,"Stamp_Us":114711299,"Step_Dt":0.20000000298023224,"Valid":true}__OD_END__
[ue_object_deliverer_bridge_node-1] [INFO] [1785982728.475272160] [ue_object_deliverer_bridge_node]: kinematic setpoint received stamp=114711300 valid=1
[ue_object_deliverer_bridge_node-1] [INFO] [1785982728.735564576] [ue_object_deliverer_bridge_node]: kinematic setpoint received stamp=115207587 valid=1
[ue_object_deliverer_bridge_node-1] [INFO] [1785982728.943637216] [ue_object_deliverer_bridge_node]: kinematic setpoint received stamp=115409984 valid=1
[ue_object_deliverer_bridge_node-1] [INFO] [1785982729.221891072] [ue_object_deliverer_bridge_node]: kinematic setpoint received stamp=115707877 valid=1
[ue_object_deliverer_bridge_node-1] [INFO] [1785982729.425818848] [ue_object_deliverer_bridge_node]: kinematic setpoint received stamp=115910982 valid=1
[ue_object_deliverer_bridge_node-1] [INFO] [1785982729.426194304] [ue_object_deliverer_bridge_node]: Sent kinematic setpoint to UE5: bytes=424, payload={"Command_Type":"Kinematic_Setpoint","Delta_X_Cm":19.936980307102203,"Delta_Y_Cm":1.512821950018406,"Frame_ID":"ue_actor_local","Hold_Position":false,"Reason":"DECISION_VALID","Run_ID":"64B6916A44BFC514173CFD8FFD73CE39","Scene_Seed":230908,"Sequence":449,"Source_Frame_Index":1158,"Source_Model_Version":"safety_gate_v1","Source_Stamp_Us":115910982,"Stamp_Us":115910982,"Step_Dt":0.20000000298023224,"Valid":true}__OD_END__
[ue_object_deliverer_bridge_node-1] [INFO] [1785982729.675707840] [ue_object_deliverer_bridge_node]: kinematic setpoint received stamp=116112756 valid=1
[image_entity_perception-9] [INFO] [1785982729.805330432] [image_entity_perception]: PERCEPTION_PERF_TRACE frame_index=1162 count=1150 predict_ms=31.7 entities=4 valid=True
[temporal_entity_tracker-2] [INFO] [1785982729.806814080] [temporal_entity_tracker]: TRACK_TRACE frame_index=1162 count=1150 source_valid=True source_entities=4 visible_source=1
[ue_object_deliverer_bridge_node-1] [INFO] [1785982729.915304416] [ue_object_deliverer_bridge_node]: kinematic setpoint received stamp=116405070 valid=1
[ue_object_deliverer_bridge_node-1] [INFO] [1785982730.131379168] [ue_object_deliverer_bridge_node]: kinematic setpoint received stamp=116606945 valid=1
[ue_object_deliverer_bridge_node-1] [INFO] [1785982730.339950144] [ue_object_deliverer_bridge_node]: kinematic setpoint received stamp=116802443 valid=1
[ue_object_deliverer_bridge_node-1] [INFO] [1785982730.541979232] [ue_object_deliverer_bridge_node]: kinematic setpoint received stamp=117005579 valid=1
[ue_object_deliverer_bridge_node-1] [INFO] [1785982730.542374528] [ue_object_deliverer_bridge_node]: Sent kinematic setpoint to UE5: bytes=425, payload={"Command_Type":"Kinematic_Setpoint","Delta_X_Cm":29.760494828224182,"Delta_Y_Cm":3.0091019347310066,"Frame_ID":"ue_actor_local","Hold_Position":false,"Reason":"DECISION_VALID","Run_ID":"64B6916A44BFC514173CFD8FFD73CE39","Scene_Seed":230908,"Sequence":454,"Source_Frame_Index":1169,"Source_Model_Version":"safety_gate_v1","Source_Stamp_Us":117005579,"Stamp_Us":117005579,"Step_Dt":0.20000000298023224,"Valid":true}__OD_END__
[ue_object_deliverer_bridge_node-1] [INFO] [1785982730.835600608] [ue_object_deliverer_bridge_node]: kinematic setpoint received stamp=117309273 valid=1
[ue_object_deliverer_bridge_node-1] [INFO] [1785982731.132298496] [ue_object_deliverer_bridge_node]: kinematic setpoint received stamp=117606159 valid=1
[ue_object_deliverer_bridge_node-1] [INFO] [1785982731.341092160] [ue_object_deliverer_bridge_node]: kinematic setpoint received stamp=117811756 valid=1
[ue_object_deliverer_bridge_node-1] [INFO] [1785982731.590853600] [ue_object_deliverer_bridge_node]: kinematic setpoint received stamp=118007292 valid=1
[ue_object_deliverer_bridge_node-1] [INFO] [1785982731.591212672] [ue_object_deliverer_bridge_node]: Sent kinematic setpoint to UE5: bytes=423, payload={"Command_Type":"Kinematic_Setpoint","Delta_X_Cm":28.96612286567688,"Delta_Y_Cm":2.667861059308052,"Frame_ID":"ue_actor_local","Hold_Position":false,"Reason":"DECISION_VALID","Run_ID":"64B6916A44BFC514173CFD8FFD73CE39","Scene_Seed":230908,"Sequence":458,"Source_Frame_Index":1179,"Source_Model_Version":"safety_gate_v1","Source_Stamp_Us":118007292,"Stamp_Us":118007292,"Step_Dt":0.20000000298023224,"Valid":true}__OD_END__
[ue_object_deliverer_bridge_node-1] [INFO] [1785982731.837475904] [ue_object_deliverer_bridge_node]: kinematic setpoint received stamp=118308233 valid=1
[ue_object_deliverer_bridge_node-1] [INFO] [1785982732.038581632] [ue_object_deliverer_bridge_node]: kinematic setpoint received stamp=118510688 valid=1
[ue_object_deliverer_bridge_node-1] [INFO] [1785982732.242998208] [ue_object_deliverer_bridge_node]: kinematic setpoint received stamp=118710584 valid=1
[ue_object_deliverer_bridge_node-1] [INFO] [1785982732.474205120] [ue_object_deliverer_bridge_node]: kinematic setpoint received stamp=118710585 valid=1
[ue_object_deliverer_bridge_node-1] [INFO] [1785982732.734306560] [ue_object_deliverer_bridge_node]: kinematic setpoint received stamp=119205528 valid=1
[ue_object_deliverer_bridge_node-1] [INFO] [1785982732.734710688] [ue_object_deliverer_bridge_node]: Sent kinematic setpoint to UE5: bytes=426, payload={"Command_Type":"Kinematic_Setpoint","Delta_X_Cm":-4.8323724418878555,"Delta_Y_Cm":-1.283813826739788,"Frame_ID":"ue_actor_local","Hold_Position":false,"Reason":"DECISION_VALID","Run_ID":"64B6916A44BFC514173CFD8FFD73CE39","Scene_Seed":230908,"Sequence":463,"Source_Frame_Index":1191,"Source_Model_Version":"safety_gate_v1","Source_Stamp_Us":119205528,"Stamp_Us":119205528,"Step_Dt":0.20000000298023224,"Valid":true}__OD_END__
[ue_object_deliverer_bridge_node-1] [INFO] [1785982732.941413312] [ue_object_deliverer_bridge_node]: kinematic setpoint received stamp=119409468 valid=1
[ue_object_deliverer_bridge_node-1] [INFO] [1785982733.144552064] [ue_object_deliverer_bridge_node]: kinematic setpoint received stamp=119612741 valid=1
[ue_object_deliverer_bridge_node-1] [INFO] [1785982733.425544832] [ue_object_deliverer_bridge_node]: kinematic setpoint received stamp=119905207 valid=1
[ue_object_deliverer_bridge_node-1] [INFO] [1785982733.636992224] [ue_object_deliverer_bridge_node]: kinematic setpoint received stamp=120105858 valid=1
[ue_object_deliverer_bridge_node-1] [INFO] [1785982733.837726944] [ue_object_deliverer_bridge_node]: kinematic setpoint received stamp=120308474 valid=1
[ue_object_deliverer_bridge_node-1] [INFO] [1785982733.838110304] [ue_object_deliverer_bridge_node]: Sent kinematic setpoint to UE5: bytes=427, payload={"Command_Type":"Kinematic_Setpoint","Delta_X_Cm":0.15934592811390758,"Delta_Y_Cm":-1.8544789403676987,"Frame_ID":"ue_actor_local","Hold_Position":false,"Reason":"DECISION_VALID","Run_ID":"64B6916A44BFC514173CFD8FFD73CE39","Scene_Seed":230908,"Sequence":468,"Source_Frame_Index":1202,"Source_Model_Version":"safety_gate_v1","Source_Stamp_Us":120308474,"Stamp_Us":120308474,"Step_Dt":0.20000000298023224,"Valid":true}__OD_END__
[ue_object_deliverer_bridge_node-1] [INFO] [1785982734.040531584] [ue_object_deliverer_bridge_node]: kinematic setpoint received stamp=120511204 valid=1
[ue_object_deliverer_bridge_node-1] [INFO] [1785982734.332334624] [ue_object_deliverer_bridge_node]: kinematic setpoint received stamp=120806347 valid=1
[ue_object_deliverer_bridge_node-1] [INFO] [1785982734.629507424] [ue_object_deliverer_bridge_node]: kinematic setpoint received stamp=121102685 valid=1
[image_entity_perception-9] [INFO] [1785982734.815008064] [image_entity_perception]: PERCEPTION_PERF_TRACE frame_index=1212 count=1200 predict_ms=43.7 entities=4 valid=True
[temporal_entity_tracker-2] [INFO] [1785982734.815780576] [temporal_entity_tracker]: TRACK_TRACE frame_index=1212 count=1200 source_valid=True source_entities=4 visible_source=1
[vla_policy-10] [INFO] [1785982734.820208800] [vla_policy]: ENT_IN_TRACE count=1200 frame_index=1212 valid=True detail=OK:selected=1;targets=1;risks=0;dropped=0
[ue_object_deliverer_bridge_node-1] [INFO] [1785982734.833555872] [ue_object_deliverer_bridge_node]: kinematic setpoint received stamp=121306146 valid=1
[ue_object_deliverer_bridge_node-1] [INFO] [1785982735.034953184] [ue_object_deliverer_bridge_node]: kinematic setpoint received stamp=121507316 valid=1
[ue_object_deliverer_bridge_node-1] [INFO] [1785982735.035350720] [ue_object_deliverer_bridge_node]: Sent kinematic setpoint to UE5: bytes=424, payload={"Command_Type":"Kinematic_Setpoint","Delta_X_Cm":24.94456321001053,"Delta_Y_Cm":1.2730649672448635,"Frame_ID":"ue_actor_local","Hold_Position":false,"Reason":"DECISION_VALID","Run_ID":"64B6916A44BFC514173CFD8FFD73CE39","Scene_Seed":230908,"Sequence":473,"Source_Frame_Index":1214,"Source_Model_Version":"safety_gate_v1","Source_Stamp_Us":121507316,"Stamp_Us":121507316,"Step_Dt":0.20000000298023224,"Valid":true}__OD_END__
[ue_object_deliverer_bridge_node-1] [INFO] [1785982735.241681344] [ue_object_deliverer_bridge_node]: kinematic setpoint received stamp=121710416 valid=1
[ue_object_deliverer_bridge_node-1] [INFO] [1785982735.479281856] [ue_object_deliverer_bridge_node]: kinematic setpoint received stamp=121710417 valid=1
[ue_object_deliverer_bridge_node-1] [INFO] [1785982735.723347264] [ue_object_deliverer_bridge_node]: kinematic setpoint received stamp=122200614 valid=1
[ue_object_deliverer_bridge_node-1] [INFO] [1785982735.941138976] [ue_object_deliverer_bridge_node]: kinematic setpoint received stamp=122412116 valid=1
[ue_object_deliverer_bridge_node-1] [INFO] [1785982736.227232736] [ue_object_deliverer_bridge_node]: kinematic setpoint received stamp=122701994 valid=1
[ue_object_deliverer_bridge_node-1] [INFO] [1785982736.227638176] [ue_object_deliverer_bridge_node]: Sent kinematic setpoint to UE5: bytes=425, payload={"Command_Type":"Kinematic_Setpoint","Delta_X_Cm":14.977334439754486,"Delta_Y_Cm":0.7024905644357204,"Frame_ID":"ue_actor_local","Hold_Position":false,"Reason":"DECISION_VALID","Run_ID":"64B6916A44BFC514173CFD8FFD73CE39","Scene_Seed":230908,"Sequence":478,"Source_Frame_Index":1226,"Source_Model_Version":"safety_gate_v1","Source_Stamp_Us":122701994,"Stamp_Us":122701994,"Step_Dt":0.20000000298023224,"Valid":true}__OD_END__
[ue_object_deliverer_bridge_node-1] [INFO] [1785982736.433124896] [ue_object_deliverer_bridge_node]: kinematic setpoint received stamp=122906095 valid=1
[ue_object_deliverer_bridge_node-1] [INFO] [1785982736.729666528] [ue_object_deliverer_bridge_node]: kinematic setpoint received stamp=123204372 valid=1
[ue_object_deliverer_bridge_node-1] [INFO] [1785982737.025914784] [ue_object_deliverer_bridge_node]: kinematic setpoint received stamp=123503872 valid=1
[ue_object_deliverer_bridge_node-1] [INFO] [1785982737.230261088] [ue_object_deliverer_bridge_node]: kinematic setpoint received stamp=123705188 valid=1
[ue_object_deliverer_bridge_node-1] [INFO] [1785982737.230621696] [ue_object_deliverer_bridge_node]: Sent kinematic setpoint to UE5: bytes=424, payload={"Command_Type":"Kinematic_Setpoint","Delta_X_Cm":29.90281581878662,"Delta_Y_Cm":2.0010819658637047,"Frame_ID":"ue_actor_local","Hold_Position":false,"Reason":"DECISION_VALID","Run_ID":"64B6916A44BFC514173CFD8FFD73CE39","Scene_Seed":230908,"Sequence":482,"Source_Frame_Index":1236,"Source_Model_Version":"safety_gate_v1","Source_Stamp_Us":123705188,"Stamp_Us":123705188,"Step_Dt":0.20000000298023224,"Valid":true}__OD_END__
[ue_object_deliverer_bridge_node-1] [INFO] [1785982737.438872288] [ue_object_deliverer_bridge_node]: kinematic setpoint received stamp=123908734 valid=1
[ue_object_deliverer_bridge_node-1] [INFO] [1785982737.643523712] [ue_object_deliverer_bridge_node]: kinematic setpoint received stamp=124111136 valid=1
[ue_object_deliverer_bridge_node-1] [INFO] [1785982737.943263584] [ue_object_deliverer_bridge_node]: kinematic setpoint received stamp=124411694 valid=1
[ue_object_deliverer_bridge_node-1] [INFO] [1785982738.246040032] [ue_object_deliverer_bridge_node]: kinematic setpoint received stamp=124710346 valid=1
[ue_object_deliverer_bridge_node-1] [INFO] [1785982738.246452800] [ue_object_deliverer_bridge_node]: Sent kinematic setpoint to UE5: bytes=425, payload={"Command_Type":"Kinematic_Setpoint","Delta_X_Cm":23.724378645420074,"Delta_Y_Cm":1.8472949042916298,"Frame_ID":"ue_actor_local","Hold_Position":false,"Reason":"DECISION_VALID","Run_ID":"64B6916A44BFC514173CFD8FFD73CE39","Scene_Seed":230908,"Sequence":486,"Source_Frame_Index":1246,"Source_Model_Version":"safety_gate_v1","Source_Stamp_Us":124710346,"Stamp_Us":124710346,"Step_Dt":0.20000000298023224,"Valid":true}__OD_END__
[ue_object_deliverer_bridge_node-1] [INFO] [1785982738.467441216] [ue_object_deliverer_bridge_node]: kinematic setpoint received stamp=124710347 valid=1
[ue_object_deliverer_bridge_node-1] [INFO] [1785982738.733282080] [ue_object_deliverer_bridge_node]: kinematic setpoint received stamp=125203488 valid=1
[ue_object_deliverer_bridge_node-1] [INFO] [1785982738.935124576] [ue_object_deliverer_bridge_node]: kinematic setpoint received stamp=125408521 valid=1
[ue_object_deliverer_bridge_node-1] [INFO] [1785982739.140135072] [ue_object_deliverer_bridge_node]: kinematic setpoint received stamp=125611722 valid=1
[ue_object_deliverer_bridge_node-1] [INFO] [1785982739.437724896] [ue_object_deliverer_bridge_node]: kinematic setpoint received stamp=125908778 valid=1
[ue_object_deliverer_bridge_node-1] [INFO] [1785982739.438100032] [ue_object_deliverer_bridge_node]: Sent kinematic setpoint to UE5: bytes=425, payload={"Command_Type":"Kinematic_Setpoint","Delta_X_Cm":19.960947334766388,"Delta_Y_Cm":0.7922932505607605,"Frame_ID":"ue_actor_local","Hold_Position":false,"Reason":"DECISION_VALID","Run_ID":"64B6916A44BFC514173CFD8FFD73CE39","Scene_Seed":230908,"Sequence":491,"Source_Frame_Index":1258,"Source_Model_Version":"safety_gate_v1","Source_Stamp_Us":125908778,"Stamp_Us":125908778,"Step_Dt":0.20000000298023224,"Valid":true}__OD_END__
[ue_object_deliverer_bridge_node-1] [INFO] [1785982739.740083072] [ue_object_deliverer_bridge_node]: kinematic setpoint received stamp=126212155 valid=1
[image_entity_perception-9] [INFO] [1785982739.816088096] [image_entity_perception]: PERCEPTION_PERF_TRACE frame_index=1262 count=1250 predict_ms=43.5 entities=4 valid=True
[temporal_entity_tracker-2] [INFO] [1785982739.816804064] [temporal_entity_tracker]: TRACK_TRACE frame_index=1262 count=1250 source_valid=True source_entities=4 visible_source=1
[ue_object_deliverer_bridge_node-1] [INFO] [1785982740.042952000] [ue_object_deliverer_bridge_node]: kinematic setpoint received stamp=126513290 valid=1
[ue_object_deliverer_bridge_node-1] [INFO] [1785982740.343043168] [ue_object_deliverer_bridge_node]: kinematic setpoint received stamp=126812714 valid=1
[ue_object_deliverer_bridge_node-1] [INFO] [1785982740.642012256] [ue_object_deliverer_bridge_node]: kinematic setpoint received stamp=127111131 valid=1
[ue_object_deliverer_bridge_node-1] [INFO] [1785982740.642383584] [ue_object_deliverer_bridge_node]: Sent kinematic setpoint to UE5: bytes=425, payload={"Command_Type":"Kinematic_Setpoint","Delta_X_Cm":23.348841071128845,"Delta_Y_Cm":1.6222063452005386,"Frame_ID":"ue_actor_local","Hold_Position":false,"Reason":"DECISION_VALID","Run_ID":"64B6916A44BFC514173CFD8FFD73CE39","Scene_Seed":230908,"Sequence":495,"Source_Frame_Index":1270,"Source_Model_Version":"safety_gate_v1","Source_Stamp_Us":127111131,"Stamp_Us":127111131,"Step_Dt":0.20000000298023224,"Valid":true}__OD_END__
[ue_object_deliverer_bridge_node-1] [INFO] [1785982740.941490688] [ue_object_deliverer_bridge_node]: kinematic setpoint received stamp=127411538 valid=1
[ue_object_deliverer_bridge_node-1] [INFO] [1785982741.237445344] [ue_object_deliverer_bridge_node]: kinematic setpoint received stamp=127709019 valid=1
[ue_object_deliverer_bridge_node-1] [INFO] [1785982741.476920480] [ue_object_deliverer_bridge_node]: kinematic setpoint received stamp=127709020 valid=1
[vla_policy-10] [INFO] [1785982741.730222048] [vla_policy]: POLICY_AUDIT trigger=periodic events=500 policy_driven=493 backstop=7 hold=0 fail_closed=0 policy_stop=0 guard_reason=policy_driven raw_dx=0.218290 raw_dy=-0.003966 guarded_dx=0.218290 guarded_dy=-0.003966 final_dx=0.049992 final_dy=-0.000908
[ue_object_deliverer_bridge_node-1] [INFO] [1785982741.733667680] [ue_object_deliverer_bridge_node]: kinematic setpoint received stamp=128205551 valid=1
[ue_object_deliverer_bridge_node-1] [INFO] [1785982741.734027904] [ue_object_deliverer_bridge_node]: Sent kinematic setpoint to UE5: bytes=425, payload={"Command_Type":"Kinematic_Setpoint","Delta_X_Cm":4.999174922704697,"Delta_Y_Cm":0.09082635515369475,"Frame_ID":"ue_actor_local","Hold_Position":false,"Reason":"DECISION_VALID","Run_ID":"64B6916A44BFC514173CFD8FFD73CE39","Scene_Seed":230908,"Sequence":499,"Source_Frame_Index":1281,"Source_Model_Version":"safety_gate_v1","Source_Stamp_Us":128205551,"Stamp_Us":128205551,"Step_Dt":0.20000000298023224,"Valid":true}__OD_END__
[ue_object_deliverer_bridge_node-1] [INFO] [1785982742.020406656] [ue_object_deliverer_bridge_node]: kinematic setpoint received stamp=128503798 valid=1
[ue_object_deliverer_bridge_node-1] [INFO] [1785982742.222384416] [ue_object_deliverer_bridge_node]: kinematic setpoint received stamp=128704788 valid=1
[ue_object_deliverer_bridge_node-1] [INFO] [1785982742.432973920] [ue_object_deliverer_bridge_node]: kinematic setpoint received stamp=128908065 valid=1
[ue_object_deliverer_bridge_node-1] [INFO] [1785982742.741396256] [ue_object_deliverer_bridge_node]: kinematic setpoint received stamp=129211144 valid=1
[ue_object_deliverer_bridge_node-1] [INFO] [1785982742.741780192] [ue_object_deliverer_bridge_node]: Sent kinematic setpoint to UE5: bytes=425, payload={"Command_Type":"Kinematic_Setpoint","Delta_X_Cm":19.968001544475555,"Delta_Y_Cm":0.7362639531493187,"Frame_ID":"ue_actor_local","Hold_Position":false,"Reason":"DECISION_VALID","Run_ID":"64B6916A44BFC514173CFD8FFD73CE39","Scene_Seed":230908,"Sequence":503,"Source_Frame_Index":1291,"Source_Model_Version":"safety_gate_v1","Source_Stamp_Us":129211144,"Stamp_Us":129211144,"Step_Dt":0.20000000298023224,"Valid":true}__OD_END__
[ue_object_deliverer_bridge_node-1] [INFO] [1785982743.035097408] [ue_object_deliverer_bridge_node]: kinematic setpoint received stamp=129510685 valid=1
[ue_object_deliverer_bridge_node-1] [INFO] [1785982743.245693920] [ue_object_deliverer_bridge_node]: kinematic setpoint received stamp=129713162 valid=1
[ue_object_deliverer_bridge_node-1] [INFO] [1785982743.460288192] [ue_object_deliverer_bridge_node]: kinematic setpoint received stamp=129713163 valid=1
[ue_object_deliverer_bridge_node-1] [INFO] [1785982743.736739488] [ue_object_deliverer_bridge_node]: kinematic setpoint received stamp=130211917 valid=1
[ue_object_deliverer_bridge_node-1] [INFO] [1785982743.737117344] [ue_object_deliverer_bridge_node]: Sent kinematic setpoint to UE5: bytes=426, payload={"Command_Type":"Kinematic_Setpoint","Delta_X_Cm":4.999644309282303,"Delta_Y_Cm":0.059648946626111865,"Frame_ID":"ue_actor_local","Hold_Position":false,"Reason":"DECISION_VALID","Run_ID":"64B6916A44BFC514173CFD8FFD73CE39","Scene_Seed":230908,"Sequence":507,"Source_Frame_Index":1301,"Source_Model_Version":"safety_gate_v1","Source_Stamp_Us":130211917,"Stamp_Us":130211917,"Step_Dt":0.20000000298023224,"Valid":true}__OD_END__
[ue_object_deliverer_bridge_node-1] [INFO] [1785982744.040314624] [ue_object_deliverer_bridge_node]: kinematic setpoint received stamp=130509407 valid=1
[ue_object_deliverer_bridge_node-1] [INFO] [1785982744.243427168] [ue_object_deliverer_bridge_node]: kinematic setpoint received stamp=130709441 valid=1
[ue_object_deliverer_bridge_node-1] [INFO] [1785982744.472561632] [ue_object_deliverer_bridge_node]: kinematic setpoint received stamp=130709442 valid=1
[ue_object_deliverer_bridge_node-1] [INFO] [1785982744.729607488] [ue_object_deliverer_bridge_node]: kinematic setpoint received stamp=131201865 valid=1
[image_entity_perception-9] [INFO] [1785982744.824197536] [image_entity_perception]: PERCEPTION_PERF_TRACE frame_index=1312 count=1300 predict_ms=45.0 entities=4 valid=True
[temporal_entity_tracker-2] [INFO] [1785982744.825400288] [temporal_entity_tracker]: TRACK_TRACE frame_index=1312 count=1300 source_valid=True source_entities=4 visible_source=1
[vla_policy-10] [INFO] [1785982744.829419008] [vla_policy]: ENT_IN_TRACE count=1300 frame_index=1312 valid=True detail=OK:selected=1;targets=1;risks=0;dropped=0
[ue_object_deliverer_bridge_node-1] [INFO] [1785982744.930573248] [ue_object_deliverer_bridge_node]: kinematic setpoint received stamp=131404079 valid=1
[ue_object_deliverer_bridge_node-1] [INFO] [1785982744.930921472] [ue_object_deliverer_bridge_node]: Sent kinematic setpoint to UE5: bytes=425, payload={"Command_Type":"Kinematic_Setpoint","Delta_X_Cm":9.966178983449936,"Delta_Y_Cm":-0.5402740091085434,"Frame_ID":"ue_actor_local","Hold_Position":false,"Reason":"DECISION_VALID","Run_ID":"64B6916A44BFC514173CFD8FFD73CE39","Scene_Seed":230908,"Sequence":512,"Source_Frame_Index":1313,"Source_Model_Version":"safety_gate_v1","Source_Stamp_Us":131404079,"Stamp_Us":131404079,"Step_Dt":0.20000000298023224,"Valid":true}__OD_END__
[ue_object_deliverer_bridge_node-1] [INFO] [1785982745.140529376] [ue_object_deliverer_bridge_node]: kinematic setpoint received stamp=131611272 valid=1
[ue_object_deliverer_bridge_node-1] [INFO] [1785982745.441816544] [ue_object_deliverer_bridge_node]: kinematic setpoint received stamp=131910344 valid=1
[ue_object_deliverer_bridge_node-1] [INFO] [1785982745.738520256] [ue_object_deliverer_bridge_node]: kinematic setpoint received stamp=132211355 valid=1
[ue_object_deliverer_bridge_node-1] [INFO] [1785982746.042640096] [ue_object_deliverer_bridge_node]: kinematic setpoint received stamp=132510727 valid=1
[ue_object_deliverer_bridge_node-1] [INFO] [1785982746.043028288] [ue_object_deliverer_bridge_node]: Sent kinematic setpoint to UE5: bytes=426, payload={"Command_Type":"Kinematic_Setpoint","Delta_X_Cm":28.341779112815857,"Delta_Y_Cm":-0.2305421745404601,"Frame_ID":"ue_actor_local","Hold_Position":false,"Reason":"DECISION_VALID","Run_ID":"64B6916A44BFC514173CFD8FFD73CE39","Scene_Seed":230908,"Sequence":516,"Source_Frame_Index":1324,"Source_Model_Version":"safety_gate_v1","Source_Stamp_Us":132510727,"Stamp_Us":132510727,"Step_Dt":0.20000000298023224,"Valid":true}__OD_END__
[ue_object_deliverer_bridge_node-1] [INFO] [1785982746.340908960] [ue_object_deliverer_bridge_node]: kinematic setpoint received stamp=132810477 valid=1
[ue_object_deliverer_bridge_node-1] [INFO] [1785982746.641217856] [ue_object_deliverer_bridge_node]: kinematic setpoint received stamp=133110568 valid=1
[ue_object_deliverer_bridge_node-1] [INFO] [1785982746.942353984] [ue_object_deliverer_bridge_node]: kinematic setpoint received stamp=133411268 valid=1
[ue_object_deliverer_bridge_node-1] [INFO] [1785982747.241981216] [ue_object_deliverer_bridge_node]: kinematic setpoint received stamp=133709024 valid=1
[ue_object_deliverer_bridge_node-1] [INFO] [1785982747.242370816] [ue_object_deliverer_bridge_node]: Sent kinematic setpoint to UE5: bytes=426, payload={"Command_Type":"Kinematic_Setpoint","Delta_X_Cm":23.16277176141739,"Delta_Y_Cm":-0.33634533174335957,"Frame_ID":"ue_actor_local","Hold_Position":false,"Reason":"DECISION_VALID","Run_ID":"64B6916A44BFC514173CFD8FFD73CE39","Scene_Seed":230908,"Sequence":520,"Source_Frame_Index":1336,"Source_Model_Version":"safety_gate_v1","Source_Stamp_Us":133709024,"Stamp_Us":133709024,"Step_Dt":0.20000000298023224,"Valid":true}__OD_END__
[ue_object_deliverer_bridge_node-1] [INFO] [1785982747.481324032] [ue_object_deliverer_bridge_node]: kinematic setpoint received stamp=133709025 valid=1
[ue_object_deliverer_bridge_node-1] [INFO] [1785982747.725110176] [ue_object_deliverer_bridge_node]: kinematic setpoint received stamp=134211511 valid=1
[ue_object_deliverer_bridge_node-1] [INFO] [1785982748.028704416] [ue_object_deliverer_bridge_node]: kinematic setpoint received stamp=134511954 valid=1
[ue_object_deliverer_bridge_node-1] [INFO] [1785982748.379991328] [ue_object_deliverer_bridge_node]: kinematic setpoint received stamp=134807819 valid=1
[ue_object_deliverer_bridge_node-1] [INFO] [1785982748.380426528] [ue_object_deliverer_bridge_node]: Sent kinematic setpoint to UE5: bytes=426, payload={"Command_Type":"Kinematic_Setpoint","Delta_X_Cm":14.959704875946045,"Delta_Y_Cm":-0.7950697094202042,"Frame_ID":"ue_actor_local","Hold_Position":false,"Reason":"DECISION_VALID","Run_ID":"64B6916A44BFC514173CFD8FFD73CE39","Scene_Seed":230908,"Sequence":524,"Source_Frame_Index":1347,"Source_Model_Version":"safety_gate_v1","Source_Stamp_Us":134807819,"Stamp_Us":134807819,"Step_Dt":0.20000000298023224,"Valid":true}__OD_END__
[ue_object_deliverer_bridge_node-1] [INFO] [1785982748.629369600] [ue_object_deliverer_bridge_node]: kinematic setpoint received stamp=135107096 valid=1
[ue_object_deliverer_bridge_node-1] [INFO] [1785982748.831227488] [ue_object_deliverer_bridge_node]: kinematic setpoint received stamp=135310043 valid=1
[ue_object_deliverer_bridge_node-1] [INFO] [1785982749.125551424] [ue_object_deliverer_bridge_node]: kinematic setpoint received stamp=135609920 valid=1
[ue_object_deliverer_bridge_node-1] [INFO] [1785982749.326988128] [ue_object_deliverer_bridge_node]: kinematic setpoint received stamp=135811378 valid=1
[ue_object_deliverer_bridge_node-1] [INFO] [1785982749.642298624] [ue_object_deliverer_bridge_node]: kinematic setpoint received stamp=136110775 valid=1
[ue_object_deliverer_bridge_node-1] [INFO] [1785982749.642812608] [ue_object_deliverer_bridge_node]: Sent kinematic setpoint to UE5: bytes=426, payload={"Command_Type":"Kinematic_Setpoint","Delta_X_Cm":24.947991967201233,"Delta_Y_Cm":-1.0980677790939808,"Frame_ID":"ue_actor_local","Hold_Position":false,"Reason":"DECISION_VALID","Run_ID":"64B6916A44BFC514173CFD8FFD73CE39","Scene_Seed":230908,"Sequence":529,"Source_Frame_Index":1360,"Source_Model_Version":"safety_gate_v1","Source_Stamp_Us":136110775,"Stamp_Us":136110775,"Step_Dt":0.20000000298023224,"Valid":true}__OD_END__
[image_entity_perception-9] [INFO] [1785982749.811934016] [image_entity_perception]: PERCEPTION_PERF_TRACE frame_index=1362 count=1350 predict_ms=44.4 entities=4 valid=True
[temporal_entity_tracker-2] [INFO] [1785982749.812635872] [temporal_entity_tracker]: TRACK_TRACE frame_index=1362 count=1350 source_valid=True source_entities=4 visible_source=1
[ue_object_deliverer_bridge_node-1] [INFO] [1785982749.942007648] [ue_object_deliverer_bridge_node]: kinematic setpoint received stamp=136411884 valid=1
[ue_object_deliverer_bridge_node-1] [INFO] [1785982750.246896864] [ue_object_deliverer_bridge_node]: kinematic setpoint received stamp=136711130 valid=1
[ue_object_deliverer_bridge_node-1] [INFO] [1785982750.466224000] [ue_object_deliverer_bridge_node]: kinematic setpoint received stamp=136711131 valid=1
[ue_object_deliverer_bridge_node-1] [INFO] [1785982750.732547072] [ue_object_deliverer_bridge_node]: kinematic setpoint received stamp=137208962 valid=1
[ue_object_deliverer_bridge_node-1] [INFO] [1785982750.732924992] [ue_object_deliverer_bridge_node]: Sent kinematic setpoint to UE5: bytes=425, payload={"Command_Type":"Kinematic_Setpoint","Delta_X_Cm":2.442190982401371,"Delta_Y_Cm":-1.3162444345653057,"Frame_ID":"ue_actor_local","Hold_Position":false,"Reason":"DECISION_VALID","Run_ID":"64B6916A44BFC514173CFD8FFD73CE39","Scene_Seed":230908,"Sequence":533,"Source_Frame_Index":1371,"Source_Model_Version":"safety_gate_v1","Source_Stamp_Us":137208962,"Stamp_Us":137208962,"Step_Dt":0.20000000298023224,"Valid":true}__OD_END__
[ue_object_deliverer_bridge_node-1] [INFO] [1785982750.936580928] [ue_object_deliverer_bridge_node]: kinematic setpoint received stamp=137410828 valid=1
[ue_object_deliverer_bridge_node-1] [INFO] [1785982751.145703104] [ue_object_deliverer_bridge_node]: kinematic setpoint received stamp=137613006 valid=1
[ue_object_deliverer_bridge_node-1] [INFO] [1785982751.428175040] [ue_object_deliverer_bridge_node]: kinematic setpoint received stamp=137901488 valid=1
[ue_object_deliverer_bridge_node-1] [INFO] [1785982751.632033504] [ue_object_deliverer_bridge_node]: kinematic setpoint received stamp=138105424 valid=1
[ue_object_deliverer_bridge_node-1] [INFO] [1785982751.847855232] [ue_object_deliverer_bridge_node]: kinematic setpoint received stamp=138311823 valid=1
[ue_object_deliverer_bridge_node-1] [INFO] [1785982751.848239840] [ue_object_deliverer_bridge_node]: Sent kinematic setpoint to UE5: bytes=425, payload={"Command_Type":"Kinematic_Setpoint","Delta_X_Cm":21.80023342370987,"Delta_Y_Cm":-1.1589168570935726,"Frame_ID":"ue_actor_local","Hold_Position":false,"Reason":"DECISION_VALID","Run_ID":"64B6916A44BFC514173CFD8FFD73CE39","Scene_Seed":230908,"Sequence":538,"Source_Frame_Index":1382,"Source_Model_Version":"safety_gate_v1","Source_Stamp_Us":138311823,"Stamp_Us":138311823,"Step_Dt":0.20000000298023224,"Valid":true}__OD_END__
[ue_object_deliverer_bridge_node-1] [INFO] [1785982752.148947392] [ue_object_deliverer_bridge_node]: kinematic setpoint received stamp=138610753 valid=1
[ue_object_deliverer_bridge_node-1] [INFO] [1785982752.431190400] [ue_object_deliverer_bridge_node]: kinematic setpoint received stamp=138903412 valid=1
[ue_object_deliverer_bridge_node-1] [INFO] [1785982752.634852960] [ue_object_deliverer_bridge_node]: kinematic setpoint received stamp=139106265 valid=1
[ue_object_deliverer_bridge_node-1] [INFO] [1785982752.844214080] [ue_object_deliverer_bridge_node]: kinematic setpoint received stamp=139309425 valid=1
[ue_object_deliverer_bridge_node-1] [INFO] [1785982753.148822080] [ue_object_deliverer_bridge_node]: kinematic setpoint received stamp=139610391 valid=1
[ue_object_deliverer_bridge_node-1] [INFO] [1785982753.149211520] [ue_object_deliverer_bridge_node]: Sent kinematic setpoint to UE5: bytes=426, payload={"Command_Type":"Kinematic_Setpoint","Delta_X_Cm":23.871001601219177,"Delta_Y_Cm":-1.2288901954889297,"Frame_ID":"ue_actor_local","Hold_Position":false,"Reason":"DECISION_VALID","Run_ID":"64B6916A44BFC514173CFD8FFD73CE39","Scene_Seed":230908,"Sequence":543,"Source_Frame_Index":1395,"Source_Model_Version":"safety_gate_v1","Source_Stamp_Us":139610391,"Stamp_Us":139610391,"Step_Dt":0.20000000298023224,"Valid":true}__OD_END__
[ue_object_deliverer_bridge_node-1] [INFO] [1785982753.431741312] [ue_object_deliverer_bridge_node]: kinematic setpoint received stamp=139902118 valid=1
[ue_object_deliverer_bridge_node-1] [INFO] [1785982753.639470368] [ue_object_deliverer_bridge_node]: kinematic setpoint received stamp=140109278 valid=1
[ue_object_deliverer_bridge_node-1] [INFO] [1785982753.941280800] [ue_object_deliverer_bridge_node]: kinematic setpoint received stamp=140409252 valid=1
[ue_object_deliverer_bridge_node-1] [INFO] [1785982754.251600320] [ue_object_deliverer_bridge_node]: kinematic setpoint received stamp=140711371 valid=1
[ue_object_deliverer_bridge_node-1] [INFO] [1785982754.251997696] [ue_object_deliverer_bridge_node]: Sent kinematic setpoint to UE5: bytes=426, payload={"Command_Type":"Kinematic_Setpoint","Delta_X_Cm":12.688420712947845,"Delta_Y_Cm":-1.0663185268640518,"Frame_ID":"ue_actor_local","Hold_Position":false,"Reason":"DECISION_VALID","Run_ID":"64B6916A44BFC514173CFD8FFD73CE39","Scene_Seed":230908,"Sequence":547,"Source_Frame_Index":1406,"Source_Model_Version":"safety_gate_v1","Source_Stamp_Us":140711371,"Stamp_Us":140711371,"Step_Dt":0.20000000298023224,"Valid":true}__OD_END__
[ue_object_deliverer_bridge_node-1] [INFO] [1785982754.466047232] [ue_object_deliverer_bridge_node]: kinematic setpoint received stamp=140711372 valid=1
[ue_object_deliverer_bridge_node-1] [INFO] [1785982754.739491296] [ue_object_deliverer_bridge_node]: kinematic setpoint received stamp=141207915 valid=1
[image_entity_perception-9] [INFO] [1785982754.813489440] [image_entity_perception]: PERCEPTION_PERF_TRACE frame_index=1412 count=1400 predict_ms=45.1 entities=4 valid=True
[temporal_entity_tracker-2] [INFO] [1785982754.814370048] [temporal_entity_tracker]: TRACK_TRACE frame_index=1412 count=1400 source_valid=True source_entities=4 visible_source=1
[vla_policy-10] [INFO] [1785982754.819190304] [vla_policy]: ENT_IN_TRACE count=1400 frame_index=1412 valid=True detail=OK:selected=1;targets=1;risks=0;dropped=0
[ue_object_deliverer_bridge_node-1] [INFO] [1785982754.948340384] [ue_object_deliverer_bridge_node]: kinematic setpoint received stamp=141411983 valid=1
[ue_object_deliverer_bridge_node-1] [INFO] [1785982755.247270112] [ue_object_deliverer_bridge_node]: kinematic setpoint received stamp=141712771 valid=1
[ue_object_deliverer_bridge_node-1] [INFO] [1785982755.247667648] [ue_object_deliverer_bridge_node]: Sent kinematic setpoint to UE5: bytes=426, payload={"Command_Type":"Kinematic_Setpoint","Delta_X_Cm":-5.183349549770355,"Delta_Y_Cm":-2.6467926800251007,"Frame_ID":"ue_actor_local","Hold_Position":false,"Reason":"DECISION_VALID","Run_ID":"64B6916A44BFC514173CFD8FFD73CE39","Scene_Seed":230908,"Sequence":551,"Source_Frame_Index":1416,"Source_Model_Version":"safety_gate_v1","Source_Stamp_Us":141712771,"Stamp_Us":141712771,"Step_Dt":0.20000000298023224,"Valid":true}__OD_END__
[ue_object_deliverer_bridge_node-1] [INFO] [1785982755.477157856] [ue_object_deliverer_bridge_node]: kinematic setpoint received stamp=141712772 valid=1
[ue_object_deliverer_bridge_node-1] [INFO] [1785982755.725500640] [ue_object_deliverer_bridge_node]: kinematic setpoint received stamp=142203894 valid=1
[ue_object_deliverer_bridge_node-1] [INFO] [1785982755.931096832] [ue_object_deliverer_bridge_node]: kinematic setpoint received stamp=142404082 valid=1
[ue_object_deliverer_bridge_node-1] [INFO] [1785982756.229114944] [ue_object_deliverer_bridge_node]: kinematic setpoint received stamp=142704297 valid=1
[ue_object_deliverer_bridge_node-1] [INFO] [1785982756.440283456] [ue_object_deliverer_bridge_node]: kinematic setpoint received stamp=142911652 valid=1
[ue_object_deliverer_bridge_node-1] [INFO] [1785982756.440669184] [ue_object_deliverer_bridge_node]: Sent kinematic setpoint to UE5: bytes=426, payload={"Command_Type":"Kinematic_Setpoint","Delta_X_Cm":19.897131621837616,"Delta_Y_Cm":-1.6248075291514397,"Frame_ID":"ue_actor_local","Hold_Position":false,"Reason":"DECISION_VALID","Run_ID":"64B6916A44BFC514173CFD8FFD73CE39","Scene_Seed":230908,"Sequence":556,"Source_Frame_Index":1428,"Source_Model_Version":"safety_gate_v1","Source_Stamp_Us":142911652,"Stamp_Us":142911652,"Step_Dt":0.20000000298023224,"Valid":true}__OD_END__
[ue_object_deliverer_bridge_node-1] [INFO] [1785982756.744032512] [ue_object_deliverer_bridge_node]: kinematic setpoint received stamp=143211291 valid=1
[ue_object_deliverer_bridge_node-1] [INFO] [1785982757.044868864] [ue_object_deliverer_bridge_node]: kinematic setpoint received stamp=143513542 valid=1
[ue_object_deliverer_bridge_node-1] [INFO] [1785982757.326403616] [ue_object_deliverer_bridge_node]: kinematic setpoint received stamp=143800969 valid=1
[ue_object_deliverer_bridge_node-1] [INFO] [1785982757.535303712] [ue_object_deliverer_bridge_node]: kinematic setpoint received stamp=144004936 valid=1
[ue_object_deliverer_bridge_node-1] [INFO] [1785982757.535686560] [ue_object_deliverer_bridge_node]: Sent kinematic setpoint to UE5: bytes=426, payload={"Command_Type":"Kinematic_Setpoint","Delta_X_Cm":29.582613706588745,"Delta_Y_Cm":-1.5870139002799988,"Frame_ID":"ue_actor_local","Hold_Position":false,"Reason":"DECISION_VALID","Run_ID":"64B6916A44BFC514173CFD8FFD73CE39","Scene_Seed":230908,"Sequence":560,"Source_Frame_Index":1439,"Source_Model_Version":"safety_gate_v1","Source_Stamp_Us":144004936,"Stamp_Us":144004936,"Step_Dt":0.20000000298023224,"Valid":true}__OD_END__
[ue_object_deliverer_bridge_node-1] [INFO] [1785982757.742938240] [ue_object_deliverer_bridge_node]: kinematic setpoint received stamp=144210416 valid=1
[ue_object_deliverer_bridge_node-1] [INFO] [1785982758.044784832] [ue_object_deliverer_bridge_node]: kinematic setpoint received stamp=144510194 valid=1
[ue_object_deliverer_bridge_node-1] [INFO] [1785982758.412341888] [ue_object_deliverer_bridge_node]: kinematic setpoint received stamp=144810009 valid=1
[ue_object_deliverer_bridge_node-1] [INFO] [1785982758.625484000] [ue_object_deliverer_bridge_node]: kinematic setpoint received stamp=145105106 valid=1
[ue_object_deliverer_bridge_node-1] [INFO] [1785982758.625856640] [ue_object_deliverer_bridge_node]: Sent kinematic setpoint to UE5: bytes=426, payload={"Command_Type":"Kinematic_Setpoint","Delta_X_Cm":25.889119505882263,"Delta_Y_Cm":-1.1420735158026218,"Frame_ID":"ue_actor_local","Hold_Position":false,"Reason":"DECISION_VALID","Run_ID":"64B6916A44BFC514173CFD8FFD73CE39","Scene_Seed":230908,"Sequence":564,"Source_Frame_Index":1450,"Source_Model_Version":"safety_gate_v1","Source_Stamp_Us":145105106,"Stamp_Us":145105106,"Step_Dt":0.20000000298023224,"Valid":true}__OD_END__
[ue_object_deliverer_bridge_node-1] [INFO] [1785982758.840386432] [ue_object_deliverer_bridge_node]: kinematic setpoint received stamp=145311503 valid=1
[ue_object_deliverer_bridge_node-1] [INFO] [1785982759.142978656] [ue_object_deliverer_bridge_node]: kinematic setpoint received stamp=145607020 valid=1
[ue_object_deliverer_bridge_node-1] [INFO] [1785982759.345819200] [ue_object_deliverer_bridge_node]: kinematic setpoint received stamp=145812191 valid=1
[ue_object_deliverer_bridge_node-1] [INFO] [1785982759.637451424] [ue_object_deliverer_bridge_node]: kinematic setpoint received stamp=146102437 valid=1
[image_entity_perception-9] [INFO] [1785982759.814530400] [image_entity_perception]: PERCEPTION_PERF_TRACE frame_index=1462 count=1450 predict_ms=37.1 entities=4 valid=True
[temporal_entity_tracker-2] [INFO] [1785982759.814542880] [temporal_entity_tracker]: TRACK_TRACE frame_index=1462 count=1450 source_valid=True source_entities=4 visible_source=1
[ue_object_deliverer_bridge_node-1] [INFO] [1785982759.934096224] [ue_object_deliverer_bridge_node]: kinematic setpoint received stamp=146408478 valid=1
[ue_object_deliverer_bridge_node-1] [INFO] [1785982759.934459648] [ue_object_deliverer_bridge_node]: Sent kinematic setpoint to UE5: bytes=426, payload={"Command_Type":"Kinematic_Setpoint","Delta_X_Cm":14.294637739658356,"Delta_Y_Cm":-1.4886834658682346,"Frame_ID":"ue_actor_local","Hold_Position":false,"Reason":"DECISION_VALID","Run_ID":"64B6916A44BFC514173CFD8FFD73CE39","Scene_Seed":230908,"Sequence":569,"Source_Frame_Index":1463,"Source_Model_Version":"safety_gate_v1","Source_Stamp_Us":146408478,"Stamp_Us":146408478,"Step_Dt":0.20000000298023224,"Valid":true}__OD_END__
[ue_object_deliverer_bridge_node-1] [INFO] [1785982760.149514528] [ue_object_deliverer_bridge_node]: kinematic setpoint received stamp=146603433 valid=1
[ue_object_deliverer_bridge_node-1] [INFO] [1785982760.435354400] [ue_object_deliverer_bridge_node]: kinematic setpoint received stamp=146906281 valid=1
[ue_object_deliverer_bridge_node-1] [INFO] [1785982760.738905376] [ue_object_deliverer_bridge_node]: kinematic setpoint received stamp=147210974 valid=1
[ue_object_deliverer_bridge_node-1] [INFO] [1785982761.020930720] [ue_object_deliverer_bridge_node]: kinematic setpoint received stamp=147502964 valid=1
[ue_object_deliverer_bridge_node-1] [INFO] [1785982761.021511456] [ue_object_deliverer_bridge_node]: Sent kinematic setpoint to UE5: bytes=426, payload={"Command_Type":"Kinematic_Setpoint","Delta_X_Cm":-5.667470395565033,"Delta_Y_Cm":-1.6497869044542313,"Frame_ID":"ue_actor_local","Hold_Position":false,"Reason":"DECISION_VALID","Run_ID":"64B6916A44BFC514173CFD8FFD73CE39","Scene_Seed":230908,"Sequence":573,"Source_Frame_Index":1474,"Source_Model_Version":"safety_gate_v1","Source_Stamp_Us":147502964,"Stamp_Us":147502964,"Step_Dt":0.20000000298023224,"Valid":true}__OD_END__
[ue_object_deliverer_bridge_node-1] [INFO] [1785982761.232629600] [ue_object_deliverer_bridge_node]: kinematic setpoint received stamp=147709532 valid=1
[ue_object_deliverer_bridge_node-1] [INFO] [1785982761.471221184] [ue_object_deliverer_bridge_node]: kinematic setpoint received stamp=147709533 valid=1
[ue_object_deliverer_bridge_node-1] [INFO] [1785982761.725080768] [ue_object_deliverer_bridge_node]: kinematic setpoint received stamp=148212068 valid=1
[ue_object_deliverer_bridge_node-1] [INFO] [1785982762.016180928] [ue_object_deliverer_bridge_node]: kinematic setpoint received stamp=148502812 valid=1
[ue_object_deliverer_bridge_node-1] [INFO] [1785982762.219386528] [ue_object_deliverer_bridge_node]: kinematic setpoint received stamp=148707751 valid=1
[ue_object_deliverer_bridge_node-1] [INFO] [1785982762.219773408] [ue_object_deliverer_bridge_node]: Sent kinematic setpoint to UE5: bytes=426, payload={"Command_Type":"Kinematic_Setpoint","Delta_X_Cm":14.907866716384888,"Delta_Y_Cm":-1.3516811653971672,"Frame_ID":"ue_actor_local","Hold_Position":false,"Reason":"DECISION_VALID","Run_ID":"64B6916A44BFC514173CFD8FFD73CE39","Scene_Seed":230908,"Sequence":578,"Source_Frame_Index":1486,"Source_Model_Version":"safety_gate_v1","Source_Stamp_Us":148707751,"Stamp_Us":148707751,"Step_Dt":0.20000000298023224,"Valid":true}__OD_END__
[ue_object_deliverer_bridge_node-1] [INFO] [1785982762.464092224] [ue_object_deliverer_bridge_node]: kinematic setpoint received stamp=148707752 valid=1
[ue_object_deliverer_bridge_node-1] [INFO] [1785982762.709197056] [ue_object_deliverer_bridge_node]: kinematic setpoint received stamp=149201343 valid=1
[ue_object_deliverer_bridge_node-1] [INFO] [1785982762.928090240] [ue_object_deliverer_bridge_node]: kinematic setpoint received stamp=149407210 valid=1
[ue_object_deliverer_bridge_node-1] [INFO] [1785982763.222194688] [ue_object_deliverer_bridge_node]: kinematic setpoint received stamp=149707440 valid=1
[ue_object_deliverer_bridge_node-1] [INFO] [1785982763.442426848] [ue_object_deliverer_bridge_node]: kinematic setpoint received stamp=149911477 valid=1
[ue_object_deliverer_bridge_node-1] [INFO] [1785982763.442957440] [ue_object_deliverer_bridge_node]: Sent kinematic setpoint to UE5: bytes=425, payload={"Command_Type":"Kinematic_Setpoint","Delta_X_Cm":19.87054944038391,"Delta_Y_Cm":-1.9172174856066704,"Frame_ID":"ue_actor_local","Hold_Position":false,"Reason":"DECISION_VALID","Run_ID":"64B6916A44BFC514173CFD8FFD73CE39","Scene_Seed":230908,"Sequence":583,"Source_Frame_Index":1498,"Source_Model_Version":"safety_gate_v1","Source_Stamp_Us":149911477,"Stamp_Us":149911477,"Step_Dt":0.20000000298023224,"Valid":true}__OD_END__
[ue_object_deliverer_bridge_node-1] [INFO] [1785982763.677559232] [ue_object_deliverer_bridge_node]: kinematic setpoint received stamp=150105843 valid=1
[ue_object_deliverer_bridge_node-1] [INFO] [1785982763.931576320] [ue_object_deliverer_bridge_node]: kinematic setpoint received stamp=150413705 valid=1
[ue_object_deliverer_bridge_node-1] [INFO] [1785982764.138360288] [ue_object_deliverer_bridge_node]: kinematic setpoint received stamp=150609559 valid=1
[ue_object_deliverer_bridge_node-1] [INFO] [1785982764.422845728] [ue_object_deliverer_bridge_node]: kinematic setpoint received stamp=150903169 valid=1
[ue_object_deliverer_bridge_node-1] [INFO] [1785982764.621492160] [ue_object_deliverer_bridge_node]: kinematic setpoint received stamp=151106992 valid=1
[ue_object_deliverer_bridge_node-1] [INFO] [1785982764.621863456] [ue_object_deliverer_bridge_node]: Sent kinematic setpoint to UE5: bytes=426, payload={"Command_Type":"Kinematic_Setpoint","Delta_X_Cm":29.222846031188965,"Delta_Y_Cm":-2.1046534180641174,"Frame_ID":"ue_actor_local","Hold_Position":false,"Reason":"DECISION_VALID","Run_ID":"64B6916A44BFC514173CFD8FFD73CE39","Scene_Seed":230908,"Sequence":588,"Source_Frame_Index":1510,"Source_Model_Version":"safety_gate_v1","Source_Stamp_Us":151106992,"Stamp_Us":151106992,"Step_Dt":0.20000000298023224,"Valid":true}__OD_END__
[image_entity_perception-9] [INFO] [1785982764.826751296] [image_entity_perception]: PERCEPTION_PERF_TRACE frame_index=1512 count=1500 predict_ms=45.9 entities=4 valid=True
[temporal_entity_tracker-2] [INFO] [1785982764.827554432] [temporal_entity_tracker]: TRACK_TRACE frame_index=1512 count=1500 source_valid=True source_entities=4 visible_source=1
[vla_policy-10] [INFO] [1785982764.831861984] [vla_policy]: ENT_IN_TRACE count=1500 frame_index=1512 valid=True detail=OK:selected=1;targets=1;risks=0;dropped=0
[ue_object_deliverer_bridge_node-1] [INFO] [1785982764.844250272] [ue_object_deliverer_bridge_node]: kinematic setpoint received stamp=151310805 valid=1
[ue_object_deliverer_bridge_node-1] [INFO] [1785982765.138314912] [ue_object_deliverer_bridge_node]: kinematic setpoint received stamp=151612588 valid=1
[ue_object_deliverer_bridge_node-1] [INFO] [1785982765.443451680] [ue_object_deliverer_bridge_node]: kinematic setpoint received stamp=151911673 valid=1
[ue_object_deliverer_bridge_node-1] [INFO] [1785982765.728792896] [ue_object_deliverer_bridge_node]: kinematic setpoint received stamp=152204733 valid=1
[ue_object_deliverer_bridge_node-1] [INFO] [1785982765.729176384] [ue_object_deliverer_bridge_node]: Sent kinematic setpoint to UE5: bytes=425, payload={"Command_Type":"Kinematic_Setpoint","Delta_X_Cm":14.46133404970169,"Delta_Y_Cm":-1.6366653144359589,"Frame_ID":"ue_actor_local","Hold_Position":false,"Reason":"DECISION_VALID","Run_ID":"64B6916A44BFC514173CFD8FFD73CE39","Scene_Seed":230908,"Sequence":592,"Source_Frame_Index":1521,"Source_Model_Version":"safety_gate_v1","Source_Stamp_Us":152204733,"Stamp_Us":152204733,"Step_Dt":0.20000000298023224,"Valid":true}__OD_END__
[ue_object_deliverer_bridge_node-1] [INFO] [1785982765.943730272] [ue_object_deliverer_bridge_node]: kinematic setpoint received stamp=152410137 valid=1
[ue_object_deliverer_bridge_node-1] [INFO] [1785982766.240594304] [ue_object_deliverer_bridge_node]: kinematic setpoint received stamp=152708617 valid=1
[ue_object_deliverer_bridge_node-1] [INFO] [1785982766.443793568] [ue_object_deliverer_bridge_node]: kinematic setpoint received stamp=152911986 valid=1
[ue_object_deliverer_bridge_node-1] [INFO] [1785982766.732308384] [ue_object_deliverer_bridge_node]: kinematic setpoint received stamp=153203586 valid=1
[ue_object_deliverer_bridge_node-1] [INFO] [1785982766.935483456] [ue_object_deliverer_bridge_node]: kinematic setpoint received stamp=153406977 valid=1
[ue_object_deliverer_bridge_node-1] [INFO] [1785982766.935840960] [ue_object_deliverer_bridge_node]: Sent kinematic setpoint to UE5: bytes=426, payload={"Command_Type":"Kinematic_Setpoint","Delta_X_Cm":17.186729609966278,"Delta_Y_Cm":-1.2567657977342606,"Frame_ID":"ue_actor_local","Hold_Position":false,"Reason":"DECISION_VALID","Run_ID":"64B6916A44BFC514173CFD8FFD73CE39","Scene_Seed":230908,"Sequence":597,"Source_Frame_Index":1533,"Source_Model_Version":"safety_gate_v1","Source_Stamp_Us":153406977,"Stamp_Us":153406977,"Step_Dt":0.20000000298023224,"Valid":true}__OD_END__
[ue_object_deliverer_bridge_node-1] [INFO] [1785982767.146041760] [ue_object_deliverer_bridge_node]: kinematic setpoint received stamp=153610381 valid=1
[vla_policy-10] [INFO] [1785982767.442386688] [vla_policy]: POLICY_AUDIT trigger=periodic events=600 policy_driven=593 backstop=7 hold=0 fail_closed=0 policy_stop=0 guard_reason=policy_driven raw_dx=0.114358 raw_dy=0.016652 guarded_dx=0.114358 guarded_dy=0.016652 final_dx=0.171887 final_dy=0.014839
[ue_object_deliverer_bridge_node-1] [INFO] [1785982767.445419168] [ue_object_deliverer_bridge_node]: kinematic setpoint received stamp=153911855 valid=1
[ue_object_deliverer_bridge_node-1] [INFO] [1785982767.737387648] [ue_object_deliverer_bridge_node]: kinematic setpoint received stamp=154210326 valid=1
[ue_object_deliverer_bridge_node-1] [INFO] [1785982768.032906496] [ue_object_deliverer_bridge_node]: kinematic setpoint received stamp=154510017 valid=1
[ue_object_deliverer_bridge_node-1] [INFO] [1785982768.033302144] [ue_object_deliverer_bridge_node]: Sent kinematic setpoint to UE5: bytes=424, payload={"Command_Type":"Kinematic_Setpoint","Delta_X_Cm":7.191413640975952,"Delta_Y_Cm":-1.253797486424446,"Frame_ID":"ue_actor_local","Hold_Position":false,"Reason":"DECISION_VALID","Run_ID":"64B6916A44BFC514173CFD8FFD73CE39","Scene_Seed":230908,"Sequence":601,"Source_Frame_Index":1544,"Source_Model_Version":"safety_gate_v1","Source_Stamp_Us":154510017,"Stamp_Us":154510017,"Step_Dt":0.20000000298023224,"Valid":true}__OD_END__
[ue_object_deliverer_bridge_node-1] [INFO] [1785982768.330305664] [ue_object_deliverer_bridge_node]: kinematic setpoint received stamp=154812317 valid=1
[ue_object_deliverer_bridge_node-1] [INFO] [1785982768.632360480] [ue_object_deliverer_bridge_node]: kinematic setpoint received stamp=155111740 valid=1
[ue_object_deliverer_bridge_node-1] [INFO] [1785982768.930216448] [ue_object_deliverer_bridge_node]: kinematic setpoint received stamp=155409476 valid=1
[ue_object_deliverer_bridge_node-1] [INFO] [1785982769.225552480] [ue_object_deliverer_bridge_node]: kinematic setpoint received stamp=155707245 valid=1
[ue_object_deliverer_bridge_node-1] [INFO] [1785982769.225951232] [ue_object_deliverer_bridge_node]: Sent kinematic setpoint to UE5: bytes=425, payload={"Command_Type":"Kinematic_Setpoint","Delta_X_Cm":18.34156960248947,"Delta_Y_Cm":-1.6415387392044067,"Frame_ID":"ue_actor_local","Hold_Position":false,"Reason":"DECISION_VALID","Run_ID":"64B6916A44BFC514173CFD8FFD73CE39","Scene_Seed":230908,"Sequence":605,"Source_Frame_Index":1556,"Source_Model_Version":"safety_gate_v1","Source_Stamp_Us":155707245,"Stamp_Us":155707245,"Step_Dt":0.20000000298023224,"Valid":true}__OD_END__
[ue_object_deliverer_bridge_node-1] [INFO] [1785982769.429370624] [ue_object_deliverer_bridge_node]: kinematic setpoint received stamp=155912445 valid=1
[ue_object_deliverer_bridge_node-1] [INFO] [1785982769.714588416] [ue_object_deliverer_bridge_node]: kinematic setpoint received stamp=156204328 valid=1
[temporal_entity_tracker-2] [INFO] [1785982769.824822144] [temporal_entity_tracker]: TRACK_TRACE frame_index=1562 count=1550 source_valid=True source_entities=4 visible_source=1
[image_entity_perception-9] [INFO] [1785982769.825270592] [image_entity_perception]: PERCEPTION_PERF_TRACE frame_index=1562 count=1550 predict_ms=45.0 entities=4 valid=True
[ue_object_deliverer_bridge_node-1] [INFO] [1785982769.931566848] [ue_object_deliverer_bridge_node]: kinematic setpoint received stamp=156408181 valid=1
[ue_object_deliverer_bridge_node-1] [INFO] [1785982770.138514848] [ue_object_deliverer_bridge_node]: kinematic setpoint received stamp=156611748 valid=1
[ue_object_deliverer_bridge_node-1] [INFO] [1785982770.445029088] [ue_object_deliverer_bridge_node]: kinematic setpoint received stamp=156913133 valid=1
[ue_object_deliverer_bridge_node-1] [INFO] [1785982770.445401216] [ue_object_deliverer_bridge_node]: Sent kinematic setpoint to UE5: bytes=424, payload={"Command_Type":"Kinematic_Setpoint","Delta_X_Cm":22.00625091791153,"Delta_Y_Cm":-2.070203423500061,"Frame_ID":"ue_actor_local","Hold_Position":false,"Reason":"DECISION_VALID","Run_ID":"64B6916A44BFC514173CFD8FFD73CE39","Scene_Seed":230908,"Sequence":610,"Source_Frame_Index":1568,"Source_Model_Version":"safety_gate_v1","Source_Stamp_Us":156913133,"Stamp_Us":156913133,"Step_Dt":0.20000000298023224,"Valid":true}__OD_END__
[ue_object_deliverer_bridge_node-1] [INFO] [1785982770.743091968] [ue_object_deliverer_bridge_node]: kinematic setpoint received stamp=157212441 valid=1
[ue_object_deliverer_bridge_node-1] [INFO] [1785982771.031890176] [ue_object_deliverer_bridge_node]: kinematic setpoint received stamp=157501242 valid=1
[ue_object_deliverer_bridge_node-1] [INFO] [1785982771.230265184] [ue_object_deliverer_bridge_node]: kinematic setpoint received stamp=157703663 valid=1
[ue_object_deliverer_bridge_node-1] [INFO] [1785982771.437775584] [ue_object_deliverer_bridge_node]: kinematic setpoint received stamp=157907819 valid=1
[ue_object_deliverer_bridge_node-1] [INFO] [1785982771.716919616] [ue_object_deliverer_bridge_node]: kinematic setpoint received stamp=158101099 valid=1
[ue_object_deliverer_bridge_node-1] [INFO] [1785982771.717326912] [ue_object_deliverer_bridge_node]: Sent kinematic setpoint to UE5: bytes=426, payload={"Command_Type":"Kinematic_Setpoint","Delta_X_Cm":2.955979108810425,"Delta_Y_Cm":-0.44951625168323517,"Frame_ID":"ue_actor_local","Hold_Position":false,"Reason":"DECISION_VALID","Run_ID":"64B6916A44BFC514173CFD8FFD73CE39","Scene_Seed":230908,"Sequence":615,"Source_Frame_Index":1580,"Source_Model_Version":"safety_gate_v1","Source_Stamp_Us":158101099,"Stamp_Us":158101099,"Step_Dt":0.20000000298023224,"Valid":true}__OD_END__
[ue_object_deliverer_bridge_node-1] [INFO] [1785982771.920471424] [ue_object_deliverer_bridge_node]: kinematic setpoint received stamp=158405343 valid=1
[ue_object_deliverer_bridge_node-1] [INFO] [1785982772.136036768] [ue_object_deliverer_bridge_node]: kinematic setpoint received stamp=158609222 valid=1
[ue_object_deliverer_bridge_node-1] [INFO] [1785982772.422595328] [ue_object_deliverer_bridge_node]: kinematic setpoint received stamp=158907112 valid=1
[ue_object_deliverer_bridge_node-1] [INFO] [1785982772.626031904] [ue_object_deliverer_bridge_node]: kinematic setpoint received stamp=159110085 valid=1
[ue_object_deliverer_bridge_node-1] [INFO] [1785982772.922370272] [ue_object_deliverer_bridge_node]: kinematic setpoint received stamp=159408185 valid=1
[ue_object_deliverer_bridge_node-1] [INFO] [1785982772.922736896] [ue_object_deliverer_bridge_node]: Sent kinematic setpoint to UE5: bytes=424, payload={"Command_Type":"Kinematic_Setpoint","Delta_X_Cm":7.948443293571472,"Delta_Y_Cm":-4.172028973698616,"Frame_ID":"ue_actor_local","Hold_Position":false,"Reason":"DECISION_VALID","Run_ID":"64B6916A44BFC514173CFD8FFD73CE39","Scene_Seed":230908,"Sequence":620,"Source_Frame_Index":1593,"Source_Model_Version":"safety_gate_v1","Source_Stamp_Us":159408185,"Stamp_Us":159408185,"Step_Dt":0.20000000298023224,"Valid":true}__OD_END__
[ue_object_deliverer_bridge_node-1] [INFO] [1785982773.137655616] [ue_object_deliverer_bridge_node]: kinematic setpoint received stamp=159612751 valid=1
[ue_object_deliverer_bridge_node-1] [INFO] [1785982773.442880000] [ue_object_deliverer_bridge_node]: kinematic setpoint received stamp=159911595 valid=1
[ue_object_deliverer_bridge_node-1] [INFO] [1785982773.646409152] [ue_object_deliverer_bridge_node]: kinematic setpoint received stamp=160113026 valid=1
[ue_object_deliverer_bridge_node-1] [INFO] [1785982773.943579488] [ue_object_deliverer_bridge_node]: kinematic setpoint received stamp=160411499 valid=1
[ue_object_deliverer_bridge_node-1] [INFO] [1785982773.943956992] [ue_object_deliverer_bridge_node]: Sent kinematic setpoint to UE5: bytes=426, payload={"Command_Type":"Kinematic_Setpoint","Delta_X_Cm":27.613306045532227,"Delta_Y_Cm":-0.9690661914646626,"Frame_ID":"ue_actor_local","Hold_Position":false,"Reason":"DECISION_VALID","Run_ID":"64B6916A44BFC514173CFD8FFD73CE39","Scene_Seed":230908,"Sequence":624,"Source_Frame_Index":1603,"Source_Model_Version":"safety_gate_v1","Source_Stamp_Us":160411499,"Stamp_Us":160411499,"Step_Dt":0.20000000298023224,"Valid":true}__OD_END__
[ue_object_deliverer_bridge_node-1] [INFO] [1785982774.233002208] [ue_object_deliverer_bridge_node]: kinematic setpoint received stamp=160708981 valid=1
[ue_object_deliverer_bridge_node-1] [INFO] [1785982774.441205920] [ue_object_deliverer_bridge_node]: kinematic setpoint received stamp=160912206 valid=1
[ue_object_deliverer_bridge_node-1] [INFO] [1785982774.729471040] [ue_object_deliverer_bridge_node]: kinematic setpoint received stamp=161201914 valid=1
[image_entity_perception-9] [INFO] [1785982774.815034624] [image_entity_perception]: PERCEPTION_PERF_TRACE frame_index=1612 count=1600 predict_ms=34.9 entities=4 valid=True
[temporal_entity_tracker-2] [INFO] [1785982774.815587904] [temporal_entity_tracker]: TRACK_TRACE frame_index=1612 count=1600 source_valid=True source_entities=4 visible_source=1
[vla_policy-10] [INFO] [1785982774.819458592] [vla_policy]: ENT_IN_TRACE count=1600 frame_index=1612 valid=True detail=OK:selected=1;targets=1;risks=0;dropped=0
[ue_object_deliverer_bridge_node-1] [INFO] [1785982774.933095168] [ue_object_deliverer_bridge_node]: kinematic setpoint received stamp=161407027 valid=1
[ue_object_deliverer_bridge_node-1] [INFO] [1785982775.137239072] [ue_object_deliverer_bridge_node]: kinematic setpoint received stamp=161610137 valid=1
[ue_object_deliverer_bridge_node-1] [INFO] [1785982775.137629856] [ue_object_deliverer_bridge_node]: Sent kinematic setpoint to UE5: bytes=425, payload={"Command_Type":"Kinematic_Setpoint","Delta_X_Cm":27.40475833415985,"Delta_Y_Cm":-0.5521070212125778,"Frame_ID":"ue_actor_local","Hold_Position":false,"Reason":"DECISION_VALID","Run_ID":"64B6916A44BFC514173CFD8FFD73CE39","Scene_Seed":230908,"Sequence":629,"Source_Frame_Index":1615,"Source_Model_Version":"safety_gate_v1","Source_Stamp_Us":161610137,"Stamp_Us":161610137,"Step_Dt":0.20000000298023224,"Valid":true}__OD_END__
[ue_object_deliverer_bridge_node-1] [INFO] [1785982775.429416864] [ue_object_deliverer_bridge_node]: kinematic setpoint received stamp=161910278 valid=1
[ue_object_deliverer_bridge_node-1] [INFO] [1785982775.641542592] [ue_object_deliverer_bridge_node]: kinematic setpoint received stamp=162113509 valid=1
[ue_object_deliverer_bridge_node-1] [INFO] [1785982775.928040928] [ue_object_deliverer_bridge_node]: kinematic setpoint received stamp=162401642 valid=1
[ue_object_deliverer_bridge_node-1] [INFO] [1785982776.136228768] [ue_object_deliverer_bridge_node]: kinematic setpoint received stamp=162607471 valid=1
[ue_object_deliverer_bridge_node-1] [INFO] [1785982776.431729152] [ue_object_deliverer_bridge_node]: kinematic setpoint received stamp=162901985 valid=1
[ue_object_deliverer_bridge_node-1] [INFO] [1785982776.432125824] [ue_object_deliverer_bridge_node]: Sent kinematic setpoint to UE5: bytes=426, payload={"Command_Type":"Kinematic_Setpoint","Delta_X_Cm":13.91322910785675,"Delta_Y_Cm":-0.26978703681379557,"Frame_ID":"ue_actor_local","Hold_Position":false,"Reason":"DECISION_VALID","Run_ID":"64B6916A44BFC514173CFD8FFD73CE39","Scene_Seed":230908,"Sequence":634,"Source_Frame_Index":1628,"Source_Model_Version":"safety_gate_v1","Source_Stamp_Us":162901985,"Stamp_Us":162901985,"Step_Dt":0.20000000298023224,"Valid":true}__OD_END__
[ue_object_deliverer_bridge_node-1] [INFO] [1785982776.636268288] [ue_object_deliverer_bridge_node]: kinematic setpoint received stamp=163109314 valid=1
[ue_object_deliverer_bridge_node-1] [INFO] [1785982776.931421696] [ue_object_deliverer_bridge_node]: kinematic setpoint received stamp=163402654 valid=1
[ue_object_deliverer_bridge_node-1] [INFO] [1785982777.140971168] [ue_object_deliverer_bridge_node]: kinematic setpoint received stamp=163606196 valid=1
[ue_object_deliverer_bridge_node-1] [INFO] [1785982777.426280864] [ue_object_deliverer_bridge_node]: kinematic setpoint received stamp=163901529 valid=1
[ue_object_deliverer_bridge_node-1] [INFO] [1785982777.632635264] [ue_object_deliverer_bridge_node]: kinematic setpoint received stamp=164104305 valid=1
[ue_object_deliverer_bridge_node-1] [INFO] [1785982777.633009184] [ue_object_deliverer_bridge_node]: Sent kinematic setpoint to UE5: bytes=426, payload={"Command_Type":"Kinematic_Setpoint","Delta_X_Cm":-4.924421384930611,"Delta_Y_Cm":-1.2316850945353508,"Frame_ID":"ue_actor_local","Hold_Position":false,"Reason":"DECISION_VALID","Run_ID":"64B6916A44BFC514173CFD8FFD73CE39","Scene_Seed":230908,"Sequence":639,"Source_Frame_Index":1640,"Source_Model_Version":"safety_gate_v1","Source_Stamp_Us":164104305,"Stamp_Us":164104305,"Step_Dt":0.20000000298023224,"Valid":true}__OD_END__
[ue_object_deliverer_bridge_node-1] [INFO] [1785982777.843063456] [ue_object_deliverer_bridge_node]: kinematic setpoint received stamp=164309128 valid=1
[ue_object_deliverer_bridge_node-1] [INFO] [1785982778.135555200] [ue_object_deliverer_bridge_node]: kinematic setpoint received stamp=164609510 valid=1
[ue_object_deliverer_bridge_node-1] [INFO] [1785982778.447281888] [ue_object_deliverer_bridge_node]: kinematic setpoint received stamp=164911571 valid=1
[ue_object_deliverer_bridge_node-1] [INFO] [1785982778.729936608] [ue_object_deliverer_bridge_node]: kinematic setpoint received stamp=165204634 valid=1
[ue_object_deliverer_bridge_node-1] [INFO] [1785982778.730329792] [ue_object_deliverer_bridge_node]: Sent kinematic setpoint to UE5: bytes=424, payload={"Command_Type":"Kinematic_Setpoint","Delta_X_Cm":4.377246648073196,"Delta_Y_Cm":-4.756760224699974,"Frame_ID":"ue_actor_local","Hold_Position":false,"Reason":"DECISION_VALID","Run_ID":"64B6916A44BFC514173CFD8FFD73CE39","Scene_Seed":230908,"Sequence":643,"Source_Frame_Index":1651,"Source_Model_Version":"safety_gate_v1","Source_Stamp_Us":165204634,"Stamp_Us":165204634,"Step_Dt":0.20000000298023224,"Valid":true}__OD_END__
[ue_object_deliverer_bridge_node-1] [INFO] [1785982778.932065760] [ue_object_deliverer_bridge_node]: kinematic setpoint received stamp=165406838 valid=1
[ue_object_deliverer_bridge_node-1] [INFO] [1785982779.141698592] [ue_object_deliverer_bridge_node]: kinematic setpoint received stamp=165612115 valid=1
[ue_object_deliverer_bridge_node-1] [INFO] [1785982779.427698688] [ue_object_deliverer_bridge_node]: kinematic setpoint received stamp=165903981 valid=1
[ue_object_deliverer_bridge_node-1] [INFO] [1785982779.633418304] [ue_object_deliverer_bridge_node]: kinematic setpoint received stamp=166105974 valid=1
[temporal_entity_tracker-2] [INFO] [1785982779.813746784] [temporal_entity_tracker]: TRACK_TRACE frame_index=1662 count=1650 source_valid=True source_entities=4 visible_source=1
[image_entity_perception-9] [INFO] [1785982779.816008064] [image_entity_perception]: PERCEPTION_PERF_TRACE frame_index=1662 count=1650 predict_ms=42.0 entities=4 valid=True
[ue_object_deliverer_bridge_node-1] [INFO] [1785982779.939244704] [ue_object_deliverer_bridge_node]: kinematic setpoint received stamp=166412043 valid=1
[ue_object_deliverer_bridge_node-1] [INFO] [1785982779.939779072] [ue_object_deliverer_bridge_node]: Sent kinematic setpoint to UE5: bytes=427, payload={"Command_Type":"Kinematic_Setpoint","Delta_X_Cm":28.755855560302734,"Delta_Y_Cm":0.032670958898961544,"Frame_ID":"ue_actor_local","Hold_Position":false,"Reason":"DECISION_VALID","Run_ID":"64B6916A44BFC514173CFD8FFD73CE39","Scene_Seed":230908,"Sequence":648,"Source_Frame_Index":1663,"Source_Model_Version":"safety_gate_v1","Source_Stamp_Us":166412043,"Stamp_Us":166412043,"Step_Dt":0.20000000298023224,"Valid":true}__OD_END__
[ue_object_deliverer_bridge_node-1] [INFO] [1785982780.232226080] [ue_object_deliverer_bridge_node]: kinematic setpoint received stamp=166703141 valid=1
[ue_object_deliverer_bridge_node-1] [INFO] [1785982780.434142272] [ue_object_deliverer_bridge_node]: kinematic setpoint received stamp=166907873 valid=1
[ue_object_deliverer_bridge_node-1] [INFO] [1785982780.725344288] [ue_object_deliverer_bridge_node]: kinematic setpoint received stamp=167208339 valid=1
[ue_object_deliverer_bridge_node-1] [INFO] [1785982780.934937952] [ue_object_deliverer_bridge_node]: kinematic setpoint received stamp=167412542 valid=1
[ue_object_deliverer_bridge_node-1] [INFO] [1785982780.935289888] [ue_object_deliverer_bridge_node]: Sent kinematic setpoint to UE5: bytes=425, payload={"Command_Type":"Kinematic_Setpoint","Delta_X_Cm":29.533717036247253,"Delta_Y_Cm":0.1541490899398923,"Frame_ID":"ue_actor_local","Hold_Position":false,"Reason":"DECISION_VALID","Run_ID":"64B6916A44BFC514173CFD8FFD73CE39","Scene_Seed":230908,"Sequence":652,"Source_Frame_Index":1673,"Source_Model_Version":"safety_gate_v1","Source_Stamp_Us":167412542,"Stamp_Us":167412542,"Step_Dt":0.20000000298023224,"Valid":true}__OD_END__
[ue_object_deliverer_bridge_node-1] [INFO] [1785982781.244717760] [ue_object_deliverer_bridge_node]: kinematic setpoint received stamp=167709857 valid=1
[ue_object_deliverer_bridge_node-1] [INFO] [1785982781.472349504] [ue_object_deliverer_bridge_node]: kinematic setpoint received stamp=167709858 valid=1
[ue_object_deliverer_bridge_node-1] [INFO] [1785982781.732248512] [ue_object_deliverer_bridge_node]: kinematic setpoint received stamp=168205573 valid=1
[ue_object_deliverer_bridge_node-1] [INFO] [1785982781.945057696] [ue_object_deliverer_bridge_node]: kinematic setpoint received stamp=168408637 valid=1
[ue_object_deliverer_bridge_node-1] [INFO] [1785982782.227283872] [ue_object_deliverer_bridge_node]: kinematic setpoint received stamp=168712622 valid=1
[ue_object_deliverer_bridge_node-1] [INFO] [1785982782.227662592] [ue_object_deliverer_bridge_node]: Sent kinematic setpoint to UE5: bytes=427, payload={"Command_Type":"Kinematic_Setpoint","Delta_X_Cm":14.971393346786499,"Delta_Y_Cm":-0.11052920017391443,"Frame_ID":"ue_actor_local","Hold_Position":false,"Reason":"DECISION_VALID","Run_ID":"64B6916A44BFC514173CFD8FFD73CE39","Scene_Seed":230908,"Sequence":657,"Source_Frame_Index":1686,"Source_Model_Version":"safety_gate_v1","Source_Stamp_Us":168712622,"Stamp_Us":168712622,"Step_Dt":0.20000000298023224,"Valid":true}__OD_END__
[ue_object_deliverer_bridge_node-1] [INFO] [1785982782.472650272] [ue_object_deliverer_bridge_node]: kinematic setpoint received stamp=168712623 valid=1
[ue_object_deliverer_bridge_node-1] [INFO] [1785982782.736847648] [ue_object_deliverer_bridge_node]: kinematic setpoint received stamp=169209772 valid=1
[ue_object_deliverer_bridge_node-1] [INFO] [1785982782.939900384] [ue_object_deliverer_bridge_node]: kinematic setpoint received stamp=169412413 valid=1
[ue_object_deliverer_bridge_node-1] [INFO] [1785982783.238065152] [ue_object_deliverer_bridge_node]: kinematic setpoint received stamp=169708072 valid=1
[ue_object_deliverer_bridge_node-1] [INFO] [1785982783.467064096] [ue_object_deliverer_bridge_node]: kinematic setpoint received stamp=169708073 valid=1
[ue_object_deliverer_bridge_node-1] [INFO] [1785982783.467457920] [ue_object_deliverer_bridge_node]: Sent kinematic setpoint to UE5: bytes=426, payload={"Command_Type":"Kinematic_Setpoint","Delta_X_Cm":4.999509826302528,"Delta_Y_Cm":-0.07000259356573224,"Frame_ID":"ue_actor_local","Hold_Position":false,"Reason":"DECISION_VALID","Run_ID":"64B6916A44BFC514173CFD8FFD73CE39","Scene_Seed":230908,"Sequence":662,"Source_Frame_Index":1649,"Source_Model_Version":"safety_gate_v1","Source_Stamp_Us":169708073,"Stamp_Us":169708073,"Step_Dt":0.20000000298023224,"Valid":true}__OD_END__
[ue_object_deliverer_bridge_node-1] [INFO] [1785982783.740911200] [ue_object_deliverer_bridge_node]: kinematic setpoint received stamp=170209710 valid=1
[ue_object_deliverer_bridge_node-1] [INFO] [1785982784.026824832] [ue_object_deliverer_bridge_node]: kinematic setpoint received stamp=170500912 valid=1
[ue_object_deliverer_bridge_node-1] [INFO] [1785982784.240109184] [ue_object_deliverer_bridge_node]: kinematic setpoint received stamp=170711479 valid=1
[ue_object_deliverer_bridge_node-1] [INFO] [1785982784.477395104] [ue_object_deliverer_bridge_node]: kinematic setpoint received stamp=170711480 valid=1
[ue_object_deliverer_bridge_node-1] [INFO] [1785982784.477778880] [ue_object_deliverer_bridge_node]: Sent kinematic setpoint to UE5: bytes=425, payload={"Command_Type":"Kinematic_Setpoint","Delta_X_Cm":4.998795315623283,"Delta_Y_Cm":0.10975503828376532,"Frame_ID":"ue_actor_local","Hold_Position":false,"Reason":"DECISION_VALID","Run_ID":"64B6916A44BFC514173CFD8FFD73CE39","Scene_Seed":230908,"Sequence":666,"Source_Frame_Index":1659,"Source_Model_Version":"safety_gate_v1","Source_Stamp_Us":170711480,"Stamp_Us":170711480,"Step_Dt":0.20000000298023224,"Valid":true}__OD_END__
[ue_object_deliverer_bridge_node-1] [INFO] [1785982784.725443968] [ue_object_deliverer_bridge_node]: kinematic setpoint received stamp=171205562 valid=1
[image_entity_perception-9] [INFO] [1785982784.821090560] [image_entity_perception]: PERCEPTION_PERF_TRACE frame_index=1712 count=1700 predict_ms=41.6 entities=4 valid=True
[temporal_entity_tracker-2] [INFO] [1785982784.822093248] [temporal_entity_tracker]: TRACK_TRACE frame_index=1712 count=1700 source_valid=True source_entities=4 visible_source=1
[vla_policy-10] [INFO] [1785982784.826408800] [vla_policy]: ENT_IN_TRACE count=1700 frame_index=1712 valid=True detail=OK:selected=1;targets=1;risks=0;dropped=0
[ue_object_deliverer_bridge_node-1] [INFO] [1785982784.937400768] [ue_object_deliverer_bridge_node]: kinematic setpoint received stamp=171410200 valid=1
[ue_object_deliverer_bridge_node-1] [INFO] [1785982785.243001728] [ue_object_deliverer_bridge_node]: kinematic setpoint received stamp=171711519 valid=1
[ue_object_deliverer_bridge_node-1] [INFO] [1785982785.472416512] [ue_object_deliverer_bridge_node]: kinematic setpoint received stamp=171711520 valid=1
[ue_object_deliverer_bridge_node-1] [INFO] [1785982785.715555456] [ue_object_deliverer_bridge_node]: kinematic setpoint received stamp=172203321 valid=1
[ue_object_deliverer_bridge_node-1] [INFO] [1785982785.715942048] [ue_object_deliverer_bridge_node]: Sent kinematic setpoint to UE5: bytes=426, payload={"Command_Type":"Kinematic_Setpoint","Delta_X_Cm":4.999861121177673,"Delta_Y_Cm":0.037243912811391056,"Frame_ID":"ue_actor_local","Hold_Position":false,"Reason":"DECISION_VALID","Run_ID":"64B6916A44BFC514173CFD8FFD73CE39","Scene_Seed":230908,"Sequence":671,"Source_Frame_Index":1721,"Source_Model_Version":"safety_gate_v1","Source_Stamp_Us":172203321,"Stamp_Us":172203321,"Step_Dt":0.20000000298023224,"Valid":true}__OD_END__
[ue_object_deliverer_bridge_node-1] [INFO] [1785982785.929842336] [ue_object_deliverer_bridge_node]: kinematic setpoint received stamp=172408846 valid=1
[ue_object_deliverer_bridge_node-1] [INFO] [1785982786.216549056] [ue_object_deliverer_bridge_node]: kinematic setpoint received stamp=172701382 valid=1
[ue_object_deliverer_bridge_node-1] [INFO] [1785982786.414070720] [ue_object_deliverer_bridge_node]: kinematic setpoint received stamp=172904622 valid=1
[ue_object_deliverer_bridge_node-1] [INFO] [1785982786.619507872] [ue_object_deliverer_bridge_node]: kinematic setpoint received stamp=173107092 valid=1
[ue_object_deliverer_bridge_node-1] [INFO] [1785982786.823740640] [ue_object_deliverer_bridge_node]: kinematic setpoint received stamp=173312060 valid=1
[ue_object_deliverer_bridge_node-1] [INFO] [1785982786.824127072] [ue_object_deliverer_bridge_node]: Sent kinematic setpoint to UE5: bytes=427, payload={"Command_Type":"Kinematic_Setpoint","Delta_X_Cm":29.951003193855286,"Delta_Y_Cm":-0.02410916640656069,"Frame_ID":"ue_actor_local","Hold_Position":false,"Reason":"DECISION_VALID","Run_ID":"64B6916A44BFC514173CFD8FFD73CE39","Scene_Seed":230908,"Sequence":676,"Source_Frame_Index":1732,"Source_Model_Version":"safety_gate_v1","Source_Stamp_Us":173312060,"Stamp_Us":173312060,"Step_Dt":0.20000000298023224,"Valid":true}__OD_END__
[ue_object_deliverer_bridge_node-1] [INFO] [1785982787.127342688] [ue_object_deliverer_bridge_node]: kinematic setpoint received stamp=173612051 valid=1
[ue_object_deliverer_bridge_node-1] [INFO] [1785982787.408569472] [ue_object_deliverer_bridge_node]: kinematic setpoint received stamp=173900581 valid=1
[ue_object_deliverer_bridge_node-1] [INFO] [1785982787.621177216] [ue_object_deliverer_bridge_node]: kinematic setpoint received stamp=174105600 valid=1
[ue_object_deliverer_bridge_node-1] [INFO] [1785982787.930271264] [ue_object_deliverer_bridge_node]: kinematic setpoint received stamp=174411074 valid=1
[ue_object_deliverer_bridge_node-1] [INFO] [1785982787.930656192] [ue_object_deliverer_bridge_node]: Sent kinematic setpoint to UE5: bytes=425, payload={"Command_Type":"Kinematic_Setpoint","Delta_X_Cm":29.39380407333374,"Delta_Y_Cm":0.01062418959918432,"Frame_ID":"ue_actor_local","Hold_Position":false,"Reason":"DECISION_VALID","Run_ID":"64B6916A44BFC514173CFD8FFD73CE39","Scene_Seed":230908,"Sequence":680,"Source_Frame_Index":1743,"Source_Model_Version":"safety_gate_v1","Source_Stamp_Us":174411074,"Stamp_Us":174411074,"Step_Dt":0.20000000298023224,"Valid":true}__OD_END__
[ue_object_deliverer_bridge_node-1] [INFO] [1785982788.225881568] [ue_object_deliverer_bridge_node]: kinematic setpoint received stamp=174711052 valid=1
[ue_object_deliverer_bridge_node-1] [INFO] [1785982788.470095328] [ue_object_deliverer_bridge_node]: kinematic setpoint received stamp=174903604 valid=1
[ue_object_deliverer_bridge_node-1] [INFO] [1785982788.735149216] [ue_object_deliverer_bridge_node]: kinematic setpoint received stamp=175211095 valid=1
[ue_object_deliverer_bridge_node-1] [INFO] [1785982789.028917120] [ue_object_deliverer_bridge_node]: kinematic setpoint received stamp=175509706 valid=1
[ue_object_deliverer_bridge_node-1] [INFO] [1785982789.029319712] [ue_object_deliverer_bridge_node]: Sent kinematic setpoint to UE5: bytes=423, payload={"Command_Type":"Kinematic_Setpoint","Delta_X_Cm":25.55139660835266,"Delta_Y_Cm":0.403690617531538,"Frame_ID":"ue_actor_local","Hold_Position":false,"Reason":"DECISION_VALID","Run_ID":"64B6916A44BFC514173CFD8FFD73CE39","Scene_Seed":230908,"Sequence":684,"Source_Frame_Index":1754,"Source_Model_Version":"safety_gate_v1","Source_Stamp_Us":175509706,"Stamp_Us":175509706,"Step_Dt":0.20000000298023224,"Valid":true}__OD_END__
[ue_object_deliverer_bridge_node-1] [INFO] [1785982789.352571008] [ue_object_deliverer_bridge_node]: kinematic setpoint received stamp=175813436 valid=1
[ue_object_deliverer_bridge_node-1] [INFO] [1785982789.628274656] [ue_object_deliverer_bridge_node]: kinematic setpoint received stamp=176106184 valid=1
[temporal_entity_tracker-2] [INFO] [1785982789.820650016] [temporal_entity_tracker]: TRACK_TRACE frame_index=1762 count=1750 source_valid=True source_entities=4 visible_source=1
[image_entity_perception-9] [INFO] [1785982789.821146336] [image_entity_perception]: PERCEPTION_PERF_TRACE frame_index=1762 count=1750 predict_ms=45.6 entities=4 valid=True
[ue_object_deliverer_bridge_node-1] [INFO] [1785982789.836005344] [ue_object_deliverer_bridge_node]: kinematic setpoint received stamp=176308311 valid=1
[ue_object_deliverer_bridge_node-1] [INFO] [1785982790.041535328] [ue_object_deliverer_bridge_node]: kinematic setpoint received stamp=176510750 valid=1
[ue_object_deliverer_bridge_node-1] [INFO] [1785982790.041905856] [ue_object_deliverer_bridge_node]: Sent kinematic setpoint to UE5: bytes=425, payload={"Command_Type":"Kinematic_Setpoint","Delta_X_Cm":24.093271791934967,"Delta_Y_Cm":0.9396281093358994,"Frame_ID":"ue_actor_local","Hold_Position":false,"Reason":"DECISION_VALID","Run_ID":"64B6916A44BFC514173CFD8FFD73CE39","Scene_Seed":230908,"Sequence":688,"Source_Frame_Index":1764,"Source_Model_Version":"safety_gate_v1","Source_Stamp_Us":176510750,"Stamp_Us":176510750,"Step_Dt":0.20000000298023224,"Valid":true}__OD_END__
[ue_object_deliverer_bridge_node-1] [INFO] [1785982790.328618432] [ue_object_deliverer_bridge_node]: kinematic setpoint received stamp=176802601 valid=1
[ue_object_deliverer_bridge_node-1] [INFO] [1785982790.536873248] [ue_object_deliverer_bridge_node]: kinematic setpoint received stamp=177008282 valid=1
[ue_object_deliverer_bridge_node-1] [INFO] [1785982790.844898560] [ue_object_deliverer_bridge_node]: kinematic setpoint received stamp=177313188 valid=1
[ue_object_deliverer_bridge_node-1] [INFO] [1785982791.134042592] [ue_object_deliverer_bridge_node]: kinematic setpoint received stamp=177601505 valid=1
[ue_object_deliverer_bridge_node-1] [INFO] [1785982791.134452576] [ue_object_deliverer_bridge_node]: Sent kinematic setpoint to UE5: bytes=425, payload={"Command_Type":"Kinematic_Setpoint","Delta_X_Cm":12.931452691555023,"Delta_Y_Cm":0.7246157620102167,"Frame_ID":"ue_actor_local","Hold_Position":false,"Reason":"DECISION_VALID","Run_ID":"64B6916A44BFC514173CFD8FFD73CE39","Scene_Seed":230908,"Sequence":692,"Source_Frame_Index":1775,"Source_Model_Version":"safety_gate_v1","Source_Stamp_Us":177601505,"Stamp_Us":177601505,"Step_Dt":0.20000000298023224,"Valid":true}__OD_END__
[ue_object_deliverer_bridge_node-1] [INFO] [1785982791.438923936] [ue_object_deliverer_bridge_node]: kinematic setpoint received stamp=177910642 valid=1
[ue_object_deliverer_bridge_node-1] [INFO] [1785982791.730070016] [ue_object_deliverer_bridge_node]: kinematic setpoint received stamp=178203005 valid=1
[ue_object_deliverer_bridge_node-1] [INFO] [1785982791.933305184] [ue_object_deliverer_bridge_node]: kinematic setpoint received stamp=178409664 valid=1
[ue_object_deliverer_bridge_node-1] [INFO] [1785982792.231404512] [ue_object_deliverer_bridge_node]: kinematic setpoint received stamp=178713795 valid=1
[ue_object_deliverer_bridge_node-1] [INFO] [1785982792.231799488] [ue_object_deliverer_bridge_node]: Sent kinematic setpoint to UE5: bytes=426, payload={"Command_Type":"Kinematic_Setpoint","Delta_X_Cm":-2.265523746609688,"Delta_Y_Cm":-1.4896714128553867,"Frame_ID":"ue_actor_local","Hold_Position":false,"Reason":"DECISION_VALID","Run_ID":"64B6916A44BFC514173CFD8FFD73CE39","Scene_Seed":230908,"Sequence":696,"Source_Frame_Index":1786,"Source_Model_Version":"safety_gate_v1","Source_Stamp_Us":178713795,"Stamp_Us":178713795,"Step_Dt":0.20000000298023224,"Valid":true}__OD_END__
[ue_object_deliverer_bridge_node-1] [INFO] [1785982792.474769280] [ue_object_deliverer_bridge_node]: kinematic setpoint received stamp=178713796 valid=1
[ue_object_deliverer_bridge_node-1] [INFO] [1785982792.733913440] [ue_object_deliverer_bridge_node]: kinematic setpoint received stamp=179216124 valid=1
[vla_policy-10] [INFO] [1785982792.943290528] [vla_policy]: POLICY_AUDIT trigger=periodic events=700 policy_driven=692 backstop=7 hold=1 fail_closed=0 policy_stop=0 guard_reason=policy_driven raw_dx=0.154090 raw_dy=0.014102 guarded_dx=0.154090 guarded_dy=0.014102 final_dx=0.090560 final_dy=0.011833
[ue_object_deliverer_bridge_node-1] [INFO] [1785982792.947923552] [ue_object_deliverer_bridge_node]: kinematic setpoint received stamp=179412544 valid=1
[ue_object_deliverer_bridge_node-1] [INFO] [1785982793.234110208] [ue_object_deliverer_bridge_node]: kinematic setpoint received stamp=179704729 valid=1
[ue_object_deliverer_bridge_node-1] [INFO] [1785982793.442673280] [ue_object_deliverer_bridge_node]: kinematic setpoint received stamp=179912352 valid=1
[ue_object_deliverer_bridge_node-1] [INFO] [1785982793.443056160] [ue_object_deliverer_bridge_node]: Sent kinematic setpoint to UE5: bytes=426, payload={"Command_Type":"Kinematic_Setpoint","Delta_X_Cm":19.042053818702698,"Delta_Y_Cm":-0.6834127940237522,"Frame_ID":"ue_actor_local","Hold_Position":false,"Reason":"DECISION_VALID","Run_ID":"64B6916A44BFC514173CFD8FFD73CE39","Scene_Seed":230908,"Sequence":701,"Source_Frame_Index":1798,"Source_Model_Version":"safety_gate_v1","Source_Stamp_Us":179912352,"Stamp_Us":179912352,"Step_Dt":0.20000000298023224,"Valid":true}__OD_END__
[ue_object_deliverer_bridge_node-1] [INFO] [1785982793.729756928] [ue_object_deliverer_bridge_node]: kinematic setpoint received stamp=180202568 valid=1
[ue_object_deliverer_bridge_node-1] [INFO] [1785982793.936902048] [ue_object_deliverer_bridge_node]: kinematic setpoint received stamp=180408804 valid=1
[ue_object_deliverer_bridge_node-1] [INFO] [1785982794.230605024] [ue_object_deliverer_bridge_node]: kinematic setpoint received stamp=180700757 valid=1
[ue_object_deliverer_bridge_node-1] [INFO] [1785982794.433212000] [ue_object_deliverer_bridge_node]: kinematic setpoint received stamp=180902405 valid=1
[ue_object_deliverer_bridge_node-1] [INFO] [1785982794.739760256] [ue_object_deliverer_bridge_node]: kinematic setpoint received stamp=181214635 valid=1
[ue_object_deliverer_bridge_node-1] [INFO] [1785982794.740143968] [ue_object_deliverer_bridge_node]: Sent kinematic setpoint to UE5: bytes=424, payload={"Command_Type":"Kinematic_Setpoint","Delta_X_Cm":24.30684119462967,"Delta_Y_Cm":0.7394289132207632,"Frame_ID":"ue_actor_local","Hold_Position":false,"Reason":"DECISION_VALID","Run_ID":"64B6916A44BFC514173CFD8FFD73CE39","Scene_Seed":230908,"Sequence":706,"Source_Frame_Index":1811,"Source_Model_Version":"safety_gate_v1","Source_Stamp_Us":181214635,"Stamp_Us":181214635,"Step_Dt":0.20000000298023224,"Valid":true}__OD_END__
[image_entity_perception-9] [INFO] [1785982794.811948960] [image_entity_perception]: PERCEPTION_PERF_TRACE frame_index=1812 count=1800 predict_ms=34.1 entities=4 valid=True
[temporal_entity_tracker-2] [INFO] [1785982794.812657664] [temporal_entity_tracker]: TRACK_TRACE frame_index=1812 count=1800 source_valid=True source_entities=4 visible_source=1
[vla_policy-10] [INFO] [1785982794.817172000] [vla_policy]: ENT_IN_TRACE count=1800 frame_index=1812 valid=True detail=OK:selected=1;targets=1;risks=0;dropped=0
[ue_object_deliverer_bridge_node-1] [INFO] [1785982795.042947264] [ue_object_deliverer_bridge_node]: kinematic setpoint received stamp=181511213 valid=1
[ue_object_deliverer_bridge_node-1] [INFO] [1785982795.332778688] [ue_object_deliverer_bridge_node]: kinematic setpoint received stamp=181810005 valid=1
[ue_object_deliverer_bridge_node-1] [INFO] [1785982795.625487936] [ue_object_deliverer_bridge_node]: kinematic setpoint received stamp=182102715 valid=1
[ue_object_deliverer_bridge_node-1] [INFO] [1785982795.869588896] [ue_object_deliverer_bridge_node]: kinematic setpoint received stamp=182324434 valid=1
[ue_object_deliverer_bridge_node-1] [INFO] [1785982795.870042400] [ue_object_deliverer_bridge_node]: Sent kinematic setpoint to UE5: bytes=425, payload={"Command_Type":"Kinematic_Setpoint","Delta_X_Cm":6.272333860397339,"Delta_Y_Cm":-2.1739905700087547,"Frame_ID":"ue_actor_local","Hold_Position":false,"Reason":"DECISION_VALID","Run_ID":"64B6916A44BFC514173CFD8FFD73CE39","Scene_Seed":230908,"Sequence":710,"Source_Frame_Index":1822,"Source_Model_Version":"safety_gate_v1","Source_Stamp_Us":182324434,"Stamp_Us":182324434,"Step_Dt":0.20000000298023224,"Valid":true}__OD_END__
[ue_object_deliverer_bridge_node-1] [INFO] [1785982796.128097056] [ue_object_deliverer_bridge_node]: kinematic setpoint received stamp=182609742 valid=1
[ue_object_deliverer_bridge_node-1] [INFO] [1785982796.332200544] [ue_object_deliverer_bridge_node]: kinematic setpoint received stamp=182812278 valid=1
[ue_object_deliverer_bridge_node-1] [INFO] [1785982796.625239584] [ue_object_deliverer_bridge_node]: kinematic setpoint received stamp=183107077 valid=1
[ue_object_deliverer_bridge_node-1] [INFO] [1785982796.830435328] [ue_object_deliverer_bridge_node]: kinematic setpoint received stamp=183304559 valid=1
[ue_object_deliverer_bridge_node-1] [INFO] [1785982797.043186656] [ue_object_deliverer_bridge_node]: kinematic setpoint received stamp=183506333 valid=1
[ue_object_deliverer_bridge_node-1] [INFO] [1785982797.043548896] [ue_object_deliverer_bridge_node]: Sent kinematic setpoint to UE5: bytes=424, payload={"Command_Type":"Kinematic_Setpoint","Delta_X_Cm":22.239208221435547,"Delta_Y_Cm":1.114857941865921,"Frame_ID":"ue_actor_local","Hold_Position":false,"Reason":"DECISION_VALID","Run_ID":"64B6916A44BFC514173CFD8FFD73CE39","Scene_Seed":230908,"Sequence":715,"Source_Frame_Index":1834,"Source_Model_Version":"safety_gate_v1","Source_Stamp_Us":183506333,"Stamp_Us":183506333,"Step_Dt":0.20000000298023224,"Valid":true}__OD_END__
[ue_object_deliverer_bridge_node-1] [INFO] [1785982797.329387648] [ue_object_deliverer_bridge_node]: kinematic setpoint received stamp=183803475 valid=1
[ue_object_deliverer_bridge_node-1] [INFO] [1785982797.625132960] [ue_object_deliverer_bridge_node]: kinematic setpoint received stamp=184105100 valid=1
[ue_object_deliverer_bridge_node-1] [INFO] [1785982797.924597696] [ue_object_deliverer_bridge_node]: kinematic setpoint received stamp=184408611 valid=1
[ue_object_deliverer_bridge_node-1] [INFO] [1785982798.223691968] [ue_object_deliverer_bridge_node]: kinematic setpoint received stamp=184709265 valid=1
[ue_object_deliverer_bridge_node-1] [INFO] [1785982798.224135136] [ue_object_deliverer_bridge_node]: Sent kinematic setpoint to UE5: bytes=424, payload={"Command_Type":"Kinematic_Setpoint","Delta_X_Cm":13.81155550479889,"Delta_Y_Cm":1.7338518053293228,"Frame_ID":"ue_actor_local","Hold_Position":false,"Reason":"DECISION_VALID","Run_ID":"64B6916A44BFC514173CFD8FFD73CE39","Scene_Seed":230908,"Sequence":719,"Source_Frame_Index":1846,"Source_Model_Version":"safety_gate_v1","Source_Stamp_Us":184709265,"Stamp_Us":184709265,"Step_Dt":0.20000000298023224,"Valid":true}__OD_END__
[ue_object_deliverer_bridge_node-1] [INFO] [1785982798.433468576] [ue_object_deliverer_bridge_node]: kinematic setpoint received stamp=184905927 valid=1
[ue_object_deliverer_bridge_node-1] [WARN] [1785982799.068000128] [ue_object_deliverer_bridge_node]: UE5 disconnected
[WARNING] [launch]: user interrupted with ctrl-c (SIGINT)
[INFO] [vla_policy-10]: sending signal 'SIGINT' to process[vla_policy-10]
[INFO] [image_entity_perception-9]: sending signal 'SIGINT' to process[image_entity_perception-9]
[INFO] [decision_setpoint_adapter-8]: sending signal 'SIGINT' to process[decision_setpoint_adapter-8]
[INFO] [trajectory_controller-7]: sending signal 'SIGINT' to process[trajectory_controller-7]
[INFO] [safety_gate-6]: sending signal 'SIGINT' to process[safety_gate-6]
[INFO] [task_entity_tensor-5]: sending signal 'SIGINT' to process[task_entity_tensor-5]
[INFO] [language_qwen-4]: sending signal 'SIGINT' to process[language_qwen-4]
[INFO] [task_instruction-3]: sending signal 'SIGINT' to process[task_instruction-3]
[INFO] [temporal_entity_tracker-2]: sending signal 'SIGINT' to process[temporal_entity_tracker-2]
[INFO] [ue_object_deliverer_bridge_node-1]: sending signal 'SIGINT' to process[ue_object_deliverer_bridge_node-1]
[vla_policy-10] [INFO] [1785982827.230570816] [vla_policy]: POLICY_AUDIT trigger=shutdown events=721 policy_driven=713 backstop=7 hold=1 fail_closed=0 policy_stop=0 guard_reason=policy_driven raw_dx=0.247498 raw_dy=-0.014786 guarded_dx=0.247498 guarded_dy=-0.014786 final_dx=0.188102 final_dy=-0.016172
[vla_policy-10] Failed to publish log message to rosout: publisher's context is invalid, at ./src/rcl/publisher.c:389
[ue_object_deliverer_bridge_node-1] [INFO] [1785982827.282064736] [rclcpp]: signal_handler(SIGINT/SIGTERM)
[trajectory_controller-7] Traceback (most recent call last):
[trajectory_controller-7]   File "/home/jetson/jetson_asv_ws/install/lib/asv_vla/trajectory_controller", line 33, in <module>
[trajectory_controller-7]     sys.exit(load_entry_point('asv-vla', 'console_scripts', 'trajectory_controller')())
[trajectory_controller-7]   File "/home/jetson/jetson_asv_ws/build/asv_vla/asv_vla/trajectory_controller_node.py", line 112, in main
[trajectory_controller-7]     rclpy.shutdown()
[trajectory_controller-7]   File "/opt/ros/humble/local/lib/python3.10/dist-packages/rclpy/__init__.py", line 130, in shutdown
[trajectory_controller-7]     _shutdown(context=context)
[trajectory_controller-7]   File "/opt/ros/humble/local/lib/python3.10/dist-packages/rclpy/utilities.py", line 58, in shutdown
[trajectory_controller-7]     return context.shutdown()
[trajectory_controller-7]   File "/opt/ros/humble/local/lib/python3.10/dist-packages/rclpy/context.py", line 102, in shutdown
[trajectory_controller-7]     self.__context.shutdown()
[trajectory_controller-7] rclpy._rclpy_pybind11.RCLError: failed to shutdown: rcl_shutdown already called on the given context, at ./src/rcl/init.c:241
[language_qwen-4] Traceback (most recent call last):
[language_qwen-4]   File "/home/jetson/jetson_asv_ws/install/lib/asv_vla/language_qwen", line 33, in <module>
[language_qwen-4]     sys.exit(load_entry_point('asv-vla', 'console_scripts', 'language_qwen')())
[language_qwen-4]   File "/home/jetson/jetson_asv_ws/build/asv_vla/asv_vla/language_qwen_node.py", line 395, in main
[language_qwen-4]     rclpy.shutdown()
[language_qwen-4]   File "/opt/ros/humble/local/lib/python3.10/dist-packages/rclpy/__init__.py", line 130, in shutdown
[language_qwen-4]     _shutdown(context=context)
[language_qwen-4]   File "/opt/ros/humble/local/lib/python3.10/dist-packages/rclpy/utilities.py", line 58, in shutdown
[language_qwen-4]     return context.shutdown()
[language_qwen-4]   File "/opt/ros/humble/local/lib/python3.10/dist-packages/rclpy/context.py", line 102, in shutdown
[language_qwen-4]     self.__context.shutdown()
[language_qwen-4] rclpy._rclpy_pybind11.RCLError: failed to shutdown: rcl_shutdown already called on the given context, at ./src/rcl/init.c:241
[INFO] [ue_object_deliverer_bridge_node-1]: process has finished cleanly [pid 1645480]
[task_instruction-3] Traceback (most recent call last):
[task_instruction-3]   File "/home/jetson/jetson_asv_ws/install/lib/asv_vla/task_instruction", line 33, in <module>
[task_instruction-3]     sys.exit(load_entry_point('asv-vla', 'console_scripts', 'task_instruction')())
[task_instruction-3]   File "/home/jetson/jetson_asv_ws/build/asv_vla/asv_vla/task_instruction_node.py", line 81, in main
[task_instruction-3]     rclpy.shutdown()
[task_instruction-3]   File "/opt/ros/humble/local/lib/python3.10/dist-packages/rclpy/__init__.py", line 130, in shutdown
[task_instruction-3]     _shutdown(context=context)
[task_instruction-3]   File "/opt/ros/humble/local/lib/python3.10/dist-packages/rclpy/utilities.py", line 58, in shutdown
[task_instruction-3]     return context.shutdown()
[task_instruction-3]   File "/opt/ros/humble/local/lib/python3.10/dist-packages/rclpy/context.py", line 102, in shutdown
[task_instruction-3]     self.__context.shutdown()
[task_instruction-3] rclpy._rclpy_pybind11.RCLError: failed to shutdown: rcl_shutdown already called on the given context, at ./src/rcl/init.c:241
[safety_gate-6] Traceback (most recent call last):
[safety_gate-6]   File "/home/jetson/jetson_asv_ws/install/lib/asv_vla/safety_gate", line 33, in <module>
[safety_gate-6]     sys.exit(load_entry_point('asv-vla', 'console_scripts', 'safety_gate')())
[safety_gate-6]   File "/home/jetson/jetson_asv_ws/build/asv_vla/asv_vla/safety_gate_node.py", line 233, in main
[decision_setpoint_adapter-8] Traceback (most recent call last):
[decision_setpoint_adapter-8]   File "/home/jetson/jetson_asv_ws/install/lib/asv_vla/decision_setpoint_adapter", line 33, in <module>
[decision_setpoint_adapter-8]     sys.exit(load_entry_point('asv-vla', 'console_scripts', 'decision_setpoint_adapter')())
[decision_setpoint_adapter-8]   File "/home/jetson/jetson_asv_ws/build/asv_vla/asv_vla/decision_setpoint_adapter.py", line 97, in main
[decision_setpoint_adapter-8]     rclpy.shutdown()
[decision_setpoint_adapter-8]   File "/opt/ros/humble/local/lib/python3.10/dist-packages/rclpy/__init__.py", line 130, in shutdown
[decision_setpoint_adapter-8]     _shutdown(context=context)
[decision_setpoint_adapter-8]   File "/opt/ros/humble/local/lib/python3.10/dist-packages/rclpy/utilities.py", line 58, in shutdown
[decision_setpoint_adapter-8]     return context.shutdown()
[decision_setpoint_adapter-8]   File "/opt/ros/humble/local/lib/python3.10/dist-packages/rclpy/context.py", line 102, in shutdown
[decision_setpoint_adapter-8]     self.__context.shutdown()
[decision_setpoint_adapter-8] rclpy._rclpy_pybind11.RCLError: failed to shutdown: rcl_shutdown already called on the given context, at ./src/rcl/init.c:241
[safety_gate-6]     rclpy.shutdown()
[safety_gate-6]   File "/opt/ros/humble/local/lib/python3.10/dist-packages/rclpy/__init__.py", line 130, in shutdown
[safety_gate-6]     _shutdown(context=context)
[safety_gate-6]   File "/opt/ros/humble/local/lib/python3.10/dist-packages/rclpy/utilities.py", line 58, in shutdown
[safety_gate-6]     return context.shutdown()
[safety_gate-6]   File "/opt/ros/humble/local/lib/python3.10/dist-packages/rclpy/context.py", line 102, in shutdown
[safety_gate-6]     self.__context.shutdown()
[safety_gate-6] rclpy._rclpy_pybind11.RCLError: failed to shutdown: rcl_shutdown already called on the given context, at ./src/rcl/init.c:241
[INFO] [task_entity_tensor-5]: process has finished cleanly [pid 1645488]
[ERROR] [trajectory_controller-7]: process has died [pid 1645492, exit code 1, cmd '/home/jetson/jetson_asv_ws/install/lib/asv_vla/trajectory_controller --ros-args -r __node:=trajectory_controller --params-file /tmp/launch_params_ymrg8dol'].
[ERROR] [safety_gate-6]: process has died [pid 1645490, exit code 1, cmd '/home/jetson/jetson_asv_ws/install/lib/asv_vla/safety_gate --ros-args -r __node:=safety_gate --params-file /tmp/launch_params_wiriwxrd'].
[INFO] [temporal_entity_tracker-2]: process has finished cleanly [pid 1645482]
[ERROR] [decision_setpoint_adapter-8]: process has died [pid 1645503, exit code 1, cmd '/home/jetson/jetson_asv_ws/install/lib/asv_vla/decision_setpoint_adapter --ros-args -r __node:=decision_setpoint_adapter --params-file /tmp/launch_params_sg1a6ud5'].
[ERROR] [task_instruction-3]: process has died [pid 1645484, exit code 1, cmd '/home/jetson/jetson_asv_ws/install/lib/asv_vla/task_instruction --ros-args -r __node:=task_instruction --params-file /tmp/launch_params_j6dozqna'].
[INFO] [image_entity_perception-9]: process has finished cleanly [pid 1646057]
[INFO] [vla_policy-10]: process has finished cleanly [pid 1646151]
[ERROR] [language_qwen-4]: process has died [pid 1645486, exit code 1, cmd '/home/jetson/jetson_asv_ws/install/lib/asv_vla/language_qwen --ros-args -r __node:=language_qwen --params-file /tmp/launch_params_mwxd75mf'].
