Log file open, 08/06/26 10:17:02
LogConfig: No local boot hotfix file found at: [../../../../../../Unreal Projects/VLA/Saved/PersistentDownloadDir/HotfixForNextBoot.txt]
LogAudio: Display: Pre-Initializing Audio Device Manager...
LogAudio: Display: AudioInfo: 'OPUS' Registered
LogAudioDebug: Display: Lib vorbis DLL was dynamically loaded.
LogAudio: Display: AudioInfo: 'OGG' Registered
LogAudio: Display: AudioInfo: 'ADPCM' Registered
LogAudio: Display: AudioInfo: 'PCM' Registered
LogAudio: Display: AudioInfo: 'BINKA' Registered
LogAudio: Display: AudioInfo: 'RADA' Registered
LogAudio: Display: Audio Device Manager Pre-Initialized
LogPluginManager: Looking for build plugins target receipt
LogPluginManager: Found matching target receipt: ../../../../../../Unreal Projects/VLA/Binaries/Win64/EDGEEditor.target
LogPluginManager: Looking for enabled plugins target receipt
LogConfig: Display: Loading Mac ini files took 0.03 seconds
LogConfig: Display: Loading Android ini files took 0.03 seconds
LogConfig: Display: Loading VulkanPC ini files took 0.03 seconds
LogConfig: Display: Loading IOS ini files took 0.03 seconds
LogPluginManager: Found matching target receipt: ../../../../../../Unreal Projects/VLA/Binaries/Win64/EDGEEditor.target
LogConfig: Display: Loading Unix ini files took 0.04 seconds
LogConfig: Display: Loading TVOS ini files took 0.04 seconds
LogConfig: Display: Loading Windows ini files took 0.04 seconds
LogConfig: Display: Loading VisionOS ini files took 0.04 seconds
LogConfig: Display: Loading Linux ini files took 0.04 seconds
LogPluginManager: Mounting Engine plugin Bridge
LogPluginManager: Mounting Engine plugin ChaosCloth
LogPluginManager: Mounting Engine plugin ChaosClothAsset
LogPluginManager: Mounting Engine plugin ChaosInsights
LogPluginManager: Mounting Engine plugin ChaosVD
LogPluginManager: Mounting Engine plugin CmdLinkServer
LogPluginManager: Mounting Engine plugin EnhancedInput
LogPluginManager: Mounting Engine plugin Fab
LogPluginManager: Mounting Engine plugin FastBuildController
LogPluginManager: Mounting Engine plugin IoStoreInsights
LogPluginManager: Mounting Engine plugin JsonBlueprintUtilities
LogPluginManager: Mounting Engine plugin MassInsights
LogPluginManager: Mounting Engine plugin MeshPainting
LogPluginManager: Mounting Engine plugin RenderGraphInsights
LogPluginManager: Mounting Engine plugin TraceUtilities
LogPluginManager: Mounting Engine plugin UbaController
LogPluginManager: Mounting Engine plugin WorldMetrics
LogPluginManager: Mounting Engine plugin XGEController
LogPluginManager: Mounting Engine plugin EnvironmentQueryEditor
LogPluginManager: Mounting Engine plugin AISupport
LogPluginManager: Mounting Engine plugin OodleNetwork
LogPluginManager: Mounting Engine plugin AssetManagerEditor
LogPluginManager: Mounting Engine plugin BlueprintHeaderView
LogPluginManager: Mounting Engine plugin BlueprintMaterialTextureNodes
LogPluginManager: Mounting Engine plugin ChangelistReview
LogPluginManager: Mounting Engine plugin ColorGrading
LogPluginManager: Mounting Engine plugin ConsoleVariables
LogPluginManager: Mounting Engine plugin CryptoKeys
LogPluginManager: Mounting Engine plugin CurveEditorTools
LogPluginManager: Mounting Engine plugin DataValidation
LogPluginManager: Mounting Engine plugin EditorDebugTools
LogPluginManager: Mounting Engine plugin EditorScriptingUtilities
LogPluginManager: Mounting Engine plugin EngineAssetDefinitions
LogPluginManager: Mounting Engine plugin FacialAnimation
LogPluginManager: Mounting Engine plugin GameplayTagsEditor
LogPluginManager: Mounting Engine plugin GeometryMode
LogPluginManager: Mounting Engine plugin MacGraphicsSwitching
LogPluginManager: Mounting Engine plugin MaterialAnalyzer
LogPluginManager: Mounting Engine plugin MobileLauncherProfileWizard
LogPluginManager: Mounting Engine plugin MeshLODToolset
LogPluginManager: Mounting Engine plugin ModelingToolsEditorMode
LogPluginManager: Mounting Engine plugin PluginBrowser
LogPluginManager: Mounting Engine plugin ProxyLODPlugin
LogPluginManager: Mounting Engine plugin SequencerAnimTools
LogPluginManager: Mounting Engine plugin SpeedTreeImporter
LogPluginManager: Mounting Engine plugin UMGWidgetPreview
LogPluginManager: Mounting Engine plugin UVEditor
LogPluginManager: Mounting Engine plugin StylusInput
LogPluginManager: Mounting Engine plugin WorldPartitionHLODUtilities
LogPluginManager: Mounting Engine plugin AdvancedRenamer
LogPluginManager: Mounting Engine plugin AutomationUtils
LogPluginManager: Mounting Engine plugin BackChannel
LogPluginManager: Mounting Engine plugin ChaosCaching
LogPluginManager: Mounting Engine plugin ChaosEditor
LogPluginManager: Mounting Engine plugin ChaosNiagara
LogPluginManager: Mounting Engine plugin ChaosSolverPlugin
LogPluginManager: Mounting Engine plugin CharacterAI
LogPluginManager: Mounting Engine plugin ChaosUserDataPT
LogPluginManager: Mounting Engine plugin Dataflow
LogPluginManager: Mounting Engine plugin EditorDataStorageFeatures
LogPluginManager: Mounting Engine plugin EditorDataStorage
LogPluginManager: Mounting Engine plugin EditorPerformance
LogPluginManager: Mounting Engine plugin EditorTelemetry
LogPluginManager: Mounting Engine plugin Fracture
LogPluginManager: Mounting Engine plugin FullBodyIK
LogPluginManager: Mounting Engine plugin GeometryCollectionPlugin
LogPluginManager: Mounting Engine plugin GeometryDataflow
LogPluginManager: Mounting Engine plugin GeometryFlow
LogPluginManager: Mounting Engine plugin Landmass
LogPluginManager: Mounting Engine plugin LevelSequenceNavigatorBridge
LogPluginManager: Mounting Engine plugin LocalizableMessage
LogPluginManager: Mounting Engine plugin LowLevelNetTrace
LogPluginManager: Mounting Engine plugin MeshModelingToolsetExp
LogPluginManager: Mounting Engine plugin NFORDenoise
LogPluginManager: Mounting Engine plugin PlanarCut
LogPluginManager: Mounting Engine plugin PlatformCrypto
LogPluginManager: Mounting Engine plugin PythonScriptPlugin
LogPluginManager: Mounting Engine plugin RuntimeTelemetry
LogPluginManager: Mounting Engine plugin SequenceNavigator
LogPluginManager: Mounting Engine plugin SkeletalReduction
LogPluginManager: Mounting Engine plugin ToolPresets
LogPluginManager: Mounting Engine plugin Water
LogPluginManager: Mounting Engine plugin AndroidMedia
LogPluginManager: Mounting Engine plugin ObjectDeliverer
LogPluginManager: Mounting Engine plugin ImgMedia
LogPluginManager: Mounting Engine plugin MediaCompositing
LogPluginManager: Mounting Engine plugin AvfMedia
LogPluginManager: Mounting Engine plugin MediaPlate
LogPluginManager: Mounting Engine plugin MediaPlayerEditor
LogPluginManager: Mounting Engine plugin WmfMedia
LogPluginManager: Mounting Engine plugin ActorSequence
LogPluginManager: Mounting Engine plugin WebMMedia
LogPluginManager: Mounting Engine plugin LevelSequenceEditor
LogPluginManager: Mounting Engine plugin MovieRenderPipeline
LogPluginManager: Mounting Engine plugin SequencerScripting
LogPluginManager: Mounting Engine plugin NNEDenoiser
LogPluginManager: Mounting Engine plugin MoviePipelineMaskRenderPass
LogPluginManager: Mounting Engine plugin NNERuntimeORT
LogPluginManager: Mounting Engine plugin TemplateSequence
LogPluginManager: Mounting Engine plugin CameraCalibrationCore
LogPluginManager: Mounting Engine plugin Takes
LogPluginManager: Mounting Engine plugin InterchangeTests
LogPluginManager: Mounting Engine plugin Paper2D
LogPluginManager: Mounting Engine plugin ACLPlugin
LogPluginManager: Mounting Engine plugin AnimationModifierLibrary
LogPluginManager: Mounting Engine plugin AnimationData
LogPluginManager: Mounting Engine plugin ControlRigSpline
LogPluginManager: Mounting Engine plugin ControlRig
LogPluginManager: Mounting Engine plugin BlendSpaceMotionAnalysis
LogPluginManager: Mounting Engine plugin ControlRigModules
LogPluginManager: Mounting Engine plugin DeformerGraph
LogPluginManager: Mounting Engine plugin GameplayInsights
LogPluginManager: Mounting Engine plugin IKRig
LogPluginManager: Mounting Engine plugin RigLogic
LogPluginManager: Mounting Engine plugin SkeletalMeshModelingTools
LogPluginManager: Mounting Engine plugin CameraShakePreviewer
LogPluginManager: Mounting Engine plugin TweeningUtils
LogPluginManager: Mounting Engine plugin EngineCameras
LogPluginManager: Mounting Engine plugin GameplayCameras
LogPluginManager: Mounting Engine plugin OpenColorIO
LogPluginManager: Mounting Engine plugin DumpGPUServices
LogPluginManager: Mounting Engine plugin AnimationSharing
LogPluginManager: Mounting Engine plugin GitSourceControl
LogPluginManager: Mounting Engine plugin KDevelopSourceCodeAccess
LogPluginManager: Mounting Engine plugin CLionSourceCodeAccess
LogPluginManager: Mounting Engine plugin CodeLiteSourceCodeAccess
LogPluginManager: Mounting Engine plugin N10XSourceCodeAccess
LogPluginManager: Mounting Engine plugin NamingTokens
LogPluginManager: Mounting Engine plugin NullSourceCodeAccess
LogPluginManager: Mounting Engine plugin PerforceSourceControl
LogPluginManager: Mounting Engine plugin PixWinPlugin
LogPluginManager: Mounting Engine plugin PlasticSourceControl
LogPluginManager: Mounting Engine plugin PropertyAccessNode
LogPluginManager: Mounting Engine plugin PluginUtils
LogPluginManager: Mounting Engine plugin RenderDocPlugin
LogPluginManager: Mounting Engine plugin ProjectLauncher
LogPluginManager: Mounting Engine plugin RiderSourceCodeAccess
LogPluginManager: Mounting Engine plugin SubversionSourceControl
LogPluginManager: Mounting Engine plugin TextureFormatOodle
LogPluginManager: Mounting Engine plugin UObjectPlugin
LogPluginManager: Mounting Engine plugin VisualStudioCodeSourceCodeAccess
LogPluginManager: Mounting Engine plugin VisualStudioSourceCodeAccess
LogPluginManager: Mounting Engine plugin XCodeSourceCodeAccess
LogPluginManager: Mounting Engine plugin DatasmithContent
LogPluginManager: Mounting Engine plugin GLTFExporter
LogPluginManager: Mounting Engine plugin VariantManager
LogPluginManager: Mounting Engine plugin VariantManagerContent
LogPluginManager: Mounting Engine plugin Cascade
LogPluginManager: Mounting Engine plugin AlembicImporter
LogPluginManager: Mounting Engine plugin Niagara
LogPluginManager: Mounting Engine plugin NiagaraSimCaching
LogPluginManager: Mounting Engine plugin InterchangeAssets
LogPluginManager: Mounting Engine plugin InterchangeEditor
LogPluginManager: Mounting Engine plugin Interchange
LogPluginManager: Mounting Engine plugin MetaHumanSDK
LogPluginManager: Mounting Engine plugin UdpMessaging
LogPluginManager: Mounting Engine plugin TcpMessaging
LogPluginManager: Mounting Engine plugin EOSShared
LogPluginManager: Mounting Engine plugin OnlineBase
LogPluginManager: Mounting Engine plugin OnlineServices
LogPluginManager: Mounting Engine plugin OnlineSubsystemNull
LogPluginManager: Mounting Engine plugin OnlineSubsystem
LogPluginManager: Mounting Engine plugin OnlineSubsystemUtils
LogPluginManager: Mounting Engine plugin ActorLayerUtilities
LogPluginManager: Mounting Engine plugin LauncherChunkInstaller
LogPluginManager: Mounting Engine plugin AndroidFileServer
LogPluginManager: Mounting Engine plugin AppleMoviePlayer
LogPluginManager: Mounting Engine plugin AndroidDeviceProfileSelector
LogPluginManager: Mounting Engine plugin AndroidPermission
LogPluginManager: Mounting Engine plugin ArchVisCharacter
LogPluginManager: Mounting Engine plugin AppleImageUtils
LogPluginManager: Mounting Engine plugin AndroidMoviePlayer
LogPluginManager: Mounting Engine plugin AudioCapture
LogPluginManager: Mounting Engine plugin AudioSynesthesia
LogPluginManager: Mounting Engine plugin AudioWidgets
LogPluginManager: Mounting Engine plugin AssetTags
LogPluginManager: Mounting Engine plugin CableComponent
LogPluginManager: Mounting Engine plugin ComputeFramework
LogPluginManager: Mounting Engine plugin ChunkDownloader
LogPluginManager: Mounting Engine plugin CustomMeshComponent
LogPluginManager: Mounting Engine plugin ExampleDeviceProfileSelector
LogPluginManager: Mounting Engine plugin GeometryCache
LogPluginManager: Mounting Engine plugin GeometryProcessing
LogPluginManager: Mounting Engine plugin GoogleCloudMessaging
LogPluginManager: Mounting Engine plugin GooglePAD
LogPluginManager: Mounting Engine plugin HairStrands
LogPluginManager: Mounting Engine plugin HDRIBackdrop
LogPluginManager: Mounting Engine plugin InputDebugging
LogPluginManager: Mounting Engine plugin IOSDeviceProfileSelector
LogPluginManager: Mounting Engine plugin LocationServicesBPLibrary
LogPluginManager: Mounting Engine plugin MeshModelingToolset
LogPluginManager: Mounting Engine plugin LinuxDeviceProfileSelector
LogPluginManager: Mounting Engine plugin Metasound
LogPluginManager: Mounting Engine plugin MobilePatchingUtils
LogPluginManager: Mounting Engine plugin MsQuic
LogPluginManager: Mounting Engine plugin PropertyBindingUtils
LogPluginManager: Mounting Engine plugin ProceduralMeshComponent
LogPluginManager: Mounting Engine plugin PropertyAccessEditor
LogPluginManager: Mounting Engine plugin RigVM
LogPluginManager: Mounting Engine plugin ResonanceAudio
LogPluginManager: Mounting Engine plugin SignificanceManager
LogPluginManager: Mounting Engine plugin SoundFields
LogPluginManager: Mounting Engine plugin StateTree
LogPluginManager: Mounting Engine plugin Synthesis
LogPluginManager: Mounting Engine plugin WaveTable
LogPluginManager: Mounting Engine plugin WebMMoviePlayer
LogPluginManager: Mounting Engine plugin WindowsDeviceProfileSelector
LogPluginManager: Mounting Engine plugin WindowsMoviePlayer
LogPluginManager: Mounting Engine plugin BaseCharacterFXEditor
LogPluginManager: Mounting Engine plugin PortableObjectFileDataSource
LogPluginManager: Mounting Engine plugin LightMixer
LogPluginManager: Mounting Engine plugin ObjectMixer
LogPluginManager: Mounting Engine plugin XInputDevice
LogPluginManager: Mounting Engine plugin ConcertMain
LogPluginManager: Mounting Engine plugin SQLiteCore
LogPluginManager: Mounting Engine plugin OnlineSubsystemIOS
LogPluginManager: Mounting Engine plugin OnlineSubsystemGooglePlay
LogPluginManager: Mounting Engine plugin CompositeCore
LogPluginManager: Mounting Engine plugin ContentBrowserAssetDataSource
LogPluginManager: Mounting Engine plugin ContentBrowserClassDataSource
LogPluginManager: Mounting Engine plugin ContentBrowserFileDataSource
LogPluginManager: Mounting Engine plugin ConcertSyncClient
LogPluginManager: Mounting Engine plugin ConcertSharedSlate
LogPluginManager: Mounting Engine plugin ConcertSyncCore
SourceControl: Revision control is disabled
SourceControl: Revision control is disabled
SourceControl: Revision control is disabled
LogNFORDenoise: NFORDenoise function starting up
LogStudioTelemetry: Started StudioTelemetry Session
LogWindows: Failed to load 'WinPixGpuCapturer.dll' (GetLastError=126)
LogWindows: File 'WinPixGpuCapturer.dll' does not exist
PixWinPlugin: PIX capture plugin failed to initialize! Check that the process is launched from PIX.
LogConfig: Applying CVar settings from Section [/Script/RenderDocPlugin.RenderDocPluginSettings] File [Engine]
RenderDocPlugin: Display: RenderDoc plugin will not be loaded. Use '-AttachRenderDoc' on the cmd line or enable 'renderdoc.AutoAttach' in the plugin settings.
LogEOSShared: Loaded "D:/Softwares/Unreal Engine/UE_5.6/Engine/Binaries/Win64/EOSSDK-Win64-Shipping.dll"
LogEOSShared: FEOSSDKManager::Initialize Initializing EOSSDK Version:1.17.0-41373641
LogInit: Using libcurl 8.12.1
LogInit:  - built for Windows
LogInit:  - supports SSL with OpenSSL/1.1.1t
LogInit:  - supports HTTP deflate (compression) using libz 1.3
LogInit:  - other features:
LogInit:      CURL_VERSION_SSL
LogInit:      CURL_VERSION_LIBZ
LogInit:      CURL_VERSION_IPV6
LogInit:      CURL_VERSION_ASYNCHDNS
LogInit:      CURL_VERSION_LARGEFILE
LogInit:      CURL_VERSION_TLSAUTH_SRP
LogInit:      CURL_VERSION_HTTP2
LogInit:  CurlRequestOptions (configurable via config and command line):
LogInit:  - bVerifyPeer = true  - Libcurl will verify peer certificate
LogInit:  - bUseHttpProxy = true  - Libcurl will use HTTP proxy
LogInit:  - HttpProxyAddress = '127.0.0.1:7897'
LogInit:  - bDontReuseConnections = false  - Libcurl will reuse connections
LogInit:  - MaxHostConnections = 16  - Libcurl will limit the number of connections to a host
LogInit:  - LocalHostAddr = Default
LogInit:  - BufferSize = 65536
LogInit: CreateHttpThread using FCurlMultiPollEventLoopHttpThread
LogInit: Creating http thread with maximum 256 concurrent requests
LogInit: WinSock: version 1.1 (2.2), MaxSocks=32767, MaxUdp=65467
LogOnline: OSS: Created online subsystem instance for: NULL
LogOnline: OSS: TryLoadSubsystemAndSetDefault: Loaded subsystem for type [NULL]
LogConfig: Applying CVar settings from Section [/Script/CompositeCore.CompositeCorePluginSettings] File [Engine]
LogInit: ExecutableName: UnrealEditor.exe
LogInit: Build: ++UE5+Release-5.6-CL-44394996
LogInit: Platform=WindowsEditor
LogInit: MachineId=b60edc724e198abc4e0414be1814fd69
LogInit: DeviceId=
LogInit: Engine Version: 5.6.1-44394996+++UE5+Release-5.6
LogInit: Compatible Engine Version: 5.6.0-43139311+++UE5+Release-5.6
LogInit: Net CL: 43139311
LogInit: OS: Windows 11 (25H2) [10.0.26200.8973] (), CPU: Intel(R) Core(TM) i5-14600KF, GPU: NVIDIA GeForce RTX 5060
LogInit: Compiled (64-bit): Jul 28 2025 20:53:34
LogInit: Architecture: x64
LogInit: Compiled with Visual C++: 19.38.33130.00
LogInit: Build Configuration: Development
LogInit: Branch Name: ++UE5+Release-5.6
LogInit: Command Line: /Game/Main_Map -game -SceneAuto -Slot=TRACK-SYNTH-RED3 -Layout=L7 -Motion=S2 -Seed=230908 -MaxRuntimeSeconds=185 -SineWavelength=6000 -SineAmplitude=200 -SineSpeed=60 -SineDelay=40 -YawFixWholeRun -SceneExecPort=8081 -RenderOffscreen -unattended -nosplash -stdout -FullStdOutLogOutput -abslog=C:\Temp\ue_TRACK-SYNTH-RED3.log
LogInit: Base Directory: D:/Softwares/Unreal Engine/UE_5.6/Engine/Binaries/Win64/
LogInit: Allocator: Mimalloc
LogInit: Installed Engine Build: 1
LogInit: This binary is optimized with LTO: no, PGO: no, instrumented for PGO data collection: no
LogDevObjectVersion: Number of dev versions registered: 37
LogDevObjectVersion:   Dev-Blueprints (B0D832E4-1F89-4F0D-ACCF-7EB736FD4AA2): 10
LogDevObjectVersion:   Dev-Build (E1C64328-A22C-4D53-A36C-8E866417BD8C): 0
LogDevObjectVersion:   Dev-Core (375EC13C-06E4-48FB-B500-84F0262A717E): 4
LogDevObjectVersion:   Dev-Editor (E4B068ED-F494-42E9-A231-DA0B2E46BB41): 40
LogDevObjectVersion:   Dev-Framework (CFFC743F-43B0-4480-9391-14DF171D2073): 37
LogDevObjectVersion:   Dev-Mobile (B02B49B5-BB20-44E9-A304-32B752E40360): 3
LogDevObjectVersion:   Dev-Networking (A4E4105C-59A1-49B5-A7C5-40C4547EDFEE): 0
LogDevObjectVersion:   Dev-Online (39C831C9-5AE6-47DC-9A44-9C173E1C8E7C): 0
LogDevObjectVersion:   Dev-Physics (78F01B33-EBEA-4F98-B9B4-84EACCB95AA2): 20
LogDevObjectVersion:   Dev-Platform (6631380F-2D4D-43E0-8009-CF276956A95A): 0
LogDevObjectVersion:   Dev-Rendering (12F88B9F-8875-4AFC-A67C-D90C383ABD29): 49
LogDevObjectVersion:   Dev-Sequencer (7B5AE74C-D270-4C10-A958-57980B212A5A): 13
LogDevObjectVersion:   Dev-VR (D7296918-1DD6-4BDD-9DE2-64A83CC13884): 3
LogDevObjectVersion:   Dev-LoadTimes (C2A15278-BFE7-4AFE-6C17-90FF531DF755): 1
LogDevObjectVersion:   Private-Geometry (6EACA3D4-40EC-4CC1-B786-8BED09428FC5): 3
LogDevObjectVersion:   Dev-AnimPhys (29E575DD-E0A3-4627-9D10-D276232CDCEA): 17
LogDevObjectVersion:   Dev-Anim (AF43A65D-7FD3-4947-9873-3E8ED9C1BB05): 15
LogDevObjectVersion:   Dev-ReflectionCapture (6B266CEC-1EC7-4B8F-A30B-E4D90942FC07): 1
LogDevObjectVersion:   Dev-Automation (0DF73D61-A23F-47EA-B727-89E90C41499A): 1
LogDevObjectVersion:   FortniteMain (601D1886-AC64-4F84-AA16-D3DE0DEAC7D6): 207
LogDevObjectVersion:   FortniteValkyrie (8DBC2C5B-54A7-43E0-A768-FCBB7DA29060): 8
LogDevObjectVersion:   FortniteSeason (5B4C06B7-2463-4AF8-805B-BF70CDF5D0DD): 13
LogDevObjectVersion:   FortniteRelease (E7086368-6B23-4C58-8439-1B7016265E91): 17
LogDevObjectVersion:   Dev-Enterprise (9DFFBCD6-494F-0158-E221-12823C92A888): 11
LogDevObjectVersion:   Dev-Niagara (F2AED0AC-9AFE-416F-8664-AA7FFA26D6FC): 1
LogDevObjectVersion:   Dev-Destruction (174F1F0B-B4C6-45A5-B13F-2EE8D0FB917D): 10
LogDevObjectVersion:   Dev-Physics-Ext (35F94A83-E258-406C-A318-09F59610247C): 41
LogDevObjectVersion:   Dev-PhysicsMaterial-Chaos (B68FC16E-8B1B-42E2-B453-215C058844FE): 1
LogDevObjectVersion:   Dev-CineCamera (B2E18506-4273-CFC2-A54E-F4BB758BBA07): 1
LogDevObjectVersion:   Dev-VirtualProduction (64F58936-FD1B-42BA-BA96-7289D5D0FA4E): 1
LogDevObjectVersion:   UE5-Main (697DD581-E64F-41AB-AA4A-51ECBEB7B628): 121
LogDevObjectVersion:   UE5-Release (D89B5E42-24BD-4D46-8412-ACA8DF641779): 56
LogDevObjectVersion:   UE5-SpecialProject (59DA5D52-1232-4948-B878-597870B8E98B): 9
LogDevObjectVersion:   Dev-MediaFramework (6F0ED827-A609-4895-9C91-998D90180EA4): 2
LogDevObjectVersion:   Dev-NaniteResearch (30D58BE3-95EA-4282-A6E3-B159D8EBB06A): 1
LogDevObjectVersion:   LensFileVersion (8652A554-966A-466C-9FD7-1C6DD61B1ADB): 1
LogDevObjectVersion:   Dev-ComputeFramework (6304A3E7-0059-4F59-8CFC-21BD7721FD4E): 0
LogInit: Presizing for max 25165824 objects, including 0 objects not considered by GC.
LogInit: Object subsystem initialized
LogConfig: Set CVar [[con.DebugEarlyDefault:1]]
LogConfig: CVar [[con.DebugLateDefault:1]] deferred - dummy variable created
LogConfig: CVar [[con.DebugLateCheat:1]] deferred - dummy variable created
LogConfig: CVar [[LogNamedEventFilters:Frame *]] deferred - dummy variable created
LogConfig: Set CVar [[r.setres:1280x720]]
LogConfig: CVar [[framepro.ScopeMinTimeMicroseconds:10]] deferred - dummy variable created
LogConfig: Set CVar [[fx.NiagaraAllowRuntimeScalabilityChanges:1]]
LogConfig: CVar [[QualityLevelMapping:high]] deferred - dummy variable created
LogConfig: CVar [[r.Occlusion.SingleRHIThreadStall:1]] deferred - dummy variable created
LogConfig: Set CVar [[r.Nanite.Streaming.ReservedResources:1]]
LogConfig: CVar [[D3D12.Bindless.ResourceDescriptorHeapSize:32768]] deferred - dummy variable created
LogConfig: CVar [[D3D12.Bindless.SamplerDescriptorHeapSize:2048]] deferred - dummy variable created
LogConfig: Set CVar [[r.PSOPrecache.GlobalShaders:1]]
LogConfig: Set CVar [[r.VRS.EnableSoftware:1]]
LogConfig: Set CVar [[r.VRS.ContrastAdaptiveShading:1]]
[2026.08.06-02.17.02:639][  0]LogConfig: CVar [[con.DebugLateDefault:1]] deferred - dummy variable created
[2026.08.06-02.17.02:639][  0]LogConfig: CVar [[con.DebugLateCheat:1]] deferred - dummy variable created
[2026.08.06-02.17.02:639][  0]LogConfig: CVar [[LogNamedEventFilters:Frame *]] deferred - dummy variable created
[2026.08.06-02.17.02:639][  0]LogConfig: CVar [[framepro.ScopeMinTimeMicroseconds:10]] deferred - dummy variable created
[2026.08.06-02.17.02:639][  0]LogConfig: CVar [[QualityLevelMapping:high]] deferred - dummy variable created
[2026.08.06-02.17.02:639][  0]LogConfig: CVar [[r.Occlusion.SingleRHIThreadStall:1]] deferred - dummy variable created
[2026.08.06-02.17.02:639][  0]LogConfig: CVar [[D3D12.Bindless.ResourceDescriptorHeapSize:32768]] deferred - dummy variable created
[2026.08.06-02.17.02:639][  0]LogConfig: CVar [[D3D12.Bindless.SamplerDescriptorHeapSize:2048]] deferred - dummy variable created
[2026.08.06-02.17.02:639][  0]LogConfig: Applying CVar settings from Section [/Script/Engine.RendererSettings] File [Engine]
[2026.08.06-02.17.02:639][  0]LogConfig: CVar [[VisualizeCalibrationColorMaterialPath:/Engine/EngineMaterials/PPM_DefaultCalibrationColor.PPM_DefaultCalibrationColor]] deferred - dummy variable created
[2026.08.06-02.17.02:639][  0]LogConfig: CVar [[VisualizeCalibrationGrayscaleMaterialPath:/Engine/EngineMaterials/PPM_DefaultCalibrationGrayscale.PPM_DefaultCalibrationGrayscale]] deferred - dummy variable created
[2026.08.06-02.17.02:639][  0]LogConfig: Set CVar [[r.GPUCrashDebugging:0]]
[2026.08.06-02.17.02:639][  0]LogConfig: CVar [[MaxSkinBones:(Default=65536,PerPlatform=(("Mobile", 256)))]] deferred - dummy variable created
[2026.08.06-02.17.02:639][  0]LogConfig: Set CVar [[r.Shaders.RemoveUnusedInterpolators:1]]
[2026.08.06-02.17.02:639][  0]LogConfig: Set CVar [[r.Shadow.DetectVertexShaderLayerAtRuntime:1]]
[2026.08.06-02.17.02:639][  0]LogConfig: Set CVar [[r.AllowStaticLighting:0]]
[2026.08.06-02.17.02:639][  0]LogConfig: Set CVar [[r.GenerateMeshDistanceFields:1]]
[2026.08.06-02.17.02:639][  0]LogConfig: Set CVar [[r.DynamicGlobalIlluminationMethod:1]]
[2026.08.06-02.17.02:639][  0]LogConfig: Set CVar [[r.ReflectionMethod:1]]
[2026.08.06-02.17.02:639][  0]LogConfig: Set CVar [[r.SkinCache.CompileShaders:1]]
[2026.08.06-02.17.02:639][  0]LogConfig: Set CVar [[r.RayTracing:1]]
[2026.08.06-02.17.02:639][  0]LogConfig: Set CVar [[r.RayTracing.RayTracingProxies.ProjectEnabled:1]]
[2026.08.06-02.17.02:639][  0]LogConfig: Set CVar [[r.Shadow.Virtual.Enable:1]]
[2026.08.06-02.17.02:639][  0]LogConfig: Set CVar [[r.DefaultFeature.AutoExposure.ExtendDefaultLuminanceRange:1]]
[2026.08.06-02.17.02:639][  0]LogConfig: Set CVar [[r.DefaultFeature.LocalExposure.HighlightContrastScale:0.8]]
[2026.08.06-02.17.02:639][  0]LogConfig: Set CVar [[r.DefaultFeature.LocalExposure.ShadowContrastScale:0.8]]
[2026.08.06-02.17.02:639][  0]LogConfig: Set CVar [[r.DefaultFeature.AutoExposure:0]]
[2026.08.06-02.17.02:639][  0]LogConfig: Applying CVar settings from Section [/Script/Engine.RendererOverrideSettings] File [Engine]
[2026.08.06-02.17.02:639][  0]LogConfig: Applying CVar settings from Section [/Script/Engine.StreamingSettings] File [Engine]
[2026.08.06-02.17.02:639][  0]LogConfig: Set CVar [[s.MinBulkDataSizeForAsyncLoading:131072]]
[2026.08.06-02.17.02:639][  0]LogConfig: Set CVar [[s.AsyncLoadingThreadEnabled:1]]
[2026.08.06-02.17.02:639][  0]LogConfig: Set CVar [[s.EventDrivenLoaderEnabled:1]]
[2026.08.06-02.17.02:639][  0]LogConfig: Set CVar [[s.WarnIfTimeLimitExceeded:0]]
[2026.08.06-02.17.02:639][  0]LogConfig: Set CVar [[s.TimeLimitExceededMultiplier:1.5]]
[2026.08.06-02.17.02:639][  0]LogConfig: Set CVar [[s.TimeLimitExceededMinTime:0.005]]
[2026.08.06-02.17.02:639][  0]LogConfig: Set CVar [[s.UseBackgroundLevelStreaming:1]]
[2026.08.06-02.17.02:639][  0]LogConfig: Set CVar [[s.PriorityAsyncLoadingExtraTime:15.0]]
[2026.08.06-02.17.02:639][  0]LogConfig: Set CVar [[s.LevelStreamingActorsUpdateTimeLimit:5.0]]
[2026.08.06-02.17.02:639][  0]LogConfig: Set CVar [[s.PriorityLevelStreamingActorsUpdateExtraTime:5.0]]
[2026.08.06-02.17.02:639][  0]LogConfig: Set CVar [[s.LevelStreamingComponentsRegistrationGranularity:10]]
[2026.08.06-02.17.02:639][  0]LogConfig: Set CVar [[s.UnregisterComponentsTimeLimit:1.0]]
[2026.08.06-02.17.02:639][  0]LogConfig: Set CVar [[s.LevelStreamingComponentsUnregistrationGranularity:5]]
[2026.08.06-02.17.02:639][  0]LogConfig: CVar [[s.MaxPackageSummarySize:16384]] deferred - dummy variable created
[2026.08.06-02.17.02:639][  0]LogConfig: Set CVar [[s.FlushStreamingOnExit:1]]
[2026.08.06-02.17.02:639][  0]LogConfig: CVar [[FixedBootOrder:/Script/Engine/Default__SoundBase]] deferred - dummy variable created
[2026.08.06-02.17.02:639][  0]LogConfig: CVar [[FixedBootOrder:/Script/Engine/Default__MaterialInterface]] deferred - dummy variable created
[2026.08.06-02.17.02:639][  0]LogConfig: CVar [[FixedBootOrder:/Script/Engine/Default__DeviceProfileManager]] deferred - dummy variable created
[2026.08.06-02.17.02:639][  0]LogConfig: Applying CVar settings from Section [/Script/Engine.GarbageCollectionSettings] File [Engine]
[2026.08.06-02.17.02:639][  0]LogConfig: Set CVar [[gc.MaxObjectsNotConsideredByGC:1]]
[2026.08.06-02.17.02:639][  0]LogConfig: Set CVar [[gc.FlushStreamingOnGC:0]]
[2026.08.06-02.17.02:639][  0]LogConfig: Set CVar [[gc.NumRetriesBeforeForcingGC:10]]
[2026.08.06-02.17.02:639][  0]LogConfig: Set CVar [[gc.AllowParallelGC:1]]
[2026.08.06-02.17.02:639][  0]LogConfig: Set CVar [[gc.TimeBetweenPurgingPendingKillObjects:61.1]]
[2026.08.06-02.17.02:639][  0]LogConfig: Set CVar [[gc.MaxObjectsInEditor:25165824]]
[2026.08.06-02.17.02:639][  0]LogConfig: Set CVar [[gc.IncrementalBeginDestroyEnabled:1]]
[2026.08.06-02.17.02:639][  0]LogConfig: Set CVar [[gc.CreateGCClusters:1]]
[2026.08.06-02.17.02:639][  0]LogConfig: Set CVar [[gc.MinGCClusterSize:5]]
[2026.08.06-02.17.02:639][  0]LogConfig: Set CVar [[gc.AssetClustreringEnabled:0]]
[2026.08.06-02.17.02:639][  0]LogConfig: Set CVar [[gc.ActorClusteringEnabled:0]]
[2026.08.06-02.17.02:639][  0]LogConfig: Set CVar [[gc.VerifyUObjectsAreNotFGCObjects:0]]
[2026.08.06-02.17.02:639][  0]LogConfig: Set CVar [[gc.GarbageEliminationEnabled:1]]
[2026.08.06-02.17.02:639][  0]LogConfig: Applying CVar settings from Section [/Script/Engine.NetworkSettings] File [Engine]
[2026.08.06-02.17.02:639][  0]LogConfig: CVar [[NetworkEmulationProfiles:(ProfileName="Average",ToolTip="Simulates average internet conditions")]] deferred - dummy variable created
[2026.08.06-02.17.02:639][  0]LogConfig: CVar [[NetworkEmulationProfiles:(ProfileName="Bad",ToolTip="Simulates laggy internet conditions")]] deferred - dummy variable created
[2026.08.06-02.17.02:639][  0]LogConfig: Applying CVar settings from Section [/Script/UnrealEd.CookerSettings] File [Engine]
[2026.08.06-02.17.02:639][  0]LogConfig: CVar [[DefaultASTCQualityBySpeed:2]] deferred - dummy variable created
[2026.08.06-02.17.02:639][  0]LogConfig: CVar [[DefaultASTCQualityBySize:3]] deferred - dummy variable created
[2026.08.06-02.17.02:639][  0]LogConfig: CVar [[DefaultASTCQualityBySizeHQ:4]] deferred - dummy variable created
[2026.08.06-02.17.02:639][  0]LogConfig: CVar [[ClassesExcludedOnDedicatedServer:WidgetBlueprint]] deferred - dummy variable created
[2026.08.06-02.17.02:639][  0]LogConfig: CVar [[ClassesExcludedOnDedicatedServer:GroupActor]] deferred - dummy variable created
[2026.08.06-02.17.02:639][  0]LogConfig: CVar [[ClassesExcludedOnDedicatedServer:MetaData]] deferred - dummy variable created
[2026.08.06-02.17.02:639][  0]LogConfig: CVar [[ClassesExcludedOnDedicatedServer:ObjectRedirector]] deferred - dummy variable created
[2026.08.06-02.17.02:639][  0]LogConfig: CVar [[ClassesExcludedOnDedicatedServer:NavMeshRenderingComponent]] deferred - dummy variable created
[2026.08.06-02.17.02:639][  0]LogConfig: CVar [[ClassesExcludedOnDedicatedServer:ReflectionCaptureComponent]] deferred - dummy variable created
[2026.08.06-02.17.02:639][  0]LogConfig: CVar [[ClassesExcludedOnDedicatedServer:TextRenderComponent]] deferred - dummy variable created
[2026.08.06-02.17.02:639][  0]LogConfig: CVar [[ClassesExcludedOnDedicatedServer:Font]] deferred - dummy variable created
[2026.08.06-02.17.02:639][  0]LogConfig: CVar [[ClassesExcludedOnDedicatedServer:InterpCurveEdSetup]] deferred - dummy variable created
[2026.08.06-02.17.02:639][  0]LogConfig: CVar [[ClassesExcludedOnDedicatedServer:MaterialExpression]] deferred - dummy variable created
[2026.08.06-02.17.02:639][  0]LogConfig: CVar [[ClassesExcludedOnDedicatedServer:NiagaraEmitter]] deferred - dummy variable created
[2026.08.06-02.17.02:639][  0]LogConfig: CVar [[ClassesExcludedOnDedicatedServer:NiagaraScript]] deferred - dummy variable created
[2026.08.06-02.17.02:639][  0]LogConfig: CVar [[ClassesExcludedOnDedicatedServer:ParticleEmitter]] deferred - dummy variable created
[2026.08.06-02.17.02:639][  0]LogConfig: CVar [[ClassesExcludedOnDedicatedServer:ParticleLODLevel]] deferred - dummy variable created
[2026.08.06-02.17.02:639][  0]LogConfig: CVar [[ClassesExcludedOnDedicatedServer:ParticleModule]] deferred - dummy variable created
[2026.08.06-02.17.02:639][  0]LogConfig: CVar [[ClassesExcludedOnDedicatedServer:SubUVAnimation]] deferred - dummy variable created
[2026.08.06-02.17.02:639][  0]LogConfig: CVar [[ClassesExcludedOnDedicatedServer:SoundNode]] deferred - dummy variable created
[2026.08.06-02.17.02:639][  0]LogConfig: CVar [[ClassesExcludedOnDedicatedServer:GameplayEffectUIData]] deferred - dummy variable created
[2026.08.06-02.17.02:639][  0]LogConfig: CVar [[ClassesExcludedOnDedicatedServer:AmbientSound]] deferred - dummy variable created
[2026.08.06-02.17.02:639][  0]LogConfig: CVar [[ClassesExcludedOnDedicatedClient:WidgetBlueprint]] deferred - dummy variable created
[2026.08.06-02.17.02:639][  0]LogConfig: CVar [[ClassesExcludedOnDedicatedClient:GroupActor]] deferred - dummy variable created
[2026.08.06-02.17.02:639][  0]LogConfig: CVar [[ClassesExcludedOnDedicatedClient:MetaData]] deferred - dummy variable created
[2026.08.06-02.17.02:639][  0]LogConfig: CVar [[ClassesExcludedOnDedicatedClient:ObjectRedirector]] deferred - dummy variable created
[2026.08.06-02.17.02:639][  0]LogConfig: CVar [[ClassesExcludedOnDedicatedClient:InterpCurveEdSetup]] deferred - dummy variable created
[2026.08.06-02.17.02:639][  0]LogConfig: CVar [[VersionedIntRValues:r.AllowStaticLighting]] deferred - dummy variable created
[2026.08.06-02.17.02:639][  0]LogConfig: CVar [[VersionedIntRValues:r.MaterialEditor.LWCTruncateMode]] deferred - dummy variable created
[2026.08.06-02.17.02:639][  0]LogConfig: CVar [[VersionedIntRValues:r.GBuffer]] deferred - dummy variable created
[2026.08.06-02.17.02:639][  0]LogConfig: CVar [[VersionedIntRValues:r.VelocityOutputPass]] deferred - dummy variable created
[2026.08.06-02.17.02:639][  0]LogConfig: CVar [[VersionedIntRValues:r.SelectiveBasePassOutputs]] deferred - dummy variable created
[2026.08.06-02.17.02:639][  0]LogConfig: CVar [[VersionedIntRValues:r.DBuffer]] deferred - dummy variable created
[2026.08.06-02.17.02:639][  0]LogConfig: CVar [[VersionedIntRValues:r.Mobile.DBuffer]] deferred - dummy variable created
[2026.08.06-02.17.02:639][  0]LogConfig: CVar [[VersionedIntRValues:r.Shaders.Symbols]] deferred - dummy variable created
[2026.08.06-02.17.02:639][  0]LogConfig: CVar [[VersionedIntRValues:r.Shaders.GenerateSymbols]] deferred - dummy variable created
[2026.08.06-02.17.02:639][  0]LogConfig: CVar [[VersionedIntRValues:r.Shaders.WriteSymbols]] deferred - dummy variable created
[2026.08.06-02.17.02:639][  0]LogConfig: CVar [[VersionedIntRValues:r.Shaders.AllowUniqueSymbols]] deferred - dummy variable created
[2026.08.06-02.17.02:639][  0]LogConfig: CVar [[VersionedIntRValues:r.Shaders.ExtraData]] deferred - dummy variable created
[2026.08.06-02.17.02:639][  0]LogConfig: CVar [[VersionedIntRValues:r.Shaders.Optimize]] deferred - dummy variable created
[2026.08.06-02.17.02:639][  0]LogConfig: CVar [[VersionedIntRValues:r.CompileShadersForDevelopment]] deferred - dummy variable created
[2026.08.06-02.17.02:639][  0]LogConfig: CVar [[VersionedIntRValues:r.MobileHDR]] deferred - dummy variable created
[2026.08.06-02.17.02:639][  0]LogConfig: CVar [[VersionedIntRValues:r.UsePreExposure]] deferred - dummy variable created
[2026.08.06-02.17.02:639][  0]LogConfig: Applying CVar settings from Section [ViewDistanceQuality@3] File [Scalability]
[2026.08.06-02.17.02:639][  0]LogConfig: Set CVar [[r.SkeletalMeshLODBias:0]]
[2026.08.06-02.17.02:639][  0]LogConfig: Set CVar [[r.ViewDistanceScale:1.0]]
[2026.08.06-02.17.02:639][  0]LogConfig: Applying CVar settings from Section [AntiAliasingQuality@3] File [Scalability]
[2026.08.06-02.17.02:639][  0]LogConfig: Set CVar [[r.FXAA.Quality:4]]
[2026.08.06-02.17.02:639][  0]LogConfig: Set CVar [[r.TemporalAA.Quality:2]]
[2026.08.06-02.17.02:639][  0]LogConfig: Set CVar [[r.TSR.History.R11G11B10:1]]
[2026.08.06-02.17.02:639][  0]LogConfig: Set CVar [[r.TSR.History.ScreenPercentage:200]]
[2026.08.06-02.17.02:639][  0]LogConfig: Set CVar [[r.TSR.History.UpdateQuality:3]]
[2026.08.06-02.17.02:639][  0]LogConfig: Set CVar [[r.TSR.ShadingRejection.Flickering:1]]
[2026.08.06-02.17.02:639][  0]LogConfig: Set CVar [[r.TSR.RejectionAntiAliasingQuality:2]]
[2026.08.06-02.17.02:639][  0]LogConfig: Set CVar [[r.TSR.ReprojectionField:1]]
[2026.08.06-02.17.02:639][  0]LogConfig: Set CVar [[r.TSR.Resurrection:1]]
[2026.08.06-02.17.02:639][  0]LogConfig: Applying CVar settings from Section [ShadowQuality@3] File [Scalability]
[2026.08.06-02.17.02:639][  0]LogConfig: Set CVar [[r.LightFunctionQuality:1]]
[2026.08.06-02.17.02:639][  0]LogConfig: Set CVar [[r.ShadowQuality:5]]
[2026.08.06-02.17.02:639][  0]LogConfig: Set CVar [[r.Shadow.CSM.MaxCascades:10]]
[2026.08.06-02.17.02:639][  0]LogConfig: Set CVar [[r.Shadow.MaxResolution:2048]]
[2026.08.06-02.17.02:639][  0]LogConfig: Set CVar [[r.Shadow.MaxCSMResolution:2048]]
[2026.08.06-02.17.02:639][  0]LogConfig: Set CVar [[r.Shadow.RadiusThreshold:0.01]]
[2026.08.06-02.17.02:640][  0]LogConfig: Set CVar [[r.Shadow.DistanceScale:1.0]]
[2026.08.06-02.17.02:640][  0]LogConfig: Set CVar [[r.Shadow.CSM.TransitionScale:1.0]]
[2026.08.06-02.17.02:640][  0]LogConfig: Set CVar [[r.Shadow.PreShadowResolutionFactor:1.0]]
[2026.08.06-02.17.02:640][  0]LogConfig: Set CVar [[r.DistanceFieldShadowing:1]]
[2026.08.06-02.17.02:640][  0]LogConfig: Set CVar [[r.VolumetricFog:1]]
[2026.08.06-02.17.02:640][  0]LogConfig: Set CVar [[r.VolumetricFog.GridPixelSize:8]]
[2026.08.06-02.17.02:640][  0]LogConfig: Set CVar [[r.VolumetricFog.GridSizeZ:128]]
[2026.08.06-02.17.02:640][  0]LogConfig: Set CVar [[r.VolumetricFog.HistoryMissSupersampleCount:4]]
[2026.08.06-02.17.02:640][  0]LogConfig: Set CVar [[r.LightMaxDrawDistanceScale:1]]
[2026.08.06-02.17.02:640][  0]LogConfig: Set CVar [[r.CapsuleShadows:1]]
[2026.08.06-02.17.02:640][  0]LogConfig: Set CVar [[r.Shadow.Virtual.MaxPhysicalPages:4096]]
[2026.08.06-02.17.02:640][  0]LogConfig: Set CVar [[r.Shadow.Virtual.ResolutionLodBiasDirectional:-1.5]]
[2026.08.06-02.17.02:640][  0]LogConfig: Set CVar [[r.Shadow.Virtual.ResolutionLodBiasDirectionalMoving:-1.5]]
[2026.08.06-02.17.02:640][  0]LogConfig: Set CVar [[r.Shadow.Virtual.ResolutionLodBiasLocal:0.0]]
[2026.08.06-02.17.02:640][  0]LogConfig: Set CVar [[r.Shadow.Virtual.ResolutionLodBiasLocalMoving:1.0]]
[2026.08.06-02.17.02:640][  0]LogConfig: Set CVar [[r.Shadow.Virtual.SMRT.RayCountDirectional:8]]
[2026.08.06-02.17.02:640][  0]LogConfig: Set CVar [[r.Shadow.Virtual.SMRT.SamplesPerRayDirectional:4]]
[2026.08.06-02.17.02:640][  0]LogConfig: Set CVar [[r.Shadow.Virtual.SMRT.RayCountLocal:8]]
[2026.08.06-02.17.02:640][  0]LogConfig: Set CVar [[r.Shadow.Virtual.SMRT.SamplesPerRayLocal:4]]
[2026.08.06-02.17.02:640][  0]LogConfig: Applying CVar settings from Section [GlobalIlluminationQuality@3] File [Scalability]
[2026.08.06-02.17.02:640][  0]LogConfig: Set CVar [[r.DistanceFieldAO:1]]
[2026.08.06-02.17.02:640][  0]LogConfig: Set CVar [[r.SkylightIntensityMultiplier:1.0]]
[2026.08.06-02.17.02:640][  0]LogConfig: Set CVar [[r.AOQuality:2]]
[2026.08.06-02.17.02:640][  0]LogConfig: Set CVar [[r.Lumen.DiffuseIndirect.Allow:1]]
[2026.08.06-02.17.02:640][  0]LogConfig: Set CVar [[r.LumenScene.DirectLighting.MaxLightsPerTile:8]]
[2026.08.06-02.17.02:640][  0]LogConfig: Set CVar [[r.LumenScene.DirectLighting.UpdateFactor:32]]
[2026.08.06-02.17.02:640][  0]LogConfig: Set CVar [[r.LumenScene.Radiosity.UpdateFactor:64]]
[2026.08.06-02.17.02:640][  0]LogConfig: Set CVar [[r.LumenScene.Radiosity.ProbeSpacing:4]]
[2026.08.06-02.17.02:640][  0]LogConfig: Set CVar [[r.LumenScene.Radiosity.HemisphereProbeResolution:4]]
[2026.08.06-02.17.02:640][  0]LogConfig: Set CVar [[r.Lumen.TraceMeshSDFs.Allow:1]]
[2026.08.06-02.17.02:640][  0]LogConfig: Set CVar [[r.Lumen.ScreenProbeGather.RadianceCache.ProbeResolution:32]]
[2026.08.06-02.17.02:640][  0]LogConfig: Set CVar [[r.Lumen.ScreenProbeGather.RadianceCache.NumProbesToTraceBudget:100]]
[2026.08.06-02.17.02:640][  0]LogConfig: Set CVar [[r.Lumen.ScreenProbeGather.DownsampleFactor:16]]
[2026.08.06-02.17.02:640][  0]LogConfig: Set CVar [[r.Lumen.ScreenProbeGather.NumAdaptiveProbes:8]]
[2026.08.06-02.17.02:640][  0]LogConfig: Set CVar [[r.Lumen.ScreenProbeGather.TracingOctahedronResolution:8]]
[2026.08.06-02.17.02:640][  0]LogConfig: Set CVar [[r.Lumen.ScreenProbeGather.IrradianceFormat:0]]
[2026.08.06-02.17.02:640][  0]LogConfig: Set CVar [[r.Lumen.ScreenProbeGather.StochasticInterpolation:0]]
[2026.08.06-02.17.02:640][  0]LogConfig: Set CVar [[r.Lumen.ScreenProbeGather.FullResolutionJitterWidth:1]]
[2026.08.06-02.17.02:640][  0]LogConfig: Set CVar [[r.Lumen.ScreenProbeGather.TwoSidedFoliageBackfaceDiffuse:1]]
[2026.08.06-02.17.02:640][  0]LogConfig: Set CVar [[r.Lumen.ScreenProbeGather.ScreenTraces.HZBTraversal.FullResDepth:1]]
[2026.08.06-02.17.02:640][  0]LogConfig: Set CVar [[r.Lumen.ScreenProbeGather.ShortRangeAO.HardwareRayTracing:0]]
[2026.08.06-02.17.02:640][  0]LogConfig: Set CVar [[r.Lumen.ScreenProbeGather.ShortRangeAO.BentNormal:1]]
[2026.08.06-02.17.02:640][  0]LogConfig: Set CVar [[r.Lumen.TranslucencyVolume.GridPixelSize:32]]
[2026.08.06-02.17.02:640][  0]LogConfig: Set CVar [[r.Lumen.TranslucencyVolume.TraceFromVolume:1]]
[2026.08.06-02.17.02:640][  0]LogConfig: Set CVar [[r.Lumen.TranslucencyVolume.TracingOctahedronResolution:3]]
[2026.08.06-02.17.02:640][  0]LogConfig: Set CVar [[r.Lumen.TranslucencyVolume.RadianceCache.ProbeResolution:8]]
[2026.08.06-02.17.02:640][  0]LogConfig: Set CVar [[r.Lumen.TranslucencyVolume.RadianceCache.NumProbesToTraceBudget:70]]
[2026.08.06-02.17.02:640][  0]LogConfig: Set CVar [[r.RayTracing.Scene.BuildMode:1]]
[2026.08.06-02.17.02:640][  0]LogConfig: Applying CVar settings from Section [ReflectionQuality@3] File [Scalability]
[2026.08.06-02.17.02:640][  0]LogConfig: Set CVar [[r.SSR.Quality:3]]
[2026.08.06-02.17.02:640][  0]LogConfig: Set CVar [[r.SSR.HalfResSceneColor:0]]
[2026.08.06-02.17.02:640][  0]LogConfig: Set CVar [[r.Lumen.Reflections.Allow:1]]
[2026.08.06-02.17.02:640][  0]LogConfig: Set CVar [[r.Lumen.Reflections.DownsampleFactor:1]]
[2026.08.06-02.17.02:640][  0]LogConfig: Set CVar [[r.Lumen.Reflections.MaxRoughnessToTraceForFoliage:0.4]]
[2026.08.06-02.17.02:640][  0]LogConfig: Set CVar [[r.Lumen.ScreenProbeGather.MaxRoughnessToEvaluateRoughSpecularForFoliage:0.8]]
[2026.08.06-02.17.02:640][  0]LogConfig: Set CVar [[r.Lumen.Reflections.ScreenSpaceReconstruction.NumSamples:5]]
[2026.08.06-02.17.02:640][  0]LogConfig: Set CVar [[r.Lumen.Reflections.ScreenSpaceReconstruction.MinWeight:0]]
[2026.08.06-02.17.02:640][  0]LogConfig: Set CVar [[r.Lumen.TranslucencyReflections.FrontLayer.Allow:1]]
[2026.08.06-02.17.02:640][  0]LogConfig: Set CVar [[r.Lumen.TranslucencyReflections.FrontLayer.Enable:0]]
[2026.08.06-02.17.02:640][  0]LogConfig: Applying CVar settings from Section [PostProcessQuality@3] File [Scalability]
[2026.08.06-02.17.02:640][  0]LogConfig: Set CVar [[r.MotionBlurQuality:4]]
[2026.08.06-02.17.02:640][  0]LogConfig: Set CVar [[r.MotionBlur.HalfResGather:0]]
[2026.08.06-02.17.02:640][  0]LogConfig: Set CVar [[r.AmbientOcclusionMipLevelFactor:0.4]]
[2026.08.06-02.17.02:640][  0]LogConfig: Set CVar [[r.AmbientOcclusionMaxQuality:100]]
[2026.08.06-02.17.02:640][  0]LogConfig: Set CVar [[r.AmbientOcclusionLevels:-1]]
[2026.08.06-02.17.02:640][  0]LogConfig: Set CVar [[r.AmbientOcclusionRadiusScale:1.0]]
[2026.08.06-02.17.02:640][  0]LogConfig: Set CVar [[r.DepthOfFieldQuality:2]]
[2026.08.06-02.17.02:640][  0]LogConfig: Set CVar [[r.RenderTargetPoolMin:400]]
[2026.08.06-02.17.02:640][  0]LogConfig: Set CVar [[r.LensFlareQuality:2]]
[2026.08.06-02.17.02:640][  0]LogConfig: Set CVar [[r.SceneColorFringeQuality:1]]
[2026.08.06-02.17.02:640][  0]LogConfig: Set CVar [[r.EyeAdaptationQuality:2]]
[2026.08.06-02.17.02:640][  0]LogConfig: Set CVar [[r.BloomQuality:5]]
[2026.08.06-02.17.02:640][  0]LogConfig: Set CVar [[r.Bloom.ScreenPercentage:50.000]]
[2026.08.06-02.17.02:640][  0]LogConfig: Set CVar [[r.FastBlurThreshold:100]]
[2026.08.06-02.17.02:640][  0]LogConfig: Set CVar [[r.Upscale.Quality:3]]
[2026.08.06-02.17.02:640][  0]LogConfig: Set CVar [[r.LightShaftQuality:1]]
[2026.08.06-02.17.02:640][  0]LogConfig: Set CVar [[r.Filter.SizeScale:1]]
[2026.08.06-02.17.02:640][  0]LogConfig: Set CVar [[r.Tonemapper.Quality:5]]
[2026.08.06-02.17.02:640][  0]LogConfig: Set CVar [[r.DOF.Gather.ResolutionDivisor:2         ; lower gathering resolution]]
[2026.08.06-02.17.02:640][  0]LogConfig: Set CVar [[r.DOF.Gather.AccumulatorQuality:1        ; higher gathering accumulator quality]]
[2026.08.06-02.17.02:640][  0]LogConfig: Set CVar [[r.DOF.Gather.PostfilterMethod:1          ; Median3x3 postfilering method]]
[2026.08.06-02.17.02:640][  0]LogConfig: Set CVar [[r.DOF.Gather.EnableBokehSettings:0       ; no bokeh simulation when gathering]]
[2026.08.06-02.17.02:640][  0]LogConfig: Set CVar [[r.DOF.Gather.RingCount:4                 ; medium number of samples when gathering]]
[2026.08.06-02.17.02:640][  0]LogConfig: Set CVar [[r.DOF.Scatter.ForegroundCompositing:1    ; additive foreground scattering]]
[2026.08.06-02.17.02:640][  0]LogConfig: Set CVar [[r.DOF.Scatter.BackgroundCompositing:2    ; additive background scattering]]
[2026.08.06-02.17.02:640][  0]LogConfig: Set CVar [[r.DOF.Scatter.EnableBokehSettings:1      ; bokeh simulation when scattering]]
[2026.08.06-02.17.02:640][  0]LogConfig: Set CVar [[r.DOF.Scatter.MaxSpriteRatio:0.1         ; only a maximum of 10% of scattered bokeh]]
[2026.08.06-02.17.02:640][  0]LogConfig: Set CVar [[r.DOF.Recombine.Quality:1                ; cheap slight out of focus]]
[2026.08.06-02.17.02:640][  0]LogConfig: Set CVar [[r.DOF.Recombine.EnableBokehSettings:0    ; no bokeh simulation on slight out of focus]]
[2026.08.06-02.17.02:640][  0]LogConfig: Set CVar [[r.DOF.TemporalAAQuality:1                ; more stable temporal accumulation]]
[2026.08.06-02.17.02:640][  0]LogConfig: Set CVar [[r.DOF.Kernel.MaxForegroundRadius:0.025]]
[2026.08.06-02.17.02:640][  0]LogConfig: Set CVar [[r.DOF.Kernel.MaxBackgroundRadius:0.025]]
[2026.08.06-02.17.02:640][  0]LogConfig: Applying CVar settings from Section [TextureQuality@3] File [Scalability]
[2026.08.06-02.17.02:640][  0]LogConfig: Set CVar [[r.Streaming.MipBias:0]]
[2026.08.06-02.17.02:640][  0]LogConfig: Set CVar [[r.Streaming.AmortizeCPUToGPUCopy:0]]
[2026.08.06-02.17.02:640][  0]LogConfig: Set CVar [[r.Streaming.MaxNumTexturesToStreamPerFrame:0]]
[2026.08.06-02.17.02:640][  0]LogConfig: Set CVar [[r.Streaming.Boost:1]]
[2026.08.06-02.17.02:640][  0]LogConfig: Set CVar [[r.MaxAnisotropy:8]]
[2026.08.06-02.17.02:640][  0]LogConfig: Set CVar [[r.VT.MaxAnisotropy:8]]
[2026.08.06-02.17.02:640][  0]LogConfig: Set CVar [[r.Streaming.LimitPoolSizeToVRAM:0]]
[2026.08.06-02.17.02:640][  0]LogConfig: Set CVar [[r.Streaming.PoolSize:1000]]
[2026.08.06-02.17.02:640][  0]LogConfig: Set CVar [[r.Streaming.MaxEffectiveScreenSize:0]]
[2026.08.06-02.17.02:640][  0]LogConfig: Applying CVar settings from Section [EffectsQuality@3] File [Scalability]
[2026.08.06-02.17.02:640][  0]LogConfig: Set CVar [[r.TranslucencyLightingVolumeDim:64]]
[2026.08.06-02.17.02:640][  0]LogConfig: Set CVar [[r.RefractionQuality:2]]
[2026.08.06-02.17.02:640][  0]LogConfig: Set CVar [[r.SceneColorFormat:4]]
[2026.08.06-02.17.02:640][  0]LogConfig: Set CVar [[r.DetailMode:3]]
[2026.08.06-02.17.02:640][  0]LogConfig: Set CVar [[r.TranslucencyVolumeBlur:1]]
[2026.08.06-02.17.02:640][  0]LogConfig: Set CVar [[r.MaterialQualityLevel:1 ; High quality]]
[2026.08.06-02.17.02:640][  0]LogConfig: Set CVar [[r.SSS.Scale:1]]
[2026.08.06-02.17.02:640][  0]LogConfig: Set CVar [[r.SSS.SampleSet:2]]
[2026.08.06-02.17.02:640][  0]LogConfig: Set CVar [[r.SSS.Quality:1]]
[2026.08.06-02.17.02:640][  0]LogConfig: Set CVar [[r.SSS.HalfRes:0]]
[2026.08.06-02.17.02:640][  0]LogConfig: Set CVar [[r.SSGI.Quality:3]]
[2026.08.06-02.17.02:640][  0]LogConfig: Set CVar [[r.EmitterSpawnRateScale:1.0]]
[2026.08.06-02.17.02:640][  0]LogConfig: Set CVar [[r.ParticleLightQuality:2]]
[2026.08.06-02.17.02:640][  0]LogConfig: Set CVar [[r.SkyAtmosphere.AerialPerspectiveLUT.FastApplyOnOpaque:1 ; Always have FastSkyLUT 1 in this case to avoid wrong sky]]
[2026.08.06-02.17.02:640][  0]LogConfig: Set CVar [[r.SkyAtmosphere.AerialPerspectiveLUT.SampleCountMaxPerSlice:4]]
[2026.08.06-02.17.02:640][  0]LogConfig: Set CVar [[r.SkyAtmosphere.AerialPerspectiveLUT.DepthResolution:16.0]]
[2026.08.06-02.17.02:640][  0]LogConfig: Set CVar [[r.SkyAtmosphere.FastSkyLUT:1]]
[2026.08.06-02.17.02:640][  0]LogConfig: Set CVar [[r.SkyAtmosphere.FastSkyLUT.SampleCountMin:4.0]]
[2026.08.06-02.17.02:640][  0]LogConfig: Set CVar [[r.SkyAtmosphere.FastSkyLUT.SampleCountMax:128.0]]
[2026.08.06-02.17.02:640][  0]LogConfig: Set CVar [[r.SkyAtmosphere.SampleCountMin:4.0]]
[2026.08.06-02.17.02:640][  0]LogConfig: Set CVar [[r.SkyAtmosphere.SampleCountMax:128.0]]
[2026.08.06-02.17.02:640][  0]LogConfig: Set CVar [[r.SkyAtmosphere.TransmittanceLUT.UseSmallFormat:0]]
[2026.08.06-02.17.02:640][  0]LogConfig: Set CVar [[r.SkyAtmosphere.TransmittanceLUT.SampleCount:10.0]]
[2026.08.06-02.17.02:640][  0]LogConfig: Set CVar [[r.SkyAtmosphere.MultiScatteringLUT.SampleCount:15.0]]
[2026.08.06-02.17.02:640][  0]LogConfig: Set CVar [[fx.Niagara.QualityLevel:3]]
[2026.08.06-02.17.02:640][  0]LogConfig: Set CVar [[r.Refraction.OffsetQuality:1]]
[2026.08.06-02.17.02:640][  0]LogConfig: Set CVar [[r.HeterogeneousVolumes.DownsampleFactor:2]]
[2026.08.06-02.17.02:640][  0]LogConfig: Set CVar [[r.HeterogeneousVolumes.MaxStepCount:256]]
[2026.08.06-02.17.02:640][  0]LogConfig: Set CVar [[r.HeterogeneousVolumes.Shadows.Resolution:256]]
[2026.08.06-02.17.02:640][  0]LogConfig: Set CVar [[r.HeterogeneousVolumes.Shadows.MaxSampleCount:8]]
[2026.08.06-02.17.02:640][  0]LogConfig: Set CVar [[r.HeterogeneousVolumes.UseExistenceMask:0]]
[2026.08.06-02.17.02:640][  0]LogConfig: Applying CVar settings from Section [FoliageQuality@3] File [Scalability]
[2026.08.06-02.17.02:640][  0]LogConfig: Set CVar [[foliage.DensityScale:1.0]]
[2026.08.06-02.17.02:640][  0]LogConfig: Set CVar [[grass.DensityScale:1.0]]
[2026.08.06-02.17.02:640][  0]LogConfig: Applying CVar settings from Section [ShadingQuality@3] File [Scalability]
[2026.08.06-02.17.02:640][  0]LogConfig: Set CVar [[r.HairStrands.SkyLighting.IntegrationType:2]]
[2026.08.06-02.17.02:640][  0]LogConfig: Set CVar [[r.HairStrands.SkyAO.SampleCount:4]]
[2026.08.06-02.17.02:640][  0]LogConfig: Set CVar [[r.HairStrands.Visibility.MSAA.SamplePerPixel:4]]
[2026.08.06-02.17.02:640][  0]LogConfig: Set CVar [[r.AnisotropicMaterials:1]]
[2026.08.06-02.17.02:640][  0]LogConfig: Applying CVar settings from Section [LandscapeQuality@3] File [Scalability]
[2026.08.06-02.17.02:649][  0]LogRHI: Using Default RHI: D3D12
[2026.08.06-02.17.02:649][  0]LogRHI: Using Highest Feature Level of D3D12: SM6
[2026.08.06-02.17.02:649][  0]LogRHI: Loading RHI module D3D12RHI
[2026.08.06-02.17.02:651][  0]LogD3D12RHI: Loading WinPixEventRuntime.dll for PIX profiling (from ../../../Engine/Binaries/ThirdParty/Windows/WinPixEventRuntime/x64).
[2026.08.06-02.17.02:651][  0]LogRHI: Checking if RHI D3D12 with Feature Level SM6 is supported by your system.
[2026.08.06-02.17.02:961][  0]LogD3D12RHI: Found D3D12 adapter 0: NVIDIA GeForce RTX 5060 (VendorId: 10de, DeviceId: 2d05, SubSysId: 8a1f1043, Revision: 00a1
[2026.08.06-02.17.02:961][  0]LogD3D12RHI:   Max supported Feature Level 12_2, shader model 6.7, binding tier 3, wave ops supported, atomic64 supported
[2026.08.06-02.17.02:961][  0]LogD3D12RHI:   Adapter has 7895MB of dedicated video memory, 0MB of dedicated system memory, and 16278MB of shared system memory, 1 output[s], UMA:false
[2026.08.06-02.17.02:961][  0]LogD3D12RHI:   Driver Version: 591.86 (internal:32.0.15.9186, unified:591.86)
[2026.08.06-02.17.02:961][  0]LogD3D12RHI:      Driver Date: 1-20-2026
[2026.08.06-02.17.02:968][  0]LogD3D12RHI: Found D3D12 adapter 1: Microsoft Basic Render Driver (VendorId: 1414, DeviceId: 008c, SubSysId: 0000, Revision: 0000
[2026.08.06-02.17.02:968][  0]LogD3D12RHI:   Max supported Feature Level 12_1, shader model 6.7, binding tier 3, wave ops supported, atomic64 supported
[2026.08.06-02.17.02:968][  0]LogD3D12RHI:   Adapter has 0MB of dedicated video memory, 0MB of dedicated system memory, and 16278MB of shared system memory, 0 output[s], UMA:true
[2026.08.06-02.17.02:968][  0]LogD3D12RHI: DirectX Agility SDK runtime found.
[2026.08.06-02.17.02:968][  0]LogD3D12RHI: Chosen D3D12 Adapter Id = 0
[2026.08.06-02.17.02:968][  0]LogRHI: RHI D3D12 with Feature Level SM6 is supported and will be used.
[2026.08.06-02.17.02:968][  0]LogInit: Selected Device Profile: [WindowsEditor]
[2026.08.06-02.17.02:968][  0]LogHAL: Display: Platform has ~ 32 GB [34138939392 / 34359738368 / 32], which maps to Largest [LargestMinGB=32, LargerMinGB=12, DefaultMinGB=8, SmallerMinGB=6, SmallestMinGB=0)
[2026.08.06-02.17.02:968][  0]LogDeviceProfileManager: Going up to parent DeviceProfile [Windows]
[2026.08.06-02.17.02:968][  0]LogDeviceProfileManager: Going up to parent DeviceProfile []
[2026.08.06-02.17.02:968][  0]LogDeviceProfileManager: Pushing Device Profile CVar: [[UI.SlateSDFText.RasterizationMode:Bitmap -> Msdf]]
[2026.08.06-02.17.02:968][  0]LogDeviceProfileManager: Pushing Device Profile CVar: [[UI.SlateSDFText.ResolutionLevel:2 -> 2]]
[2026.08.06-02.17.02:968][  0]LogConfig: Applying CVar settings from Section [Startup] File [../../../Engine/Config/ConsoleVariables.ini]
[2026.08.06-02.17.02:968][  0]LogConfig: Set CVar [[r.DumpShaderDebugInfo:2]]
[2026.08.06-02.17.02:968][  0]LogConfig: Set CVar [[p.chaos.AllowCreatePhysxBodies:1]]
[2026.08.06-02.17.02:968][  0]LogConfig: Set CVar [[fx.SkipVectorVMBackendOptimizations:1]]
[2026.08.06-02.17.02:968][  0]LogConfig: CVar [[ds.CADTranslator.Meshing.ActivateThinZoneMeshing:0]] deferred - dummy variable created
[2026.08.06-02.17.02:968][  0]LogConfig: CVar [[ds.CADTranslator.Stitching.RemoveThinFaces:0]] deferred - dummy variable created
[2026.08.06-02.17.02:968][  0]LogConfig: Applying CVar settings from Section [Startup_Windows] File [../../../Engine/Config/ConsoleVariables.ini]
[2026.08.06-02.17.02:968][  0]LogConfig: Applying CVar settings from Section [ConsoleVariables] File [Engine]
[2026.08.06-02.17.02:968][  0]LogConfig: Applying CVar settings from Section [ConsoleVariables] File [D:/Unreal Projects/VLA/Saved/Config/WindowsEditor/Editor.ini]
[2026.08.06-02.17.02:968][  0]LogInit: Computer: LIU
[2026.08.06-02.17.02:968][  0]LogInit: User: LIU
[2026.08.06-02.17.02:968][  0]LogInit: CPU Page size=4096, Cores=14
[2026.08.06-02.17.02:968][  0]LogInit: High frequency timer resolution =10.000000 MHz
[2026.08.06-02.17.02:968][  0]LogMemory: Process is running as part of a Windows Job with separate resource limits
[2026.08.06-02.17.02:968][  0]LogMemory: Memory total: Physical=31.8GB (32GB approx) Virtual=43.4GB
[2026.08.06-02.17.02:968][  0]LogMemory: Platform Memory Stats for WindowsEditor
[2026.08.06-02.17.02:968][  0]LogMemory: Process Physical Memory: 578.09 MB used, 865.84 MB peak
[2026.08.06-02.17.02:968][  0]LogMemory: Process Virtual Memory: 563.43 MB used, 572.41 MB peak
[2026.08.06-02.17.02:968][  0]LogMemory: Physical Memory: 18558.60 MB used,  13998.83 MB free, 32557.43 MB total
[2026.08.06-02.17.02:968][  0]LogMemory: Virtual Memory: 30037.64 MB used,  14390.23 MB free, 44427.88 MB total
[2026.08.06-02.17.02:968][  0]LogCsvProfiler: Display: Metadata set : extradevelopmentmemorymb="0"
[2026.08.06-02.17.02:971][  0]LogWindows: WindowsPlatformFeatures enabled
[2026.08.06-02.17.02:972][  0]LogChaosDD: Chaos Debug Draw Startup
[2026.08.06-02.17.02:972][  0]LogInit: Physics initialised using underlying interface: Chaos
[2026.08.06-02.17.02:972][  0]LogInit: Using OS detected language (zh-CN).
[2026.08.06-02.17.02:972][  0]LogInit: Using OS detected locale (zh-CN).
[2026.08.06-02.17.02:974][  0]LogTextLocalizationManager: No specific localization for 'zh-CN' exists, so 'zh-Hans' will be used for the language.
[2026.08.06-02.17.03:181][  0]LogTextLocalizationResource: LocRes '../../../Engine/Content/Localization/Editor/zh/Editor.locres' could not be opened for reading!
[2026.08.06-02.17.03:181][  0]LogTextLocalizationResource: LocRes '../../../Engine/Content/Localization/EditorTutorials/zh/EditorTutorials.locres' could not be opened for reading!
[2026.08.06-02.17.03:181][  0]LogTextLocalizationResource: LocRes '../../../Engine/Content/Localization/Keywords/zh/Keywords.locres' could not be opened for reading!
[2026.08.06-02.17.03:181][  0]LogTextLocalizationResource: LocRes '../../../Engine/Content/Localization/Category/zh/Category.locres' could not be opened for reading!
[2026.08.06-02.17.03:181][  0]LogTextLocalizationResource: LocRes '../../../Engine/Content/Localization/ToolTips/zh/ToolTips.locres' could not be opened for reading!
[2026.08.06-02.17.03:181][  0]LogTextLocalizationResource: LocRes '../../../Engine/Content/Localization/PropertyNames/zh/PropertyNames.locres' could not be opened for reading!
[2026.08.06-02.17.03:181][  0]LogTextLocalizationResource: LocRes '../../../Engine/Content/Localization/Engine/zh/Engine.locres' could not be opened for reading!
[2026.08.06-02.17.03:181][  0]LogTextLocalizationResource: LocRes '../../../Engine/Plugins/MetaHuman/MetaHumanSDK/Content/Localization/MetaHumanSDK/zh/MetaHumanSDK.locres' could not be opened for reading!
[2026.08.06-02.17.03:181][  0]LogTextLocalizationResource: LocRes '../../../Engine/Plugins/Online/OnlineSubsystem/Content/Localization/OnlineSubsystem/zh/OnlineSubsystem.locres' could not be opened for reading!
[2026.08.06-02.17.03:181][  0]LogTextLocalizationResource: LocRes '../../../Engine/Plugins/Online/OnlineSubsystemUtils/Content/Localization/OnlineSubsystemUtils/zh/OnlineSubsystemUtils.locres' could not be opened for reading!
[2026.08.06-02.17.03:181][  0]LogTextLocalizationResource: LocRes '../../../Engine/Plugins/Online/IOS/OnlineSubsystemIOS/Content/Localization/OnlineSubsystemIOS/zh/OnlineSubsystemIOS.locres' could not be opened for reading!
[2026.08.06-02.17.03:181][  0]LogTextLocalizationResource: LocRes '../../../Engine/Plugins/Online/Android/OnlineSubsystemGooglePlay/Content/Localization/OnlineSubsystemGooglePlay/zh/OnlineSubsystemGooglePlay.locres' could not be opened for reading!
[2026.08.06-02.17.03:238][  0]LogObj: Display: Attempting to load config data for Default__SlateThemeManager before the Class has been constructed/registered/linked (likely during module loading or early startup). This will result in the load silently failing and should be fixed.
[2026.08.06-02.17.03:242][  0]LogSlate: New Slate User Created. Platform User Id 0, User Index 0, Is Virtual User: 0
[2026.08.06-02.17.03:242][  0]LogSlate: Slate User Registered.  User Index 0, Is Virtual User: 0
[2026.08.06-02.17.03:260][  0]LogRHI: Using Default RHI: D3D12
[2026.08.06-02.17.03:260][  0]LogRHI: Using Highest Feature Level of D3D12: SM6
[2026.08.06-02.17.03:260][  0]LogRHI: Loading RHI module D3D12RHI
[2026.08.06-02.17.03:260][  0]LogRHI: Checking if RHI D3D12 with Feature Level SM6 is supported by your system.
[2026.08.06-02.17.03:260][  0]LogRHI: RHI D3D12 with Feature Level SM6 is supported and will be used.
[2026.08.06-02.17.03:260][  0]LogD3D12RHI: Integrated GPU (iGPU): false
[2026.08.06-02.17.03:260][  0]LogD3D12RHI: Display: Creating D3D12 RHI with Max Feature Level SM6
[2026.08.06-02.17.03:261][  0]LogWindows: Attached monitors:
[2026.08.06-02.17.03:261][  0]LogWindows:     resolution: 2048x1152, work area: (0, 0) -> (2048, 1104), device: '\\.\DISPLAY1' [PRIMARY]
[2026.08.06-02.17.03:261][  0]LogWindows: Found 1 attached monitors.
[2026.08.06-02.17.03:261][  0]LogWindows: Gathering driver information using Windows Setup API
[2026.08.06-02.17.03:261][  0]LogRHI: RHI Adapter Info:
[2026.08.06-02.17.03:261][  0]LogRHI:             Name: NVIDIA GeForce RTX 5060
[2026.08.06-02.17.03:261][  0]LogRHI:   Driver Version: 591.86 (internal:32.0.15.9186, unified:591.86)
[2026.08.06-02.17.03:261][  0]LogRHI:      Driver Date: 1-20-2026
[2026.08.06-02.17.03:261][  0]LogD3D12RHI:     GPU DeviceId: 0x2d05 (for the marketing name, search the web for "GPU Device Id")
[2026.08.06-02.17.03:261][  0]LogD3D12RHI: InitD3DDevice: -D3DDebug = off -D3D12GPUValidation = off
[2026.08.06-02.17.03:352][  0]LogNvidiaAftermath: Aftermath initialized
[2026.08.06-02.17.03:352][  0]LogD3D12RHI: Emitting draw events for PIX profiling.
[2026.08.06-02.17.03:466][  0]LogNvidiaAftermath: Aftermath enabled. Active feature flags: 
[2026.08.06-02.17.03:466][  0]LogNvidiaAftermath:  - Feature: EnableResourceTracking
[2026.08.06-02.17.03:466][  0]LogD3D12RHI: ID3D12Device1 is supported.
[2026.08.06-02.17.03:466][  0]LogD3D12RHI: ID3D12Device2 is supported.
[2026.08.06-02.17.03:466][  0]LogD3D12RHI: ID3D12Device3 is supported.
[2026.08.06-02.17.03:466][  0]LogD3D12RHI: ID3D12Device4 is supported.
[2026.08.06-02.17.03:466][  0]LogD3D12RHI: ID3D12Device5 is supported.
[2026.08.06-02.17.03:466][  0]LogD3D12RHI: ID3D12Device6 is supported.
[2026.08.06-02.17.03:466][  0]LogD3D12RHI: ID3D12Device7 is supported.
[2026.08.06-02.17.03:466][  0]LogD3D12RHI: ID3D12Device8 is supported.
[2026.08.06-02.17.03:466][  0]LogD3D12RHI: ID3D12Device9 is supported.
[2026.08.06-02.17.03:466][  0]LogD3D12RHI: ID3D12Device10 is supported.
[2026.08.06-02.17.03:466][  0]LogD3D12RHI: ID3D12Device11 is supported.
[2026.08.06-02.17.03:466][  0]LogD3D12RHI: ID3D12Device12 is supported.
[2026.08.06-02.17.03:466][  0]LogD3D12RHI: Bindless resources are supported
[2026.08.06-02.17.03:466][  0]LogD3D12RHI: Stencil ref from pixel shader is not supported
[2026.08.06-02.17.03:466][  0]LogD3D12RHI: Raster order views are supported
[2026.08.06-02.17.03:466][  0]LogD3D12RHI: Wave Operations are supported (wave size: min=32 max=32).
[2026.08.06-02.17.03:466][  0]LogD3D12RHI: D3D12 ray tracing tier 1.1 and bindless resources are supported.
[2026.08.06-02.17.03:466][  0]LogD3D12RHI: Mesh shader tier 1.0 is supported
[2026.08.06-02.17.03:466][  0]LogD3D12RHI: AtomicInt64OnTypedResource is supported
[2026.08.06-02.17.03:466][  0]LogD3D12RHI: AtomicInt64OnGroupShared is supported
[2026.08.06-02.17.03:466][  0]LogD3D12RHI: AtomicInt64OnDescriptorHeapResource is supported
[2026.08.06-02.17.03:466][  0]LogD3D12RHI: Shader Model 6.6 atomic64 is supported
[2026.08.06-02.17.03:466][  0]LogD3D12RHI: Work Graphs are supported
[2026.08.06-02.17.03:519][  0]LogD3D12RHI: [GPUBreadCrumb] Successfully setup breadcrumb resource for DiagnosticBuffer (Queue: 0x000001C51599B2C0)
[2026.08.06-02.17.03:519][  0]LogD3D12RHI: [GPUBreadCrumb] Successfully setup breadcrumb resource for DiagnosticBuffer (Queue: 0x000001C51599B580)
[2026.08.06-02.17.03:521][  0]LogD3D12RHI: [GPUBreadCrumb] Successfully setup breadcrumb resource for DiagnosticBuffer (Queue: 0x000001C51599B840)
[2026.08.06-02.17.03:521][  0]LogD3D12RHI: Display: Not using pipeline state disk cache per r.D3D12.PSO.DiskCache=0
[2026.08.06-02.17.03:521][  0]LogD3D12RHI: Display: Not using driver-optimized pipeline state disk cache per r.D3D12.PSO.DriverOptimizedDiskCache=0
[2026.08.06-02.17.03:672][  0]LogD3D12RHI: NVIDIA Shader Execution Reordering interface supported!
[2026.08.06-02.17.03:672][  0]LogD3D12RHI: Display: Batched command list execution is disabled for async queues due to known bugs in the current driver.
[2026.08.06-02.17.03:672][  0]LogRHI: Texture pool is 4490 MB (70% of 6414 MB)
[2026.08.06-02.17.03:672][  0]LogD3D12RHI: Async texture creation enabled
[2026.08.06-02.17.03:672][  0]LogD3D12RHI: RHI has support for 64 bit atomics
[2026.08.06-02.17.03:679][  0]LogVRS: Current RHI supports per-draw and screenspace Variable Rate Shading
[2026.08.06-02.17.03:681][  0]LogCsvProfiler: Display: Metadata set : verbatimrhiname="D3D12"
[2026.08.06-02.17.03:681][  0]LogCsvProfiler: Display: Metadata set : rhiname="D3D12"
[2026.08.06-02.17.03:681][  0]LogCsvProfiler: Display: Metadata set : rhifeaturelevel="SM6"
[2026.08.06-02.17.03:681][  0]LogCsvProfiler: Display: Metadata set : shaderplatform="PCD3D_SM6"
[2026.08.06-02.17.03:681][  0]LogInit: Initializing FReadOnlyCVARCache
[2026.08.06-02.17.03:687][  0]LogTextureFormatASTC: Display: ASTCEnc version 5.0.1 library loaded
[2026.08.06-02.17.03:687][  0]LogTextureFormatManager: Display: Loaded Base TextureFormat: TextureFormatASTC
[2026.08.06-02.17.03:687][  0]LogTextureFormatManager: Display: Loaded Base TextureFormat: TextureFormatDXT
[2026.08.06-02.17.03:687][  0]LogTextureFormatManager: Display: Loaded Base TextureFormat: TextureFormatETC2
[2026.08.06-02.17.03:687][  0]LogTextureFormatManager: Display: Loaded Base TextureFormat: TextureFormatIntelISPCTexComp
[2026.08.06-02.17.03:687][  0]LogTextureFormatManager: Display: Loaded Base TextureFormat: TextureFormatUncompressed
[2026.08.06-02.17.03:687][  0]LogTextureFormatOodle: Display: Oodle Texture TFO init; latest sdk version = 2.9.13
[2026.08.06-02.17.03:687][  0]LogTextureFormatOodle: Display: Oodle Texture loading DLL: oo2tex_win64_2.9.13.dll
[2026.08.06-02.17.03:687][  0]LogTextureFormatOodle: Display: Oodle Texture loading DLL: oo2tex_win64_2.9.5.dll
[2026.08.06-02.17.03:687][  0]LogTextureFormatManager: Display: Loaded Base TextureFormat: TextureFormatOodle
[2026.08.06-02.17.03:704][  0]LogTargetPlatformManager: Display: Loaded TargetPlatform 'Windows'
[2026.08.06-02.17.03:704][  0]LogTargetPlatformManager: Display: Loaded TargetPlatform 'WindowsEditor'
[2026.08.06-02.17.03:704][  0]LogTargetPlatformManager: Display: Loaded TargetPlatform 'WindowsServer'
[2026.08.06-02.17.03:704][  0]LogTargetPlatformManager: Display: Loaded TargetPlatform 'WindowsClient'
[2026.08.06-02.17.03:704][  0]LogTargetPlatformManager: Display: Building Assets For WindowsEditor
[2026.08.06-02.17.03:728][  0]LogRendererCore: Ray tracing is enabled (dynamic). Reason: r.RayTracing=1 and r.RayTracing.EnableOnDemand=1.
[2026.08.06-02.17.03:728][  0]LogRendererCore: Ray tracing shaders are enabled.
[2026.08.06-02.17.03:730][  0]LogDerivedDataCache: Display: Memory: Max Cache Size: -1 MB
[2026.08.06-02.17.03:730][  0]LogDerivedDataCache: FDerivedDataBackendGraph: Pak pak cache file ../../../../../../Unreal Projects/VLA/DerivedDataCache/DDC.ddp not found, will not use a pak cache.
[2026.08.06-02.17.03:730][  0]LogDerivedDataCache: Unable to find inner node Pak for hierarchy Hierarchy.
[2026.08.06-02.17.03:730][  0]LogDerivedDataCache: FDerivedDataBackendGraph: CompressedPak pak cache file ../../../../../../Unreal Projects/VLA/DerivedDataCache/Compressed.ddp not found, will not use a pak cache.
[2026.08.06-02.17.03:730][  0]LogDerivedDataCache: Unable to find inner node CompressedPak for hierarchy Hierarchy.
[2026.08.06-02.17.03:871][  0]LogDerivedDataCache: Display: ../../../Engine/DerivedDataCache/Compressed.ddp: Opened pak cache for reading. (1350 MiB)
[2026.08.06-02.17.03:871][  0]LogDerivedDataCache: FDerivedDataBackendGraph: EnterprisePak pak cache file ../../../Enterprise/DerivedDataCache/Compressed.ddp not found, will not use a pak cache.
[2026.08.06-02.17.03:871][  0]LogDerivedDataCache: Unable to find inner node EnterprisePak for hierarchy Hierarchy.
[2026.08.06-02.17.03:872][  0]LogZenServiceInstance: Found Zen config default=C:/Users/LIU/AppData/Local/UnrealEngine/Common/Zen/Data
[2026.08.06-02.17.03:872][  0]LogZenServiceInstance: InTree version at 'D:/Softwares/Unreal Engine/UE_5.6/Engine/Binaries/Win64/zenserver.exe' is '5.6.6-202504241958-windows-x64-release-f090a03'
[2026.08.06-02.17.03:872][  0]LogZenServiceInstance: Installed version at 'C:/Users/LIU/AppData/Local/UnrealEngine/Common/Zen/Install/zenserver.exe' is '5.6.6-202504241958-windows-x64-release-f090a03'
[2026.08.06-02.17.03:872][  0]LogZenServiceInstance: No current process using the data dir found, launching a new instance
[2026.08.06-02.17.03:872][  0]LogZenServiceInstance: Display: Launching executable 'C:/Users/LIU/AppData/Local/UnrealEngine/Common/Zen/Install/zenserver.exe', working dir 'C:/Users/LIU/AppData/Local/UnrealEngine/Common/Zen/Install', data dir 'C:/Users/LIU/AppData/Local/UnrealEngine/Common/Zen/Data', args '--port 8558 --data-dir "C:\Users\LIU\AppData\Local\UnrealEngine\Common\Zen\Data" --http asio --gc-cache-duration-seconds 1209600 --gc-interval-seconds 21600 --gc-low-diskspace-threshold 2147483648 --quiet --http-forceloopback --owner-pid 21140  --child-id Zen_21140_Startup'
[2026.08.06-02.17.03:976][  0]LogZenServiceInstance: Display: Unreal Zen Storage Server HTTP service at [::1]:8558 status: OK!.
[2026.08.06-02.17.03:977][  0]LogZenServiceInstance: Local ZenServer AutoLaunch initialization completed in 0.105 seconds
[2026.08.06-02.17.03:977][  0]LogDerivedDataCache: Display: ZenLocal: Using ZenServer HTTP service at http://[::1]:8558/ with namespace ue.ddc status: OK!.
[2026.08.06-02.17.03:983][  0]LogDerivedDataCache: C:/Users/LIU/AppData/Local/UnrealEngine/Common/DerivedDataCache: Speed tests took 0.01 seconds.
[2026.08.06-02.17.03:983][  0]LogDerivedDataCache: Display: C:/Users/LIU/AppData/Local/UnrealEngine/Common/DerivedDataCache: Performance: Latency=0.02ms. RandomReadSpeed=755.54MBs, RandomWriteSpeed=219.41MBs. Assigned SpeedClass 'Local'
[2026.08.06-02.17.03:984][  0]LogDerivedDataCache: Local: Using data cache path C:/Users/LIU/AppData/Local/UnrealEngine/Common/DerivedDataCache: DeleteOnly
[2026.08.06-02.17.03:984][  0]LogDerivedDataCache: ZenShared: Disabled because Host is set to 'None'
[2026.08.06-02.17.03:984][  0]LogDerivedDataCache: Unable to find inner node ZenShared for hierarchy Hierarchy.
[2026.08.06-02.17.03:984][  0]LogDerivedDataCache: Shared: Disabled because no path is configured.
[2026.08.06-02.17.03:984][  0]LogDerivedDataCache: Unable to find inner node Shared for hierarchy Hierarchy.
[2026.08.06-02.17.03:984][  0]LogDerivedDataCache: Cloud: Disabled because Host is set to 'None'
[2026.08.06-02.17.03:984][  0]LogDerivedDataCache: Unable to find inner node Cloud for hierarchy Hierarchy.
[2026.08.06-02.17.03:986][  0]LogShaderCompilers: Guid format shader working directory is 6 characters bigger than the processId version (../../../../../../Unreal Projects/VLA/Intermediate/Shaders/WorkingDirectory/21140/).
[2026.08.06-02.17.03:986][  0]LogShaderCompilers: Cleaned the shader compiler working directory 'C:/Users/LIU/AppData/Local/Temp/UnrealShaderWorkingDir/8123B25F4ADF233F66132681590378A7/'.
[2026.08.06-02.17.03:986][  0]LogXGEController: Cannot use XGE Controller as Incredibuild is not installed on this machine.
[2026.08.06-02.17.03:986][  0]LogShaderCompilers: Display: Using 10 local workers for shader compilation
[2026.08.06-02.17.03:996][  0]LogShaderCompilers: Display: Compiling shader autogen file: ../../../../../../Unreal Projects/VLA/Intermediate/ShaderAutogen/PCD3D_SM6/AutogenShaderHeaders.ush
[2026.08.06-02.17.03:996][  0]LogShaderCompilers: Display: Autogen file is unchanged, skipping write.
[2026.08.06-02.17.06:430][  0]LogSlate: Using FreeType 2.10.0
[2026.08.06-02.17.06:431][  0]LogSlate: SlateFontServices - WITH_FREETYPE: 1, WITH_HARFBUZZ: 1
[2026.08.06-02.17.06:436][  0]LogStreaming: Warning: Failed to read file '../../../Engine/Platforms/VisionOS/Content/Editor/Slate/Launcher/Platform_VisionOS_128x.png' error.
[2026.08.06-02.17.06:436][  0]LogSlate: Could not load file for Slate resource: [../../../Engine/Platforms/VisionOS/Content/Editor/Slate/Launcher/Platform_VisionOS_128x.png] file: [../../../Engine/Platforms/VisionOS/Content/Editor/Slate/Launcher/Platform_VisionOS_128x.png]
[2026.08.06-02.17.06:436][  0]LogStreaming: Warning: Failed to read file '../../../Engine/Platforms/VisionOS/Content/Editor/Slate/Launcher/Platform_VisionOS_24x.png' error.
[2026.08.06-02.17.06:436][  0]LogSlate: Could not load file for Slate resource: [../../../Engine/Platforms/VisionOS/Content/Editor/Slate/Launcher/Platform_VisionOS_24x.png] file: [../../../Engine/Platforms/VisionOS/Content/Editor/Slate/Launcher/Platform_VisionOS_24x.png]
[2026.08.06-02.17.06:524][  0]LogInit: Using OS detected language (zh-CN).
[2026.08.06-02.17.06:524][  0]LogInit: Using OS detected locale (zh-CN).
[2026.08.06-02.17.06:524][  0]LogTextLocalizationManager: No localization for 'zh-CN' exists, so 'en' will be used for the language.
[2026.08.06-02.17.06:524][  0]LogTextLocalizationManager: No localization for 'zh-CN' exists, so 'en' will be used for the locale.
[2026.08.06-02.17.06:526][  0]LogSlate: FontCache flush requested. Reason: Culture for localization was changed
[2026.08.06-02.17.06:526][  0]LogSlate: FontCache flush requested. Reason: Culture for localization was changed
[2026.08.06-02.17.06:529][  0]LogAssetRegistry: FAssetRegistry took 0.0011 seconds to start up
[2026.08.06-02.17.06:937][  0]LogDeviceProfileManager: Display: Deviceprofile LinuxArm64Editor not found.
[2026.08.06-02.17.06:937][  0]LogDeviceProfileManager: Display: Deviceprofile LinuxArm64 not found.
[2026.08.06-02.17.07:003][  0]LogDeviceProfileManager: Active device profile: [000001C79EC98C00][000001C79EFD0000 66] WindowsEditor
[2026.08.06-02.17.07:003][  0]LogCsvProfiler: Display: Metadata set : deviceprofile="WindowsEditor"
[2026.08.06-02.17.07:006][  0]LogStreaming: Display: FlushAsyncLoading(1): 1 QueuedPackages, 0 AsyncPackages
[2026.08.06-02.17.07:008][  0]LogPackageLocalizationCache: Processed 79 localized package path(s) for 1 prioritized culture(s) in 0.002183 seconds
[2026.08.06-02.17.07:009][  0]LogTextureEncodingSettings: Display: Texture Encode Speed: Final (cook).
[2026.08.06-02.17.07:009][  0]LogTextureEncodingSettings: Display: Oodle Texture Encode Speed settings: Fast: RDO Off Lambda=0, Effort=Normal Final: RDO Off Lambda=0, Effort=Normal
[2026.08.06-02.17.07:009][  0]LogTextureEncodingSettings: Display: Shared linear texture encoding: Disabled
[2026.08.06-02.17.07:021][  0]LogStreaming: Display: Flushing package /Engine/Functions/Engine_MaterialFunctions01/Shading/PowerToRoughness (state: WaitingForIo) recursively from another package /Engine/EngineMaterials/DefaultTextMaterialOpaque (state: CreateLinkerLoadExports) will result in a partially loaded package to avoid a deadlock.
[2026.08.06-02.17.07:022][  0]LogStreaming: Display: Package /Engine/EngineMaterials/DefaultTextMaterialOpaque is adding a dynamic import to package /Engine/Functions/Engine_MaterialFunctions01/Shading/PowerToRoughness because of a recursive sync load
[2026.08.06-02.17.07:023][  0]LogStreaming: Display: Flushing package /Engine/Functions/Engine_MaterialFunctions01/Shading/PowerToRoughness (state: DeferredPostLoad) recursively from another package /Engine/EngineMaterials/DefaultTextMaterialOpaque (state: CreateLinkerLoadExports) will result in a partially loaded package to avoid a deadlock.
[2026.08.06-02.17.07:023][  0]LogStreaming: Display: Flushing package /Engine/Functions/Engine_MaterialFunctions01/Shading/ConvertFromDiffSpec (state: WaitingForIo) recursively from another package /Engine/EngineMaterials/DefaultTextMaterialOpaque (state: CreateLinkerLoadExports) will result in a partially loaded package to avoid a deadlock.
[2026.08.06-02.17.07:025][  0]LogStreaming: Display: Package /Engine/EngineMaterials/DefaultTextMaterialOpaque is adding a dynamic import to package /Engine/Functions/Engine_MaterialFunctions01/Shading/ConvertFromDiffSpec because of a recursive sync load
[2026.08.06-02.17.07:025][  0]LogStreaming: Display: Flushing package /Engine/Functions/Engine_MaterialFunctions01/Shading/ConvertFromDiffSpec (state: DeferredPostLoad) recursively from another package /Engine/EngineMaterials/DefaultTextMaterialOpaque (state: CreateLinkerLoadExports) will result in a partially loaded package to avoid a deadlock.
[2026.08.06-02.17.07:025][  0]LogStreaming: Display: Flushing package /Engine/EngineMaterials/WorldGridMaterial (state: WaitingForIo) recursively from another package /Engine/EngineMaterials/DefaultTextMaterialOpaque (state: CreateLinkerLoadExports) will result in a partially loaded package to avoid a deadlock.
[2026.08.06-02.17.07:026][  0]LogStreaming: Display: Package /Engine/EngineMaterials/DefaultTextMaterialOpaque is adding a dynamic import to package /Engine/EngineMaterials/T_Default_Material_Grid_M because of a recursive sync load
[2026.08.06-02.17.07:026][  0]LogStreaming: Display: Package /Engine/EngineMaterials/DefaultTextMaterialOpaque is adding a dynamic import to package /Engine/EngineMaterials/T_Default_Material_Grid_N because of a recursive sync load
[2026.08.06-02.17.07:031][  0]LogStreaming: Display: Package /Engine/EngineMaterials/DefaultTextMaterialOpaque is adding a dynamic import to package /Engine/Functions/Engine_MaterialFunctions01/Opacity/CameraDepthFade because of a recursive sync load
[2026.08.06-02.17.07:032][  0]LogStreaming: Display: Flushing package /Engine/EngineMaterials/DefaultDeferredDecalMaterial (state: WaitingForIo) recursively from another package /Engine/EngineMaterials/WorldGridMaterial (state: CreateLinkerLoadExports) will result in a partially loaded package to avoid a deadlock.
[2026.08.06-02.17.07:034][  0]LogStreaming: Display: Flushing package /Engine/EngineMaterials/DefaultLightFunctionMaterial (state: WaitingForIo) recursively from another package /Engine/EngineMaterials/DefaultDeferredDecalMaterial (state: CreateLinkerLoadExports) will result in a partially loaded package to avoid a deadlock.
[2026.08.06-02.17.07:035][  0]LogStreaming: Display: Flushing package /Engine/EngineMaterials/DefaultPostProcessMaterial (state: WaitingForIo) recursively from another package /Engine/EngineMaterials/DefaultLightFunctionMaterial (state: CreateLinkerLoadExports) will result in a partially loaded package to avoid a deadlock.
[2026.08.06-02.17.07:036][  0]LogStreaming: Display: Package /Engine/EngineMaterials/DefaultLightFunctionMaterial is adding a dynamic import to package /Engine/EngineMaterials/DefaultDiffuse because of a recursive sync load
[2026.08.06-02.17.07:037][  0]LogStreaming: Display: Package /Engine/EngineMaterials/DefaultLightFunctionMaterial is adding a dynamic import to package /Engine/Functions/Engine_MaterialFunctions02/Utility/BreakOutFloat2Components because of a recursive sync load
[2026.08.06-02.17.07:040][  0]LogStreaming: Display: Package /Engine/EngineMaterials/DefaultLightFunctionMaterial is adding a dynamic import to package /Engine/EngineMaterials/DefaultPostProcessMaterial because of a recursive sync load
[2026.08.06-02.17.07:040][  0]LogStreaming: Display: Flushing package /Engine/EngineMaterials/DefaultPostProcessMaterial (state: DeferredPostLoad) recursively from another package /Engine/EngineMaterials/DefaultLightFunctionMaterial (state: CreateLinkerLoadExports) will result in a partially loaded package to avoid a deadlock.
[2026.08.06-02.17.07:087][  0]LogStreaming: Display: Package /Engine/EngineMaterials/DefaultDeferredDecalMaterial is adding a dynamic import to package /Engine/EngineMaterials/DefaultLightFunctionMaterial because of a recursive sync load
[2026.08.06-02.17.07:087][  0]LogStreaming: Display: Flushing package /Engine/EngineMaterials/DefaultLightFunctionMaterial (state: DeferredPostLoad) recursively from another package /Engine/EngineMaterials/DefaultDeferredDecalMaterial (state: CreateLinkerLoadExports) will result in a partially loaded package to avoid a deadlock.
[2026.08.06-02.17.07:125][  0]LogStreaming: Display: Package /Engine/EngineMaterials/WorldGridMaterial is adding a dynamic import to package /Engine/EngineMaterials/DefaultDeferredDecalMaterial because of a recursive sync load
[2026.08.06-02.17.07:126][  0]LogStreaming: Display: Flushing package /Engine/EngineMaterials/DefaultDeferredDecalMaterial (state: DeferredPostLoad) recursively from another package /Engine/EngineMaterials/WorldGridMaterial (state: CreateLinkerLoadExports) will result in a partially loaded package to avoid a deadlock.
[2026.08.06-02.17.07:151][  0]LogStreaming: Display: Package /Engine/EngineMaterials/DefaultTextMaterialOpaque is adding a dynamic import to package /Engine/EngineMaterials/WorldGridMaterial because of a recursive sync load
[2026.08.06-02.17.07:151][  0]LogStreaming: Display: Flushing package /Engine/EngineMaterials/WorldGridMaterial (state: DeferredPostLoad) recursively from another package /Engine/EngineMaterials/DefaultTextMaterialOpaque (state: CreateLinkerLoadExports) will result in a partially loaded package to avoid a deadlock.
[2026.08.06-02.17.07:396][  0]LogMeshReduction: Display: Using QuadricMeshReduction for automatic static mesh reduction
[2026.08.06-02.17.07:396][  0]LogMeshReduction: Display: Using SkeletalMeshReduction for automatic skeletal mesh reduction
[2026.08.06-02.17.07:396][  0]LogMeshReduction: Display: Using ProxyLODMeshReduction for automatic mesh merging
[2026.08.06-02.17.07:396][  0]LogMeshReduction: Display: No distributed automatic mesh merging module available
[2026.08.06-02.17.07:396][  0]LogMeshMerging: No distributed automatic mesh merging module available
[2026.08.06-02.17.07:773][  0]LogConfig: Applying CVar settings from Section [/Script/CQTest.CQTestSettings] File [Engine]
[2026.08.06-02.17.07:811][  0]LogVirtualization: Display: VirtualizationSystem name found in ini file: None
[2026.08.06-02.17.07:811][  0]LogVirtualization: Display: FNullVirtualizationSystem mounted, virtualization will be disabled
[2026.08.06-02.17.07:811][  0]LogIris: FNetObjectFactoryRegistry::UnregisterFactory is unregistering factory: NetActorFactory name: NetActorFactory id: 0
[2026.08.06-02.17.07:811][  0]LogIris: FNetObjectFactoryRegistry::UnregisterFactory is unregistering factory: NetSubObjectFactory name: NetSubObjectFactory id: 1
[2026.08.06-02.17.07:870][  0]LogWorldPartition: Display: FWorldPartitionClassDescRegistry::Initialize started...
[2026.08.06-02.17.07:875][  0]LogWorldPartition: Display: FWorldPartitionClassDescRegistry::Initialize took 4.738 ms
[2026.08.06-02.17.07:888][  0]LogMoviePlayer: Initializing movie player
[2026.08.06-02.17.07:888][  0]LogInit: XR: Instanced Stereo Rendering is Disabled
[2026.08.06-02.17.07:888][  0]LogInit: XR: MultiViewport is Disabled
[2026.08.06-02.17.07:888][  0]LogInit: XR: Mobile Multiview is Disabled
[2026.08.06-02.17.07:897][  0]LogStats: UGameplayTagsManager::InitializeManager -  0.000 s
[2026.08.06-02.17.07:990][  0]LogNNERuntimeORT: Available graphics and compute adapters:
[2026.08.06-02.17.07:990][  0]LogNNERuntimeORT: Selecting NPU adapter: NVIDIA GeForce RTX 5060
[2026.08.06-02.17.07:990][  0]LogNNERuntimeORT: MakeRuntimeORTDml:
[2026.08.06-02.17.07:990][  0]LogNNERuntimeORT:   DirectML:  yes
[2026.08.06-02.17.07:990][  0]LogNNERuntimeORT:   RHI D3D12: yes
[2026.08.06-02.17.07:990][  0]LogNNERuntimeORT:   D3D12:     yes
[2026.08.06-02.17.07:990][  0]LogNNERuntimeORT:   NPU:       yes
[2026.08.06-02.17.07:990][  0]LogNNERuntimeORT: Interface availability:
[2026.08.06-02.17.07:990][  0]LogNNERuntimeORT:   GPU: yes
[2026.08.06-02.17.07:990][  0]LogNNERuntimeORT:   RDG: yes
[2026.08.06-02.17.07:990][  0]LogNNERuntimeORT:   NPU: yes
[2026.08.06-02.17.07:990][  0]LogNNERuntimeORT: Available graphics and compute adapters:
[2026.08.06-02.17.07:990][  0]LogNNERuntimeORT: Selecting NPU adapter: NVIDIA GeForce RTX 5060
[2026.08.06-02.17.08:067][  0]LogNiagaraDebuggerClient: Niagara Debugger Client Initialized | Session: 1EF9850A151F44E8800000000000B400 | Instance: 9E6D0FD4406242426C91DBB2376223BB (LIU-21140).
[2026.08.06-02.17.08:084][  0]LogCollectionManager: Loaded 0 collections in 0.000485 seconds
[2026.08.06-02.17.08:087][  0]LogFileCache: Scanning file cache for directory 'D:/Unreal Projects/VLA/Saved/Collections/' took 0.00s
[2026.08.06-02.17.08:087][  0]LogFileCache: Scanning file cache for directory 'D:/Unreal Projects/VLA/Content/Developers/LIU/Collections/' took 0.00s
[2026.08.06-02.17.08:087][  0]LogFileCache: Scanning file cache for directory 'D:/Unreal Projects/VLA/Content/Collections/' took 0.00s
[2026.08.06-02.17.08:087][  0]LogCollectionManager: Fixed up redirectors for 0 collections in 0.000001 seconds (updated 0 objects)
[2026.08.06-02.17.08:184][  0]LogMetaSound: Display: MetaSound Page Target Initialized to 'Default'
[2026.08.06-02.17.08:186][  0]LogAudio: Display: Registering Engine Module Parameter Interfaces...
[2026.08.06-02.17.08:199][  0]LogMetaSound: MetaSound Engine Initialized
[2026.08.06-02.17.08:361][  0]LogConfig: Applying CVar settings from Section [/Script/NNEDenoiser.NNEDenoiserSettings] File [Engine]
[2026.08.06-02.17.08:380][  0]SourceControl: Revision control is disabled
[2026.08.06-02.17.08:391][  0]LogAndroidPermission: UAndroidPermissionCallbackProxy::GetInstance
[2026.08.06-02.17.08:394][  0]LogAudioCaptureCore: Display: No Audio Capture implementations found. Audio input will be silent.
[2026.08.06-02.17.08:394][  0]LogAudioCaptureCore: Display: No Audio Capture implementations found. Audio input will be silent.
[2026.08.06-02.17.08:452][  0]LogUObjectArray: 40360 objects as part of root set at end of initial load.
[2026.08.06-02.17.08:452][  0]LogUObjectArray: CloseDisregardForGC: 0/0 objects in disregard for GC pool
[2026.08.06-02.17.08:594][  0]ODLog: Warning: Circular reference detected in object JsonSerializerCircularObject_0
[2026.08.06-02.17.08:594][  0]ODLog: Warning: Circular reference detected in object JsonSerializerCircularObject_5
[2026.08.06-02.17.08:595][  0]ODLog: PacketRuleSizeBody::MakeSendPacket: BodyNum=8, BufferForSend.Num()=12, first 5 bytes=[0,0,0,8,0] (call #1)
[2026.08.06-02.17.08:595][  0]ODLog: PacketRuleSizeBody::MakeSendPacket: BodyNum=8, BufferForSend.Num()=12, first 5 bytes=[8,0,0,0,0] (call #2)
[2026.08.06-02.17.08:595][  0]ODLog: PacketRuleSizeBody::NotifyReceiveData: Mode=Size, BufferSize=4, FirstByte=0 (call #1)
[2026.08.06-02.17.08:595][  0]ODLog: PacketRuleSizeBody::OnReceivedSize: BodySize=8 (call #1)
[2026.08.06-02.17.08:595][  0]ODLog: PacketRuleSizeBody::NotifyReceiveData: Mode=Body, BufferSize=8, FirstByte=0 (call #2)
[2026.08.06-02.17.08:595][  0]ODLog: PacketRuleSizeBody::OnReceivedBody: BufferSize=8, FirstByte=0 (call #1)
[2026.08.06-02.17.08:595][  0]ODLog: PacketRuleSizeBody::NotifyReceiveData: Mode=Size, BufferSize=4, FirstByte=8 (call #3)
[2026.08.06-02.17.08:595][  0]ODLog: PacketRuleSizeBody::OnReceivedSize: BodySize=8 (call #2)
[2026.08.06-02.17.08:595][  0]ODLog: PacketRuleSizeBody::NotifyReceiveData: Mode=Body, BufferSize=8, FirstByte=0 (call #4)
[2026.08.06-02.17.08:595][  0]ODLog: PacketRuleSizeBody::OnReceivedBody: BufferSize=8, FirstByte=0 (call #2)
[2026.08.06-02.17.08:596][  0]LogAutomationTest: Warning: ODLog: Circular reference detected in object JsonSerializerCircularObject_0
[2026.08.06-02.17.08:596][  0]LogAutomationTest: Warning: ODLog: Circular reference detected in object JsonSerializerCircularObject_5
[2026.08.06-02.17.08:596][  0]LogEngine: Initializing Engine...
[2026.08.06-02.17.08:857][  0]LogTextureFormatOodle: Display: Oodle Texture loading DLL: oo2tex_win64_2.9.12.dll
[2026.08.06-02.17.08:864][  0]LogNetVersion: Set ProjectVersion to 1.0.0.0. Version Checksum will be recalculated on next use.
[2026.08.06-02.17.08:864][  0]LogInit: Texture streaming: Enabled
[2026.08.06-02.17.08:917][  0]LogAudio: Display: Initializing Audio Device Manager...
[2026.08.06-02.17.08:921][  0]LogAudio: Display: Loading Default Audio Settings Objects...
[2026.08.06-02.17.08:921][  0]LogAudio: Display: No default SoundConcurrencyObject specified (or failed to load).
[2026.08.06-02.17.08:922][  0]LogAudio: Display: Audio Device Manager Initialized
[2026.08.06-02.17.08:922][  0]LogAudio: Display: Creating Audio Device:                 Id: 1, Scope: Shared, Realtime: True
[2026.08.06-02.17.08:922][  0]LogAudioMixer: Display: Audio Mixer Platform Settings:
[2026.08.06-02.17.08:922][  0]LogAudioMixer: Display: 	Sample Rate:						  48000
[2026.08.06-02.17.08:922][  0]LogAudioMixer: Display: 	Callback Buffer Frame Size Requested: 1024
[2026.08.06-02.17.08:922][  0]LogAudioMixer: Display: 	Callback Buffer Frame Size To Use:	  1024
[2026.08.06-02.17.08:922][  0]LogAudioMixer: Display: 	Number of buffers to queue:			  1
[2026.08.06-02.17.08:922][  0]LogAudioMixer: Display: 	Max Channels (voices):				  32
[2026.08.06-02.17.08:922][  0]LogAudioMixer: Display: 	Number of Async Source Workers:		  4
[2026.08.06-02.17.08:922][  0]LogAudio: Display: AudioDevice MaxSources: 32
[2026.08.06-02.17.08:922][  0]LogAudio: Display: Audio Spatialization Plugin: None (built-in).
[2026.08.06-02.17.08:922][  0]LogAudio: Display: Audio Reverb Plugin: None (built-in).
[2026.08.06-02.17.08:922][  0]LogAudio: Display: Audio Occlusion Plugin: None (built-in).
[2026.08.06-02.17.08:927][  0]LogAudioMixer: Display: Initializing audio mixer using platform API: 'XAudio2'
[2026.08.06-02.17.08:969][  0]LogAudioMixer: Display: Using Audio Hardware Device 风花雪月 (EDIFIER W820NB经典版)
[2026.08.06-02.17.08:970][  0]LogAudioMixer: Display: Initializing Sound Submixes...
[2026.08.06-02.17.08:972][  0]LogAudioMixer: Display: Creating Master Submix 'MasterSubmixDefault'
[2026.08.06-02.17.08:972][  0]LogAudioMixer: Display: Creating Master Submix 'MasterReverbSubmixDefault'
[2026.08.06-02.17.08:973][  0]LogAudioMixer: FMixerPlatformXAudio2::StartAudioStream() called. InstanceID=1
[2026.08.06-02.17.08:973][  0]LogAudioMixer: Display: Output buffers initialized: Frames=1024, Channels=2, Samples=2048, InstanceID=1
[2026.08.06-02.17.08:976][  0]LogAudioMixer: Display: Starting AudioMixerPlatformInterface::RunInternal(), InstanceID=1
[2026.08.06-02.17.08:976][  0]LogAudioMixer: Display: FMixerPlatformXAudio2::SubmitBuffer() called for the first time. InstanceID=1
[2026.08.06-02.17.08:978][  0]LogInit: FAudioDevice initialized with ID 1.
[2026.08.06-02.17.08:978][  0]LogAudioMixer: Initializing Audio Bus Subsystem for audio device with ID 1
[2026.08.06-02.17.08:980][  0]LogCsvProfiler: Display: Metadata set : largeworldcoordinates="1"
[2026.08.06-02.17.08:983][  0]LogChaosDD: Creating Chaos Debug Draw Scene for world Untitled
[2026.08.06-02.17.08:989][  0]LogAudio: Display: Audio Device (ID: 1) registered with world 'Untitled'.
[2026.08.06-02.17.08:990][  0]LogSlate: Updating window title bar state: overlay mode, drag disabled, window buttons hidden, title bar hidden
[2026.08.06-02.17.08:990][  0]LogInit: Display: Game Engine Initialized.
[2026.08.06-02.17.09:008][  0]LogNiagaraEditor: GEditor isn't valid! Particle reset commands will not work for Niagara components!
[2026.08.06-02.17.09:011][  0]LogPython: Python enabled via CVar 'Engine.Python.IsEnabledByDefault'
[2026.08.06-02.17.09:011][  0]LogPython: Using Python 3.11.8
[2026.08.06-02.17.09:039][  0]LogPython: Display: No pip-enabled plugins with python dependencies found, skipping
[2026.08.06-02.17.09:197][  0]LogInit: Display: Starting Game.
[2026.08.06-02.17.09:197][  0]LogGlobalStatus: UEngine::Browse Started Browse: "/Game/Main_Map?Name=Player"
[2026.08.06-02.17.09:197][  0]LogNet: Browse: /Game/Main_Map?Name=Player
[2026.08.06-02.17.09:197][  0]LogLoad: LoadMap: /Game/Main_Map?Name=Player
[2026.08.06-02.17.09:197][  0]LogWorld: BeginTearingDown for /Temp/Untitled_0
[2026.08.06-02.17.09:197][  0]LogWorld: UWorld::CleanupWorld for Untitled, bSessionEnded=true, bCleanupResources=true
[2026.08.06-02.17.09:197][  0]LogSlate: InvalidateAllWidgets triggered.  All widgets were invalidated
[2026.08.06-02.17.09:208][  0]LogAudio: Display: Audio Device unregistered from world 'None'.
[2026.08.06-02.17.09:211][  0]LogUObjectHash: Compacting FUObjectHashTables data took   0.31ms
[2026.08.06-02.17.09:822][  0]LogTextureFormatOodle: Display: Oodle Texture loading DLL: oo2tex_win64_2.9.10.dll
[2026.08.06-02.17.09:909][  0]LogDeviceProfileManager: Going up to parent DeviceProfile []
[2026.08.06-02.17.09:913][  0]LogDeviceProfileManager: Going up to parent DeviceProfile []
[2026.08.06-02.17.09:916][  0]LogDeviceProfileManager: Going up to parent DeviceProfile []
[2026.08.06-02.17.09:919][  0]LogDeviceProfileManager: Going up to parent DeviceProfile [AppleTV]
[2026.08.06-02.17.09:919][  0]LogDeviceProfileManager: Going up to parent DeviceProfile [IOS]
[2026.08.06-02.17.09:919][  0]LogDeviceProfileManager: Going up to parent DeviceProfile []
[2026.08.06-02.17.09:923][  0]LogDeviceProfileManager: Display: Deviceprofile None not found.
[2026.08.06-02.17.09:936][  0]LoadErrors: Warning: CreateExport: Failed to load Outer for resource 'SceneCaptureComponent2D': WaterBrushManager /Game/Main_Map.Main_Map:PersistentLevel.Landscape_WaterBrushManager_0
[2026.08.06-02.17.09:936][  0]LoadErrors: Warning: CreateExport: Failed to load Outer for resource 'RootComponent': WaterBrushManager /Game/Main_Map.Main_Map:PersistentLevel.Landscape_WaterBrushManager_0
[2026.08.06-02.17.09:952][  0]LogAudio: Display: Audio Device (ID: 1) registered with world 'Main_Map'.
[2026.08.06-02.17.09:952][  0]LogChaosDD: Creating Chaos Debug Draw Scene for world Main_Map
[2026.08.06-02.17.09:956][  0]LogLoad: Game class is 'GameModeBase'
[2026.08.06-02.17.09:972][  0]LogStaticMesh: Display: Waiting on static mesh StaticMesh /Engine/BasicShapes/Plane.Plane being ready before playing
[2026.08.06-02.17.09:972][  0]LogStaticMesh: Display: Waiting on static mesh StaticMesh /Engine/EngineSky/SM_SkySphere.SM_SkySphere being ready before playing
[2026.08.06-02.17.09:972][  0]LogStaticMesh: Display: Waiting on static mesh StaticMesh /Game/ASV模型/ASV静态网格体.ASV静态网格体 being ready before playing
[2026.08.06-02.17.09:972][  0]LogStaticMesh: Display: Waiting on static mesh StaticMesh /Game/ASV模型/目标静态网格体.目标静态网格体 being ready before playing
[2026.08.06-02.17.10:002][  0]LogWorld: Bringing World /Game/Main_Map.Main_Map up for play (max tick rate 0) at 2026.08.06-10.17.10
[2026.08.06-02.17.10:002][  0]LogWorld: Bringing up level for play took: 0.029689
[2026.08.06-02.17.10:003][  0]LogSceneAutomation: Display: SCENE_ASV_ANCHOR name=BP_ASV_C_3 loc=X=-10150.000 Y=-10000.000 Z=6.000 yaw=0
[2026.08.06-02.17.10:003][  0]LogSceneAutomation: Display: SCENE_RENDER_WARMUP_REQUIRED seconds=1.00
[2026.08.06-02.17.10:003][  0]LogSceneAutomation: Display: SCENE_SINE_PARAMS wavelength_cm=6000 amplitude_cm=200 speed_cm_s=60
[2026.08.06-02.17.10:010][  0]LogBlueprintUserMessages: [Connection_C_1] Binded
[2026.08.06-02.17.10:011][  0]ODLog: Start TryConnect
[2026.08.06-02.17.10:012][  0]LogLoad: Took 0.814880 seconds to LoadMap(/Game/Main_Map)
[2026.08.06-02.17.10:012][  0]LogGlobalStatus: UEngine::LoadMap Load map complete /Game/Main_Map
[2026.08.06-02.17.10:014][  0]ODLog: Socket Connection State before connect: 0
[2026.08.06-02.17.10:016][  0]LogSlate: Took 0.000156 seconds to synchronously load lazily loaded font '../../../Engine/Content/Slate/Fonts/Roboto-Regular.ttf' (155K)
[2026.08.06-02.17.10:016][  0]LogRenderer: Forcing update for all mesh draw commands: SkyLight change
[2026.08.06-02.17.10:020][  0]ODLog: TryConnect success
[2026.08.06-02.17.10:071][  0]LogAssetRegistry: Display: Triggering cache save on discovery complete
[2026.08.06-02.17.10:136][  0]LogAssetRegistry: Display: Asset registry cache read as 85.2 MiB from ../../../../../../Unreal Projects/VLA/Intermediate/CachedAssetRegistry_0.bin.
[2026.08.06-02.17.10:136][  0]LogAssetRegistry: Display: AssetDataGatherer spent 0.050s loading caches ../../../../../../Unreal Projects/VLA/Intermediate/CachedAssetRegistry_*.bin.
[2026.08.06-02.17.10:204][  0]LogAssetRegistry: AssetRegistryGather time 0.1097s: AssetDataDiscovery 0.0000s, AssetDataGather 0.0613s, StoreResults 0.0484s. Wall time 3.6750s.
	NumCachedDirectories 1648. NumUncachedDirectories 21. NumCachedFiles 8342. NumUncachedFiles 0.
	BackgroundTickInterruptions 0.
[2026.08.06-02.17.10:237][  0]LogRenderer: Recreating Persistent SBTs due to initializer changes: 
		NumShaderSlotsPerGeometrySegment changed: current: 1 - new: 2
		NumGeometrySegments changed: current: 0 - new: 512
[2026.08.06-02.17.10:287][  0]LogInit: Display: Engine is initialized. Leaving FEngineLoop::Init()
[2026.08.06-02.17.10:287][  0]LogLoad: (Engine Initialization) Total time: 8.25 seconds
[2026.08.06-02.17.10:288][  0]LogInit: Adding external input plugin.
[2026.08.06-02.17.10:291][  0]LogBlueprintUserMessages: [Connection_C_1] Connected
[2026.08.06-02.17.10:291][  0]LogSceneAutomation: Display: SCENE_YAW_FIX t=0.00 asv_count=1
[2026.08.06-02.17.10:291][  0]LogSceneAutomation: Display: SCENE_TARGET_POS t=0.0 entity=target_red world=X=-9698.697 Y=-10043.907 Z=10.000
[2026.08.06-02.17.10:291][  0]LogSceneAutomation: Display: SCENE_TARGET_POS t=0.0 entity=target_blue world=X=-9700.446 Y=-9854.353 Z=10.000
[2026.08.06-02.17.10:291][  0]LogSceneAutomation: Display: SCENE_TARGET_POS t=0.0 entity=target_left world=X=-9436.552 Y=-10359.389 Z=10.000
[2026.08.06-02.17.10:291][  0]LogSceneAutomation: Display: SCENE_TARGET_POS t=0.0 entity=target_right world=X=-9459.963 Y=-9642.005 Z=10.000
[2026.08.06-02.17.10:291][  0]LogSceneAutomation: Display: SCENE_ASV_POS t=0.0 world=X=-10150.000 Y=-10000.000 Z=6.000 yaw=0
[2026.08.06-02.17.10:291][  0]LogSceneAutomation: Display: SCENE_EXEC_READY port=8081
[2026.08.06-02.17.10:295][  0]LogContentStreaming: Texture pool size now 1000 MB
[2026.08.06-02.17.10:295][  0]LogCsvProfiler: Display: Metadata set : streamingpoolsizemb="1000"
[2026.08.06-02.17.10:361][  0]LogRenderer: Forcing update for all mesh draw commands: SkyLight real-time capture change
[2026.08.06-02.17.10:463][  0]LogSlate: InvalidateAllWidgets triggered.  All widgets were invalidated
[2026.08.06-02.17.10:471][  0]LogSlate: InvalidateAllWidgets triggered.  All widgets were invalidated
[2026.08.06-02.17.10:471][  0]LogSlate: InvalidateAllWidgets triggered.  All widgets were invalidated
[2026.08.06-02.17.10:471][  0]LogPython: Display: Running start-up script D:/Softwares/Unreal Engine/UE_5.6/Engine/Plugins/Animation/ControlRig/Content/Python/init_unreal.py... started...
[2026.08.06-02.17.10:491][  0]LogPython: registering <class 'ControlRigWorkflows.workflow_deformation_rig_preset.provider'>

[2026.08.06-02.17.10:498][  0]LogPython: Display: Running start-up script D:/Softwares/Unreal Engine/UE_5.6/Engine/Plugins/Animation/ControlRig/Content/Python/init_unreal.py... took 26.756 ms
[2026.08.06-02.17.10:498][  0]LogPython: Display: Running start-up script D:/Softwares/Unreal Engine/UE_5.6/Engine/Plugins/MovieScene/MovieRenderPipeline/Content/Python/init_unreal.py... started...
[2026.08.06-02.17.10:500][  0]LogPython: Display: Running start-up script D:/Softwares/Unreal Engine/UE_5.6/Engine/Plugins/MovieScene/MovieRenderPipeline/Content/Python/init_unreal.py... took 1.126 ms (total: 27.883 ms)
[2026.08.06-02.17.10:529][  1]LogImageCompression: Display: EDGE_CAPTURE_STATS count=1 size=1280x720 srgb=0 mean_rgb=(60.5,65.1,72.7) max=234 linear_to_gamma=1
[2026.08.06-02.17.10:529][  1]LogImageCompression: Display: EDGE_CAPTURE_WARMUP_SKIP count=1/8 size=1280x720 mean_rgb=(60.5,65.1,72.7)
[2026.08.06-02.17.10:556][  1]LogImageCompression: Display: EDGE_CAPTURE_STATS count=2 size=1280x720 srgb=0 mean_rgb=(60.5,65.1,72.7) max=234 linear_to_gamma=1
[2026.08.06-02.17.10:556][  1]LogImageCompression: Display: EDGE_CAPTURE_WARMUP_SKIP count=2/8 size=1280x720 mean_rgb=(60.5,65.1,72.7)
[2026.08.06-02.17.10:559][  1]LogSlate: Took 0.000137 seconds to synchronously load lazily loaded font '../../../Engine/Content/Slate/Fonts/Roboto-Regular.ttf' (155K)
[2026.08.06-02.17.10:662][  3]LogImageCompression: Display: EDGE_CAPTURE_STATS count=3 size=1280x720 srgb=0 mean_rgb=(29.8,45.1,77.3) max=234 linear_to_gamma=1
[2026.08.06-02.17.10:662][  3]LogImageCompression: Display: EDGE_CAPTURE_WARMUP_SKIP count=3/8 size=1280x720 mean_rgb=(29.8,45.1,77.3)
[2026.08.06-02.17.10:733][  7]LogImageCompression: Display: EDGE_CAPTURE_STATS count=4 size=1280x720 srgb=0 mean_rgb=(29.7,45.0,77.2) max=235 linear_to_gamma=1
[2026.08.06-02.17.10:733][  7]LogImageCompression: Display: EDGE_CAPTURE_WARMUP_SKIP count=4/8 size=1280x720 mean_rgb=(29.7,45.0,77.2)
[2026.08.06-02.17.10:798][ 15]LogBlueprintUserMessages: [BP_FluidSim_01_C_4] FluidForceMID_M_Fluid_Sim_Force_Component
[2026.08.06-02.17.10:798][ 15]LogBlueprintUserMessages: [BP_FluidSim_01_C_4] FluidForceMID_M_Fluid_Force_Skelmesh
[2026.08.06-02.17.10:798][ 15]LogBlueprintUserMessages: [BP_FluidSim_01_C_4] FluidForceMID_M_Fluid_Sim_Force_Impulse
[2026.08.06-02.17.10:798][ 15]LogBlueprintUserMessages: [BP_FluidSim_01_C_4] FluidForceMID_M_Rain_01_Inst
[2026.08.06-02.17.10:798][ 15]LogWater: WATER LOG: All RTs validated succesfully.
[2026.08.06-02.17.10:843][ 15]LogImageCompression: Display: EDGE_CAPTURE_STATS count=5 size=1280x720 srgb=0 mean_rgb=(29.7,45.0,77.2) max=234 linear_to_gamma=1
[2026.08.06-02.17.10:843][ 15]LogImageCompression: Display: EDGE_CAPTURE_WARMUP_SKIP count=5/8 size=1280x720 mean_rgb=(29.7,45.0,77.2)
[2026.08.06-02.17.10:844][ 15]LogBlueprintUserMessages: [BP_FluidSim_01_C_4] FluidForceMID_M_Fluid_Sim_Force_Boat_Component
[2026.08.06-02.17.11:181][ 16]LogImageCompression: Display: EDGE_CAPTURE_WARMUP_SKIP count=6/8 size=1280x720 mean_rgb=(29.7,45.0,77.2)
[2026.08.06-02.17.11:203][ 16]LogImageCompression: Display: EDGE_CAPTURE_WARMUP_SKIP count=7/8 size=1280x720 mean_rgb=(29.7,45.0,77.2)
[2026.08.06-02.17.11:226][ 16]LogImageCompression: Display: EDGE_CAPTURE_WARMUP_SKIP count=8/8 size=1280x720 mean_rgb=(29.7,45.0,77.2)
[2026.08.06-02.17.11:357][ 19]Blueprint: Warning: CaptureScene: Scene capture with bCaptureEveryFrame enabled was told to update - major inefficiency.
[2026.08.06-02.17.11:361][ 19]LogSceneAutomation: Display: SCENE_CAPTURE_WARMUP captures=1 elapsed_seconds=1.01
[2026.08.06-02.17.11:361][ 19]LogSceneAutomation: Display: SCENE_UE_READY slot=TRACK-SYNTH-RED3 layout=L7 motion=S2 scene_seed=230908 warmup_seconds=1.00
[2026.08.06-02.17.11:361][ 19]LogSceneAutomation: Display: SCENE_SINE_PARAMS wavelength_cm=6000 amplitude_cm=200 speed_cm_s=60
[2026.08.06-02.17.11:361][ 19]LogSceneAutomation: Display: SCENE_YAW_FIX t=1.01 asv_count=1
[2026.08.06-02.17.11:361][ 19]LogSceneAutomation: Display: SCENE_TARGET_POS t=1.0 entity=target_red world=X=-9698.697 Y=-10043.907 Z=10.000
[2026.08.06-02.17.11:361][ 19]LogSceneAutomation: Display: SCENE_TARGET_POS t=1.0 entity=target_blue world=X=-9700.446 Y=-9854.353 Z=10.000
[2026.08.06-02.17.11:361][ 19]LogSceneAutomation: Display: SCENE_TARGET_POS t=1.0 entity=target_left world=X=-9436.552 Y=-10359.389 Z=10.000
[2026.08.06-02.17.11:361][ 19]LogSceneAutomation: Display: SCENE_TARGET_POS t=1.0 entity=target_right world=X=-9459.963 Y=-9642.005 Z=10.000
[2026.08.06-02.17.11:361][ 19]LogSceneAutomation: Display: SCENE_ASV_POS t=1.0 world=X=-10150.000 Y=-10000.000 Z=10.377 yaw=0
[2026.08.06-02.17.12:356][ 63]LogSceneAutomation: Display: SCENE_YAW_FIX t=2.00 asv_count=1
[2026.08.06-02.17.12:356][ 63]LogSceneAutomation: Display: SCENE_TARGET_POS t=2.0 entity=target_red world=X=-9698.697 Y=-10043.907 Z=10.000
[2026.08.06-02.17.12:356][ 63]LogSceneAutomation: Display: SCENE_TARGET_POS t=2.0 entity=target_blue world=X=-9700.446 Y=-9854.353 Z=10.000
[2026.08.06-02.17.12:356][ 63]LogSceneAutomation: Display: SCENE_TARGET_POS t=2.0 entity=target_left world=X=-9436.552 Y=-10359.389 Z=10.000
[2026.08.06-02.17.12:356][ 63]LogSceneAutomation: Display: SCENE_TARGET_POS t=2.0 entity=target_right world=X=-9459.963 Y=-9642.005 Z=10.000
[2026.08.06-02.17.12:356][ 63]LogSceneAutomation: Display: SCENE_ASV_POS t=2.0 world=X=-10150.000 Y=-10000.000 Z=12.500 yaw=0
[2026.08.06-02.17.13:365][108]LogSceneAutomation: Display: SCENE_YAW_FIX t=3.01 asv_count=1
[2026.08.06-02.17.13:365][108]LogSceneAutomation: Display: SCENE_TARGET_POS t=3.0 entity=target_red world=X=-9698.697 Y=-10043.907 Z=10.000
[2026.08.06-02.17.13:365][108]LogSceneAutomation: Display: SCENE_TARGET_POS t=3.0 entity=target_blue world=X=-9700.446 Y=-9854.353 Z=10.000
[2026.08.06-02.17.13:365][108]LogSceneAutomation: Display: SCENE_TARGET_POS t=3.0 entity=target_left world=X=-9436.552 Y=-10359.389 Z=10.000
[2026.08.06-02.17.13:365][108]LogSceneAutomation: Display: SCENE_TARGET_POS t=3.0 entity=target_right world=X=-9459.963 Y=-9642.005 Z=10.000
[2026.08.06-02.17.13:365][108]LogSceneAutomation: Display: SCENE_ASV_POS t=3.0 world=X=-10100.822 Y=-10008.339 Z=12.838 yaw=0
[2026.08.06-02.17.14:288][151]LogSceneAutomation: Display: SCENE_YAW_FIX t=4.00 asv_count=1
[2026.08.06-02.17.14:288][151]LogSceneAutomation: Display: SCENE_TARGET_POS t=4.0 entity=target_red world=X=-9698.697 Y=-10043.907 Z=10.000
[2026.08.06-02.17.14:288][151]LogSceneAutomation: Display: SCENE_TARGET_POS t=4.0 entity=target_blue world=X=-9700.446 Y=-9854.353 Z=10.000
[2026.08.06-02.17.14:288][151]LogSceneAutomation: Display: SCENE_TARGET_POS t=4.0 entity=target_left world=X=-9436.552 Y=-10359.389 Z=10.000
[2026.08.06-02.17.14:288][151]LogSceneAutomation: Display: SCENE_TARGET_POS t=4.0 entity=target_right world=X=-9459.963 Y=-9642.005 Z=10.000
[2026.08.06-02.17.14:288][151]LogSceneAutomation: Display: SCENE_ASV_POS t=4.0 world=X=-9988.939 Y=-10021.900 Z=14.295 yaw=0
[2026.08.06-02.17.15:356][189]LogSceneAutomation: Display: SCENE_YAW_FIX t=5.00 asv_count=1
[2026.08.06-02.17.15:356][189]LogSceneAutomation: Display: SCENE_TARGET_POS t=5.0 entity=target_red world=X=-9698.697 Y=-10043.907 Z=10.000
[2026.08.06-02.17.15:356][189]LogSceneAutomation: Display: SCENE_TARGET_POS t=5.0 entity=target_blue world=X=-9700.446 Y=-9854.353 Z=10.000
[2026.08.06-02.17.15:356][189]LogSceneAutomation: Display: SCENE_TARGET_POS t=5.0 entity=target_left world=X=-9436.552 Y=-10359.389 Z=10.000
[2026.08.06-02.17.15:356][189]LogSceneAutomation: Display: SCENE_TARGET_POS t=5.0 entity=target_right world=X=-9459.963 Y=-9642.005 Z=10.000
[2026.08.06-02.17.15:356][189]LogSceneAutomation: Display: SCENE_ASV_POS t=5.0 world=X=-9887.619 Y=-10036.403 Z=14.786 yaw=0
[2026.08.06-02.17.16:364][229]LogSceneAutomation: Display: SCENE_YAW_FIX t=6.01 asv_count=1
[2026.08.06-02.17.16:364][229]LogSceneAutomation: Display: SCENE_TARGET_POS t=6.0 entity=target_red world=X=-9698.697 Y=-10043.907 Z=10.000
[2026.08.06-02.17.16:364][229]LogSceneAutomation: Display: SCENE_TARGET_POS t=6.0 entity=target_blue world=X=-9700.446 Y=-9854.353 Z=10.000
[2026.08.06-02.17.16:364][229]LogSceneAutomation: Display: SCENE_TARGET_POS t=6.0 entity=target_left world=X=-9436.552 Y=-10359.389 Z=10.000
[2026.08.06-02.17.16:364][229]LogSceneAutomation: Display: SCENE_TARGET_POS t=6.0 entity=target_right world=X=-9459.963 Y=-9642.005 Z=10.000
[2026.08.06-02.17.16:364][229]LogSceneAutomation: Display: SCENE_ASV_POS t=6.0 world=X=-9894.222 Y=-10047.441 Z=15.216 yaw=0
[2026.08.06-02.17.17:356][272]LogSceneAutomation: Display: SCENE_YAW_FIX t=7.00 asv_count=1
[2026.08.06-02.17.17:356][272]LogSceneAutomation: Display: SCENE_TARGET_POS t=7.0 entity=target_red world=X=-9698.697 Y=-10043.907 Z=10.000
[2026.08.06-02.17.17:356][272]LogSceneAutomation: Display: SCENE_TARGET_POS t=7.0 entity=target_blue world=X=-9700.446 Y=-9854.353 Z=10.000
[2026.08.06-02.17.17:356][272]LogSceneAutomation: Display: SCENE_TARGET_POS t=7.0 entity=target_left world=X=-9436.552 Y=-10359.389 Z=10.000
[2026.08.06-02.17.17:356][272]LogSceneAutomation: Display: SCENE_TARGET_POS t=7.0 entity=target_right world=X=-9459.963 Y=-9642.005 Z=10.000
[2026.08.06-02.17.17:356][272]LogSceneAutomation: Display: SCENE_ASV_POS t=7.0 world=X=-9970.625 Y=-10053.519 Z=14.861 yaw=0
[2026.08.06-02.17.18:357][316]LogSceneAutomation: Display: SCENE_YAW_FIX t=8.00 asv_count=1
[2026.08.06-02.17.18:357][316]LogSceneAutomation: Display: SCENE_TARGET_POS t=8.0 entity=target_red world=X=-9698.697 Y=-10043.907 Z=10.000
[2026.08.06-02.17.18:357][316]LogSceneAutomation: Display: SCENE_TARGET_POS t=8.0 entity=target_blue world=X=-9700.446 Y=-9854.353 Z=10.000
[2026.08.06-02.17.18:357][316]LogSceneAutomation: Display: SCENE_TARGET_POS t=8.0 entity=target_left world=X=-9436.552 Y=-10359.389 Z=10.000
[2026.08.06-02.17.18:357][316]LogSceneAutomation: Display: SCENE_TARGET_POS t=8.0 entity=target_right world=X=-9459.963 Y=-9642.005 Z=10.000
[2026.08.06-02.17.18:357][316]LogSceneAutomation: Display: SCENE_ASV_POS t=8.0 world=X=-10037.690 Y=-10059.841 Z=16.407 yaw=0
[2026.08.06-02.17.19:356][361]LogSceneAutomation: Display: SCENE_YAW_FIX t=9.00 asv_count=1
[2026.08.06-02.17.19:357][361]LogSceneAutomation: Display: SCENE_TARGET_POS t=9.0 entity=target_red world=X=-9698.697 Y=-10043.907 Z=10.000
[2026.08.06-02.17.19:357][361]LogSceneAutomation: Display: SCENE_TARGET_POS t=9.0 entity=target_blue world=X=-9700.446 Y=-9854.353 Z=10.000
[2026.08.06-02.17.19:357][361]LogSceneAutomation: Display: SCENE_TARGET_POS t=9.0 entity=target_left world=X=-9436.552 Y=-10359.389 Z=10.000
[2026.08.06-02.17.19:357][361]LogSceneAutomation: Display: SCENE_TARGET_POS t=9.0 entity=target_right world=X=-9459.963 Y=-9642.005 Z=10.000
[2026.08.06-02.17.19:357][361]LogSceneAutomation: Display: SCENE_ASV_POS t=9.0 world=X=-10050.131 Y=-10069.110 Z=16.882 yaw=0
[2026.08.06-02.17.20:362][406]LogSceneAutomation: Display: SCENE_YAW_FIX t=10.01 asv_count=1
[2026.08.06-02.17.20:362][406]LogSceneAutomation: Display: SCENE_TARGET_POS t=10.0 entity=target_red world=X=-9698.697 Y=-10043.907 Z=10.000
[2026.08.06-02.17.20:362][406]LogSceneAutomation: Display: SCENE_TARGET_POS t=10.0 entity=target_blue world=X=-9700.446 Y=-9854.353 Z=10.000
[2026.08.06-02.17.20:362][406]LogSceneAutomation: Display: SCENE_TARGET_POS t=10.0 entity=target_left world=X=-9436.552 Y=-10359.389 Z=10.000
[2026.08.06-02.17.20:362][406]LogSceneAutomation: Display: SCENE_TARGET_POS t=10.0 entity=target_right world=X=-9459.963 Y=-9642.005 Z=10.000
[2026.08.06-02.17.20:362][406]LogSceneAutomation: Display: SCENE_ASV_POS t=10.0 world=X=-10009.154 Y=-10068.359 Z=17.101 yaw=0
[2026.08.06-02.17.21:364][450]LogSceneAutomation: Display: SCENE_YAW_FIX t=11.01 asv_count=1
[2026.08.06-02.17.21:364][450]LogSceneAutomation: Display: SCENE_TARGET_POS t=11.0 entity=target_red world=X=-9698.697 Y=-10043.907 Z=10.000
[2026.08.06-02.17.21:364][450]LogSceneAutomation: Display: SCENE_TARGET_POS t=11.0 entity=target_blue world=X=-9700.446 Y=-9854.353 Z=10.000
[2026.08.06-02.17.21:364][450]LogSceneAutomation: Display: SCENE_TARGET_POS t=11.0 entity=target_left world=X=-9436.552 Y=-10359.389 Z=10.000
[2026.08.06-02.17.21:364][450]LogSceneAutomation: Display: SCENE_TARGET_POS t=11.0 entity=target_right world=X=-9459.963 Y=-9642.005 Z=10.000
[2026.08.06-02.17.21:364][450]LogSceneAutomation: Display: SCENE_ASV_POS t=11.0 world=X=-9944.935 Y=-10061.981 Z=18.228 yaw=0
[2026.08.06-02.17.22:363][493]LogSceneAutomation: Display: SCENE_YAW_FIX t=12.01 asv_count=1
[2026.08.06-02.17.22:363][493]LogSceneAutomation: Display: SCENE_TARGET_POS t=12.0 entity=target_red world=X=-9698.697 Y=-10043.907 Z=10.000
[2026.08.06-02.17.22:363][493]LogSceneAutomation: Display: SCENE_TARGET_POS t=12.0 entity=target_blue world=X=-9700.446 Y=-9854.353 Z=10.000
[2026.08.06-02.17.22:363][493]LogSceneAutomation: Display: SCENE_TARGET_POS t=12.0 entity=target_left world=X=-9436.552 Y=-10359.389 Z=10.000
[2026.08.06-02.17.22:363][493]LogSceneAutomation: Display: SCENE_TARGET_POS t=12.0 entity=target_right world=X=-9459.963 Y=-9642.005 Z=10.000
[2026.08.06-02.17.22:363][493]LogSceneAutomation: Display: SCENE_ASV_POS t=12.0 world=X=-9960.340 Y=-10061.791 Z=19.018 yaw=0
[2026.08.06-02.17.23:360][536]LogSceneAutomation: Display: SCENE_YAW_FIX t=13.00 asv_count=1
[2026.08.06-02.17.23:360][536]LogSceneAutomation: Display: SCENE_TARGET_POS t=13.0 entity=target_red world=X=-9698.697 Y=-10043.907 Z=10.000
[2026.08.06-02.17.23:360][536]LogSceneAutomation: Display: SCENE_TARGET_POS t=13.0 entity=target_blue world=X=-9700.446 Y=-9854.353 Z=10.000
[2026.08.06-02.17.23:360][536]LogSceneAutomation: Display: SCENE_TARGET_POS t=13.0 entity=target_left world=X=-9436.552 Y=-10359.389 Z=10.000
[2026.08.06-02.17.23:360][536]LogSceneAutomation: Display: SCENE_TARGET_POS t=13.0 entity=target_right world=X=-9459.963 Y=-9642.005 Z=10.000
[2026.08.06-02.17.23:360][536]LogSceneAutomation: Display: SCENE_ASV_POS t=13.0 world=X=-10025.269 Y=-10068.581 Z=19.302 yaw=0
[2026.08.06-02.17.24:356][579]LogSceneAutomation: Display: SCENE_YAW_FIX t=14.00 asv_count=1
[2026.08.06-02.17.24:356][579]LogSceneAutomation: Display: SCENE_TARGET_POS t=14.0 entity=target_red world=X=-9698.697 Y=-10043.907 Z=10.000
[2026.08.06-02.17.24:356][579]LogSceneAutomation: Display: SCENE_TARGET_POS t=14.0 entity=target_blue world=X=-9700.446 Y=-9854.353 Z=10.000
[2026.08.06-02.17.24:356][579]LogSceneAutomation: Display: SCENE_TARGET_POS t=14.0 entity=target_left world=X=-9436.552 Y=-10359.389 Z=10.000
[2026.08.06-02.17.24:356][579]LogSceneAutomation: Display: SCENE_TARGET_POS t=14.0 entity=target_right world=X=-9459.963 Y=-9642.005 Z=10.000
[2026.08.06-02.17.24:356][579]LogSceneAutomation: Display: SCENE_ASV_POS t=14.0 world=X=-10071.566 Y=-10076.912 Z=19.190 yaw=0
[2026.08.06-02.17.25:358][621]LogSceneAutomation: Display: SCENE_YAW_FIX t=15.00 asv_count=1
[2026.08.06-02.17.25:358][621]LogSceneAutomation: Display: SCENE_TARGET_POS t=15.0 entity=target_red world=X=-9698.697 Y=-10043.907 Z=10.000
[2026.08.06-02.17.25:358][621]LogSceneAutomation: Display: SCENE_TARGET_POS t=15.0 entity=target_blue world=X=-9700.446 Y=-9854.353 Z=10.000
[2026.08.06-02.17.25:358][621]LogSceneAutomation: Display: SCENE_TARGET_POS t=15.0 entity=target_left world=X=-9436.552 Y=-10359.389 Z=10.000
[2026.08.06-02.17.25:358][621]LogSceneAutomation: Display: SCENE_TARGET_POS t=15.0 entity=target_right world=X=-9459.963 Y=-9642.005 Z=10.000
[2026.08.06-02.17.25:358][621]LogSceneAutomation: Display: SCENE_ASV_POS t=15.0 world=X=-10044.186 Y=-10080.299 Z=19.190 yaw=0
[2026.08.06-02.17.26:370][663]LogSceneAutomation: Display: SCENE_YAW_FIX t=16.01 asv_count=1
[2026.08.06-02.17.26:370][663]LogSceneAutomation: Display: SCENE_TARGET_POS t=16.0 entity=target_red world=X=-9698.697 Y=-10043.907 Z=10.000
[2026.08.06-02.17.26:370][663]LogSceneAutomation: Display: SCENE_TARGET_POS t=16.0 entity=target_blue world=X=-9700.446 Y=-9854.353 Z=10.000
[2026.08.06-02.17.26:370][663]LogSceneAutomation: Display: SCENE_TARGET_POS t=16.0 entity=target_left world=X=-9436.552 Y=-10359.389 Z=10.000
[2026.08.06-02.17.26:370][663]LogSceneAutomation: Display: SCENE_TARGET_POS t=16.0 entity=target_right world=X=-9459.963 Y=-9642.005 Z=10.000
[2026.08.06-02.17.26:370][663]LogSceneAutomation: Display: SCENE_ASV_POS t=16.0 world=X=-9966.537 Y=-10071.993 Z=19.562 yaw=0
[2026.08.06-02.17.27:354][704]LogSceneAutomation: Display: SCENE_YAW_FIX t=17.00 asv_count=1
[2026.08.06-02.17.27:354][704]LogSceneAutomation: Display: SCENE_TARGET_POS t=17.0 entity=target_red world=X=-9698.697 Y=-10043.907 Z=10.000
[2026.08.06-02.17.27:354][704]LogSceneAutomation: Display: SCENE_TARGET_POS t=17.0 entity=target_blue world=X=-9700.446 Y=-9854.353 Z=10.000
[2026.08.06-02.17.27:354][704]LogSceneAutomation: Display: SCENE_TARGET_POS t=17.0 entity=target_left world=X=-9436.552 Y=-10359.389 Z=10.000
[2026.08.06-02.17.27:354][704]LogSceneAutomation: Display: SCENE_TARGET_POS t=17.0 entity=target_right world=X=-9459.963 Y=-9642.005 Z=10.000
[2026.08.06-02.17.27:354][704]LogSceneAutomation: Display: SCENE_ASV_POS t=17.0 world=X=-9954.302 Y=-10067.573 Z=19.806 yaw=0
[2026.08.06-02.17.28:362][746]LogSceneAutomation: Display: SCENE_YAW_FIX t=18.01 asv_count=1
[2026.08.06-02.17.28:362][746]LogSceneAutomation: Display: SCENE_TARGET_POS t=18.0 entity=target_red world=X=-9698.697 Y=-10043.907 Z=10.000
[2026.08.06-02.17.28:362][746]LogSceneAutomation: Display: SCENE_TARGET_POS t=18.0 entity=target_blue world=X=-9700.446 Y=-9854.353 Z=10.000
[2026.08.06-02.17.28:362][746]LogSceneAutomation: Display: SCENE_TARGET_POS t=18.0 entity=target_left world=X=-9436.552 Y=-10359.389 Z=10.000
[2026.08.06-02.17.28:362][746]LogSceneAutomation: Display: SCENE_TARGET_POS t=18.0 entity=target_right world=X=-9459.963 Y=-9642.005 Z=10.000
[2026.08.06-02.17.28:362][746]LogSceneAutomation: Display: SCENE_ASV_POS t=18.0 world=X=-9997.185 Y=-10071.041 Z=20.015 yaw=0
[2026.08.06-02.17.29:367][789]LogSceneAutomation: Display: SCENE_YAW_FIX t=19.01 asv_count=1
[2026.08.06-02.17.29:367][789]LogSceneAutomation: Display: SCENE_TARGET_POS t=19.0 entity=target_red world=X=-9698.697 Y=-10043.907 Z=10.000
[2026.08.06-02.17.29:367][789]LogSceneAutomation: Display: SCENE_TARGET_POS t=19.0 entity=target_blue world=X=-9700.446 Y=-9854.353 Z=10.000
[2026.08.06-02.17.29:367][789]LogSceneAutomation: Display: SCENE_TARGET_POS t=19.0 entity=target_left world=X=-9436.552 Y=-10359.389 Z=10.000
[2026.08.06-02.17.29:367][789]LogSceneAutomation: Display: SCENE_TARGET_POS t=19.0 entity=target_right world=X=-9459.963 Y=-9642.005 Z=10.000
[2026.08.06-02.17.29:367][789]LogSceneAutomation: Display: SCENE_ASV_POS t=19.0 world=X=-10021.580 Y=-10075.964 Z=20.249 yaw=0
[2026.08.06-02.17.30:356][830]LogSceneAutomation: Display: SCENE_YAW_FIX t=20.00 asv_count=1
[2026.08.06-02.17.30:356][830]LogSceneAutomation: Display: SCENE_TARGET_POS t=20.0 entity=target_red world=X=-9698.697 Y=-10043.907 Z=10.000
[2026.08.06-02.17.30:356][830]LogSceneAutomation: Display: SCENE_TARGET_POS t=20.0 entity=target_blue world=X=-9700.446 Y=-9854.353 Z=10.000
[2026.08.06-02.17.30:356][830]LogSceneAutomation: Display: SCENE_TARGET_POS t=20.0 entity=target_left world=X=-9436.552 Y=-10359.389 Z=10.000
[2026.08.06-02.17.30:356][830]LogSceneAutomation: Display: SCENE_TARGET_POS t=20.0 entity=target_right world=X=-9459.963 Y=-9642.005 Z=10.000
[2026.08.06-02.17.30:356][830]LogSceneAutomation: Display: SCENE_ASV_POS t=20.0 world=X=-10044.510 Y=-10082.568 Z=20.289 yaw=0
[2026.08.06-02.17.31:364][872]LogSceneAutomation: Display: SCENE_YAW_FIX t=21.01 asv_count=1
[2026.08.06-02.17.31:364][872]LogSceneAutomation: Display: SCENE_TARGET_POS t=21.0 entity=target_red world=X=-9698.697 Y=-10043.907 Z=10.000
[2026.08.06-02.17.31:364][872]LogSceneAutomation: Display: SCENE_TARGET_POS t=21.0 entity=target_blue world=X=-9700.446 Y=-9854.353 Z=10.000
[2026.08.06-02.17.31:364][872]LogSceneAutomation: Display: SCENE_TARGET_POS t=21.0 entity=target_left world=X=-9436.552 Y=-10359.389 Z=10.000
[2026.08.06-02.17.31:364][872]LogSceneAutomation: Display: SCENE_TARGET_POS t=21.0 entity=target_right world=X=-9459.963 Y=-9642.005 Z=10.000
[2026.08.06-02.17.31:364][872]LogSceneAutomation: Display: SCENE_ASV_POS t=21.0 world=X=-10070.397 Y=-10086.492 Z=20.215 yaw=0
[2026.08.06-02.17.32:362][914]LogSceneAutomation: Display: SCENE_YAW_FIX t=22.01 asv_count=1
[2026.08.06-02.17.32:362][914]LogSceneAutomation: Display: SCENE_TARGET_POS t=22.0 entity=target_red world=X=-9698.697 Y=-10043.907 Z=10.000
[2026.08.06-02.17.32:362][914]LogSceneAutomation: Display: SCENE_TARGET_POS t=22.0 entity=target_blue world=X=-9700.446 Y=-9854.353 Z=10.000
[2026.08.06-02.17.32:362][914]LogSceneAutomation: Display: SCENE_TARGET_POS t=22.0 entity=target_left world=X=-9436.552 Y=-10359.389 Z=10.000
[2026.08.06-02.17.32:362][914]LogSceneAutomation: Display: SCENE_TARGET_POS t=22.0 entity=target_right world=X=-9459.963 Y=-9642.005 Z=10.000
[2026.08.06-02.17.32:362][914]LogSceneAutomation: Display: SCENE_ASV_POS t=22.0 world=X=-10056.545 Y=-10086.982 Z=20.099 yaw=0
[2026.08.06-02.17.33:361][956]LogSceneAutomation: Display: SCENE_YAW_FIX t=23.01 asv_count=1
[2026.08.06-02.17.33:361][956]LogSceneAutomation: Display: SCENE_TARGET_POS t=23.0 entity=target_red world=X=-9698.697 Y=-10043.907 Z=10.000
[2026.08.06-02.17.33:361][956]LogSceneAutomation: Display: SCENE_TARGET_POS t=23.0 entity=target_blue world=X=-9700.446 Y=-9854.353 Z=10.000
[2026.08.06-02.17.33:361][956]LogSceneAutomation: Display: SCENE_TARGET_POS t=23.0 entity=target_left world=X=-9436.552 Y=-10359.389 Z=10.000
[2026.08.06-02.17.33:361][956]LogSceneAutomation: Display: SCENE_TARGET_POS t=23.0 entity=target_right world=X=-9459.963 Y=-9642.005 Z=10.000
[2026.08.06-02.17.33:361][956]LogSceneAutomation: Display: SCENE_ASV_POS t=23.0 world=X=-10034.517 Y=-10086.553 Z=20.245 yaw=0
[2026.08.06-02.17.34:361][998]LogSceneAutomation: Display: SCENE_YAW_FIX t=24.00 asv_count=1
[2026.08.06-02.17.34:361][998]LogSceneAutomation: Display: SCENE_TARGET_POS t=24.0 entity=target_red world=X=-9698.697 Y=-10043.907 Z=10.000
[2026.08.06-02.17.34:361][998]LogSceneAutomation: Display: SCENE_TARGET_POS t=24.0 entity=target_blue world=X=-9700.446 Y=-9854.353 Z=10.000
[2026.08.06-02.17.34:361][998]LogSceneAutomation: Display: SCENE_TARGET_POS t=24.0 entity=target_left world=X=-9436.552 Y=-10359.389 Z=10.000
[2026.08.06-02.17.34:361][998]LogSceneAutomation: Display: SCENE_TARGET_POS t=24.0 entity=target_right world=X=-9459.963 Y=-9642.005 Z=10.000
[2026.08.06-02.17.34:361][998]LogSceneAutomation: Display: SCENE_ASV_POS t=24.0 world=X=-9988.617 Y=-10077.563 Z=20.211 yaw=0
[2026.08.06-02.17.35:347][ 40]LogImageCompression: Display: EDGE_CAPTURE_STATS count=250 size=1280x720 srgb=0 mean_rgb=(38.9,61.1,101.0) max=239 linear_to_gamma=1
[2026.08.06-02.17.35:362][ 40]LogSceneAutomation: Display: SCENE_YAW_FIX t=25.01 asv_count=1
[2026.08.06-02.17.35:362][ 40]LogSceneAutomation: Display: SCENE_TARGET_POS t=25.0 entity=target_red world=X=-9698.697 Y=-10043.907 Z=10.000
[2026.08.06-02.17.35:362][ 40]LogSceneAutomation: Display: SCENE_TARGET_POS t=25.0 entity=target_blue world=X=-9700.446 Y=-9854.353 Z=10.000
[2026.08.06-02.17.35:362][ 40]LogSceneAutomation: Display: SCENE_TARGET_POS t=25.0 entity=target_left world=X=-9436.552 Y=-10359.389 Z=10.000
[2026.08.06-02.17.35:362][ 40]LogSceneAutomation: Display: SCENE_TARGET_POS t=25.0 entity=target_right world=X=-9459.963 Y=-9642.005 Z=10.000
[2026.08.06-02.17.35:362][ 40]LogSceneAutomation: Display: SCENE_ASV_POS t=25.0 world=X=-10004.416 Y=-10075.948 Z=20.233 yaw=0
[2026.08.06-02.17.36:358][ 82]LogSceneAutomation: Display: SCENE_YAW_FIX t=26.00 asv_count=1
[2026.08.06-02.17.36:358][ 82]LogSceneAutomation: Display: SCENE_TARGET_POS t=26.0 entity=target_red world=X=-9698.697 Y=-10043.907 Z=10.000
[2026.08.06-02.17.36:358][ 82]LogSceneAutomation: Display: SCENE_TARGET_POS t=26.0 entity=target_blue world=X=-9700.446 Y=-9854.353 Z=10.000
[2026.08.06-02.17.36:358][ 82]LogSceneAutomation: Display: SCENE_TARGET_POS t=26.0 entity=target_left world=X=-9436.552 Y=-10359.389 Z=10.000
[2026.08.06-02.17.36:358][ 82]LogSceneAutomation: Display: SCENE_TARGET_POS t=26.0 entity=target_right world=X=-9459.963 Y=-9642.005 Z=10.000
[2026.08.06-02.17.36:358][ 82]LogSceneAutomation: Display: SCENE_ASV_POS t=26.0 world=X=-10074.167 Y=-10082.093 Z=20.330 yaw=0
[2026.08.06-02.17.37:364][125]LogSceneAutomation: Display: SCENE_YAW_FIX t=27.01 asv_count=1
[2026.08.06-02.17.37:364][125]LogSceneAutomation: Display: SCENE_TARGET_POS t=27.0 entity=target_red world=X=-9698.697 Y=-10043.907 Z=10.000
[2026.08.06-02.17.37:364][125]LogSceneAutomation: Display: SCENE_TARGET_POS t=27.0 entity=target_blue world=X=-9700.446 Y=-9854.353 Z=10.000
[2026.08.06-02.17.37:364][125]LogSceneAutomation: Display: SCENE_TARGET_POS t=27.0 entity=target_left world=X=-9436.552 Y=-10359.389 Z=10.000
[2026.08.06-02.17.37:364][125]LogSceneAutomation: Display: SCENE_TARGET_POS t=27.0 entity=target_right world=X=-9459.963 Y=-9642.005 Z=10.000
[2026.08.06-02.17.37:364][125]LogSceneAutomation: Display: SCENE_ASV_POS t=27.0 world=X=-10091.444 Y=-10086.950 Z=20.445 yaw=0
[2026.08.06-02.17.38:357][167]LogSceneAutomation: Display: SCENE_YAW_FIX t=28.00 asv_count=1
[2026.08.06-02.17.38:357][167]LogSceneAutomation: Display: SCENE_TARGET_POS t=28.0 entity=target_red world=X=-9698.697 Y=-10043.907 Z=10.000
[2026.08.06-02.17.38:357][167]LogSceneAutomation: Display: SCENE_TARGET_POS t=28.0 entity=target_blue world=X=-9700.446 Y=-9854.353 Z=10.000
[2026.08.06-02.17.38:357][167]LogSceneAutomation: Display: SCENE_TARGET_POS t=28.0 entity=target_left world=X=-9436.552 Y=-10359.389 Z=10.000
[2026.08.06-02.17.38:357][167]LogSceneAutomation: Display: SCENE_TARGET_POS t=28.0 entity=target_right world=X=-9459.963 Y=-9642.005 Z=10.000
[2026.08.06-02.17.38:357][167]LogSceneAutomation: Display: SCENE_ASV_POS t=28.0 world=X=-10031.865 Y=-10084.271 Z=20.472 yaw=0
[2026.08.06-02.17.39:287][209]LogSceneAutomation: Display: SCENE_YAW_FIX t=29.00 asv_count=1
[2026.08.06-02.17.39:287][209]LogSceneAutomation: Display: SCENE_TARGET_POS t=29.0 entity=target_red world=X=-9698.697 Y=-10043.907 Z=10.000
[2026.08.06-02.17.39:288][209]LogSceneAutomation: Display: SCENE_TARGET_POS t=29.0 entity=target_blue world=X=-9700.446 Y=-9854.353 Z=10.000
[2026.08.06-02.17.39:288][209]LogSceneAutomation: Display: SCENE_TARGET_POS t=29.0 entity=target_left world=X=-9436.552 Y=-10359.389 Z=10.000
[2026.08.06-02.17.39:288][209]LogSceneAutomation: Display: SCENE_TARGET_POS t=29.0 entity=target_right world=X=-9459.963 Y=-9642.005 Z=10.000
[2026.08.06-02.17.39:288][209]LogSceneAutomation: Display: SCENE_ASV_POS t=29.0 world=X=-10039.527 Y=-10087.310 Z=20.527 yaw=0
[2026.08.06-02.17.40:360][251]LogSceneAutomation: Display: SCENE_YAW_FIX t=30.00 asv_count=1
[2026.08.06-02.17.40:360][251]LogSceneAutomation: Display: SCENE_TARGET_POS t=30.0 entity=target_red world=X=-9698.697 Y=-10043.907 Z=10.000
[2026.08.06-02.17.40:360][251]LogSceneAutomation: Display: SCENE_TARGET_POS t=30.0 entity=target_blue world=X=-9700.446 Y=-9854.353 Z=10.000
[2026.08.06-02.17.40:360][251]LogSceneAutomation: Display: SCENE_TARGET_POS t=30.0 entity=target_left world=X=-9436.552 Y=-10359.389 Z=10.000
[2026.08.06-02.17.40:360][251]LogSceneAutomation: Display: SCENE_TARGET_POS t=30.0 entity=target_right world=X=-9459.963 Y=-9642.005 Z=10.000
[2026.08.06-02.17.40:360][251]LogSceneAutomation: Display: SCENE_ASV_POS t=30.0 world=X=-10076.596 Y=-10091.029 Z=20.557 yaw=0
[2026.08.06-02.17.41:362][293]LogSceneAutomation: Display: SCENE_YAW_FIX t=31.01 asv_count=1
[2026.08.06-02.17.41:362][293]LogSceneAutomation: Display: SCENE_TARGET_POS t=31.0 entity=target_red world=X=-9698.697 Y=-10043.907 Z=10.000
[2026.08.06-02.17.41:362][293]LogSceneAutomation: Display: SCENE_TARGET_POS t=31.0 entity=target_blue world=X=-9700.446 Y=-9854.353 Z=10.000
[2026.08.06-02.17.41:362][293]LogSceneAutomation: Display: SCENE_TARGET_POS t=31.0 entity=target_left world=X=-9436.552 Y=-10359.389 Z=10.000
[2026.08.06-02.17.41:362][293]LogSceneAutomation: Display: SCENE_TARGET_POS t=31.0 entity=target_right world=X=-9459.963 Y=-9642.005 Z=10.000
[2026.08.06-02.17.41:362][293]LogSceneAutomation: Display: SCENE_ASV_POS t=31.0 world=X=-10051.168 Y=-10089.669 Z=20.582 yaw=0
[2026.08.06-02.17.42:358][335]LogSceneAutomation: Display: SCENE_YAW_FIX t=32.00 asv_count=1
[2026.08.06-02.17.42:358][335]LogSceneAutomation: Display: SCENE_TARGET_POS t=32.0 entity=target_red world=X=-9698.697 Y=-10043.907 Z=10.000
[2026.08.06-02.17.42:358][335]LogSceneAutomation: Display: SCENE_TARGET_POS t=32.0 entity=target_blue world=X=-9700.446 Y=-9854.353 Z=10.000
[2026.08.06-02.17.42:358][335]LogSceneAutomation: Display: SCENE_TARGET_POS t=32.0 entity=target_left world=X=-9436.552 Y=-10359.389 Z=10.000
[2026.08.06-02.17.42:358][335]LogSceneAutomation: Display: SCENE_TARGET_POS t=32.0 entity=target_right world=X=-9459.963 Y=-9642.005 Z=10.000
[2026.08.06-02.17.42:358][335]LogSceneAutomation: Display: SCENE_ASV_POS t=32.0 world=X=-9985.954 Y=-10078.993 Z=20.603 yaw=0
[2026.08.06-02.17.43:369][378]LogSceneAutomation: Display: SCENE_YAW_FIX t=33.01 asv_count=1
[2026.08.06-02.17.43:369][378]LogSceneAutomation: Display: SCENE_TARGET_POS t=33.0 entity=target_red world=X=-9698.697 Y=-10043.907 Z=10.000
[2026.08.06-02.17.43:369][378]LogSceneAutomation: Display: SCENE_TARGET_POS t=33.0 entity=target_blue world=X=-9700.446 Y=-9854.353 Z=10.000
[2026.08.06-02.17.43:369][378]LogSceneAutomation: Display: SCENE_TARGET_POS t=33.0 entity=target_left world=X=-9436.552 Y=-10359.389 Z=10.000
[2026.08.06-02.17.43:369][378]LogSceneAutomation: Display: SCENE_TARGET_POS t=33.0 entity=target_right world=X=-9459.963 Y=-9642.005 Z=10.000
[2026.08.06-02.17.43:369][378]LogSceneAutomation: Display: SCENE_ASV_POS t=33.0 world=X=-9985.582 Y=-10074.240 Z=20.626 yaw=0
[2026.08.06-02.17.44:367][420]LogSceneAutomation: Display: SCENE_YAW_FIX t=34.01 asv_count=1
[2026.08.06-02.17.44:367][420]LogSceneAutomation: Display: SCENE_TARGET_POS t=34.0 entity=target_red world=X=-9698.697 Y=-10043.907 Z=10.000
[2026.08.06-02.17.44:367][420]LogSceneAutomation: Display: SCENE_TARGET_POS t=34.0 entity=target_blue world=X=-9700.446 Y=-9854.353 Z=10.000
[2026.08.06-02.17.44:367][420]LogSceneAutomation: Display: SCENE_TARGET_POS t=34.0 entity=target_left world=X=-9436.552 Y=-10359.389 Z=10.000
[2026.08.06-02.17.44:367][420]LogSceneAutomation: Display: SCENE_TARGET_POS t=34.0 entity=target_right world=X=-9459.963 Y=-9642.005 Z=10.000
[2026.08.06-02.17.44:367][420]LogSceneAutomation: Display: SCENE_ASV_POS t=34.0 world=X=-10037.225 Y=-10078.392 Z=20.637 yaw=0
[2026.08.06-02.17.45:357][460]LogSceneAutomation: Display: SCENE_YAW_FIX t=35.00 asv_count=1
[2026.08.06-02.17.45:357][460]LogSceneAutomation: Display: SCENE_TARGET_POS t=35.0 entity=target_red world=X=-9698.697 Y=-10043.907 Z=10.000
[2026.08.06-02.17.45:357][460]LogSceneAutomation: Display: SCENE_TARGET_POS t=35.0 entity=target_blue world=X=-9700.446 Y=-9854.353 Z=10.000
[2026.08.06-02.17.45:357][460]LogSceneAutomation: Display: SCENE_TARGET_POS t=35.0 entity=target_left world=X=-9436.552 Y=-10359.389 Z=10.000
[2026.08.06-02.17.45:357][460]LogSceneAutomation: Display: SCENE_TARGET_POS t=35.0 entity=target_right world=X=-9459.963 Y=-9642.005 Z=10.000
[2026.08.06-02.17.45:357][460]LogSceneAutomation: Display: SCENE_ASV_POS t=35.0 world=X=-10092.363 Y=-10084.665 Z=20.647 yaw=0
[2026.08.06-02.17.46:361][503]LogSceneAutomation: Display: SCENE_YAW_FIX t=36.01 asv_count=1
[2026.08.06-02.17.46:361][503]LogSceneAutomation: Display: SCENE_TARGET_POS t=36.0 entity=target_red world=X=-9698.697 Y=-10043.907 Z=10.000
[2026.08.06-02.17.46:361][503]LogSceneAutomation: Display: SCENE_TARGET_POS t=36.0 entity=target_blue world=X=-9700.446 Y=-9854.353 Z=10.000
[2026.08.06-02.17.46:361][503]LogSceneAutomation: Display: SCENE_TARGET_POS t=36.0 entity=target_left world=X=-9436.552 Y=-10359.389 Z=10.000
[2026.08.06-02.17.46:361][503]LogSceneAutomation: Display: SCENE_TARGET_POS t=36.0 entity=target_right world=X=-9459.963 Y=-9642.005 Z=10.000
[2026.08.06-02.17.46:361][503]LogSceneAutomation: Display: SCENE_ASV_POS t=36.0 world=X=-10073.166 Y=-10087.358 Z=20.654 yaw=0
[2026.08.06-02.17.47:367][546]LogSceneAutomation: Display: SCENE_YAW_FIX t=37.01 asv_count=1
[2026.08.06-02.17.47:367][546]LogSceneAutomation: Display: SCENE_TARGET_POS t=37.0 entity=target_red world=X=-9698.697 Y=-10043.907 Z=10.000
[2026.08.06-02.17.47:367][546]LogSceneAutomation: Display: SCENE_TARGET_POS t=37.0 entity=target_blue world=X=-9700.446 Y=-9854.353 Z=10.000
[2026.08.06-02.17.47:367][546]LogSceneAutomation: Display: SCENE_TARGET_POS t=37.0 entity=target_left world=X=-9436.552 Y=-10359.389 Z=10.000
[2026.08.06-02.17.47:367][546]LogSceneAutomation: Display: SCENE_TARGET_POS t=37.0 entity=target_right world=X=-9459.963 Y=-9642.005 Z=10.000
[2026.08.06-02.17.47:367][546]LogSceneAutomation: Display: SCENE_ASV_POS t=37.0 world=X=-9996.621 Y=-10079.584 Z=20.659 yaw=0
[2026.08.06-02.17.48:289][582]LogSceneAutomation: Display: SCENE_YAW_FIX t=38.00 asv_count=1
[2026.08.06-02.17.48:289][582]LogSceneAutomation: Display: SCENE_TARGET_POS t=38.0 entity=target_red world=X=-9698.697 Y=-10043.907 Z=10.000
[2026.08.06-02.17.48:289][582]LogSceneAutomation: Display: SCENE_TARGET_POS t=38.0 entity=target_blue world=X=-9700.446 Y=-9854.353 Z=10.000
[2026.08.06-02.17.48:289][582]LogSceneAutomation: Display: SCENE_TARGET_POS t=38.0 entity=target_left world=X=-9436.552 Y=-10359.389 Z=10.000
[2026.08.06-02.17.48:289][582]LogSceneAutomation: Display: SCENE_TARGET_POS t=38.0 entity=target_right world=X=-9459.963 Y=-9642.005 Z=10.000
[2026.08.06-02.17.48:289][582]LogSceneAutomation: Display: SCENE_ASV_POS t=38.0 world=X=-9975.537 Y=-10073.489 Z=20.664 yaw=0
[2026.08.06-02.17.49:367][625]LogSceneAutomation: Display: SCENE_YAW_FIX t=39.01 asv_count=1
[2026.08.06-02.17.49:367][625]LogSceneAutomation: Display: SCENE_TARGET_POS t=39.0 entity=target_red world=X=-9698.697 Y=-10043.907 Z=10.000
[2026.08.06-02.17.49:367][625]LogSceneAutomation: Display: SCENE_TARGET_POS t=39.0 entity=target_blue world=X=-9700.446 Y=-9854.353 Z=10.000
[2026.08.06-02.17.49:367][625]LogSceneAutomation: Display: SCENE_TARGET_POS t=39.0 entity=target_left world=X=-9436.552 Y=-10359.389 Z=10.000
[2026.08.06-02.17.49:367][625]LogSceneAutomation: Display: SCENE_TARGET_POS t=39.0 entity=target_right world=X=-9459.963 Y=-9642.005 Z=10.000
[2026.08.06-02.17.49:367][625]LogSceneAutomation: Display: SCENE_ASV_POS t=39.0 world=X=-10016.769 Y=-10074.859 Z=20.671 yaw=0
[2026.08.06-02.17.50:361][667]LogSceneAutomation: Display: SCENE_YAW_FIX t=40.01 asv_count=1
[2026.08.06-02.17.50:361][667]LogSceneAutomation: Display: SCENE_TARGET_POS t=40.0 entity=target_red world=X=-9698.348 Y=-10043.938 Z=10.000
[2026.08.06-02.17.50:361][667]LogSceneAutomation: Display: SCENE_TARGET_POS t=40.0 entity=target_blue world=X=-9700.097 Y=-9854.384 Z=10.000
[2026.08.06-02.17.50:361][667]LogSceneAutomation: Display: SCENE_TARGET_POS t=40.0 entity=target_left world=X=-9436.203 Y=-10359.389 Z=10.000
[2026.08.06-02.17.50:361][667]LogSceneAutomation: Display: SCENE_TARGET_POS t=40.0 entity=target_right world=X=-9459.614 Y=-9642.005 Z=10.000
[2026.08.06-02.17.50:361][667]LogSceneAutomation: Display: SCENE_ASV_POS t=40.0 world=X=-10072.344 Y=-10080.055 Z=20.676 yaw=0
[2026.08.06-02.17.51:364][709]LogSceneAutomation: Display: SCENE_YAW_FIX t=41.01 asv_count=1
[2026.08.06-02.17.51:364][709]LogSceneAutomation: Display: SCENE_TARGET_POS t=41.0 entity=target_red world=X=-9638.195 Y=-10049.383 Z=10.000
[2026.08.06-02.17.51:364][709]LogSceneAutomation: Display: SCENE_TARGET_POS t=41.0 entity=target_blue world=X=-9639.943 Y=-9859.829 Z=10.000
[2026.08.06-02.17.51:364][709]LogSceneAutomation: Display: SCENE_TARGET_POS t=41.0 entity=target_left world=X=-9376.050 Y=-10359.389 Z=10.000
[2026.08.06-02.17.51:364][709]LogSceneAutomation: Display: SCENE_TARGET_POS t=41.0 entity=target_right world=X=-9399.460 Y=-9642.005 Z=10.000
[2026.08.06-02.17.51:364][709]LogSceneAutomation: Display: SCENE_ASV_POS t=41.0 world=X=-10065.761 Y=-10087.326 Z=20.678 yaw=0
[2026.08.06-02.17.52:366][751]LogSceneAutomation: Display: SCENE_YAW_FIX t=42.01 asv_count=1
[2026.08.06-02.17.52:367][751]LogSceneAutomation: Display: SCENE_TARGET_POS t=42.0 entity=target_red world=X=-9578.101 Y=-10055.011 Z=10.000
[2026.08.06-02.17.52:367][751]LogSceneAutomation: Display: SCENE_TARGET_POS t=42.0 entity=target_blue world=X=-9579.850 Y=-9865.456 Z=10.000
[2026.08.06-02.17.52:367][751]LogSceneAutomation: Display: SCENE_TARGET_POS t=42.0 entity=target_left world=X=-9315.956 Y=-10359.389 Z=10.000
[2026.08.06-02.17.52:367][751]LogSceneAutomation: Display: SCENE_TARGET_POS t=42.0 entity=target_right world=X=-9339.367 Y=-9642.005 Z=10.000
[2026.08.06-02.17.52:367][751]LogSceneAutomation: Display: SCENE_ASV_POS t=42.0 world=X=-9980.001 Y=-10087.375 Z=20.677 yaw=0
[2026.08.06-02.17.53:367][793]LogSceneAutomation: Display: SCENE_YAW_FIX t=43.01 asv_count=1
[2026.08.06-02.17.53:367][793]LogSceneAutomation: Display: SCENE_TARGET_POS t=43.0 entity=target_red world=X=-9517.987 Y=-10060.806 Z=10.000
[2026.08.06-02.17.53:367][793]LogSceneAutomation: Display: SCENE_TARGET_POS t=43.0 entity=target_blue world=X=-9519.736 Y=-9871.252 Z=10.000
[2026.08.06-02.17.53:367][793]LogSceneAutomation: Display: SCENE_TARGET_POS t=43.0 entity=target_left world=X=-9255.842 Y=-10359.389 Z=10.000
[2026.08.06-02.17.53:367][793]LogSceneAutomation: Display: SCENE_TARGET_POS t=43.0 entity=target_right world=X=-9279.253 Y=-9642.005 Z=10.000
[2026.08.06-02.17.53:367][793]LogSceneAutomation: Display: SCENE_ASV_POS t=43.0 world=X=-9862.711 Y=-10081.992 Z=20.678 yaw=0
[2026.08.06-02.17.54:361][834]LogSceneAutomation: Display: SCENE_YAW_FIX t=44.01 asv_count=1
[2026.08.06-02.17.54:361][834]LogSceneAutomation: Display: SCENE_TARGET_POS t=44.0 entity=target_red world=X=-9458.326 Y=-10066.699 Z=10.000
[2026.08.06-02.17.54:361][834]LogSceneAutomation: Display: SCENE_TARGET_POS t=44.0 entity=target_blue world=X=-9460.075 Y=-9877.145 Z=10.000
[2026.08.06-02.17.54:361][834]LogSceneAutomation: Display: SCENE_TARGET_POS t=44.0 entity=target_left world=X=-9196.181 Y=-10359.389 Z=10.000
[2026.08.06-02.17.54:361][834]LogSceneAutomation: Display: SCENE_TARGET_POS t=44.0 entity=target_right world=X=-9219.592 Y=-9642.005 Z=10.000
[2026.08.06-02.17.54:361][834]LogSceneAutomation: Display: SCENE_ASV_POS t=44.0 world=X=-9834.408 Y=-10082.854 Z=20.678 yaw=0
[2026.08.06-02.17.55:358][874]LogSceneAutomation: Display: SCENE_YAW_FIX t=45.00 asv_count=1
[2026.08.06-02.17.55:358][874]LogSceneAutomation: Display: SCENE_TARGET_POS t=45.0 entity=target_red world=X=-9398.521 Y=-10072.725 Z=10.000
[2026.08.06-02.17.55:358][874]LogSceneAutomation: Display: SCENE_TARGET_POS t=45.0 entity=target_blue world=X=-9400.269 Y=-9883.171 Z=10.000
[2026.08.06-02.17.55:358][874]LogSceneAutomation: Display: SCENE_TARGET_POS t=45.0 entity=target_left world=X=-9136.376 Y=-10359.389 Z=10.000
[2026.08.06-02.17.55:358][874]LogSceneAutomation: Display: SCENE_TARGET_POS t=45.0 entity=target_right world=X=-9159.787 Y=-9642.005 Z=10.000
[2026.08.06-02.17.55:358][874]LogSceneAutomation: Display: SCENE_ASV_POS t=45.0 world=X=-9804.712 Y=-10085.395 Z=20.679 yaw=0
[2026.08.06-02.17.56:364][917]LogSceneAutomation: Display: SCENE_YAW_FIX t=46.01 asv_count=1
[2026.08.06-02.17.56:364][917]LogSceneAutomation: Display: SCENE_TARGET_POS t=46.0 entity=target_red world=X=-9338.093 Y=-10078.910 Z=10.000
[2026.08.06-02.17.56:364][917]LogSceneAutomation: Display: SCENE_TARGET_POS t=46.0 entity=target_blue world=X=-9339.842 Y=-9889.355 Z=10.000
[2026.08.06-02.17.56:364][917]LogSceneAutomation: Display: SCENE_TARGET_POS t=46.0 entity=target_left world=X=-9075.948 Y=-10359.389 Z=10.000
[2026.08.06-02.17.56:364][917]LogSceneAutomation: Display: SCENE_TARGET_POS t=46.0 entity=target_right world=X=-9099.359 Y=-9642.005 Z=10.000
[2026.08.06-02.17.56:364][917]LogSceneAutomation: Display: SCENE_ASV_POS t=46.0 world=X=-9701.379 Y=-10085.449 Z=20.681 yaw=0
[2026.08.06-02.17.57:369][959]LogSceneAutomation: Display: SCENE_YAW_FIX t=47.01 asv_count=1
[2026.08.06-02.17.57:370][959]LogSceneAutomation: Display: SCENE_TARGET_POS t=47.0 entity=target_red world=X=-9277.932 Y=-10085.138 Z=10.000
[2026.08.06-02.17.57:370][959]LogSceneAutomation: Display: SCENE_TARGET_POS t=47.0 entity=target_blue world=X=-9279.681 Y=-9895.584 Z=10.000
[2026.08.06-02.17.57:370][959]LogSceneAutomation: Display: SCENE_TARGET_POS t=47.0 entity=target_left world=X=-9015.787 Y=-10359.389 Z=10.000
[2026.08.06-02.17.57:370][959]LogSceneAutomation: Display: SCENE_TARGET_POS t=47.0 entity=target_right world=X=-9039.198 Y=-9642.005 Z=10.000
[2026.08.06-02.17.57:370][959]LogSceneAutomation: Display: SCENE_ASV_POS t=47.0 world=X=-9666.477 Y=-10086.406 Z=20.683 yaw=0
[2026.08.06-02.17.58:367][  1]LogSceneAutomation: Display: SCENE_YAW_FIX t=48.01 asv_count=1
[2026.08.06-02.17.58:367][  1]LogSceneAutomation: Display: SCENE_TARGET_POS t=48.0 entity=target_red world=X=-9217.997 Y=-10091.390 Z=10.000
[2026.08.06-02.17.58:367][  1]LogSceneAutomation: Display: SCENE_TARGET_POS t=48.0 entity=target_blue world=X=-9219.746 Y=-9901.836 Z=10.000
[2026.08.06-02.17.58:367][  1]LogSceneAutomation: Display: SCENE_TARGET_POS t=48.0 entity=target_left world=X=-8955.852 Y=-10359.389 Z=10.000
[2026.08.06-02.17.58:367][  1]LogSceneAutomation: Display: SCENE_TARGET_POS t=48.0 entity=target_right world=X=-8979.263 Y=-9642.005 Z=10.000
[2026.08.06-02.17.58:367][  1]LogSceneAutomation: Display: SCENE_ASV_POS t=48.0 world=X=-9631.590 Y=-10088.132 Z=20.684 yaw=0
[2026.08.06-02.17.59:359][ 42]LogSceneAutomation: Display: SCENE_YAW_FIX t=49.00 asv_count=1
[2026.08.06-02.17.59:359][ 42]LogSceneAutomation: Display: SCENE_TARGET_POS t=49.0 entity=target_red world=X=-9158.425 Y=-10097.626 Z=10.000
[2026.08.06-02.17.59:359][ 42]LogSceneAutomation: Display: SCENE_TARGET_POS t=49.0 entity=target_blue world=X=-9160.174 Y=-9908.071 Z=10.000
[2026.08.06-02.17.59:359][ 42]LogSceneAutomation: Display: SCENE_TARGET_POS t=49.0 entity=target_left world=X=-8896.280 Y=-10359.389 Z=10.000
[2026.08.06-02.17.59:359][ 42]LogSceneAutomation: Display: SCENE_TARGET_POS t=49.0 entity=target_right world=X=-8919.691 Y=-9642.005 Z=10.000
[2026.08.06-02.17.59:359][ 42]LogSceneAutomation: Display: SCENE_ASV_POS t=49.0 world=X=-9527.362 Y=-10092.368 Z=20.685 yaw=0
[2026.08.06-02.18.00:344][ 84]LogImageCompression: Display: EDGE_CAPTURE_STATS count=500 size=1280x720 srgb=0 mean_rgb=(38.7,61.4,101.6) max=242 linear_to_gamma=1
[2026.08.06-02.18.00:360][ 84]LogSceneAutomation: Display: SCENE_YAW_FIX t=50.00 asv_count=1
[2026.08.06-02.18.00:360][ 84]LogSceneAutomation: Display: SCENE_TARGET_POS t=50.0 entity=target_red world=X=-9098.425 Y=-10103.903 Z=10.000
[2026.08.06-02.18.00:360][ 84]LogSceneAutomation: Display: SCENE_TARGET_POS t=50.0 entity=target_blue world=X=-9100.174 Y=-9914.349 Z=10.000
[2026.08.06-02.18.00:360][ 84]LogSceneAutomation: Display: SCENE_TARGET_POS t=50.0 entity=target_left world=X=-8836.280 Y=-10359.389 Z=10.000
[2026.08.06-02.18.00:360][ 84]LogSceneAutomation: Display: SCENE_TARGET_POS t=50.0 entity=target_right world=X=-8859.691 Y=-9642.005 Z=10.000
[2026.08.06-02.18.00:360][ 84]LogSceneAutomation: Display: SCENE_ASV_POS t=50.0 world=X=-9411.087 Y=-10097.826 Z=20.686 yaw=0
[2026.08.06-02.18.01:364][126]LogSceneAutomation: Display: SCENE_YAW_FIX t=51.01 asv_count=1
[2026.08.06-02.18.01:364][126]LogSceneAutomation: Display: SCENE_TARGET_POS t=51.0 entity=target_red world=X=-9038.138 Y=-10110.183 Z=10.000
[2026.08.06-02.18.01:364][126]LogSceneAutomation: Display: SCENE_TARGET_POS t=51.0 entity=target_blue world=X=-9039.887 Y=-9920.628 Z=10.000
[2026.08.06-02.18.01:364][126]LogSceneAutomation: Display: SCENE_TARGET_POS t=51.0 entity=target_left world=X=-8775.993 Y=-10359.389 Z=10.000
[2026.08.06-02.18.01:364][126]LogSceneAutomation: Display: SCENE_TARGET_POS t=51.0 entity=target_right world=X=-8799.404 Y=-9642.005 Z=10.000
[2026.08.06-02.18.01:364][126]LogSceneAutomation: Display: SCENE_ASV_POS t=51.0 world=X=-9312.329 Y=-10102.599 Z=20.686 yaw=0
[2026.08.06-02.18.02:370][168]LogSceneAutomation: Display: SCENE_YAW_FIX t=52.01 asv_count=1
[2026.08.06-02.18.02:370][168]LogSceneAutomation: Display: SCENE_TARGET_POS t=52.0 entity=target_red world=X=-8977.935 Y=-10116.401 Z=10.000
[2026.08.06-02.18.02:370][168]LogSceneAutomation: Display: SCENE_TARGET_POS t=52.0 entity=target_blue world=X=-8979.684 Y=-9926.847 Z=10.000
[2026.08.06-02.18.02:370][168]LogSceneAutomation: Display: SCENE_TARGET_POS t=52.0 entity=target_left world=X=-8715.790 Y=-10359.389 Z=10.000
[2026.08.06-02.18.02:370][168]LogSceneAutomation: Display: SCENE_TARGET_POS t=52.0 entity=target_right world=X=-8739.201 Y=-9642.005 Z=10.000
[2026.08.06-02.18.02:370][168]LogSceneAutomation: Display: SCENE_ASV_POS t=52.0 world=X=-9259.327 Y=-10106.669 Z=20.687 yaw=0
[2026.08.06-02.18.03:364][209]LogSceneAutomation: Display: SCENE_YAW_FIX t=53.01 asv_count=1
[2026.08.06-02.18.03:364][209]LogSceneAutomation: Display: SCENE_TARGET_POS t=53.0 entity=target_red world=X=-8918.150 Y=-10122.499 Z=10.000
[2026.08.06-02.18.03:364][209]LogSceneAutomation: Display: SCENE_TARGET_POS t=53.0 entity=target_blue world=X=-8919.898 Y=-9932.945 Z=10.000
[2026.08.06-02.18.03:364][209]LogSceneAutomation: Display: SCENE_TARGET_POS t=53.0 entity=target_left world=X=-8656.005 Y=-10359.389 Z=10.000
[2026.08.06-02.18.03:364][209]LogSceneAutomation: Display: SCENE_TARGET_POS t=53.0 entity=target_right world=X=-8679.416 Y=-9642.005 Z=10.000
[2026.08.06-02.18.03:364][209]LogSceneAutomation: Display: SCENE_ASV_POS t=53.0 world=X=-9277.828 Y=-10111.759 Z=20.687 yaw=0
[2026.08.06-02.18.04:358][250]LogSceneAutomation: Display: SCENE_YAW_FIX t=54.00 asv_count=1
[2026.08.06-02.18.04:358][250]LogSceneAutomation: Display: SCENE_TARGET_POS t=54.0 entity=target_red world=X=-8858.574 Y=-10128.476 Z=10.000
[2026.08.06-02.18.04:358][250]LogSceneAutomation: Display: SCENE_TARGET_POS t=54.0 entity=target_blue world=X=-8860.323 Y=-9938.922 Z=10.000
[2026.08.06-02.18.04:358][250]LogSceneAutomation: Display: SCENE_TARGET_POS t=54.0 entity=target_left world=X=-8596.429 Y=-10359.389 Z=10.000
[2026.08.06-02.18.04:358][250]LogSceneAutomation: Display: SCENE_TARGET_POS t=54.0 entity=target_right world=X=-8619.840 Y=-9642.005 Z=10.000
[2026.08.06-02.18.04:358][250]LogSceneAutomation: Display: SCENE_ASV_POS t=54.0 world=X=-9266.933 Y=-10128.585 Z=20.687 yaw=0
[2026.08.06-02.18.05:365][291]LogSceneAutomation: Display: SCENE_YAW_FIX t=55.01 asv_count=1
[2026.08.06-02.18.05:365][291]LogSceneAutomation: Display: SCENE_TARGET_POS t=55.0 entity=target_red world=X=-8798.240 Y=-10134.404 Z=10.000
[2026.08.06-02.18.05:365][291]LogSceneAutomation: Display: SCENE_TARGET_POS t=55.0 entity=target_blue world=X=-8799.988 Y=-9944.850 Z=10.000
[2026.08.06-02.18.05:365][291]LogSceneAutomation: Display: SCENE_TARGET_POS t=55.0 entity=target_left world=X=-8536.095 Y=-10359.389 Z=10.000
[2026.08.06-02.18.05:365][291]LogSceneAutomation: Display: SCENE_TARGET_POS t=55.0 entity=target_right world=X=-8559.506 Y=-9642.005 Z=10.000
[2026.08.06-02.18.05:365][291]LogSceneAutomation: Display: SCENE_ASV_POS t=55.0 world=X=-9232.081 Y=-10130.810 Z=20.688 yaw=0
[2026.08.06-02.18.06:363][331]LogSceneAutomation: Display: SCENE_YAW_FIX t=56.01 asv_count=1
[2026.08.06-02.18.06:363][331]LogSceneAutomation: Display: SCENE_TARGET_POS t=56.0 entity=target_red world=X=-8738.025 Y=-10140.171 Z=10.000
[2026.08.06-02.18.06:363][331]LogSceneAutomation: Display: SCENE_TARGET_POS t=56.0 entity=target_blue world=X=-8739.773 Y=-9950.617 Z=10.000
[2026.08.06-02.18.06:363][331]LogSceneAutomation: Display: SCENE_TARGET_POS t=56.0 entity=target_left world=X=-8475.880 Y=-10359.389 Z=10.000
[2026.08.06-02.18.06:363][331]LogSceneAutomation: Display: SCENE_TARGET_POS t=56.0 entity=target_right world=X=-8499.291 Y=-9642.005 Z=10.000
[2026.08.06-02.18.06:363][331]LogSceneAutomation: Display: SCENE_ASV_POS t=56.0 world=X=-9127.882 Y=-10132.899 Z=20.688 yaw=0
[2026.08.06-02.18.07:371][373]LogSceneAutomation: Display: SCENE_YAW_FIX t=57.01 asv_count=1
[2026.08.06-02.18.07:371][373]LogSceneAutomation: Display: SCENE_TARGET_POS t=57.0 entity=target_red world=X=-8677.914 Y=-10145.757 Z=10.000
[2026.08.06-02.18.07:371][373]LogSceneAutomation: Display: SCENE_TARGET_POS t=57.0 entity=target_blue world=X=-8679.663 Y=-9956.202 Z=10.000
[2026.08.06-02.18.07:371][373]LogSceneAutomation: Display: SCENE_TARGET_POS t=57.0 entity=target_left world=X=-8415.769 Y=-10359.389 Z=10.000
[2026.08.06-02.18.07:371][373]LogSceneAutomation: Display: SCENE_TARGET_POS t=57.0 entity=target_right world=X=-8439.180 Y=-9642.005 Z=10.000
[2026.08.06-02.18.07:371][373]LogSceneAutomation: Display: SCENE_ASV_POS t=57.0 world=X=-9012.833 Y=-10138.300 Z=20.689 yaw=0
[2026.08.06-02.18.08:367][414]LogSceneAutomation: Display: SCENE_YAW_FIX t=58.01 asv_count=1
[2026.08.06-02.18.08:367][414]LogSceneAutomation: Display: SCENE_TARGET_POS t=58.0 entity=target_red world=X=-8617.976 Y=-10151.134 Z=10.000
[2026.08.06-02.18.08:367][414]LogSceneAutomation: Display: SCENE_TARGET_POS t=58.0 entity=target_blue world=X=-8619.725 Y=-9961.579 Z=10.000
[2026.08.06-02.18.08:367][414]LogSceneAutomation: Display: SCENE_TARGET_POS t=58.0 entity=target_left world=X=-8355.831 Y=-10359.389 Z=10.000
[2026.08.06-02.18.08:367][414]LogSceneAutomation: Display: SCENE_TARGET_POS t=58.0 entity=target_right world=X=-8379.242 Y=-9642.005 Z=10.000
[2026.08.06-02.18.08:367][414]LogSceneAutomation: Display: SCENE_ASV_POS t=58.0 world=X=-8985.620 Y=-10141.437 Z=20.689 yaw=0
[2026.08.06-02.18.09:359][454]LogSceneAutomation: Display: SCENE_YAW_FIX t=59.00 asv_count=1
[2026.08.06-02.18.09:359][454]LogSceneAutomation: Display: SCENE_TARGET_POS t=59.0 entity=target_red world=X=-8558.549 Y=-10156.254 Z=10.000
[2026.08.06-02.18.09:359][454]LogSceneAutomation: Display: SCENE_TARGET_POS t=59.0 entity=target_blue world=X=-8560.297 Y=-9966.699 Z=10.000
[2026.08.06-02.18.09:359][454]LogSceneAutomation: Display: SCENE_TARGET_POS t=59.0 entity=target_left world=X=-8296.404 Y=-10359.389 Z=10.000
[2026.08.06-02.18.09:359][454]LogSceneAutomation: Display: SCENE_TARGET_POS t=59.0 entity=target_right world=X=-8319.815 Y=-9642.005 Z=10.000
[2026.08.06-02.18.09:359][454]LogSceneAutomation: Display: SCENE_ASV_POS t=59.0 world=X=-8886.432 Y=-10146.243 Z=20.689 yaw=0
[2026.08.06-02.18.10:369][496]LogSceneAutomation: Display: SCENE_YAW_FIX t=60.01 asv_count=1
[2026.08.06-02.18.10:369][496]LogSceneAutomation: Display: SCENE_TARGET_POS t=60.0 entity=target_red world=X=-8497.916 Y=-10161.241 Z=10.000
[2026.08.06-02.18.10:369][496]LogSceneAutomation: Display: SCENE_TARGET_POS t=60.0 entity=target_blue world=X=-8499.665 Y=-9971.686 Z=10.000
[2026.08.06-02.18.10:369][496]LogSceneAutomation: Display: SCENE_TARGET_POS t=60.0 entity=target_left world=X=-8235.771 Y=-10359.389 Z=10.000
[2026.08.06-02.18.10:369][496]LogSceneAutomation: Display: SCENE_TARGET_POS t=60.0 entity=target_right world=X=-8259.182 Y=-9642.005 Z=10.000
[2026.08.06-02.18.10:369][496]LogSceneAutomation: Display: SCENE_ASV_POS t=60.0 world=X=-8782.181 Y=-10151.939 Z=20.688 yaw=0
[2026.08.06-02.18.11:287][536]LogSceneAutomation: Display: SCENE_YAW_FIX t=61.00 asv_count=1
[2026.08.06-02.18.11:289][536]LogSceneAutomation: Display: SCENE_TARGET_POS t=61.0 entity=target_red world=X=-8438.697 Y=-10165.861 Z=10.000
[2026.08.06-02.18.11:289][536]LogSceneAutomation: Display: SCENE_TARGET_POS t=61.0 entity=target_blue world=X=-8440.446 Y=-9976.307 Z=10.000
[2026.08.06-02.18.11:289][536]LogSceneAutomation: Display: SCENE_TARGET_POS t=61.0 entity=target_left world=X=-8176.552 Y=-10359.389 Z=10.000
[2026.08.06-02.18.11:289][536]LogSceneAutomation: Display: SCENE_TARGET_POS t=61.0 entity=target_right world=X=-8199.963 Y=-9642.005 Z=10.000
[2026.08.06-02.18.11:289][536]LogSceneAutomation: Display: SCENE_ASV_POS t=61.0 world=X=-8722.491 Y=-10155.631 Z=20.688 yaw=0
[2026.08.06-02.18.12:356][574]LogSceneAutomation: Display: SCENE_YAW_FIX t=62.01 asv_count=1
[2026.08.06-02.18.12:356][574]LogSceneAutomation: Display: SCENE_TARGET_POS t=62.0 entity=target_red world=X=-8378.370 Y=-10170.296 Z=10.000
[2026.08.06-02.18.12:356][574]LogSceneAutomation: Display: SCENE_TARGET_POS t=62.0 entity=target_blue world=X=-8380.118 Y=-9980.741 Z=10.000
[2026.08.06-02.18.12:356][574]LogSceneAutomation: Display: SCENE_TARGET_POS t=62.0 entity=target_left world=X=-8116.225 Y=-10359.389 Z=10.000
[2026.08.06-02.18.12:356][574]LogSceneAutomation: Display: SCENE_TARGET_POS t=62.0 entity=target_right world=X=-8139.636 Y=-9642.005 Z=10.000
[2026.08.06-02.18.12:356][574]LogSceneAutomation: Display: SCENE_ASV_POS t=62.0 world=X=-8717.597 Y=-10163.373 Z=20.689 yaw=0
[2026.08.06-02.18.13:354][615]LogSceneAutomation: Display: SCENE_YAW_FIX t=63.00 asv_count=1
[2026.08.06-02.18.13:356][615]LogSceneAutomation: Display: SCENE_TARGET_POS t=63.0 entity=target_red world=X=-8318.479 Y=-10174.408 Z=10.000
[2026.08.06-02.18.13:356][615]LogSceneAutomation: Display: SCENE_TARGET_POS t=63.0 entity=target_blue world=X=-8320.227 Y=-9984.854 Z=10.000
[2026.08.06-02.18.13:356][615]LogSceneAutomation: Display: SCENE_TARGET_POS t=63.0 entity=target_left world=X=-8056.334 Y=-10359.389 Z=10.000
[2026.08.06-02.18.13:356][615]LogSceneAutomation: Display: SCENE_TARGET_POS t=63.0 entity=target_right world=X=-8079.744 Y=-9642.005 Z=10.000
[2026.08.06-02.18.13:356][615]LogSceneAutomation: Display: SCENE_ASV_POS t=63.0 world=X=-8714.896 Y=-10177.340 Z=20.689 yaw=0
[2026.08.06-02.18.14:367][657]LogSceneAutomation: Display: SCENE_YAW_FIX t=64.01 asv_count=1
[2026.08.06-02.18.14:367][657]LogSceneAutomation: Display: SCENE_TARGET_POS t=64.0 entity=target_red world=X=-8258.086 Y=-10178.247 Z=10.000
[2026.08.06-02.18.14:367][657]LogSceneAutomation: Display: SCENE_TARGET_POS t=64.0 entity=target_blue world=X=-8259.835 Y=-9988.692 Z=10.000
[2026.08.06-02.18.14:367][657]LogSceneAutomation: Display: SCENE_TARGET_POS t=64.0 entity=target_left world=X=-7995.941 Y=-10359.389 Z=10.000
[2026.08.06-02.18.14:367][657]LogSceneAutomation: Display: SCENE_TARGET_POS t=64.0 entity=target_right world=X=-8019.352 Y=-9642.005 Z=10.000
[2026.08.06-02.18.14:367][657]LogSceneAutomation: Display: SCENE_ASV_POS t=64.0 world=X=-8633.118 Y=-10185.269 Z=20.689 yaw=0
[2026.08.06-02.18.15:361][698]LogSceneAutomation: Display: SCENE_YAW_FIX t=65.00 asv_count=1
[2026.08.06-02.18.15:361][698]LogSceneAutomation: Display: SCENE_TARGET_POS t=65.0 entity=target_red world=X=-8198.426 Y=-10181.719 Z=10.000
[2026.08.06-02.18.15:361][698]LogSceneAutomation: Display: SCENE_TARGET_POS t=65.0 entity=target_blue world=X=-8200.174 Y=-9992.165 Z=10.000
[2026.08.06-02.18.15:361][698]LogSceneAutomation: Display: SCENE_TARGET_POS t=65.0 entity=target_left world=X=-7936.281 Y=-10359.389 Z=10.000
[2026.08.06-02.18.15:361][698]LogSceneAutomation: Display: SCENE_TARGET_POS t=65.0 entity=target_right world=X=-7959.692 Y=-9642.005 Z=10.000
[2026.08.06-02.18.15:361][698]LogSceneAutomation: Display: SCENE_ASV_POS t=65.0 world=X=-8520.013 Y=-10186.098 Z=20.689 yaw=0
[2026.08.06-02.18.16:366][740]LogSceneAutomation: Display: SCENE_YAW_FIX t=66.01 asv_count=1
[2026.08.06-02.18.16:366][740]LogSceneAutomation: Display: SCENE_TARGET_POS t=66.0 entity=target_red world=X=-8138.114 Y=-10184.893 Z=10.000
[2026.08.06-02.18.16:366][740]LogSceneAutomation: Display: SCENE_TARGET_POS t=66.0 entity=target_blue world=X=-8139.862 Y=-9995.339 Z=10.000
[2026.08.06-02.18.16:366][740]LogSceneAutomation: Display: SCENE_TARGET_POS t=66.0 entity=target_left world=X=-7875.969 Y=-10359.389 Z=10.000
[2026.08.06-02.18.16:366][740]LogSceneAutomation: Display: SCENE_TARGET_POS t=66.0 entity=target_right world=X=-7899.379 Y=-9642.005 Z=10.000
[2026.08.06-02.18.16:366][740]LogSceneAutomation: Display: SCENE_ASV_POS t=66.0 world=X=-8415.861 Y=-10186.688 Z=20.689 yaw=0
[2026.08.06-02.18.17:365][779]LogSceneAutomation: Display: SCENE_YAW_FIX t=67.01 asv_count=1
[2026.08.06-02.18.17:365][779]LogSceneAutomation: Display: SCENE_TARGET_POS t=67.0 entity=target_red world=X=-8078.114 Y=-10187.703 Z=10.000
[2026.08.06-02.18.17:365][779]LogSceneAutomation: Display: SCENE_TARGET_POS t=67.0 entity=target_blue world=X=-8079.863 Y=-9998.148 Z=10.000
[2026.08.06-02.18.17:365][779]LogSceneAutomation: Display: SCENE_TARGET_POS t=67.0 entity=target_left world=X=-7815.969 Y=-10359.389 Z=10.000
[2026.08.06-02.18.17:365][779]LogSceneAutomation: Display: SCENE_TARGET_POS t=67.0 entity=target_right world=X=-7839.380 Y=-9642.005 Z=10.000
[2026.08.06-02.18.17:365][779]LogSceneAutomation: Display: SCENE_ASV_POS t=67.0 world=X=-8342.890 Y=-10186.600 Z=20.689 yaw=0
[2026.08.06-02.18.18:362][821]LogSceneAutomation: Display: SCENE_YAW_FIX t=68.01 asv_count=1
[2026.08.06-02.18.18:362][821]LogSceneAutomation: Display: SCENE_TARGET_POS t=68.0 entity=target_red world=X=-8018.395 Y=-10190.143 Z=10.000
[2026.08.06-02.18.18:362][821]LogSceneAutomation: Display: SCENE_TARGET_POS t=68.0 entity=target_blue world=X=-8020.143 Y=-10000.589 Z=10.000
[2026.08.06-02.18.18:362][821]LogSceneAutomation: Display: SCENE_TARGET_POS t=68.0 entity=target_left world=X=-7756.250 Y=-10359.389 Z=10.000
[2026.08.06-02.18.18:362][821]LogSceneAutomation: Display: SCENE_TARGET_POS t=68.0 entity=target_right world=X=-7779.660 Y=-9642.005 Z=10.000
[2026.08.06-02.18.18:362][821]LogSceneAutomation: Display: SCENE_ASV_POS t=68.0 world=X=-8338.761 Y=-10188.446 Z=20.689 yaw=0
[2026.08.06-02.18.19:364][863]LogSceneAutomation: Display: SCENE_YAW_FIX t=69.01 asv_count=1
[2026.08.06-02.18.19:364][863]LogSceneAutomation: Display: SCENE_TARGET_POS t=69.0 entity=target_red world=X=-7958.234 Y=-10192.233 Z=10.000
[2026.08.06-02.18.19:364][863]LogSceneAutomation: Display: SCENE_TARGET_POS t=69.0 entity=target_blue world=X=-7959.983 Y=-10002.679 Z=10.000
[2026.08.06-02.18.19:364][863]LogSceneAutomation: Display: SCENE_TARGET_POS t=69.0 entity=target_left world=X=-7696.089 Y=-10359.389 Z=10.000
[2026.08.06-02.18.19:364][863]LogSceneAutomation: Display: SCENE_TARGET_POS t=69.0 entity=target_right world=X=-7719.500 Y=-9642.005 Z=10.000
[2026.08.06-02.18.19:364][863]LogSceneAutomation: Display: SCENE_ASV_POS t=69.0 world=X=-8362.665 Y=-10200.576 Z=20.689 yaw=0
[2026.08.06-02.18.20:288][904]LogSceneAutomation: Display: SCENE_YAW_FIX t=70.00 asv_count=1
[2026.08.06-02.18.20:288][904]LogSceneAutomation: Display: SCENE_TARGET_POS t=70.0 entity=target_red world=X=-7898.668 Y=-10193.930 Z=10.000
[2026.08.06-02.18.20:288][904]LogSceneAutomation: Display: SCENE_TARGET_POS t=70.0 entity=target_blue world=X=-7900.416 Y=-10004.375 Z=10.000
[2026.08.06-02.18.20:288][904]LogSceneAutomation: Display: SCENE_TARGET_POS t=70.0 entity=target_left world=X=-7636.523 Y=-10359.389 Z=10.000
[2026.08.06-02.18.20:288][904]LogSceneAutomation: Display: SCENE_TARGET_POS t=70.0 entity=target_right world=X=-7659.934 Y=-9642.005 Z=10.000
[2026.08.06-02.18.20:288][904]LogSceneAutomation: Display: SCENE_ASV_POS t=70.0 world=X=-8335.806 Y=-10212.778 Z=20.689 yaw=0
[2026.08.06-02.18.21:360][946]LogSceneAutomation: Display: SCENE_YAW_FIX t=71.00 asv_count=1
[2026.08.06-02.18.21:360][946]LogSceneAutomation: Display: SCENE_TARGET_POS t=71.0 entity=target_red world=X=-7838.541 Y=-10195.259 Z=10.000
[2026.08.06-02.18.21:360][946]LogSceneAutomation: Display: SCENE_TARGET_POS t=71.0 entity=target_blue world=X=-7840.290 Y=-10005.705 Z=10.000
[2026.08.06-02.18.21:360][946]LogSceneAutomation: Display: SCENE_TARGET_POS t=71.0 entity=target_left world=X=-7576.396 Y=-10359.389 Z=10.000
[2026.08.06-02.18.21:360][946]LogSceneAutomation: Display: SCENE_TARGET_POS t=71.0 entity=target_right world=X=-7599.807 Y=-9642.005 Z=10.000
[2026.08.06-02.18.21:360][946]LogSceneAutomation: Display: SCENE_ASV_POS t=71.0 world=X=-8234.919 Y=-10215.565 Z=20.689 yaw=0
[2026.08.06-02.18.22:368][988]LogSceneAutomation: Display: SCENE_YAW_FIX t=72.01 asv_count=1
[2026.08.06-02.18.22:368][988]LogSceneAutomation: Display: SCENE_TARGET_POS t=72.0 entity=target_red world=X=-7777.988 Y=-10196.205 Z=10.000
[2026.08.06-02.18.22:368][988]LogSceneAutomation: Display: SCENE_TARGET_POS t=72.0 entity=target_blue world=X=-7779.737 Y=-10006.650 Z=10.000
[2026.08.06-02.18.22:368][988]LogSceneAutomation: Display: SCENE_TARGET_POS t=72.0 entity=target_left world=X=-7515.843 Y=-10359.389 Z=10.000
[2026.08.06-02.18.22:368][988]LogSceneAutomation: Display: SCENE_TARGET_POS t=72.0 entity=target_right world=X=-7539.254 Y=-9642.005 Z=10.000
[2026.08.06-02.18.22:368][988]LogSceneAutomation: Display: SCENE_ASV_POS t=72.0 world=X=-8120.137 Y=-10212.778 Z=20.689 yaw=0
[2026.08.06-02.18.23:368][ 30]LogSceneAutomation: Display: SCENE_YAW_FIX t=73.01 asv_count=1
[2026.08.06-02.18.23:368][ 30]LogSceneAutomation: Display: SCENE_TARGET_POS t=73.0 entity=target_red world=X=-7717.958 Y=-10196.748 Z=10.000
[2026.08.06-02.18.23:368][ 30]LogSceneAutomation: Display: SCENE_TARGET_POS t=73.0 entity=target_blue world=X=-7719.706 Y=-10007.193 Z=10.000
[2026.08.06-02.18.23:368][ 30]LogSceneAutomation: Display: SCENE_TARGET_POS t=73.0 entity=target_left world=X=-7455.813 Y=-10359.389 Z=10.000
[2026.08.06-02.18.23:368][ 30]LogSceneAutomation: Display: SCENE_TARGET_POS t=73.0 entity=target_right world=X=-7479.224 Y=-9642.005 Z=10.000
[2026.08.06-02.18.23:368][ 30]LogSceneAutomation: Display: SCENE_ASV_POS t=73.0 world=X=-8012.433 Y=-10209.830 Z=20.689 yaw=0
[2026.08.06-02.18.24:359][ 71]LogSceneAutomation: Display: SCENE_YAW_FIX t=74.00 asv_count=1
[2026.08.06-02.18.24:359][ 71]LogSceneAutomation: Display: SCENE_TARGET_POS t=74.0 entity=target_red world=X=-7658.439 Y=-10196.897 Z=10.000
[2026.08.06-02.18.24:359][ 71]LogSceneAutomation: Display: SCENE_TARGET_POS t=74.0 entity=target_blue world=X=-7660.187 Y=-10007.342 Z=10.000
[2026.08.06-02.18.24:359][ 71]LogSceneAutomation: Display: SCENE_TARGET_POS t=74.0 entity=target_left world=X=-7396.294 Y=-10359.389 Z=10.000
[2026.08.06-02.18.24:359][ 71]LogSceneAutomation: Display: SCENE_TARGET_POS t=74.0 entity=target_right world=X=-7419.704 Y=-9642.005 Z=10.000
[2026.08.06-02.18.24:359][ 71]LogSceneAutomation: Display: SCENE_ASV_POS t=74.0 world=X=-8034.867 Y=-10216.621 Z=20.689 yaw=0
[2026.08.06-02.18.25:351][113]LogImageCompression: Display: EDGE_CAPTURE_STATS count=750 size=1280x720 srgb=0 mean_rgb=(38.5,61.3,101.4) max=238 linear_to_gamma=1
[2026.08.06-02.18.25:367][113]LogSceneAutomation: Display: SCENE_YAW_FIX t=75.01 asv_count=1
[2026.08.06-02.18.25:367][113]LogSceneAutomation: Display: SCENE_TARGET_POS t=75.0 entity=target_red world=X=-7597.974 Y=-10196.650 Z=10.000
[2026.08.06-02.18.25:367][113]LogSceneAutomation: Display: SCENE_TARGET_POS t=75.0 entity=target_blue world=X=-7599.722 Y=-10007.096 Z=10.000
[2026.08.06-02.18.25:367][113]LogSceneAutomation: Display: SCENE_TARGET_POS t=75.0 entity=target_left world=X=-7335.829 Y=-10359.389 Z=10.000
[2026.08.06-02.18.25:367][113]LogSceneAutomation: Display: SCENE_TARGET_POS t=75.0 entity=target_right world=X=-7359.240 Y=-9642.005 Z=10.000
[2026.08.06-02.18.25:367][113]LogSceneAutomation: Display: SCENE_ASV_POS t=75.0 world=X=-7999.902 Y=-10216.572 Z=20.689 yaw=0
[2026.08.06-02.18.26:367][155]LogSceneAutomation: Display: SCENE_YAW_FIX t=76.01 asv_count=1
[2026.08.06-02.18.26:367][155]LogSceneAutomation: Display: SCENE_TARGET_POS t=76.0 entity=target_red world=X=-7538.043 Y=-10196.012 Z=10.000
[2026.08.06-02.18.26:367][155]LogSceneAutomation: Display: SCENE_TARGET_POS t=76.0 entity=target_blue world=X=-7539.791 Y=-10006.457 Z=10.000
[2026.08.06-02.18.26:367][155]LogSceneAutomation: Display: SCENE_TARGET_POS t=76.0 entity=target_left world=X=-7275.898 Y=-10359.389 Z=10.000
[2026.08.06-02.18.26:367][155]LogSceneAutomation: Display: SCENE_TARGET_POS t=76.0 entity=target_right world=X=-7299.308 Y=-9642.005 Z=10.000
[2026.08.06-02.18.26:367][155]LogSceneAutomation: Display: SCENE_ASV_POS t=76.0 world=X=-7964.950 Y=-10216.568 Z=20.689 yaw=0
[2026.08.06-02.18.27:369][197]LogSceneAutomation: Display: SCENE_YAW_FIX t=77.01 asv_count=1
[2026.08.06-02.18.27:370][197]LogSceneAutomation: Display: SCENE_TARGET_POS t=77.0 entity=target_red world=X=-7477.902 Y=-10194.979 Z=10.000
[2026.08.06-02.18.27:370][197]LogSceneAutomation: Display: SCENE_TARGET_POS t=77.0 entity=target_blue world=X=-7479.651 Y=-10005.424 Z=10.000
[2026.08.06-02.18.27:370][197]LogSceneAutomation: Display: SCENE_TARGET_POS t=77.0 entity=target_left world=X=-7215.757 Y=-10359.389 Z=10.000
[2026.08.06-02.18.27:370][197]LogSceneAutomation: Display: SCENE_TARGET_POS t=77.0 entity=target_right world=X=-7239.168 Y=-9642.005 Z=10.000
[2026.08.06-02.18.27:370][197]LogSceneAutomation: Display: SCENE_ASV_POS t=77.0 world=X=-7929.987 Y=-10216.508 Z=20.689 yaw=0
[2026.08.06-02.18.28:350][235]LogSceneAutomation: Display: SCENE_YAW_FIX t=78.01 asv_count=1
[2026.08.06-02.18.28:350][235]LogSceneAutomation: Display: SCENE_TARGET_POS t=78.0 entity=target_red world=X=-7418.157 Y=-10193.567 Z=10.000
[2026.08.06-02.18.28:350][235]LogSceneAutomation: Display: SCENE_TARGET_POS t=78.0 entity=target_blue world=X=-7419.905 Y=-10004.013 Z=10.000
[2026.08.06-02.18.28:350][235]LogSceneAutomation: Display: SCENE_TARGET_POS t=78.0 entity=target_left world=X=-7156.012 Y=-10359.389 Z=10.000
[2026.08.06-02.18.28:350][235]LogSceneAutomation: Display: SCENE_TARGET_POS t=78.0 entity=target_right world=X=-7179.422 Y=-9642.005 Z=10.000
[2026.08.06-02.18.28:350][235]LogSceneAutomation: Display: SCENE_ASV_POS t=78.0 world=X=-7825.392 Y=-10214.594 Z=20.689 yaw=0
[2026.08.06-02.18.29:361][278]LogSceneAutomation: Display: SCENE_YAW_FIX t=79.01 asv_count=1
[2026.08.06-02.18.29:362][278]LogSceneAutomation: Display: SCENE_TARGET_POS t=79.0 entity=target_red world=X=-7358.294 Y=-10191.774 Z=10.000
[2026.08.06-02.18.29:362][278]LogSceneAutomation: Display: SCENE_TARGET_POS t=79.0 entity=target_blue world=X=-7360.043 Y=-10002.219 Z=10.000
[2026.08.06-02.18.29:362][278]LogSceneAutomation: Display: SCENE_TARGET_POS t=79.0 entity=target_left world=X=-7096.149 Y=-10359.389 Z=10.000
[2026.08.06-02.18.29:362][278]LogSceneAutomation: Display: SCENE_TARGET_POS t=79.0 entity=target_right world=X=-7119.560 Y=-9642.005 Z=10.000
[2026.08.06-02.18.29:362][278]LogSceneAutomation: Display: SCENE_ASV_POS t=79.0 world=X=-7707.830 Y=-10211.585 Z=20.689 yaw=0
[2026.08.06-02.18.30:361][320]LogSceneAutomation: Display: SCENE_YAW_FIX t=80.01 asv_count=1
[2026.08.06-02.18.30:361][320]LogSceneAutomation: Display: SCENE_TARGET_POS t=80.0 entity=target_red world=X=-7298.319 Y=-10189.603 Z=10.000
[2026.08.06-02.18.30:361][320]LogSceneAutomation: Display: SCENE_TARGET_POS t=80.0 entity=target_blue world=X=-7300.068 Y=-10000.048 Z=10.000
[2026.08.06-02.18.30:361][320]LogSceneAutomation: Display: SCENE_TARGET_POS t=80.0 entity=target_left world=X=-7036.174 Y=-10359.389 Z=10.000
[2026.08.06-02.18.30:361][320]LogSceneAutomation: Display: SCENE_TARGET_POS t=80.0 entity=target_right world=X=-7059.585 Y=-9642.005 Z=10.000
[2026.08.06-02.18.30:361][320]LogSceneAutomation: Display: SCENE_ASV_POS t=80.0 world=X=-7598.507 Y=-10207.678 Z=20.689 yaw=0
[2026.08.06-02.18.31:359][362]LogSceneAutomation: Display: SCENE_YAW_FIX t=81.00 asv_count=1
[2026.08.06-02.18.31:359][362]LogSceneAutomation: Display: SCENE_TARGET_POS t=81.0 entity=target_red world=X=-7238.439 Y=-10187.071 Z=10.000
[2026.08.06-02.18.31:359][362]LogSceneAutomation: Display: SCENE_TARGET_POS t=81.0 entity=target_blue world=X=-7240.187 Y=-9997.516 Z=10.000
[2026.08.06-02.18.31:359][362]LogSceneAutomation: Display: SCENE_TARGET_POS t=81.0 entity=target_left world=X=-6976.294 Y=-10359.389 Z=10.000
[2026.08.06-02.18.31:359][362]LogSceneAutomation: Display: SCENE_TARGET_POS t=81.0 entity=target_right world=X=-6999.704 Y=-9642.005 Z=10.000
[2026.08.06-02.18.31:359][362]LogSceneAutomation: Display: SCENE_ASV_POS t=81.0 world=X=-7602.085 Y=-10211.949 Z=20.689 yaw=0
[2026.08.06-02.18.32:357][403]LogSceneAutomation: Display: SCENE_YAW_FIX t=82.00 asv_count=1
[2026.08.06-02.18.32:357][403]LogSceneAutomation: Display: SCENE_TARGET_POS t=82.0 entity=target_red world=X=-7178.662 Y=-10184.190 Z=10.000
[2026.08.06-02.18.32:357][403]LogSceneAutomation: Display: SCENE_TARGET_POS t=82.0 entity=target_blue world=X=-7180.411 Y=-9994.635 Z=10.000
[2026.08.06-02.18.32:357][403]LogSceneAutomation: Display: SCENE_TARGET_POS t=82.0 entity=target_left world=X=-6916.517 Y=-10359.389 Z=10.000
[2026.08.06-02.18.32:357][403]LogSceneAutomation: Display: SCENE_TARGET_POS t=82.0 entity=target_right world=X=-6939.928 Y=-9642.005 Z=10.000
[2026.08.06-02.18.32:357][403]LogSceneAutomation: Display: SCENE_ASV_POS t=82.0 world=X=-7567.115 Y=-10211.163 Z=20.689 yaw=0
[2026.08.06-02.18.33:360][445]LogSceneAutomation: Display: SCENE_YAW_FIX t=83.00 asv_count=1
[2026.08.06-02.18.33:360][445]LogSceneAutomation: Display: SCENE_TARGET_POS t=83.0 entity=target_red world=X=-7118.474 Y=-10180.943 Z=10.000
[2026.08.06-02.18.33:360][445]LogSceneAutomation: Display: SCENE_TARGET_POS t=83.0 entity=target_blue world=X=-7120.223 Y=-9991.389 Z=10.000
[2026.08.06-02.18.33:360][445]LogSceneAutomation: Display: SCENE_TARGET_POS t=83.0 entity=target_left world=X=-6856.329 Y=-10359.389 Z=10.000
[2026.08.06-02.18.33:360][445]LogSceneAutomation: Display: SCENE_TARGET_POS t=83.0 entity=target_right world=X=-6879.740 Y=-9642.005 Z=10.000
[2026.08.06-02.18.33:360][445]LogSceneAutomation: Display: SCENE_ASV_POS t=83.0 world=X=-7464.713 Y=-10206.657 Z=20.689 yaw=0
[2026.08.06-02.18.34:364][487]LogSceneAutomation: Display: SCENE_YAW_FIX t=84.01 asv_count=1
[2026.08.06-02.18.34:364][487]LogSceneAutomation: Display: SCENE_TARGET_POS t=84.0 entity=target_red world=X=-7058.108 Y=-10177.352 Z=10.000
[2026.08.06-02.18.34:364][487]LogSceneAutomation: Display: SCENE_TARGET_POS t=84.0 entity=target_blue world=X=-7059.857 Y=-9987.798 Z=10.000
[2026.08.06-02.18.34:364][487]LogSceneAutomation: Display: SCENE_TARGET_POS t=84.0 entity=target_left world=X=-6795.963 Y=-10359.389 Z=10.000
[2026.08.06-02.18.34:364][487]LogSceneAutomation: Display: SCENE_TARGET_POS t=84.0 entity=target_right world=X=-6819.374 Y=-9642.005 Z=10.000
[2026.08.06-02.18.34:364][487]LogSceneAutomation: Display: SCENE_ASV_POS t=84.0 world=X=-7379.408 Y=-10202.159 Z=20.689 yaw=0
[2026.08.06-02.18.35:372][524]LogSceneAutomation: Display: SCENE_YAW_FIX t=85.01 asv_count=1
[2026.08.06-02.18.35:372][524]LogSceneAutomation: Display: SCENE_TARGET_POS t=85.0 entity=target_red world=X=-6997.920 Y=-10173.451 Z=10.000
[2026.08.06-02.18.35:372][524]LogSceneAutomation: Display: SCENE_TARGET_POS t=85.0 entity=target_blue world=X=-6999.669 Y=-9983.897 Z=10.000
[2026.08.06-02.18.35:372][524]LogSceneAutomation: Display: SCENE_TARGET_POS t=85.0 entity=target_left world=X=-6735.775 Y=-10359.389 Z=10.000
[2026.08.06-02.18.35:372][524]LogSceneAutomation: Display: SCENE_TARGET_POS t=85.0 entity=target_right world=X=-6759.186 Y=-9642.005 Z=10.000
[2026.08.06-02.18.35:372][524]LogSceneAutomation: Display: SCENE_ASV_POS t=85.0 world=X=-7275.552 Y=-10195.337 Z=20.689 yaw=0
[2026.08.06-02.18.36:358][561]LogSceneAutomation: Display: SCENE_YAW_FIX t=86.02 asv_count=1
[2026.08.06-02.18.36:358][561]LogSceneAutomation: Display: SCENE_TARGET_POS t=86.0 entity=target_red world=X=-6937.757 Y=-10169.249 Z=10.000
[2026.08.06-02.18.36:358][561]LogSceneAutomation: Display: SCENE_TARGET_POS t=86.0 entity=target_blue world=X=-6939.506 Y=-9979.694 Z=10.000
[2026.08.06-02.18.36:358][561]LogSceneAutomation: Display: SCENE_TARGET_POS t=86.0 entity=target_left world=X=-6675.612 Y=-10359.389 Z=10.000
[2026.08.06-02.18.36:358][561]LogSceneAutomation: Display: SCENE_TARGET_POS t=86.0 entity=target_right world=X=-6699.023 Y=-9642.005 Z=10.000
[2026.08.06-02.18.36:358][561]LogSceneAutomation: Display: SCENE_ASV_POS t=86.0 world=X=-7211.664 Y=-10189.623 Z=20.689 yaw=0
[2026.08.06-02.18.37:365][603]LogSceneAutomation: Display: SCENE_YAW_FIX t=87.01 asv_count=1
[2026.08.06-02.18.37:365][603]LogSceneAutomation: Display: SCENE_TARGET_POS t=87.0 entity=target_red world=X=-6878.153 Y=-10164.802 Z=10.000
[2026.08.06-02.18.37:365][603]LogSceneAutomation: Display: SCENE_TARGET_POS t=87.0 entity=target_blue world=X=-6879.902 Y=-9975.247 Z=10.000
[2026.08.06-02.18.37:365][603]LogSceneAutomation: Display: SCENE_TARGET_POS t=87.0 entity=target_left world=X=-6616.008 Y=-10359.389 Z=10.000
[2026.08.06-02.18.37:365][603]LogSceneAutomation: Display: SCENE_TARGET_POS t=87.0 entity=target_right world=X=-6639.419 Y=-9642.005 Z=10.000
[2026.08.06-02.18.37:365][603]LogSceneAutomation: Display: SCENE_ASV_POS t=87.0 world=X=-7221.006 Y=-10189.960 Z=20.689 yaw=0
[2026.08.06-02.18.38:364][644]LogSceneAutomation: Display: SCENE_YAW_FIX t=88.01 asv_count=1
[2026.08.06-02.18.38:364][644]LogSceneAutomation: Display: SCENE_TARGET_POS t=88.0 entity=target_red world=X=-6818.158 Y=-10160.058 Z=10.000
[2026.08.06-02.18.38:364][644]LogSceneAutomation: Display: SCENE_TARGET_POS t=88.0 entity=target_blue world=X=-6819.906 Y=-9970.504 Z=10.000
[2026.08.06-02.18.38:364][644]LogSceneAutomation: Display: SCENE_TARGET_POS t=88.0 entity=target_left world=X=-6556.013 Y=-10359.389 Z=10.000
[2026.08.06-02.18.38:364][644]LogSceneAutomation: Display: SCENE_TARGET_POS t=88.0 entity=target_right world=X=-6579.424 Y=-9642.005 Z=10.000
[2026.08.06-02.18.38:364][644]LogSceneAutomation: Display: SCENE_ASV_POS t=88.0 world=X=-7210.181 Y=-10196.313 Z=20.689 yaw=0
[2026.08.06-02.18.39:358][685]LogSceneAutomation: Display: SCENE_YAW_FIX t=89.00 asv_count=1
[2026.08.06-02.18.39:358][685]LogSceneAutomation: Display: SCENE_TARGET_POS t=89.0 entity=target_red world=X=-6758.555 Y=-10155.099 Z=10.000
[2026.08.06-02.18.39:358][685]LogSceneAutomation: Display: SCENE_TARGET_POS t=89.0 entity=target_blue world=X=-6760.303 Y=-9965.545 Z=10.000
[2026.08.06-02.18.39:358][685]LogSceneAutomation: Display: SCENE_TARGET_POS t=89.0 entity=target_left world=X=-6496.410 Y=-10359.389 Z=10.000
[2026.08.06-02.18.39:358][685]LogSceneAutomation: Display: SCENE_TARGET_POS t=89.0 entity=target_right world=X=-6519.821 Y=-9642.005 Z=10.000
[2026.08.06-02.18.39:358][685]LogSceneAutomation: Display: SCENE_ASV_POS t=89.0 world=X=-7120.992 Y=-10193.617 Z=20.689 yaw=0
[2026.08.06-02.18.40:363][727]LogSceneAutomation: Display: SCENE_YAW_FIX t=90.01 asv_count=1
[2026.08.06-02.18.40:363][727]LogSceneAutomation: Display: SCENE_TARGET_POS t=90.0 entity=target_red world=X=-6698.232 Y=-10149.850 Z=10.000
[2026.08.06-02.18.40:363][727]LogSceneAutomation: Display: SCENE_TARGET_POS t=90.0 entity=target_blue world=X=-6699.981 Y=-9960.295 Z=10.000
[2026.08.06-02.18.40:363][727]LogSceneAutomation: Display: SCENE_TARGET_POS t=90.0 entity=target_left world=X=-6436.087 Y=-10359.389 Z=10.000
[2026.08.06-02.18.40:363][727]LogSceneAutomation: Display: SCENE_TARGET_POS t=90.0 entity=target_right world=X=-6459.498 Y=-9642.005 Z=10.000
[2026.08.06-02.18.40:363][727]LogSceneAutomation: Display: SCENE_ASV_POS t=90.0 world=X=-6975.407 Y=-10182.054 Z=20.689 yaw=0
[2026.08.06-02.18.41:368][769]LogSceneAutomation: Display: SCENE_YAW_FIX t=91.01 asv_count=1
[2026.08.06-02.18.41:368][769]LogSceneAutomation: Display: SCENE_TARGET_POS t=91.0 entity=target_red world=X=-6637.996 Y=-10144.397 Z=10.000
[2026.08.06-02.18.41:368][769]LogSceneAutomation: Display: SCENE_TARGET_POS t=91.0 entity=target_blue world=X=-6639.744 Y=-9954.843 Z=10.000
[2026.08.06-02.18.41:368][769]LogSceneAutomation: Display: SCENE_TARGET_POS t=91.0 entity=target_left world=X=-6375.851 Y=-10359.389 Z=10.000
[2026.08.06-02.18.41:368][769]LogSceneAutomation: Display: SCENE_TARGET_POS t=91.0 entity=target_right world=X=-6399.262 Y=-9642.005 Z=10.000
[2026.08.06-02.18.41:368][769]LogSceneAutomation: Display: SCENE_ASV_POS t=91.0 world=X=-6885.365 Y=-10172.645 Z=20.689 yaw=0
[2026.08.06-02.18.42:357][810]LogSceneAutomation: Display: SCENE_YAW_FIX t=92.00 asv_count=1
[2026.08.06-02.18.42:357][810]LogSceneAutomation: Display: SCENE_TARGET_POS t=92.0 entity=target_red world=X=-6578.577 Y=-10138.833 Z=10.000
[2026.08.06-02.18.42:357][810]LogSceneAutomation: Display: SCENE_TARGET_POS t=92.0 entity=target_blue world=X=-6580.325 Y=-9949.279 Z=10.000
[2026.08.06-02.18.42:357][810]LogSceneAutomation: Display: SCENE_TARGET_POS t=92.0 entity=target_left world=X=-6316.432 Y=-10359.389 Z=10.000
[2026.08.06-02.18.42:357][810]LogSceneAutomation: Display: SCENE_TARGET_POS t=92.0 entity=target_right world=X=-6339.843 Y=-9642.005 Z=10.000
[2026.08.06-02.18.42:357][810]LogSceneAutomation: Display: SCENE_ASV_POS t=92.0 world=X=-6864.497 Y=-10167.750 Z=20.689 yaw=0
[2026.08.06-02.18.43:367][853]LogSceneAutomation: Display: SCENE_YAW_FIX t=93.01 asv_count=1
[2026.08.06-02.18.43:367][853]LogSceneAutomation: Display: SCENE_TARGET_POS t=93.0 entity=target_red world=X=-6517.993 Y=-10132.993 Z=10.000
[2026.08.06-02.18.43:367][853]LogSceneAutomation: Display: SCENE_TARGET_POS t=93.0 entity=target_blue world=X=-6519.742 Y=-9943.439 Z=10.000
[2026.08.06-02.18.43:367][853]LogSceneAutomation: Display: SCENE_TARGET_POS t=93.0 entity=target_left world=X=-6255.848 Y=-10359.389 Z=10.000
[2026.08.06-02.18.43:367][853]LogSceneAutomation: Display: SCENE_TARGET_POS t=93.0 entity=target_right world=X=-6279.259 Y=-9642.005 Z=10.000
[2026.08.06-02.18.43:367][853]LogSceneAutomation: Display: SCENE_ASV_POS t=93.0 world=X=-6887.790 Y=-10168.680 Z=20.689 yaw=0
[2026.08.06-02.18.44:367][895]LogSceneAutomation: Display: SCENE_YAW_FIX t=94.01 asv_count=1
[2026.08.06-02.18.44:368][895]LogSceneAutomation: Display: SCENE_TARGET_POS t=94.0 entity=target_red world=X=-6458.014 Y=-10127.068 Z=10.000
[2026.08.06-02.18.44:368][895]LogSceneAutomation: Display: SCENE_TARGET_POS t=94.0 entity=target_blue world=X=-6459.762 Y=-9937.514 Z=10.000
[2026.08.06-02.18.44:368][895]LogSceneAutomation: Display: SCENE_TARGET_POS t=94.0 entity=target_left world=X=-6195.869 Y=-10359.389 Z=10.000
[2026.08.06-02.18.44:368][895]LogSceneAutomation: Display: SCENE_TARGET_POS t=94.0 entity=target_right world=X=-6219.280 Y=-9642.005 Z=10.000
[2026.08.06-02.18.44:368][895]LogSceneAutomation: Display: SCENE_ASV_POS t=94.0 world=X=-6865.784 Y=-10174.773 Z=20.689 yaw=0
[2026.08.06-02.18.45:287][936]LogSceneAutomation: Display: SCENE_YAW_FIX t=95.00 asv_count=1
[2026.08.06-02.18.45:288][936]LogSceneAutomation: Display: SCENE_TARGET_POS t=95.0 entity=target_red world=X=-6398.668 Y=-10121.088 Z=10.000
[2026.08.06-02.18.45:288][936]LogSceneAutomation: Display: SCENE_TARGET_POS t=95.0 entity=target_blue world=X=-6400.416 Y=-9931.534 Z=10.000
[2026.08.06-02.18.45:288][936]LogSceneAutomation: Display: SCENE_TARGET_POS t=95.0 entity=target_left world=X=-6136.523 Y=-10359.389 Z=10.000
[2026.08.06-02.18.45:288][936]LogSceneAutomation: Display: SCENE_TARGET_POS t=95.0 entity=target_right world=X=-6159.934 Y=-9642.005 Z=10.000
[2026.08.06-02.18.45:288][936]LogSceneAutomation: Display: SCENE_ASV_POS t=95.0 world=X=-6768.369 Y=-10169.063 Z=20.689 yaw=0
[2026.08.06-02.18.46:366][978]LogSceneAutomation: Display: SCENE_YAW_FIX t=96.01 asv_count=1
[2026.08.06-02.18.46:366][978]LogSceneAutomation: Display: SCENE_TARGET_POS t=96.0 entity=target_red world=X=-6338.035 Y=-10114.883 Z=10.000
[2026.08.06-02.18.46:366][978]LogSceneAutomation: Display: SCENE_TARGET_POS t=96.0 entity=target_blue world=X=-6339.784 Y=-9925.329 Z=10.000
[2026.08.06-02.18.46:366][978]LogSceneAutomation: Display: SCENE_TARGET_POS t=96.0 entity=target_left world=X=-6075.890 Y=-10359.389 Z=10.000
[2026.08.06-02.18.46:366][978]LogSceneAutomation: Display: SCENE_TARGET_POS t=96.0 entity=target_right world=X=-6099.301 Y=-9642.005 Z=10.000
[2026.08.06-02.18.46:366][978]LogSceneAutomation: Display: SCENE_ASV_POS t=96.0 world=X=-6738.967 Y=-10168.276 Z=20.689 yaw=0
[2026.08.06-02.18.47:368][ 20]LogSceneAutomation: Display: SCENE_YAW_FIX t=97.01 asv_count=1
[2026.08.06-02.18.47:368][ 20]LogSceneAutomation: Display: SCENE_TARGET_POS t=97.0 entity=target_red world=X=-6278.069 Y=-10108.674 Z=10.000
[2026.08.06-02.18.47:368][ 20]LogSceneAutomation: Display: SCENE_TARGET_POS t=97.0 entity=target_blue world=X=-6279.817 Y=-9919.120 Z=10.000
[2026.08.06-02.18.47:368][ 20]LogSceneAutomation: Display: SCENE_TARGET_POS t=97.0 entity=target_left world=X=-6015.924 Y=-10359.389 Z=10.000
[2026.08.06-02.18.47:368][ 20]LogSceneAutomation: Display: SCENE_TARGET_POS t=97.0 entity=target_right world=X=-6039.335 Y=-9642.005 Z=10.000
[2026.08.06-02.18.47:368][ 20]LogSceneAutomation: Display: SCENE_ASV_POS t=97.0 world=X=-6635.190 Y=-10158.101 Z=20.689 yaw=0
[2026.08.06-02.18.48:358][ 61]LogSceneAutomation: Display: SCENE_YAW_FIX t=98.00 asv_count=1
[2026.08.06-02.18.48:358][ 61]LogSceneAutomation: Display: SCENE_TARGET_POS t=98.0 entity=target_red world=X=-6218.538 Y=-10102.465 Z=10.000
[2026.08.06-02.18.48:358][ 61]LogSceneAutomation: Display: SCENE_TARGET_POS t=98.0 entity=target_blue world=X=-6220.286 Y=-9912.910 Z=10.000
[2026.08.06-02.18.48:358][ 61]LogSceneAutomation: Display: SCENE_TARGET_POS t=98.0 entity=target_left world=X=-5956.393 Y=-10359.389 Z=10.000
[2026.08.06-02.18.48:358][ 61]LogSceneAutomation: Display: SCENE_TARGET_POS t=98.0 entity=target_right world=X=-5979.804 Y=-9642.005 Z=10.000
[2026.08.06-02.18.48:358][ 61]LogSceneAutomation: Display: SCENE_ASV_POS t=98.0 world=X=-6548.626 Y=-10148.741 Z=20.689 yaw=0
[2026.08.06-02.18.49:361][103]LogSceneAutomation: Display: SCENE_YAW_FIX t=99.00 asv_count=1
[2026.08.06-02.18.49:361][103]LogSceneAutomation: Display: SCENE_TARGET_POS t=99.0 entity=target_red world=X=-6158.407 Y=-10096.171 Z=10.000
[2026.08.06-02.18.49:361][103]LogSceneAutomation: Display: SCENE_TARGET_POS t=99.0 entity=target_blue world=X=-6160.156 Y=-9906.616 Z=10.000
[2026.08.06-02.18.49:361][103]LogSceneAutomation: Display: SCENE_TARGET_POS t=99.0 entity=target_left world=X=-5896.262 Y=-10359.389 Z=10.000
[2026.08.06-02.18.49:361][103]LogSceneAutomation: Display: SCENE_TARGET_POS t=99.0 entity=target_right world=X=-5919.673 Y=-9642.005 Z=10.000
[2026.08.06-02.18.49:361][103]LogSceneAutomation: Display: SCENE_ASV_POS t=99.0 world=X=-6444.330 Y=-10136.210 Z=20.689 yaw=0
[2026.08.06-02.18.50:346][145]LogImageCompression: Display: EDGE_CAPTURE_STATS count=1000 size=1280x720 srgb=0 mean_rgb=(38.0,60.5,100.4) max=238 linear_to_gamma=1
[2026.08.06-02.18.50:362][145]LogSceneAutomation: Display: SCENE_YAW_FIX t=100.01 asv_count=1
[2026.08.06-02.18.50:362][145]LogSceneAutomation: Display: SCENE_TARGET_POS t=100.0 entity=target_red world=X=-6098.316 Y=-10089.884 Z=10.000
[2026.08.06-02.18.50:362][145]LogSceneAutomation: Display: SCENE_TARGET_POS t=100.0 entity=target_blue world=X=-6100.065 Y=-9900.329 Z=10.000
[2026.08.06-02.18.50:362][145]LogSceneAutomation: Display: SCENE_TARGET_POS t=100.0 entity=target_left world=X=-5836.171 Y=-10359.389 Z=10.000
[2026.08.06-02.18.50:362][145]LogSceneAutomation: Display: SCENE_TARGET_POS t=100.0 entity=target_right world=X=-5859.582 Y=-9642.005 Z=10.000
[2026.08.06-02.18.50:362][145]LogSceneAutomation: Display: SCENE_ASV_POS t=100.0 world=X=-6378.856 Y=-10125.558 Z=20.689 yaw=0
[2026.08.06-02.18.51:358][187]LogSceneAutomation: Display: SCENE_YAW_FIX t=101.00 asv_count=1
[2026.08.06-02.18.51:359][187]LogSceneAutomation: Display: SCENE_TARGET_POS t=101.0 entity=target_red world=X=-6038.437 Y=-10083.647 Z=10.000
[2026.08.06-02.18.51:359][187]LogSceneAutomation: Display: SCENE_TARGET_POS t=101.0 entity=target_blue world=X=-6040.186 Y=-9894.092 Z=10.000
[2026.08.06-02.18.51:359][187]LogSceneAutomation: Display: SCENE_TARGET_POS t=101.0 entity=target_left world=X=-5776.292 Y=-10359.389 Z=10.000
[2026.08.06-02.18.51:359][187]LogSceneAutomation: Display: SCENE_TARGET_POS t=101.0 entity=target_right world=X=-5799.703 Y=-9642.005 Z=10.000
[2026.08.06-02.18.51:359][187]LogSceneAutomation: Display: SCENE_ASV_POS t=101.0 world=X=-6333.246 Y=-10115.530 Z=20.689 yaw=0
[2026.08.06-02.18.52:369][230]LogSceneAutomation: Display: SCENE_YAW_FIX t=102.02 asv_count=1
[2026.08.06-02.18.52:370][230]LogSceneAutomation: Display: SCENE_TARGET_POS t=102.0 entity=target_red world=X=-5977.757 Y=-10077.379 Z=10.000
[2026.08.06-02.18.52:370][230]LogSceneAutomation: Display: SCENE_TARGET_POS t=102.0 entity=target_blue world=X=-5979.506 Y=-9887.825 Z=10.000
[2026.08.06-02.18.52:370][230]LogSceneAutomation: Display: SCENE_TARGET_POS t=102.0 entity=target_left world=X=-5715.612 Y=-10359.389 Z=10.000
[2026.08.06-02.18.52:370][230]LogSceneAutomation: Display: SCENE_TARGET_POS t=102.0 entity=target_right world=X=-5739.023 Y=-9642.005 Z=10.000
[2026.08.06-02.18.52:370][230]LogSceneAutomation: Display: SCENE_ASV_POS t=102.0 world=X=-6331.162 Y=-10119.457 Z=20.689 yaw=0
[2026.08.06-02.18.53:357][271]LogSceneAutomation: Display: SCENE_YAW_FIX t=103.00 asv_count=1
[2026.08.06-02.18.53:357][271]LogSceneAutomation: Display: SCENE_TARGET_POS t=103.0 entity=target_red world=X=-5918.598 Y=-10071.345 Z=10.000
[2026.08.06-02.18.53:357][271]LogSceneAutomation: Display: SCENE_TARGET_POS t=103.0 entity=target_blue world=X=-5920.346 Y=-9881.790 Z=10.000
[2026.08.06-02.18.53:357][271]LogSceneAutomation: Display: SCENE_TARGET_POS t=103.0 entity=target_left world=X=-5656.453 Y=-10359.389 Z=10.000
[2026.08.06-02.18.53:357][271]LogSceneAutomation: Display: SCENE_TARGET_POS t=103.0 entity=target_right world=X=-5679.864 Y=-9642.005 Z=10.000
[2026.08.06-02.18.53:357][271]LogSceneAutomation: Display: SCENE_ASV_POS t=103.0 world=X=-6296.289 Y=-10116.615 Z=20.689 yaw=0
[2026.08.06-02.18.54:367][313]LogSceneAutomation: Display: SCENE_YAW_FIX t=104.01 asv_count=1
[2026.08.06-02.18.54:367][313]LogSceneAutomation: Display: SCENE_TARGET_POS t=104.0 entity=target_red world=X=-5857.988 Y=-10065.264 Z=10.000
[2026.08.06-02.18.54:367][313]LogSceneAutomation: Display: SCENE_TARGET_POS t=104.0 entity=target_blue world=X=-5859.737 Y=-9875.709 Z=10.000
[2026.08.06-02.18.54:367][313]LogSceneAutomation: Display: SCENE_TARGET_POS t=104.0 entity=target_left world=X=-5595.843 Y=-10359.389 Z=10.000
[2026.08.06-02.18.54:367][313]LogSceneAutomation: Display: SCENE_TARGET_POS t=104.0 entity=target_right world=X=-5619.254 Y=-9642.005 Z=10.000
[2026.08.06-02.18.54:367][313]LogSceneAutomation: Display: SCENE_ASV_POS t=104.0 world=X=-6261.578 Y=-10115.395 Z=20.689 yaw=0
[2026.08.06-02.18.55:288][353]LogSceneAutomation: Display: SCENE_YAW_FIX t=105.00 asv_count=1
[2026.08.06-02.18.55:288][353]LogSceneAutomation: Display: SCENE_TARGET_POS t=105.0 entity=target_red world=X=-5798.686 Y=-10059.437 Z=10.000
[2026.08.06-02.18.55:288][353]LogSceneAutomation: Display: SCENE_TARGET_POS t=105.0 entity=target_blue world=X=-5800.434 Y=-9869.883 Z=10.000
[2026.08.06-02.18.55:288][353]LogSceneAutomation: Display: SCENE_TARGET_POS t=105.0 entity=target_left world=X=-5536.541 Y=-10359.389 Z=10.000
[2026.08.06-02.18.55:288][353]LogSceneAutomation: Display: SCENE_TARGET_POS t=105.0 entity=target_right world=X=-5559.952 Y=-9642.005 Z=10.000
[2026.08.06-02.18.55:288][353]LogSceneAutomation: Display: SCENE_ASV_POS t=105.0 world=X=-6236.497 Y=-10114.103 Z=20.689 yaw=0
[2026.08.06-02.18.56:364][395]LogSceneAutomation: Display: SCENE_YAW_FIX t=106.01 asv_count=1
[2026.08.06-02.18.56:364][395]LogSceneAutomation: Display: SCENE_TARGET_POS t=106.0 entity=target_red world=X=-5738.190 Y=-10053.643 Z=10.000
[2026.08.06-02.18.56:364][395]LogSceneAutomation: Display: SCENE_TARGET_POS t=106.0 entity=target_blue world=X=-5739.938 Y=-9864.088 Z=10.000
[2026.08.06-02.18.56:364][395]LogSceneAutomation: Display: SCENE_TARGET_POS t=106.0 entity=target_left world=X=-5476.045 Y=-10359.389 Z=10.000
[2026.08.06-02.18.56:364][395]LogSceneAutomation: Display: SCENE_TARGET_POS t=106.0 entity=target_right world=X=-5499.455 Y=-9642.005 Z=10.000
[2026.08.06-02.18.56:364][395]LogSceneAutomation: Display: SCENE_ASV_POS t=106.0 world=X=-6211.485 Y=-10112.518 Z=20.689 yaw=0
[2026.08.06-02.18.57:367][437]LogSceneAutomation: Display: SCENE_YAW_FIX t=107.01 asv_count=1
[2026.08.06-02.18.57:368][437]LogSceneAutomation: Display: SCENE_TARGET_POS t=107.0 entity=target_red world=X=-5678.175 Y=-10048.066 Z=10.000
[2026.08.06-02.18.57:368][437]LogSceneAutomation: Display: SCENE_TARGET_POS t=107.0 entity=target_blue world=X=-5679.923 Y=-9858.511 Z=10.000
[2026.08.06-02.18.57:368][437]LogSceneAutomation: Display: SCENE_TARGET_POS t=107.0 entity=target_left world=X=-5416.030 Y=-10359.389 Z=10.000
[2026.08.06-02.18.57:368][437]LogSceneAutomation: Display: SCENE_TARGET_POS t=107.0 entity=target_right world=X=-5439.441 Y=-9642.005 Z=10.000
[2026.08.06-02.18.57:368][437]LogSceneAutomation: Display: SCENE_ASV_POS t=107.0 world=X=-6107.005 Y=-10102.388 Z=20.689 yaw=0
[2026.08.06-02.18.58:363][478]LogSceneAutomation: Display: SCENE_YAW_FIX t=108.01 asv_count=1
[2026.08.06-02.18.58:363][478]LogSceneAutomation: Display: SCENE_TARGET_POS t=108.0 entity=target_red world=X=-5618.239 Y=-10042.688 Z=10.000
[2026.08.06-02.18.58:363][478]LogSceneAutomation: Display: SCENE_TARGET_POS t=108.0 entity=target_blue world=X=-5619.988 Y=-9853.134 Z=10.000
[2026.08.06-02.18.58:363][478]LogSceneAutomation: Display: SCENE_TARGET_POS t=108.0 entity=target_left world=X=-5356.094 Y=-10359.389 Z=10.000
[2026.08.06-02.18.58:363][478]LogSceneAutomation: Display: SCENE_TARGET_POS t=108.0 entity=target_right world=X=-5379.505 Y=-9642.005 Z=10.000
[2026.08.06-02.18.58:363][478]LogSceneAutomation: Display: SCENE_ASV_POS t=108.0 world=X=-5988.210 Y=-10091.114 Z=20.689 yaw=0
[2026.08.06-02.18.59:366][518]LogSceneAutomation: Display: SCENE_YAW_FIX t=109.01 asv_count=1
[2026.08.06-02.18.59:366][518]LogSceneAutomation: Display: SCENE_TARGET_POS t=109.0 entity=target_red world=X=-5558.269 Y=-10037.521 Z=10.000
[2026.08.06-02.18.59:366][518]LogSceneAutomation: Display: SCENE_TARGET_POS t=109.0 entity=target_blue world=X=-5560.017 Y=-9847.967 Z=10.000
[2026.08.06-02.18.59:366][518]LogSceneAutomation: Display: SCENE_TARGET_POS t=109.0 entity=target_left world=X=-5296.124 Y=-10359.389 Z=10.000
[2026.08.06-02.18.59:366][518]LogSceneAutomation: Display: SCENE_TARGET_POS t=109.0 entity=target_right world=X=-5319.535 Y=-9642.005 Z=10.000
[2026.08.06-02.18.59:366][518]LogSceneAutomation: Display: SCENE_ASV_POS t=109.0 world=X=-5872.304 Y=-10079.426 Z=20.689 yaw=0
[2026.08.06-02.19.00:380][559]LogSceneAutomation: Display: SCENE_YAW_FIX t=110.01 asv_count=1
[2026.08.06-02.19.00:380][559]LogSceneAutomation: Display: SCENE_TARGET_POS t=110.0 entity=target_red world=X=-5498.331 Y=-10032.591 Z=10.000
[2026.08.06-02.19.00:380][559]LogSceneAutomation: Display: SCENE_TARGET_POS t=110.0 entity=target_blue world=X=-5500.080 Y=-9843.037 Z=10.000
[2026.08.06-02.19.00:380][559]LogSceneAutomation: Display: SCENE_TARGET_POS t=110.0 entity=target_left world=X=-5236.186 Y=-10359.389 Z=10.000
[2026.08.06-02.19.00:380][559]LogSceneAutomation: Display: SCENE_TARGET_POS t=110.0 entity=target_right world=X=-5259.597 Y=-9642.005 Z=10.000
[2026.08.06-02.19.00:380][559]LogSceneAutomation: Display: SCENE_ASV_POS t=110.0 world=X=-5778.042 Y=-10068.033 Z=20.689 yaw=0
[2026.08.06-02.19.01:361][599]LogSceneAutomation: Display: SCENE_YAW_FIX t=111.01 asv_count=1
[2026.08.06-02.19.01:361][599]LogSceneAutomation: Display: SCENE_TARGET_POS t=111.0 entity=target_red world=X=-5438.391 Y=-10027.914 Z=10.000
[2026.08.06-02.19.01:361][599]LogSceneAutomation: Display: SCENE_TARGET_POS t=111.0 entity=target_blue world=X=-5440.140 Y=-9838.360 Z=10.000
[2026.08.06-02.19.01:361][599]LogSceneAutomation: Display: SCENE_TARGET_POS t=111.0 entity=target_left world=X=-5176.246 Y=-10359.389 Z=10.000
[2026.08.06-02.19.01:362][599]LogSceneAutomation: Display: SCENE_TARGET_POS t=111.0 entity=target_right world=X=-5199.657 Y=-9642.005 Z=10.000
[2026.08.06-02.19.01:362][599]LogSceneAutomation: Display: SCENE_ASV_POS t=111.0 world=X=-5788.863 Y=-10073.906 Z=20.689 yaw=0
[2026.08.06-02.19.02:363][642]LogSceneAutomation: Display: SCENE_YAW_FIX t=112.01 asv_count=1
[2026.08.06-02.19.02:363][642]LogSceneAutomation: Display: SCENE_TARGET_POS t=112.0 entity=target_red world=X=-5378.106 Y=-10023.484 Z=10.000
[2026.08.06-02.19.02:363][642]LogSceneAutomation: Display: SCENE_TARGET_POS t=112.0 entity=target_blue world=X=-5379.854 Y=-9833.930 Z=10.000
[2026.08.06-02.19.02:363][642]LogSceneAutomation: Display: SCENE_TARGET_POS t=112.0 entity=target_left world=X=-5115.961 Y=-10359.389 Z=10.000
[2026.08.06-02.19.02:363][642]LogSceneAutomation: Display: SCENE_TARGET_POS t=112.0 entity=target_right world=X=-5139.372 Y=-9642.005 Z=10.000
[2026.08.06-02.19.02:363][642]LogSceneAutomation: Display: SCENE_ASV_POS t=112.0 world=X=-5765.648 Y=-10074.668 Z=20.689 yaw=0
[2026.08.06-02.19.03:368][685]LogSceneAutomation: Display: SCENE_YAW_FIX t=113.01 asv_count=1
[2026.08.06-02.19.03:368][685]LogSceneAutomation: Display: SCENE_TARGET_POS t=113.0 entity=target_red world=X=-5317.957 Y=-10019.356 Z=10.000
[2026.08.06-02.19.03:368][685]LogSceneAutomation: Display: SCENE_TARGET_POS t=113.0 entity=target_blue world=X=-5319.706 Y=-9829.801 Z=10.000
[2026.08.06-02.19.03:368][685]LogSceneAutomation: Display: SCENE_TARGET_POS t=113.0 entity=target_left world=X=-5055.812 Y=-10359.389 Z=10.000
[2026.08.06-02.19.03:368][685]LogSceneAutomation: Display: SCENE_TARGET_POS t=113.0 entity=target_right world=X=-5079.223 Y=-9642.005 Z=10.000
[2026.08.06-02.19.03:368][685]LogSceneAutomation: Display: SCENE_ASV_POS t=113.0 world=X=-5730.811 Y=-10071.445 Z=20.689 yaw=0
[2026.08.06-02.19.03:985][713]LogDerivedDataCache: C:/Users/LIU/AppData/Local/UnrealEngine/Common/DerivedDataCache: Maintenance finished in +00:00:00.000 and deleted 0 files with total size 0 MiB and 0 empty folders. Scanned 0 files in 1 folders with total size 0 MiB.
[2026.08.06-02.19.04:370][728]LogSceneAutomation: Display: SCENE_YAW_FIX t=114.01 asv_count=1
[2026.08.06-02.19.04:370][728]LogSceneAutomation: Display: SCENE_TARGET_POS t=114.0 entity=target_red world=X=-5258.014 Y=-10015.548 Z=10.000
[2026.08.06-02.19.04:370][728]LogSceneAutomation: Display: SCENE_TARGET_POS t=114.0 entity=target_blue world=X=-5259.763 Y=-9825.993 Z=10.000
[2026.08.06-02.19.04:370][728]LogSceneAutomation: Display: SCENE_TARGET_POS t=114.0 entity=target_left world=X=-4995.869 Y=-10359.389 Z=10.000
[2026.08.06-02.19.04:370][728]LogSceneAutomation: Display: SCENE_TARGET_POS t=114.0 entity=target_right world=X=-5019.280 Y=-9642.005 Z=10.000
[2026.08.06-02.19.04:370][728]LogSceneAutomation: Display: SCENE_ASV_POS t=114.0 world=X=-5695.938 Y=-10068.920 Z=20.689 yaw=0
[2026.08.06-02.19.05:366][771]LogSceneAutomation: Display: SCENE_YAW_FIX t=115.01 asv_count=1
[2026.08.06-02.19.05:367][771]LogSceneAutomation: Display: SCENE_TARGET_POS t=115.0 entity=target_red world=X=-5198.005 Y=-10012.056 Z=10.000
[2026.08.06-02.19.05:367][771]LogSceneAutomation: Display: SCENE_TARGET_POS t=115.0 entity=target_blue world=X=-5199.753 Y=-9822.502 Z=10.000
[2026.08.06-02.19.05:367][771]LogSceneAutomation: Display: SCENE_TARGET_POS t=115.0 entity=target_left world=X=-4935.860 Y=-10359.389 Z=10.000
[2026.08.06-02.19.05:367][771]LogSceneAutomation: Display: SCENE_TARGET_POS t=115.0 entity=target_right world=X=-4959.270 Y=-9642.005 Z=10.000
[2026.08.06-02.19.05:367][771]LogSceneAutomation: Display: SCENE_ASV_POS t=115.0 world=X=-5591.522 Y=-10059.481 Z=20.689 yaw=0
[2026.08.06-02.19.06:359][814]LogSceneAutomation: Display: SCENE_YAW_FIX t=116.01 asv_count=1
[2026.08.06-02.19.06:359][814]LogSceneAutomation: Display: SCENE_TARGET_POS t=116.0 entity=target_red world=X=-5138.357 Y=-10008.917 Z=10.000
[2026.08.06-02.19.06:359][814]LogSceneAutomation: Display: SCENE_TARGET_POS t=116.0 entity=target_blue world=X=-5140.106 Y=-9819.363 Z=10.000
[2026.08.06-02.19.06:359][814]LogSceneAutomation: Display: SCENE_TARGET_POS t=116.0 entity=target_left world=X=-4876.212 Y=-10359.389 Z=10.000
[2026.08.06-02.19.06:359][814]LogSceneAutomation: Display: SCENE_TARGET_POS t=116.0 entity=target_right world=X=-4899.623 Y=-9642.005 Z=10.000
[2026.08.06-02.19.06:359][814]LogSceneAutomation: Display: SCENE_ASV_POS t=116.0 world=X=-5561.687 Y=-10057.568 Z=20.689 yaw=0
[2026.08.06-02.19.07:364][854]LogSceneAutomation: Display: SCENE_YAW_FIX t=117.01 asv_count=1
[2026.08.06-02.19.07:366][854]LogSceneAutomation: Display: SCENE_TARGET_POS t=117.0 entity=target_red world=X=-5078.362 Y=-10006.107 Z=10.000
[2026.08.06-02.19.07:366][854]LogSceneAutomation: Display: SCENE_TARGET_POS t=117.0 entity=target_blue world=X=-5080.110 Y=-9816.552 Z=10.000
[2026.08.06-02.19.07:366][854]LogSceneAutomation: Display: SCENE_TARGET_POS t=117.0 entity=target_left world=X=-4816.217 Y=-10359.389 Z=10.000
[2026.08.06-02.19.07:366][854]LogSceneAutomation: Display: SCENE_TARGET_POS t=117.0 entity=target_right world=X=-4839.628 Y=-9642.005 Z=10.000
[2026.08.06-02.19.07:366][854]LogSceneAutomation: Display: SCENE_ASV_POS t=117.0 world=X=-5427.678 Y=-10051.514 Z=20.689 yaw=0
[2026.08.06-02.19.08:398][895]LogSceneAutomation: Display: SCENE_YAW_FIX t=118.01 asv_count=1
[2026.08.06-02.19.08:398][895]LogSceneAutomation: Display: SCENE_TARGET_POS t=118.0 entity=target_red world=X=-5018.259 Y=-10003.650 Z=10.000
[2026.08.06-02.19.08:398][895]LogSceneAutomation: Display: SCENE_TARGET_POS t=118.0 entity=target_blue world=X=-5020.008 Y=-9814.096 Z=10.000
[2026.08.06-02.19.08:398][895]LogSceneAutomation: Display: SCENE_TARGET_POS t=118.0 entity=target_left world=X=-4756.114 Y=-10359.389 Z=10.000
[2026.08.06-02.19.08:398][895]LogSceneAutomation: Display: SCENE_TARGET_POS t=118.0 entity=target_right world=X=-4779.525 Y=-9642.005 Z=10.000
[2026.08.06-02.19.08:398][895]LogSceneAutomation: Display: SCENE_ASV_POS t=118.0 world=X=-5312.913 Y=-10040.197 Z=20.689 yaw=0
[2026.08.06-02.19.09:365][936]LogSceneAutomation: Display: SCENE_YAW_FIX t=119.01 asv_count=1
[2026.08.06-02.19.09:366][936]LogSceneAutomation: Display: SCENE_TARGET_POS t=119.0 entity=target_red world=X=-4958.028 Y=-10001.559 Z=10.000
[2026.08.06-02.19.09:366][936]LogSceneAutomation: Display: SCENE_TARGET_POS t=119.0 entity=target_blue world=X=-4959.776 Y=-9812.005 Z=10.000
[2026.08.06-02.19.09:366][936]LogSceneAutomation: Display: SCENE_TARGET_POS t=119.0 entity=target_left world=X=-4695.883 Y=-10359.389 Z=10.000
[2026.08.06-02.19.09:366][936]LogSceneAutomation: Display: SCENE_TARGET_POS t=119.0 entity=target_right world=X=-4719.294 Y=-9642.005 Z=10.000
[2026.08.06-02.19.09:366][936]LogSceneAutomation: Display: SCENE_ASV_POS t=119.0 world=X=-5211.708 Y=-10029.975 Z=20.689 yaw=0
[2026.08.06-02.19.10:364][979]LogSceneAutomation: Display: SCENE_YAW_FIX t=120.01 asv_count=1
[2026.08.06-02.19.10:366][979]LogSceneAutomation: Display: SCENE_TARGET_POS t=120.0 entity=target_red world=X=-4898.075 Y=-9999.854 Z=10.000
[2026.08.06-02.19.10:366][979]LogSceneAutomation: Display: SCENE_TARGET_POS t=120.0 entity=target_blue world=X=-4899.824 Y=-9810.299 Z=10.000
[2026.08.06-02.19.10:366][979]LogSceneAutomation: Display: SCENE_TARGET_POS t=120.0 entity=target_left world=X=-4635.930 Y=-10359.389 Z=10.000
[2026.08.06-02.19.10:366][979]LogSceneAutomation: Display: SCENE_TARGET_POS t=120.0 entity=target_right world=X=-4659.341 Y=-9642.005 Z=10.000
[2026.08.06-02.19.10:366][979]LogSceneAutomation: Display: SCENE_ASV_POS t=120.0 world=X=-5236.216 Y=-10034.033 Z=20.689 yaw=0
[2026.08.06-02.19.11:363][ 22]LogSceneAutomation: Display: SCENE_YAW_FIX t=121.01 asv_count=1
[2026.08.06-02.19.11:363][ 22]LogSceneAutomation: Display: SCENE_TARGET_POS t=121.0 entity=target_red world=X=-4838.186 Y=-9998.532 Z=10.000
[2026.08.06-02.19.11:363][ 22]LogSceneAutomation: Display: SCENE_TARGET_POS t=121.0 entity=target_blue world=X=-4839.934 Y=-9808.978 Z=10.000
[2026.08.06-02.19.11:363][ 22]LogSceneAutomation: Display: SCENE_TARGET_POS t=121.0 entity=target_left world=X=-4576.041 Y=-10359.389 Z=10.000
[2026.08.06-02.19.11:363][ 22]LogSceneAutomation: Display: SCENE_TARGET_POS t=121.0 entity=target_right world=X=-4599.452 Y=-9642.005 Z=10.000
[2026.08.06-02.19.11:363][ 22]LogSceneAutomation: Display: SCENE_ASV_POS t=121.0 world=X=-5235.443 Y=-10041.347 Z=20.689 yaw=0
[2026.08.06-02.19.12:364][ 66]LogSceneAutomation: Display: SCENE_YAW_FIX t=122.01 asv_count=1
[2026.08.06-02.19.12:364][ 66]LogSceneAutomation: Display: SCENE_TARGET_POS t=122.0 entity=target_red world=X=-4778.070 Y=-9997.595 Z=10.000
[2026.08.06-02.19.12:364][ 66]LogSceneAutomation: Display: SCENE_TARGET_POS t=122.0 entity=target_blue world=X=-4779.819 Y=-9808.041 Z=10.000
[2026.08.06-02.19.12:364][ 66]LogSceneAutomation: Display: SCENE_TARGET_POS t=122.0 entity=target_left world=X=-4515.925 Y=-10359.389 Z=10.000
[2026.08.06-02.19.12:364][ 66]LogSceneAutomation: Display: SCENE_TARGET_POS t=122.0 entity=target_right world=X=-4539.336 Y=-9642.005 Z=10.000
[2026.08.06-02.19.12:364][ 66]LogSceneAutomation: Display: SCENE_ASV_POS t=122.0 world=X=-5145.575 Y=-10037.672 Z=20.689 yaw=0
[2026.08.06-02.19.13:357][108]LogSceneAutomation: Display: SCENE_YAW_FIX t=123.00 asv_count=1
[2026.08.06-02.19.13:357][108]LogSceneAutomation: Display: SCENE_TARGET_POS t=123.0 entity=target_red world=X=-4718.544 Y=-9997.054 Z=10.000
[2026.08.06-02.19.13:357][108]LogSceneAutomation: Display: SCENE_TARGET_POS t=123.0 entity=target_blue world=X=-4720.292 Y=-9807.500 Z=10.000
[2026.08.06-02.19.13:357][108]LogSceneAutomation: Display: SCENE_TARGET_POS t=123.0 entity=target_left world=X=-4456.399 Y=-10359.389 Z=10.000
[2026.08.06-02.19.13:357][108]LogSceneAutomation: Display: SCENE_TARGET_POS t=123.0 entity=target_right world=X=-4479.810 Y=-9642.005 Z=10.000
[2026.08.06-02.19.13:357][108]LogSceneAutomation: Display: SCENE_ASV_POS t=123.0 world=X=-5110.651 Y=-10035.690 Z=20.689 yaw=0
[2026.08.06-02.19.14:358][152]LogSceneAutomation: Display: SCENE_YAW_FIX t=124.00 asv_count=1
[2026.08.06-02.19.14:358][152]LogSceneAutomation: Display: SCENE_TARGET_POS t=124.0 entity=target_red world=X=-4658.409 Y=-9996.902 Z=10.000
[2026.08.06-02.19.14:358][152]LogSceneAutomation: Display: SCENE_TARGET_POS t=124.0 entity=target_blue world=X=-4660.157 Y=-9807.347 Z=10.000
[2026.08.06-02.19.14:358][152]LogSceneAutomation: Display: SCENE_TARGET_POS t=124.0 entity=target_left world=X=-4396.264 Y=-10359.389 Z=10.000
[2026.08.06-02.19.14:358][152]LogSceneAutomation: Display: SCENE_TARGET_POS t=124.0 entity=target_right world=X=-4419.675 Y=-9642.005 Z=10.000
[2026.08.06-02.19.14:358][152]LogSceneAutomation: Display: SCENE_ASV_POS t=124.0 world=X=-5006.429 Y=-10028.997 Z=20.689 yaw=0
[2026.08.06-02.19.15:347][195]LogImageCompression: Display: EDGE_CAPTURE_STATS count=1250 size=1280x720 srgb=0 mean_rgb=(39.1,61.6,101.4) max=239 linear_to_gamma=1
[2026.08.06-02.19.15:362][195]LogSceneAutomation: Display: SCENE_YAW_FIX t=125.01 asv_count=1
[2026.08.06-02.19.15:362][195]LogSceneAutomation: Display: SCENE_TARGET_POS t=125.0 entity=target_red world=X=-4598.239 Y=-9997.146 Z=10.000
[2026.08.06-02.19.15:362][195]LogSceneAutomation: Display: SCENE_TARGET_POS t=125.0 entity=target_blue world=X=-4599.988 Y=-9807.592 Z=10.000
[2026.08.06-02.19.15:362][195]LogSceneAutomation: Display: SCENE_TARGET_POS t=125.0 entity=target_left world=X=-4336.094 Y=-10359.389 Z=10.000
[2026.08.06-02.19.15:362][195]LogSceneAutomation: Display: SCENE_TARGET_POS t=125.0 entity=target_right world=X=-4359.505 Y=-9642.005 Z=10.000
[2026.08.06-02.19.15:362][195]LogSceneAutomation: Display: SCENE_ASV_POS t=125.0 world=X=-4896.603 Y=-10021.713 Z=20.689 yaw=0
[2026.08.06-02.19.16:358][238]LogSceneAutomation: Display: SCENE_YAW_FIX t=126.00 asv_count=1
[2026.08.06-02.19.16:358][238]LogSceneAutomation: Display: SCENE_TARGET_POS t=126.0 entity=target_red world=X=-4538.537 Y=-9997.780 Z=10.000
[2026.08.06-02.19.16:358][238]LogSceneAutomation: Display: SCENE_TARGET_POS t=126.0 entity=target_blue world=X=-4540.285 Y=-9808.225 Z=10.000
[2026.08.06-02.19.16:358][238]LogSceneAutomation: Display: SCENE_TARGET_POS t=126.0 entity=target_left world=X=-4276.391 Y=-10359.389 Z=10.000
[2026.08.06-02.19.16:358][238]LogSceneAutomation: Display: SCENE_TARGET_POS t=126.0 entity=target_right world=X=-4299.802 Y=-9642.005 Z=10.000
[2026.08.06-02.19.16:358][238]LogSceneAutomation: Display: SCENE_ASV_POS t=126.0 world=X=-4871.511 Y=-10022.583 Z=20.689 yaw=0
[2026.08.06-02.19.17:358][281]LogSceneAutomation: Display: SCENE_YAW_FIX t=127.00 asv_count=1
[2026.08.06-02.19.17:358][281]LogSceneAutomation: Display: SCENE_TARGET_POS t=127.0 entity=target_red world=X=-4478.519 Y=-9998.807 Z=10.000
[2026.08.06-02.19.17:358][281]LogSceneAutomation: Display: SCENE_TARGET_POS t=127.0 entity=target_blue world=X=-4480.268 Y=-9809.253 Z=10.000
[2026.08.06-02.19.17:358][281]LogSceneAutomation: Display: SCENE_TARGET_POS t=127.0 entity=target_left world=X=-4216.374 Y=-10359.389 Z=10.000
[2026.08.06-02.19.17:358][281]LogSceneAutomation: Display: SCENE_TARGET_POS t=127.0 entity=target_right world=X=-4239.785 Y=-9642.005 Z=10.000
[2026.08.06-02.19.17:358][281]LogSceneAutomation: Display: SCENE_ASV_POS t=127.0 world=X=-4782.717 Y=-10016.596 Z=20.689 yaw=0
[2026.08.06-02.19.18:368][325]LogSceneAutomation: Display: SCENE_YAW_FIX t=128.01 asv_count=1
[2026.08.06-02.19.18:368][325]LogSceneAutomation: Display: SCENE_TARGET_POS t=128.0 entity=target_red world=X=-4417.949 Y=-10000.237 Z=10.000
[2026.08.06-02.19.18:368][325]LogSceneAutomation: Display: SCENE_TARGET_POS t=128.0 entity=target_blue world=X=-4419.698 Y=-9810.683 Z=10.000
[2026.08.06-02.19.18:368][325]LogSceneAutomation: Display: SCENE_TARGET_POS t=128.0 entity=target_left world=X=-4155.804 Y=-10359.389 Z=10.000
[2026.08.06-02.19.18:368][325]LogSceneAutomation: Display: SCENE_TARGET_POS t=128.0 entity=target_right world=X=-4179.215 Y=-9642.005 Z=10.000
[2026.08.06-02.19.18:368][325]LogSceneAutomation: Display: SCENE_ASV_POS t=128.0 world=X=-4712.122 Y=-10012.092 Z=20.689 yaw=0
[2026.08.06-02.19.19:361][368]LogSceneAutomation: Display: SCENE_YAW_FIX t=129.00 asv_count=1
[2026.08.06-02.19.19:361][368]LogSceneAutomation: Display: SCENE_TARGET_POS t=129.0 entity=target_red world=X=-4358.490 Y=-10002.019 Z=10.000
[2026.08.06-02.19.19:361][368]LogSceneAutomation: Display: SCENE_TARGET_POS t=129.0 entity=target_blue world=X=-4360.239 Y=-9812.464 Z=10.000
[2026.08.06-02.19.19:361][368]LogSceneAutomation: Display: SCENE_TARGET_POS t=129.0 entity=target_left world=X=-4096.345 Y=-10359.389 Z=10.000
[2026.08.06-02.19.19:361][368]LogSceneAutomation: Display: SCENE_TARGET_POS t=129.0 entity=target_right world=X=-4119.756 Y=-9642.005 Z=10.000
[2026.08.06-02.19.19:361][368]LogSceneAutomation: Display: SCENE_ASV_POS t=129.0 world=X=-4677.165 Y=-10011.976 Z=20.689 yaw=0
[2026.08.06-02.19.20:356][411]LogSceneAutomation: Display: SCENE_YAW_FIX t=130.00 asv_count=1
[2026.08.06-02.19.20:356][411]LogSceneAutomation: Display: SCENE_TARGET_POS t=130.0 entity=target_red world=X=-4298.612 Y=-10004.184 Z=10.000
[2026.08.06-02.19.20:356][411]LogSceneAutomation: Display: SCENE_TARGET_POS t=130.0 entity=target_blue world=X=-4300.361 Y=-9814.630 Z=10.000
[2026.08.06-02.19.20:356][411]LogSceneAutomation: Display: SCENE_TARGET_POS t=130.0 entity=target_left world=X=-4036.467 Y=-10359.389 Z=10.000
[2026.08.06-02.19.20:356][411]LogSceneAutomation: Display: SCENE_TARGET_POS t=130.0 entity=target_right world=X=-4059.878 Y=-9642.005 Z=10.000
[2026.08.06-02.19.20:356][411]LogSceneAutomation: Display: SCENE_ASV_POS t=130.0 world=X=-4593.636 Y=-10009.543 Z=20.689 yaw=0
[2026.08.06-02.19.21:364][455]LogSceneAutomation: Display: SCENE_YAW_FIX t=131.01 asv_count=1
[2026.08.06-02.19.21:364][455]LogSceneAutomation: Display: SCENE_TARGET_POS t=131.0 entity=target_red world=X=-4238.098 Y=-10006.743 Z=10.000
[2026.08.06-02.19.21:364][455]LogSceneAutomation: Display: SCENE_TARGET_POS t=131.0 entity=target_blue world=X=-4239.847 Y=-9817.189 Z=10.000
[2026.08.06-02.19.21:364][455]LogSceneAutomation: Display: SCENE_TARGET_POS t=131.0 entity=target_left world=X=-3975.953 Y=-10359.389 Z=10.000
[2026.08.06-02.19.21:364][455]LogSceneAutomation: Display: SCENE_TARGET_POS t=131.0 entity=target_right world=X=-3999.364 Y=-9642.005 Z=10.000
[2026.08.06-02.19.21:364][455]LogSceneAutomation: Display: SCENE_ASV_POS t=131.0 world=X=-4568.532 Y=-10011.752 Z=20.689 yaw=0
[2026.08.06-02.19.22:363][498]LogSceneAutomation: Display: SCENE_YAW_FIX t=132.01 asv_count=1
[2026.08.06-02.19.22:363][498]LogSceneAutomation: Display: SCENE_TARGET_POS t=132.0 entity=target_red world=X=-4178.245 Y=-10009.630 Z=10.000
[2026.08.06-02.19.22:363][498]LogSceneAutomation: Display: SCENE_TARGET_POS t=132.0 entity=target_blue world=X=-4179.993 Y=-9820.076 Z=10.000
[2026.08.06-02.19.22:363][498]LogSceneAutomation: Display: SCENE_TARGET_POS t=132.0 entity=target_left world=X=-3916.100 Y=-10359.389 Z=10.000
[2026.08.06-02.19.22:363][498]LogSceneAutomation: Display: SCENE_TARGET_POS t=132.0 entity=target_right world=X=-3939.511 Y=-9642.005 Z=10.000
[2026.08.06-02.19.22:363][498]LogSceneAutomation: Display: SCENE_ASV_POS t=132.0 world=X=-4533.611 Y=-10013.265 Z=20.689 yaw=0
[2026.08.06-02.19.23:357][541]LogSceneAutomation: Display: SCENE_YAW_FIX t=133.00 asv_count=1
[2026.08.06-02.19.23:357][541]LogSceneAutomation: Display: SCENE_TARGET_POS t=133.0 entity=target_red world=X=-4118.633 Y=-10012.846 Z=10.000
[2026.08.06-02.19.23:357][541]LogSceneAutomation: Display: SCENE_TARGET_POS t=133.0 entity=target_blue world=X=-4120.382 Y=-9823.292 Z=10.000
[2026.08.06-02.19.23:357][541]LogSceneAutomation: Display: SCENE_TARGET_POS t=133.0 entity=target_left world=X=-3856.488 Y=-10359.389 Z=10.000
[2026.08.06-02.19.23:357][541]LogSceneAutomation: Display: SCENE_TARGET_POS t=133.0 entity=target_right world=X=-3879.899 Y=-9642.005 Z=10.000
[2026.08.06-02.19.23:357][541]LogSceneAutomation: Display: SCENE_ASV_POS t=133.0 world=X=-4431.373 Y=-10014.704 Z=20.689 yaw=0
[2026.08.06-02.19.24:288][584]LogSceneAutomation: Display: SCENE_YAW_FIX t=134.00 asv_count=1
[2026.08.06-02.19.24:288][584]LogSceneAutomation: Display: SCENE_TARGET_POS t=134.0 entity=target_red world=X=-4058.672 Y=-10016.411 Z=10.000
[2026.08.06-02.19.24:288][584]LogSceneAutomation: Display: SCENE_TARGET_POS t=134.0 entity=target_blue world=X=-4060.420 Y=-9826.857 Z=10.000
[2026.08.06-02.19.24:288][584]LogSceneAutomation: Display: SCENE_TARGET_POS t=134.0 entity=target_left world=X=-3796.527 Y=-10359.389 Z=10.000
[2026.08.06-02.19.24:288][584]LogSceneAutomation: Display: SCENE_TARGET_POS t=134.0 entity=target_right world=X=-3819.937 Y=-9642.005 Z=10.000
[2026.08.06-02.19.24:288][584]LogSceneAutomation: Display: SCENE_ASV_POS t=134.0 world=X=-4355.121 Y=-10016.171 Z=20.689 yaw=0
[2026.08.06-02.19.25:366][626]LogSceneAutomation: Display: SCENE_YAW_FIX t=135.01 asv_count=1
[2026.08.06-02.19.25:366][626]LogSceneAutomation: Display: SCENE_TARGET_POS t=135.0 entity=target_red world=X=-3998.075 Y=-10020.337 Z=10.000
[2026.08.06-02.19.25:366][626]LogSceneAutomation: Display: SCENE_TARGET_POS t=135.0 entity=target_blue world=X=-3999.823 Y=-9830.782 Z=10.000
[2026.08.06-02.19.25:366][626]LogSceneAutomation: Display: SCENE_TARGET_POS t=135.0 entity=target_left world=X=-3735.930 Y=-10359.389 Z=10.000
[2026.08.06-02.19.25:366][626]LogSceneAutomation: Display: SCENE_TARGET_POS t=135.0 entity=target_right world=X=-3759.341 Y=-9642.005 Z=10.000
[2026.08.06-02.19.25:366][626]LogSceneAutomation: Display: SCENE_ASV_POS t=135.0 world=X=-4344.875 Y=-10018.477 Z=20.689 yaw=0
[2026.08.06-02.19.26:357][669]LogSceneAutomation: Display: SCENE_YAW_FIX t=136.00 asv_count=1
[2026.08.06-02.19.26:357][669]LogSceneAutomation: Display: SCENE_TARGET_POS t=136.0 entity=target_red world=X=-3938.623 Y=-10024.487 Z=10.000
[2026.08.06-02.19.26:357][669]LogSceneAutomation: Display: SCENE_TARGET_POS t=136.0 entity=target_blue world=X=-3940.372 Y=-9834.933 Z=10.000
[2026.08.06-02.19.26:357][669]LogSceneAutomation: Display: SCENE_TARGET_POS t=136.0 entity=target_left world=X=-3676.478 Y=-10359.389 Z=10.000
[2026.08.06-02.19.26:357][669]LogSceneAutomation: Display: SCENE_TARGET_POS t=136.0 entity=target_right world=X=-3699.889 Y=-9642.005 Z=10.000
[2026.08.06-02.19.26:357][669]LogSceneAutomation: Display: SCENE_ASV_POS t=136.0 world=X=-4228.162 Y=-10022.093 Z=20.689 yaw=0
[2026.08.06-02.19.27:357][712]LogSceneAutomation: Display: SCENE_YAW_FIX t=137.00 asv_count=1
[2026.08.06-02.19.27:357][712]LogSceneAutomation: Display: SCENE_TARGET_POS t=137.0 entity=target_red world=X=-3878.567 Y=-10028.965 Z=10.000
[2026.08.06-02.19.27:357][712]LogSceneAutomation: Display: SCENE_TARGET_POS t=137.0 entity=target_blue world=X=-3880.316 Y=-9839.411 Z=10.000
[2026.08.06-02.19.27:357][712]LogSceneAutomation: Display: SCENE_TARGET_POS t=137.0 entity=target_left world=X=-3616.422 Y=-10359.389 Z=10.000
[2026.08.06-02.19.27:357][712]LogSceneAutomation: Display: SCENE_TARGET_POS t=137.0 entity=target_right world=X=-3639.833 Y=-9642.005 Z=10.000
[2026.08.06-02.19.27:357][712]LogSceneAutomation: Display: SCENE_ASV_POS t=137.0 world=X=-4166.561 Y=-10024.270 Z=20.689 yaw=0
[2026.08.06-02.19.28:366][755]LogSceneAutomation: Display: SCENE_YAW_FIX t=138.01 asv_count=1
[2026.08.06-02.19.28:366][755]LogSceneAutomation: Display: SCENE_TARGET_POS t=138.0 entity=target_red world=X=-3818.064 Y=-10033.748 Z=10.000
[2026.08.06-02.19.28:366][755]LogSceneAutomation: Display: SCENE_TARGET_POS t=138.0 entity=target_blue world=X=-3819.812 Y=-9844.193 Z=10.000
[2026.08.06-02.19.28:366][755]LogSceneAutomation: Display: SCENE_TARGET_POS t=138.0 entity=target_left world=X=-3555.919 Y=-10359.389 Z=10.000
[2026.08.06-02.19.28:366][755]LogSceneAutomation: Display: SCENE_TARGET_POS t=138.0 entity=target_right world=X=-3579.330 Y=-9642.005 Z=10.000
[2026.08.06-02.19.28:366][755]LogSceneAutomation: Display: SCENE_ASV_POS t=138.0 world=X=-4145.235 Y=-10029.930 Z=20.689 yaw=0
[2026.08.06-02.19.29:367][798]LogSceneAutomation: Display: SCENE_YAW_FIX t=139.01 asv_count=1
[2026.08.06-02.19.29:367][798]LogSceneAutomation: Display: SCENE_TARGET_POS t=139.0 entity=target_red world=X=-3757.973 Y=-10038.749 Z=10.000
[2026.08.06-02.19.29:367][798]LogSceneAutomation: Display: SCENE_TARGET_POS t=139.0 entity=target_blue world=X=-3759.722 Y=-9849.194 Z=10.000
[2026.08.06-02.19.29:367][798]LogSceneAutomation: Display: SCENE_TARGET_POS t=139.0 entity=target_left world=X=-3495.828 Y=-10359.389 Z=10.000
[2026.08.06-02.19.29:367][798]LogSceneAutomation: Display: SCENE_TARGET_POS t=139.0 entity=target_right world=X=-3519.239 Y=-9642.005 Z=10.000
[2026.08.06-02.19.29:367][798]LogSceneAutomation: Display: SCENE_ASV_POS t=139.0 world=X=-4068.051 Y=-10034.307 Z=20.689 yaw=0
[2026.08.06-02.19.30:366][841]LogSceneAutomation: Display: SCENE_YAW_FIX t=140.01 asv_count=1
[2026.08.06-02.19.30:366][841]LogSceneAutomation: Display: SCENE_TARGET_POS t=140.0 entity=target_red world=X=-3698.079 Y=-10043.962 Z=10.000
[2026.08.06-02.19.30:366][841]LogSceneAutomation: Display: SCENE_TARGET_POS t=140.0 entity=target_blue world=X=-3699.828 Y=-9854.408 Z=10.000
[2026.08.06-02.19.30:366][841]LogSceneAutomation: Display: SCENE_TARGET_POS t=140.0 entity=target_left world=X=-3435.934 Y=-10359.389 Z=10.000
[2026.08.06-02.19.30:366][841]LogSceneAutomation: Display: SCENE_TARGET_POS t=140.0 entity=target_right world=X=-3459.345 Y=-9642.005 Z=10.000
[2026.08.06-02.19.30:366][841]LogSceneAutomation: Display: SCENE_ASV_POS t=140.0 world=X=-3964.699 Y=-10038.540 Z=20.689 yaw=0
[2026.08.06-02.19.31:358][883]LogSceneAutomation: Display: SCENE_YAW_FIX t=141.00 asv_count=1
[2026.08.06-02.19.31:358][883]LogSceneAutomation: Display: SCENE_TARGET_POS t=141.0 entity=target_red world=X=-3638.622 Y=-10049.344 Z=10.000
[2026.08.06-02.19.31:358][883]LogSceneAutomation: Display: SCENE_TARGET_POS t=141.0 entity=target_blue world=X=-3640.371 Y=-9859.789 Z=10.000
[2026.08.06-02.19.31:358][883]LogSceneAutomation: Display: SCENE_TARGET_POS t=141.0 entity=target_left world=X=-3376.477 Y=-10359.389 Z=10.000
[2026.08.06-02.19.31:358][883]LogSceneAutomation: Display: SCENE_TARGET_POS t=141.0 entity=target_right world=X=-3399.888 Y=-9642.005 Z=10.000
[2026.08.06-02.19.31:358][883]LogSceneAutomation: Display: SCENE_ASV_POS t=141.0 world=X=-3892.766 Y=-10042.736 Z=20.689 yaw=0
[2026.08.06-02.19.32:369][927]LogSceneAutomation: Display: SCENE_YAW_FIX t=142.01 asv_count=1
[2026.08.06-02.19.32:369][927]LogSceneAutomation: Display: SCENE_TARGET_POS t=142.0 entity=target_red world=X=-3577.956 Y=-10055.025 Z=10.000
[2026.08.06-02.19.32:369][927]LogSceneAutomation: Display: SCENE_TARGET_POS t=142.0 entity=target_blue world=X=-3579.704 Y=-9865.470 Z=10.000
[2026.08.06-02.19.32:369][927]LogSceneAutomation: Display: SCENE_TARGET_POS t=142.0 entity=target_left world=X=-3315.811 Y=-10359.389 Z=10.000
[2026.08.06-02.19.32:369][927]LogSceneAutomation: Display: SCENE_TARGET_POS t=142.0 entity=target_right world=X=-3339.221 Y=-9642.005 Z=10.000
[2026.08.06-02.19.32:369][927]LogSceneAutomation: Display: SCENE_ASV_POS t=142.0 world=X=-3907.698 Y=-10047.947 Z=20.689 yaw=0
[2026.08.06-02.19.33:362][967]LogSceneAutomation: Display: SCENE_YAW_FIX t=143.01 asv_count=1
[2026.08.06-02.19.33:362][967]LogSceneAutomation: Display: SCENE_TARGET_POS t=143.0 entity=target_red world=X=-3518.325 Y=-10060.773 Z=10.000
[2026.08.06-02.19.33:362][967]LogSceneAutomation: Display: SCENE_TARGET_POS t=143.0 entity=target_blue world=X=-3520.074 Y=-9871.219 Z=10.000
[2026.08.06-02.19.33:362][967]LogSceneAutomation: Display: SCENE_TARGET_POS t=143.0 entity=target_left world=X=-3256.180 Y=-10359.389 Z=10.000
[2026.08.06-02.19.33:362][967]LogSceneAutomation: Display: SCENE_TARGET_POS t=143.0 entity=target_right world=X=-3279.591 Y=-9642.005 Z=10.000
[2026.08.06-02.19.33:362][967]LogSceneAutomation: Display: SCENE_ASV_POS t=143.0 world=X=-3882.850 Y=-10052.553 Z=20.689 yaw=0
[2026.08.06-02.19.34:361][ 10]LogSceneAutomation: Display: SCENE_YAW_FIX t=144.00 asv_count=1
[2026.08.06-02.19.34:362][ 10]LogSceneAutomation: Display: SCENE_TARGET_POS t=144.0 entity=target_red world=X=-3458.401 Y=-10066.692 Z=10.000
[2026.08.06-02.19.34:362][ 10]LogSceneAutomation: Display: SCENE_TARGET_POS t=144.0 entity=target_blue world=X=-3460.150 Y=-9877.137 Z=10.000
[2026.08.06-02.19.34:362][ 10]LogSceneAutomation: Display: SCENE_TARGET_POS t=144.0 entity=target_left world=X=-3196.256 Y=-10359.389 Z=10.000
[2026.08.06-02.19.34:362][ 10]LogSceneAutomation: Display: SCENE_TARGET_POS t=144.0 entity=target_right world=X=-3219.667 Y=-9642.005 Z=10.000
[2026.08.06-02.19.34:362][ 10]LogSceneAutomation: Display: SCENE_ASV_POS t=144.0 world=X=-3781.035 Y=-10058.137 Z=20.689 yaw=0
[2026.08.06-02.19.35:350][ 48]LogSceneAutomation: Display: SCENE_YAW_FIX t=145.00 asv_count=1
[2026.08.06-02.19.35:351][ 48]LogSceneAutomation: Display: SCENE_TARGET_POS t=145.0 entity=target_red world=X=-3398.553 Y=-10072.722 Z=10.000
[2026.08.06-02.19.35:351][ 48]LogSceneAutomation: Display: SCENE_TARGET_POS t=145.0 entity=target_blue world=X=-3400.302 Y=-9883.167 Z=10.000
[2026.08.06-02.19.35:351][ 48]LogSceneAutomation: Display: SCENE_TARGET_POS t=145.0 entity=target_left world=X=-3136.408 Y=-10359.389 Z=10.000
[2026.08.06-02.19.35:351][ 48]LogSceneAutomation: Display: SCENE_TARGET_POS t=145.0 entity=target_right world=X=-3159.819 Y=-9642.005 Z=10.000
[2026.08.06-02.19.35:351][ 48]LogSceneAutomation: Display: SCENE_ASV_POS t=145.0 world=X=-3697.720 Y=-10063.175 Z=20.689 yaw=0
[2026.08.06-02.19.36:361][ 91]LogSceneAutomation: Display: SCENE_YAW_FIX t=146.00 asv_count=1
[2026.08.06-02.19.36:361][ 91]LogSceneAutomation: Display: SCENE_TARGET_POS t=146.0 entity=target_red world=X=-3338.455 Y=-10078.872 Z=10.000
[2026.08.06-02.19.36:361][ 91]LogSceneAutomation: Display: SCENE_TARGET_POS t=146.0 entity=target_blue world=X=-3340.203 Y=-9889.318 Z=10.000
[2026.08.06-02.19.36:361][ 91]LogSceneAutomation: Display: SCENE_TARGET_POS t=146.0 entity=target_left world=X=-3076.310 Y=-10359.389 Z=10.000
[2026.08.06-02.19.36:361][ 91]LogSceneAutomation: Display: SCENE_TARGET_POS t=146.0 entity=target_right world=X=-3099.720 Y=-9642.005 Z=10.000
[2026.08.06-02.19.36:361][ 91]LogSceneAutomation: Display: SCENE_ASV_POS t=146.0 world=X=-3575.797 Y=-10069.708 Z=20.689 yaw=0
[2026.08.06-02.19.37:360][132]LogSceneAutomation: Display: SCENE_YAW_FIX t=147.00 asv_count=1
[2026.08.06-02.19.37:360][132]LogSceneAutomation: Display: SCENE_TARGET_POS t=147.0 entity=target_red world=X=-3278.484 Y=-10085.081 Z=10.000
[2026.08.06-02.19.37:360][132]LogSceneAutomation: Display: SCENE_TARGET_POS t=147.0 entity=target_blue world=X=-3280.232 Y=-9895.527 Z=10.000
[2026.08.06-02.19.37:360][132]LogSceneAutomation: Display: SCENE_TARGET_POS t=147.0 entity=target_left world=X=-3016.339 Y=-10359.389 Z=10.000
[2026.08.06-02.19.37:360][132]LogSceneAutomation: Display: SCENE_TARGET_POS t=147.0 entity=target_right world=X=-3039.750 Y=-9642.005 Z=10.000
[2026.08.06-02.19.37:360][132]LogSceneAutomation: Display: SCENE_ASV_POS t=147.0 world=X=-3532.896 Y=-10073.719 Z=20.689 yaw=0
[2026.08.06-02.19.38:360][174]LogSceneAutomation: Display: SCENE_YAW_FIX t=148.00 asv_count=1
[2026.08.06-02.19.38:361][174]LogSceneAutomation: Display: SCENE_TARGET_POS t=148.0 entity=target_red world=X=-3218.422 Y=-10091.346 Z=10.000
[2026.08.06-02.19.38:361][174]LogSceneAutomation: Display: SCENE_TARGET_POS t=148.0 entity=target_blue world=X=-3220.170 Y=-9901.791 Z=10.000
[2026.08.06-02.19.38:361][174]LogSceneAutomation: Display: SCENE_TARGET_POS t=148.0 entity=target_left world=X=-2956.277 Y=-10359.389 Z=10.000
[2026.08.06-02.19.38:361][174]LogSceneAutomation: Display: SCENE_TARGET_POS t=148.0 entity=target_right world=X=-2979.687 Y=-9642.005 Z=10.000
[2026.08.06-02.19.38:361][174]LogSceneAutomation: Display: SCENE_ASV_POS t=148.0 world=X=-3545.562 Y=-10079.988 Z=20.689 yaw=0
[2026.08.06-02.19.39:357][216]LogSceneAutomation: Display: SCENE_YAW_FIX t=149.00 asv_count=1
[2026.08.06-02.19.39:358][216]LogSceneAutomation: Display: SCENE_TARGET_POS t=149.0 entity=target_red world=X=-3158.516 Y=-10097.616 Z=10.000
[2026.08.06-02.19.39:358][216]LogSceneAutomation: Display: SCENE_TARGET_POS t=149.0 entity=target_blue world=X=-3160.264 Y=-9908.062 Z=10.000
[2026.08.06-02.19.39:358][216]LogSceneAutomation: Display: SCENE_TARGET_POS t=149.0 entity=target_left world=X=-2896.371 Y=-10359.389 Z=10.000
[2026.08.06-02.19.39:358][216]LogSceneAutomation: Display: SCENE_TARGET_POS t=149.0 entity=target_right world=X=-2919.782 Y=-9642.005 Z=10.000
[2026.08.06-02.19.39:358][216]LogSceneAutomation: Display: SCENE_ASV_POS t=149.0 world=X=-3510.748 Y=-10082.821 Z=20.689 yaw=0
[2026.08.06-02.19.40:348][259]LogImageCompression: Display: EDGE_CAPTURE_STATS count=1500 size=1280x720 srgb=0 mean_rgb=(38.6,61.9,102.0) max=239 linear_to_gamma=1
[2026.08.06-02.19.40:363][259]LogSceneAutomation: Display: SCENE_YAW_FIX t=150.01 asv_count=1
[2026.08.06-02.19.40:364][259]LogSceneAutomation: Display: SCENE_TARGET_POS t=150.0 entity=target_red world=X=-3098.221 Y=-10103.925 Z=10.000
[2026.08.06-02.19.40:364][259]LogSceneAutomation: Display: SCENE_TARGET_POS t=150.0 entity=target_blue world=X=-3099.970 Y=-9914.370 Z=10.000
[2026.08.06-02.19.40:364][259]LogSceneAutomation: Display: SCENE_TARGET_POS t=150.0 entity=target_left world=X=-2836.076 Y=-10359.389 Z=10.000
[2026.08.06-02.19.40:364][259]LogSceneAutomation: Display: SCENE_TARGET_POS t=150.0 entity=target_right world=X=-2859.487 Y=-9642.005 Z=10.000
[2026.08.06-02.19.40:364][259]LogSceneAutomation: Display: SCENE_ASV_POS t=150.0 world=X=-3475.990 Y=-10086.249 Z=20.689 yaw=0
[2026.08.06-02.19.41:367][299]LogSceneAutomation: Display: SCENE_YAW_FIX t=151.01 asv_count=1
[2026.08.06-02.19.41:367][299]LogSceneAutomation: Display: SCENE_TARGET_POS t=151.0 entity=target_red world=X=-3037.970 Y=-10110.200 Z=10.000
[2026.08.06-02.19.41:367][299]LogSceneAutomation: Display: SCENE_TARGET_POS t=151.0 entity=target_blue world=X=-3039.719 Y=-9920.646 Z=10.000
[2026.08.06-02.19.41:367][299]LogSceneAutomation: Display: SCENE_TARGET_POS t=151.0 entity=target_left world=X=-2775.825 Y=-10359.389 Z=10.000
[2026.08.06-02.19.41:367][299]LogSceneAutomation: Display: SCENE_TARGET_POS t=151.0 entity=target_right world=X=-2799.236 Y=-9642.005 Z=10.000
[2026.08.06-02.19.41:367][299]LogSceneAutomation: Display: SCENE_ASV_POS t=151.0 world=X=-3372.733 Y=-10094.196 Z=20.689 yaw=0
[2026.08.06-02.19.42:366][342]LogSceneAutomation: Display: SCENE_YAW_FIX t=152.01 asv_count=1
[2026.08.06-02.19.42:366][342]LogSceneAutomation: Display: SCENE_TARGET_POS t=152.0 entity=target_red world=X=-2978.189 Y=-10116.375 Z=10.000
[2026.08.06-02.19.42:366][342]LogSceneAutomation: Display: SCENE_TARGET_POS t=152.0 entity=target_blue world=X=-2979.938 Y=-9926.820 Z=10.000
[2026.08.06-02.19.42:366][342]LogSceneAutomation: Display: SCENE_TARGET_POS t=152.0 entity=target_left world=X=-2716.044 Y=-10359.389 Z=10.000
[2026.08.06-02.19.42:366][342]LogSceneAutomation: Display: SCENE_TARGET_POS t=152.0 entity=target_right world=X=-2739.455 Y=-9642.005 Z=10.000
[2026.08.06-02.19.42:366][342]LogSceneAutomation: Display: SCENE_ASV_POS t=152.0 world=X=-3261.654 Y=-10103.113 Z=20.689 yaw=0
[2026.08.06-02.19.43:362][385]LogSceneAutomation: Display: SCENE_YAW_FIX t=153.01 asv_count=1
[2026.08.06-02.19.43:362][385]LogSceneAutomation: Display: SCENE_TARGET_POS t=153.0 entity=target_red world=X=-2918.299 Y=-10122.484 Z=10.000
[2026.08.06-02.19.43:362][385]LogSceneAutomation: Display: SCENE_TARGET_POS t=153.0 entity=target_blue world=X=-2920.047 Y=-9932.930 Z=10.000
[2026.08.06-02.19.43:362][385]LogSceneAutomation: Display: SCENE_TARGET_POS t=153.0 entity=target_left world=X=-2656.154 Y=-10359.389 Z=10.000
[2026.08.06-02.19.43:362][385]LogSceneAutomation: Display: SCENE_TARGET_POS t=153.0 entity=target_right world=X=-2679.565 Y=-9642.005 Z=10.000
[2026.08.06-02.19.43:362][385]LogSceneAutomation: Display: SCENE_ASV_POS t=153.0 world=X=-3193.626 Y=-10109.140 Z=20.689 yaw=0
[2026.08.06-02.19.44:361][428]LogSceneAutomation: Display: SCENE_YAW_FIX t=154.01 asv_count=1
[2026.08.06-02.19.44:361][428]LogSceneAutomation: Display: SCENE_TARGET_POS t=154.0 entity=target_red world=X=-2858.120 Y=-10128.521 Z=10.000
[2026.08.06-02.19.44:361][428]LogSceneAutomation: Display: SCENE_TARGET_POS t=154.0 entity=target_blue world=X=-2859.869 Y=-9938.967 Z=10.000
[2026.08.06-02.19.44:361][428]LogSceneAutomation: Display: SCENE_TARGET_POS t=154.0 entity=target_left world=X=-2595.975 Y=-10359.389 Z=10.000
[2026.08.06-02.19.44:361][428]LogSceneAutomation: Display: SCENE_TARGET_POS t=154.0 entity=target_right world=X=-2619.386 Y=-9642.005 Z=10.000
[2026.08.06-02.19.44:361][428]LogSceneAutomation: Display: SCENE_ASV_POS t=154.0 world=X=-3124.856 Y=-10113.603 Z=20.689 yaw=0
[2026.08.06-02.19.45:359][471]LogSceneAutomation: Display: SCENE_YAW_FIX t=155.00 asv_count=1
[2026.08.06-02.19.45:359][471]LogSceneAutomation: Display: SCENE_TARGET_POS t=155.0 entity=target_red world=X=-2798.509 Y=-10134.378 Z=10.000
[2026.08.06-02.19.45:359][471]LogSceneAutomation: Display: SCENE_TARGET_POS t=155.0 entity=target_blue world=X=-2800.257 Y=-9944.824 Z=10.000
[2026.08.06-02.19.45:359][471]LogSceneAutomation: Display: SCENE_TARGET_POS t=155.0 entity=target_left world=X=-2536.364 Y=-10359.389 Z=10.000
[2026.08.06-02.19.45:359][471]LogSceneAutomation: Display: SCENE_TARGET_POS t=155.0 entity=target_right world=X=-2559.774 Y=-9642.005 Z=10.000
[2026.08.06-02.19.45:359][471]LogSceneAutomation: Display: SCENE_ASV_POS t=155.0 world=X=-3079.415 Y=-10119.458 Z=20.689 yaw=0
[2026.08.06-02.19.46:353][514]LogSceneAutomation: Display: SCENE_YAW_FIX t=156.00 asv_count=1
[2026.08.06-02.19.46:353][514]LogSceneAutomation: Display: SCENE_TARGET_POS t=156.0 entity=target_red world=X=-2738.481 Y=-10140.128 Z=10.000
[2026.08.06-02.19.46:353][514]LogSceneAutomation: Display: SCENE_TARGET_POS t=156.0 entity=target_blue world=X=-2740.230 Y=-9950.574 Z=10.000
[2026.08.06-02.19.46:353][514]LogSceneAutomation: Display: SCENE_TARGET_POS t=156.0 entity=target_left world=X=-2476.336 Y=-10359.389 Z=10.000
[2026.08.06-02.19.46:353][514]LogSceneAutomation: Display: SCENE_TARGET_POS t=156.0 entity=target_right world=X=-2499.747 Y=-9642.005 Z=10.000
[2026.08.06-02.19.46:353][514]LogSceneAutomation: Display: SCENE_ASV_POS t=156.0 world=X=-3039.382 Y=-10124.414 Z=20.689 yaw=0
[2026.08.06-02.19.47:364][558]LogSceneAutomation: Display: SCENE_YAW_FIX t=157.01 asv_count=1
[2026.08.06-02.19.47:365][558]LogSceneAutomation: Display: SCENE_TARGET_POS t=157.0 entity=target_red world=X=-2678.145 Y=-10145.736 Z=10.000
[2026.08.06-02.19.47:365][558]LogSceneAutomation: Display: SCENE_TARGET_POS t=157.0 entity=target_blue world=X=-2679.894 Y=-9956.181 Z=10.000
[2026.08.06-02.19.47:365][558]LogSceneAutomation: Display: SCENE_TARGET_POS t=157.0 entity=target_left world=X=-2416.000 Y=-10359.389 Z=10.000
[2026.08.06-02.19.47:365][558]LogSceneAutomation: Display: SCENE_TARGET_POS t=157.0 entity=target_right world=X=-2439.411 Y=-9642.005 Z=10.000
[2026.08.06-02.19.47:365][558]LogSceneAutomation: Display: SCENE_ASV_POS t=157.0 world=X=-2947.364 Y=-10131.387 Z=20.689 yaw=0
[2026.08.06-02.19.48:361][601]LogSceneAutomation: Display: SCENE_YAW_FIX t=158.01 asv_count=1
[2026.08.06-02.19.48:361][601]LogSceneAutomation: Display: SCENE_TARGET_POS t=158.0 entity=target_red world=X=-2618.336 Y=-10151.102 Z=10.000
[2026.08.06-02.19.48:361][601]LogSceneAutomation: Display: SCENE_TARGET_POS t=158.0 entity=target_blue world=X=-2620.085 Y=-9961.547 Z=10.000
[2026.08.06-02.19.48:361][601]LogSceneAutomation: Display: SCENE_TARGET_POS t=158.0 entity=target_left world=X=-2356.191 Y=-10359.389 Z=10.000
[2026.08.06-02.19.48:361][601]LogSceneAutomation: Display: SCENE_TARGET_POS t=158.0 entity=target_right world=X=-2379.602 Y=-9642.005 Z=10.000
[2026.08.06-02.19.48:361][601]LogSceneAutomation: Display: SCENE_ASV_POS t=158.0 world=X=-2886.778 Y=-10138.291 Z=20.689 yaw=0
[2026.08.06-02.19.49:357][639]LogSceneAutomation: Display: SCENE_YAW_FIX t=159.00 asv_count=1
[2026.08.06-02.19.49:358][639]LogSceneAutomation: Display: SCENE_TARGET_POS t=159.0 entity=target_red world=X=-2558.564 Y=-10156.252 Z=10.000
[2026.08.06-02.19.49:358][639]LogSceneAutomation: Display: SCENE_TARGET_POS t=159.0 entity=target_blue world=X=-2560.312 Y=-9966.698 Z=10.000
[2026.08.06-02.19.49:358][639]LogSceneAutomation: Display: SCENE_TARGET_POS t=159.0 entity=target_left world=X=-2296.418 Y=-10359.389 Z=10.000
[2026.08.06-02.19.49:358][639]LogSceneAutomation: Display: SCENE_TARGET_POS t=159.0 entity=target_right world=X=-2319.829 Y=-9642.005 Z=10.000
[2026.08.06-02.19.49:358][639]LogSceneAutomation: Display: SCENE_ASV_POS t=159.0 world=X=-2884.559 Y=-10143.600 Z=20.689 yaw=0
[2026.08.06-02.19.50:360][683]LogSceneAutomation: Display: SCENE_YAW_FIX t=160.01 asv_count=1
[2026.08.06-02.19.50:360][683]LogSceneAutomation: Display: SCENE_TARGET_POS t=160.0 entity=target_red world=X=-2498.282 Y=-10161.211 Z=10.000
[2026.08.06-02.19.50:360][683]LogSceneAutomation: Display: SCENE_TARGET_POS t=160.0 entity=target_blue world=X=-2500.030 Y=-9971.657 Z=10.000
[2026.08.06-02.19.50:360][683]LogSceneAutomation: Display: SCENE_TARGET_POS t=160.0 entity=target_left world=X=-2236.137 Y=-10359.389 Z=10.000
[2026.08.06-02.19.50:360][683]LogSceneAutomation: Display: SCENE_TARGET_POS t=160.0 entity=target_right world=X=-2259.547 Y=-9642.005 Z=10.000
[2026.08.06-02.19.50:360][683]LogSceneAutomation: Display: SCENE_ASV_POS t=160.0 world=X=-2862.719 Y=-10159.174 Z=20.689 yaw=0
[2026.08.06-02.19.51:364][727]LogSceneAutomation: Display: SCENE_YAW_FIX t=161.01 asv_count=1
[2026.08.06-02.19.51:365][727]LogSceneAutomation: Display: SCENE_TARGET_POS t=161.0 entity=target_red world=X=-2438.196 Y=-10165.899 Z=10.000
[2026.08.06-02.19.51:365][727]LogSceneAutomation: Display: SCENE_TARGET_POS t=161.0 entity=target_blue world=X=-2439.945 Y=-9976.345 Z=10.000
[2026.08.06-02.19.51:365][727]LogSceneAutomation: Display: SCENE_TARGET_POS t=161.0 entity=target_left world=X=-2176.051 Y=-10359.389 Z=10.000
[2026.08.06-02.19.51:365][727]LogSceneAutomation: Display: SCENE_TARGET_POS t=161.0 entity=target_right world=X=-2199.462 Y=-9642.005 Z=10.000
[2026.08.06-02.19.51:365][727]LogSceneAutomation: Display: SCENE_ASV_POS t=161.0 world=X=-2765.796 Y=-10166.328 Z=20.689 yaw=0
[2026.08.06-02.19.52:361][770]LogSceneAutomation: Display: SCENE_YAW_FIX t=162.00 asv_count=1
[2026.08.06-02.19.52:361][770]LogSceneAutomation: Display: SCENE_TARGET_POS t=162.0 entity=target_red world=X=-2378.404 Y=-10170.293 Z=10.000
[2026.08.06-02.19.52:361][770]LogSceneAutomation: Display: SCENE_TARGET_POS t=162.0 entity=target_blue world=X=-2380.153 Y=-9980.739 Z=10.000
[2026.08.06-02.19.52:361][770]LogSceneAutomation: Display: SCENE_TARGET_POS t=162.0 entity=target_left world=X=-2116.259 Y=-10359.389 Z=10.000
[2026.08.06-02.19.52:361][770]LogSceneAutomation: Display: SCENE_TARGET_POS t=162.0 entity=target_right world=X=-2139.670 Y=-9642.005 Z=10.000
[2026.08.06-02.19.52:361][770]LogSceneAutomation: Display: SCENE_ASV_POS t=162.0 world=X=-2654.766 Y=-10169.203 Z=20.689 yaw=0
[2026.08.06-02.19.53:369][813]LogSceneAutomation: Display: SCENE_YAW_FIX t=163.01 asv_count=1
[2026.08.06-02.19.53:369][813]LogSceneAutomation: Display: SCENE_TARGET_POS t=163.0 entity=target_red world=X=-2317.928 Y=-10174.445 Z=10.000
[2026.08.06-02.19.53:369][813]LogSceneAutomation: Display: SCENE_TARGET_POS t=163.0 entity=target_blue world=X=-2319.677 Y=-9984.890 Z=10.000
[2026.08.06-02.19.53:369][813]LogSceneAutomation: Display: SCENE_TARGET_POS t=163.0 entity=target_left world=X=-2055.783 Y=-10359.389 Z=10.000
[2026.08.06-02.19.53:369][813]LogSceneAutomation: Display: SCENE_TARGET_POS t=163.0 entity=target_right world=X=-2079.194 Y=-9642.005 Z=10.000
[2026.08.06-02.19.53:369][813]LogSceneAutomation: Display: SCENE_ASV_POS t=163.0 world=X=-2568.950 Y=-10171.337 Z=20.689 yaw=0
[2026.08.06-02.19.54:365][855]LogSceneAutomation: Display: SCENE_YAW_FIX t=164.01 asv_count=1
[2026.08.06-02.19.54:366][855]LogSceneAutomation: Display: SCENE_TARGET_POS t=164.0 entity=target_red world=X=-2258.057 Y=-10178.248 Z=10.000
[2026.08.06-02.19.54:366][855]LogSceneAutomation: Display: SCENE_TARGET_POS t=164.0 entity=target_blue world=X=-2259.806 Y=-9988.694 Z=10.000
[2026.08.06-02.19.54:366][855]LogSceneAutomation: Display: SCENE_TARGET_POS t=164.0 entity=target_left world=X=-1995.912 Y=-10359.389 Z=10.000
[2026.08.06-02.19.54:366][855]LogSceneAutomation: Display: SCENE_TARGET_POS t=164.0 entity=target_right world=X=-2019.323 Y=-9642.005 Z=10.000
[2026.08.06-02.19.54:366][855]LogSceneAutomation: Display: SCENE_ASV_POS t=164.0 world=X=-2524.976 Y=-10172.428 Z=20.689 yaw=0
[2026.08.06-02.19.55:367][898]LogSceneAutomation: Display: SCENE_YAW_FIX t=165.01 asv_count=1
[2026.08.06-02.19.55:368][898]LogSceneAutomation: Display: SCENE_TARGET_POS t=165.0 entity=target_red world=X=-2197.940 Y=-10181.746 Z=10.000
[2026.08.06-02.19.55:368][898]LogSceneAutomation: Display: SCENE_TARGET_POS t=165.0 entity=target_blue world=X=-2199.689 Y=-9992.192 Z=10.000
[2026.08.06-02.19.55:368][898]LogSceneAutomation: Display: SCENE_TARGET_POS t=165.0 entity=target_left world=X=-1935.795 Y=-10359.389 Z=10.000
[2026.08.06-02.19.55:368][898]LogSceneAutomation: Display: SCENE_TARGET_POS t=165.0 entity=target_right world=X=-1959.206 Y=-9642.005 Z=10.000
[2026.08.06-02.19.55:368][898]LogSceneAutomation: Display: SCENE_ASV_POS t=165.0 world=X=-2545.148 Y=-10178.191 Z=20.689 yaw=0
[2026.08.06-02.19.56:366][941]LogSceneAutomation: Display: SCENE_YAW_FIX t=166.01 asv_count=1
[2026.08.06-02.19.56:367][941]LogSceneAutomation: Display: SCENE_TARGET_POS t=166.0 entity=target_red world=X=-2137.989 Y=-10184.899 Z=10.000
[2026.08.06-02.19.56:367][941]LogSceneAutomation: Display: SCENE_TARGET_POS t=166.0 entity=target_blue world=X=-2139.738 Y=-9995.345 Z=10.000
[2026.08.06-02.19.56:367][941]LogSceneAutomation: Display: SCENE_TARGET_POS t=166.0 entity=target_left world=X=-1875.844 Y=-10359.389 Z=10.000
[2026.08.06-02.19.56:367][941]LogSceneAutomation: Display: SCENE_TARGET_POS t=166.0 entity=target_right world=X=-1899.255 Y=-9642.005 Z=10.000
[2026.08.06-02.19.56:367][941]LogSceneAutomation: Display: SCENE_ASV_POS t=166.0 world=X=-2517.500 Y=-10195.012 Z=20.689 yaw=0
[2026.08.06-02.19.57:362][983]LogSceneAutomation: Display: SCENE_YAW_FIX t=167.00 asv_count=1
[2026.08.06-02.19.57:362][983]LogSceneAutomation: Display: SCENE_TARGET_POS t=167.0 entity=target_red world=X=-2078.435 Y=-10187.689 Z=10.000
[2026.08.06-02.19.57:362][983]LogSceneAutomation: Display: SCENE_TARGET_POS t=167.0 entity=target_blue world=X=-2080.184 Y=-9998.134 Z=10.000
[2026.08.06-02.19.57:362][983]LogSceneAutomation: Display: SCENE_TARGET_POS t=167.0 entity=target_left world=X=-1816.290 Y=-10359.389 Z=10.000
[2026.08.06-02.19.57:362][983]LogSceneAutomation: Display: SCENE_TARGET_POS t=167.0 entity=target_right world=X=-1839.701 Y=-9642.005 Z=10.000
[2026.08.06-02.19.57:362][983]LogSceneAutomation: Display: SCENE_ASV_POS t=167.0 world=X=-2416.384 Y=-10199.336 Z=20.689 yaw=0
[2026.08.06-02.19.58:363][ 27]LogSceneAutomation: Display: SCENE_YAW_FIX t=168.01 asv_count=1
[2026.08.06-02.19.58:364][ 27]LogSceneAutomation: Display: SCENE_TARGET_POS t=168.0 entity=target_red world=X=-2018.143 Y=-10190.153 Z=10.000
[2026.08.06-02.19.58:364][ 27]LogSceneAutomation: Display: SCENE_TARGET_POS t=168.0 entity=target_blue world=X=-2019.892 Y=-10000.598 Z=10.000
[2026.08.06-02.19.58:364][ 27]LogSceneAutomation: Display: SCENE_TARGET_POS t=168.0 entity=target_left world=X=-1755.998 Y=-10359.389 Z=10.000
[2026.08.06-02.19.58:364][ 27]LogSceneAutomation: Display: SCENE_TARGET_POS t=168.0 entity=target_right world=X=-1779.409 Y=-9642.005 Z=10.000
[2026.08.06-02.19.58:364][ 27]LogSceneAutomation: Display: SCENE_ASV_POS t=168.0 world=X=-2304.412 Y=-10199.034 Z=20.689 yaw=0
[2026.08.06-02.19.59:364][ 69]LogSceneAutomation: Display: SCENE_YAW_FIX t=169.01 asv_count=1
[2026.08.06-02.19.59:364][ 69]LogSceneAutomation: Display: SCENE_TARGET_POS t=169.0 entity=target_red world=X=-1958.326 Y=-10192.230 Z=10.000
[2026.08.06-02.19.59:364][ 69]LogSceneAutomation: Display: SCENE_TARGET_POS t=169.0 entity=target_blue world=X=-1960.075 Y=-10002.676 Z=10.000
[2026.08.06-02.19.59:364][ 69]LogSceneAutomation: Display: SCENE_TARGET_POS t=169.0 entity=target_left world=X=-1696.181 Y=-10359.389 Z=10.000
[2026.08.06-02.19.59:364][ 69]LogSceneAutomation: Display: SCENE_TARGET_POS t=169.0 entity=target_right world=X=-1719.592 Y=-9642.005 Z=10.000
[2026.08.06-02.19.59:364][ 69]LogSceneAutomation: Display: SCENE_ASV_POS t=169.0 world=X=-2279.395 Y=-10200.370 Z=20.689 yaw=0
[2026.08.06-02.20.00:363][112]LogSceneAutomation: Display: SCENE_YAW_FIX t=170.01 asv_count=1
[2026.08.06-02.20.00:363][112]LogSceneAutomation: Display: SCENE_TARGET_POS t=170.0 entity=target_red world=X=-1898.264 Y=-10193.940 Z=10.000
[2026.08.06-02.20.00:363][112]LogSceneAutomation: Display: SCENE_TARGET_POS t=170.0 entity=target_blue world=X=-1900.013 Y=-10004.385 Z=10.000
[2026.08.06-02.20.00:363][112]LogSceneAutomation: Display: SCENE_TARGET_POS t=170.0 entity=target_left world=X=-1636.119 Y=-10359.389 Z=10.000
[2026.08.06-02.20.00:363][112]LogSceneAutomation: Display: SCENE_TARGET_POS t=170.0 entity=target_right world=X=-1659.530 Y=-9642.005 Z=10.000
[2026.08.06-02.20.00:363][112]LogSceneAutomation: Display: SCENE_ASV_POS t=170.0 world=X=-2254.309 Y=-10202.294 Z=20.689 yaw=0
[2026.08.06-02.20.01:368][155]LogSceneAutomation: Display: SCENE_YAW_FIX t=171.01 asv_count=1
[2026.08.06-02.20.01:368][155]LogSceneAutomation: Display: SCENE_TARGET_POS t=171.0 entity=target_red world=X=-1837.977 Y=-10195.270 Z=10.000
[2026.08.06-02.20.01:368][155]LogSceneAutomation: Display: SCENE_TARGET_POS t=171.0 entity=target_blue world=X=-1839.725 Y=-10005.716 Z=10.000
[2026.08.06-02.20.01:368][155]LogSceneAutomation: Display: SCENE_TARGET_POS t=171.0 entity=target_left world=X=-1575.832 Y=-10359.389 Z=10.000
[2026.08.06-02.20.01:368][155]LogSceneAutomation: Display: SCENE_TARGET_POS t=171.0 entity=target_right world=X=-1599.243 Y=-9642.005 Z=10.000
[2026.08.06-02.20.01:368][155]LogSceneAutomation: Display: SCENE_ASV_POS t=171.0 world=X=-2219.392 Y=-10203.571 Z=20.689 yaw=0
[2026.08.06-02.20.02:366][198]LogSceneAutomation: Display: SCENE_YAW_FIX t=172.01 asv_count=1
[2026.08.06-02.20.02:366][198]LogSceneAutomation: Display: SCENE_TARGET_POS t=172.0 entity=target_red world=X=-1777.997 Y=-10196.204 Z=10.000
[2026.08.06-02.20.02:366][198]LogSceneAutomation: Display: SCENE_TARGET_POS t=172.0 entity=target_blue world=X=-1779.745 Y=-10006.650 Z=10.000
[2026.08.06-02.20.02:366][198]LogSceneAutomation: Display: SCENE_TARGET_POS t=172.0 entity=target_left world=X=-1515.852 Y=-10359.389 Z=10.000
[2026.08.06-02.20.02:366][198]LogSceneAutomation: Display: SCENE_TARGET_POS t=172.0 entity=target_right world=X=-1539.263 Y=-9642.005 Z=10.000
[2026.08.06-02.20.02:366][198]LogSceneAutomation: Display: SCENE_ASV_POS t=172.0 world=X=-2184.499 Y=-10204.809 Z=20.689 yaw=0
[2026.08.06-02.20.03:368][241]LogSceneAutomation: Display: SCENE_YAW_FIX t=173.01 asv_count=1
[2026.08.06-02.20.03:368][241]LogSceneAutomation: Display: SCENE_TARGET_POS t=173.0 entity=target_red world=X=-1717.973 Y=-10196.748 Z=10.000
[2026.08.06-02.20.03:368][241]LogSceneAutomation: Display: SCENE_TARGET_POS t=173.0 entity=target_blue world=X=-1719.722 Y=-10007.193 Z=10.000
[2026.08.06-02.20.03:368][241]LogSceneAutomation: Display: SCENE_TARGET_POS t=173.0 entity=target_left world=X=-1455.828 Y=-10359.389 Z=10.000
[2026.08.06-02.20.03:368][241]LogSceneAutomation: Display: SCENE_TARGET_POS t=173.0 entity=target_right world=X=-1479.239 Y=-9642.005 Z=10.000
[2026.08.06-02.20.03:368][241]LogSceneAutomation: Display: SCENE_ASV_POS t=173.0 world=X=-2149.564 Y=-10205.780 Z=20.689 yaw=0
[2026.08.06-02.20.04:364][284]LogSceneAutomation: Display: SCENE_YAW_FIX t=174.01 asv_count=1
[2026.08.06-02.20.04:364][284]LogSceneAutomation: Display: SCENE_TARGET_POS t=174.0 entity=target_red world=X=-1658.134 Y=-10196.896 Z=10.000
[2026.08.06-02.20.04:364][284]LogSceneAutomation: Display: SCENE_TARGET_POS t=174.0 entity=target_blue world=X=-1659.883 Y=-10007.342 Z=10.000
[2026.08.06-02.20.04:364][284]LogSceneAutomation: Display: SCENE_TARGET_POS t=174.0 entity=target_left world=X=-1395.989 Y=-10359.389 Z=10.000
[2026.08.06-02.20.04:364][284]LogSceneAutomation: Display: SCENE_TARGET_POS t=174.0 entity=target_right world=X=-1419.400 Y=-9642.005 Z=10.000
[2026.08.06-02.20.04:364][284]LogSceneAutomation: Display: SCENE_ASV_POS t=174.0 world=X=-2044.912 Y=-10207.121 Z=20.689 yaw=0
[2026.08.06-02.20.05:347][322]LogImageCompression: Display: EDGE_CAPTURE_STATS count=1750 size=1280x720 srgb=0 mean_rgb=(37.9,61.3,101.3) max=239 linear_to_gamma=1
[2026.08.06-02.20.05:362][322]LogSceneAutomation: Display: SCENE_YAW_FIX t=175.02 asv_count=1
[2026.08.06-02.20.05:362][322]LogSceneAutomation: Display: SCENE_TARGET_POS t=175.0 entity=target_red world=X=-1597.571 Y=-10196.647 Z=10.000
[2026.08.06-02.20.05:362][322]LogSceneAutomation: Display: SCENE_TARGET_POS t=175.0 entity=target_blue world=X=-1599.320 Y=-10007.093 Z=10.000
[2026.08.06-02.20.05:362][322]LogSceneAutomation: Display: SCENE_TARGET_POS t=175.0 entity=target_left world=X=-1335.426 Y=-10359.389 Z=10.000
[2026.08.06-02.20.05:362][322]LogSceneAutomation: Display: SCENE_TARGET_POS t=175.0 entity=target_right world=X=-1358.837 Y=-9642.005 Z=10.000
[2026.08.06-02.20.05:362][322]LogSceneAutomation: Display: SCENE_ASV_POS t=175.0 world=X=-1927.268 Y=-10207.479 Z=20.689 yaw=0
[2026.08.06-02.20.06:367][365]LogSceneAutomation: Display: SCENE_YAW_FIX t=176.00 asv_count=1
[2026.08.06-02.20.06:367][365]LogSceneAutomation: Display: SCENE_TARGET_POS t=176.0 entity=target_red world=X=-1538.398 Y=-10196.017 Z=10.000
[2026.08.06-02.20.06:367][365]LogSceneAutomation: Display: SCENE_TARGET_POS t=176.0 entity=target_blue world=X=-1540.146 Y=-10006.462 Z=10.000
[2026.08.06-02.20.06:367][365]LogSceneAutomation: Display: SCENE_TARGET_POS t=176.0 entity=target_left world=X=-1276.253 Y=-10359.389 Z=10.000
[2026.08.06-02.20.06:367][365]LogSceneAutomation: Display: SCENE_TARGET_POS t=176.0 entity=target_right world=X=-1299.664 Y=-9642.005 Z=10.000
[2026.08.06-02.20.06:367][365]LogSceneAutomation: Display: SCENE_ASV_POS t=176.0 world=X=-1823.229 Y=-10206.125 Z=20.689 yaw=0
[2026.08.06-02.20.07:364][408]LogSceneAutomation: Display: SCENE_YAW_FIX t=177.01 asv_count=1
[2026.08.06-02.20.07:364][408]LogSceneAutomation: Display: SCENE_TARGET_POS t=177.0 entity=target_red world=X=-1478.206 Y=-10194.985 Z=10.000
[2026.08.06-02.20.07:364][408]LogSceneAutomation: Display: SCENE_TARGET_POS t=177.0 entity=target_blue world=X=-1479.955 Y=-10005.430 Z=10.000
[2026.08.06-02.20.07:364][408]LogSceneAutomation: Display: SCENE_TARGET_POS t=177.0 entity=target_left world=X=-1216.061 Y=-10359.389 Z=10.000
[2026.08.06-02.20.07:364][408]LogSceneAutomation: Display: SCENE_TARGET_POS t=177.0 entity=target_right world=X=-1239.472 Y=-9642.005 Z=10.000
[2026.08.06-02.20.07:364][408]LogSceneAutomation: Display: SCENE_ASV_POS t=177.0 world=X=-1740.044 Y=-10202.538 Z=20.689 yaw=0
[2026.08.06-02.20.08:364][450]LogSceneAutomation: Display: SCENE_YAW_FIX t=178.01 asv_count=1
[2026.08.06-02.20.08:364][450]LogSceneAutomation: Display: SCENE_TARGET_POS t=178.0 entity=target_red world=X=-1418.148 Y=-10193.567 Z=10.000
[2026.08.06-02.20.08:364][450]LogSceneAutomation: Display: SCENE_TARGET_POS t=178.0 entity=target_blue world=X=-1419.896 Y=-10004.012 Z=10.000
[2026.08.06-02.20.08:364][450]LogSceneAutomation: Display: SCENE_TARGET_POS t=178.0 entity=target_left world=X=-1156.003 Y=-10359.389 Z=10.000
[2026.08.06-02.20.08:364][450]LogSceneAutomation: Display: SCENE_TARGET_POS t=178.0 entity=target_right world=X=-1179.414 Y=-9642.005 Z=10.000
[2026.08.06-02.20.08:364][450]LogSceneAutomation: Display: SCENE_ASV_POS t=178.0 world=X=-1686.259 Y=-10200.220 Z=20.689 yaw=0
[2026.08.06-02.20.09:367][493]LogSceneAutomation: Display: SCENE_YAW_FIX t=179.01 asv_count=1
[2026.08.06-02.20.09:367][493]LogSceneAutomation: Display: SCENE_TARGET_POS t=179.0 entity=target_red world=X=-1358.002 Y=-10191.764 Z=10.000
[2026.08.06-02.20.09:367][493]LogSceneAutomation: Display: SCENE_TARGET_POS t=179.0 entity=target_blue world=X=-1359.751 Y=-10002.209 Z=10.000
[2026.08.06-02.20.09:367][493]LogSceneAutomation: Display: SCENE_TARGET_POS t=179.0 entity=target_left world=X=-1095.857 Y=-10359.389 Z=10.000
[2026.08.06-02.20.09:367][493]LogSceneAutomation: Display: SCENE_TARGET_POS t=179.0 entity=target_right world=X=-1119.268 Y=-9642.005 Z=10.000
[2026.08.06-02.20.09:367][493]LogSceneAutomation: Display: SCENE_ASV_POS t=179.0 world=X=-1679.673 Y=-10201.169 Z=20.689 yaw=0
[2026.08.06-02.20.10:363][535]LogSceneAutomation: Display: SCENE_YAW_FIX t=180.01 asv_count=1
[2026.08.06-02.20.10:363][535]LogSceneAutomation: Display: SCENE_TARGET_POS t=180.0 entity=target_red world=X=-1298.256 Y=-10189.600 Z=10.000
[2026.08.06-02.20.10:363][535]LogSceneAutomation: Display: SCENE_TARGET_POS t=180.0 entity=target_blue world=X=-1300.004 Y=-10000.046 Z=10.000
[2026.08.06-02.20.10:363][535]LogSceneAutomation: Display: SCENE_TARGET_POS t=180.0 entity=target_left world=X=-1036.111 Y=-10359.389 Z=10.000
[2026.08.06-02.20.10:363][535]LogSceneAutomation: Display: SCENE_TARGET_POS t=180.0 entity=target_right world=X=-1059.522 Y=-9642.005 Z=10.000
[2026.08.06-02.20.10:363][535]LogSceneAutomation: Display: SCENE_ASV_POS t=180.0 world=X=-1647.506 Y=-10204.284 Z=20.689 yaw=0
[2026.08.06-02.20.11:360][576]LogSceneAutomation: Display: SCENE_YAW_FIX t=181.00 asv_count=1
[2026.08.06-02.20.11:360][576]LogSceneAutomation: Display: SCENE_TARGET_POS t=181.0 entity=target_red world=X=-1238.564 Y=-10187.076 Z=10.000
[2026.08.06-02.20.11:360][576]LogSceneAutomation: Display: SCENE_TARGET_POS t=181.0 entity=target_blue world=X=-1240.312 Y=-9997.522 Z=10.000
[2026.08.06-02.20.11:360][576]LogSceneAutomation: Display: SCENE_TARGET_POS t=181.0 entity=target_left world=X=-976.418 Y=-10359.389 Z=10.000
[2026.08.06-02.20.11:360][576]LogSceneAutomation: Display: SCENE_TARGET_POS t=181.0 entity=target_right world=X=-999.829 Y=-9642.005 Z=10.000
[2026.08.06-02.20.11:360][576]LogSceneAutomation: Display: SCENE_ASV_POS t=181.0 world=X=-1548.680 Y=-10203.413 Z=20.689 yaw=0
[2026.08.06-02.20.12:362][617]LogSceneAutomation: Display: SCENE_YAW_FIX t=182.01 asv_count=1
[2026.08.06-02.20.12:362][617]LogSceneAutomation: Display: SCENE_TARGET_POS t=182.0 entity=target_red world=X=-1178.360 Y=-10184.174 Z=10.000
[2026.08.06-02.20.12:362][617]LogSceneAutomation: Display: SCENE_TARGET_POS t=182.0 entity=target_blue world=X=-1180.109 Y=-9994.620 Z=10.000
[2026.08.06-02.20.12:362][617]LogSceneAutomation: Display: SCENE_TARGET_POS t=182.0 entity=target_left world=X=-916.215 Y=-10359.389 Z=10.000
[2026.08.06-02.20.12:362][617]LogSceneAutomation: Display: SCENE_TARGET_POS t=182.0 entity=target_right world=X=-939.626 Y=-9642.005 Z=10.000
[2026.08.06-02.20.12:362][617]LogSceneAutomation: Display: SCENE_ASV_POS t=182.0 world=X=-1460.278 Y=-10199.283 Z=20.689 yaw=0
[2026.08.06-02.20.13:365][654]LogSceneAutomation: Display: SCENE_YAW_FIX t=183.01 asv_count=1
[2026.08.06-02.20.13:365][654]LogSceneAutomation: Display: SCENE_TARGET_POS t=183.0 entity=target_red world=X=-1118.321 Y=-10180.935 Z=10.000
[2026.08.06-02.20.13:365][654]LogSceneAutomation: Display: SCENE_TARGET_POS t=183.0 entity=target_blue world=X=-1120.069 Y=-9991.380 Z=10.000
[2026.08.06-02.20.13:365][654]LogSceneAutomation: Display: SCENE_TARGET_POS t=183.0 entity=target_left world=X=-856.176 Y=-10359.389 Z=10.000
[2026.08.06-02.20.13:365][654]LogSceneAutomation: Display: SCENE_TARGET_POS t=183.0 entity=target_right world=X=-879.587 Y=-9642.005 Z=10.000
[2026.08.06-02.20.13:365][654]LogSceneAutomation: Display: SCENE_ASV_POS t=183.0 world=X=-1423.371 Y=-10200.718 Z=20.689 yaw=0
[2026.08.06-02.20.14:364][695]LogSceneAutomation: Display: SCENE_YAW_FIX t=184.01 asv_count=1
[2026.08.06-02.20.14:365][695]LogSceneAutomation: Display: SCENE_TARGET_POS t=184.0 entity=target_red world=X=-1058.115 Y=-10177.352 Z=10.000
[2026.08.06-02.20.14:365][695]LogSceneAutomation: Display: SCENE_TARGET_POS t=184.0 entity=target_blue world=X=-1059.863 Y=-9987.798 Z=10.000
[2026.08.06-02.20.14:365][695]LogSceneAutomation: Display: SCENE_TARGET_POS t=184.0 entity=target_left world=X=-795.970 Y=-10359.389 Z=10.000
[2026.08.06-02.20.14:365][695]LogSceneAutomation: Display: SCENE_TARGET_POS t=184.0 entity=target_right world=X=-819.381 Y=-9642.005 Z=10.000
[2026.08.06-02.20.14:365][695]LogSceneAutomation: Display: SCENE_ASV_POS t=184.0 world=X=-1350.924 Y=-10196.202 Z=20.689 yaw=0
[2026.08.06-02.20.15:288][737]LogSceneAutomation: Display: SCENE_YAW_FIX t=185.00 asv_count=1
[2026.08.06-02.20.15:288][737]LogSceneAutomation: Display: SCENE_TARGET_POS t=185.0 entity=target_red world=X=-998.687 Y=-10173.503 Z=10.000
[2026.08.06-02.20.15:288][737]LogSceneAutomation: Display: SCENE_TARGET_POS t=185.0 entity=target_blue world=X=-1000.436 Y=-9983.949 Z=10.000
[2026.08.06-02.20.15:288][737]LogSceneAutomation: Display: SCENE_TARGET_POS t=185.0 entity=target_left world=X=-736.542 Y=-10359.389 Z=10.000
[2026.08.06-02.20.15:288][737]LogSceneAutomation: Display: SCENE_TARGET_POS t=185.0 entity=target_right world=X=-759.953 Y=-9642.005 Z=10.000
[2026.08.06-02.20.15:288][737]LogSceneAutomation: Display: SCENE_ASV_POS t=185.0 world=X=-1301.619 Y=-10190.897 Z=20.689 yaw=0
[2026.08.06-02.20.15:288][737]LogSceneAutomation: Display: SCENE_UE_COMPLETE slot=TRACK-SYNTH-RED3 layout=L7 motion=S2 scene_seed=230908 runtime_seconds=185.00
[2026.08.06-02.20.15:288][737]LogWindows: FPlatformMisc::RequestExit(0, <NoCallSiteInfo>)
[2026.08.06-02.20.15:288][737]LogWindows: FPlatformMisc::RequestExitWithStatus(0, 0, <NoCallSiteInfo>)
[2026.08.06-02.20.15:288][737]LogCore: Engine exit requested (reason: Win RequestExit)
[2026.08.06-02.20.15:300][738]LogCore: Engine exit requested (reason: EngineExit() was called; note: exit was already requested)
[2026.08.06-02.20.15:317][738]LogStaticMesh: Abandoning remaining async distance field tasks for shutdown
[2026.08.06-02.20.15:317][738]LogStaticMesh: Abandoning remaining async card representation tasks for shutdown
[2026.08.06-02.20.15:317][738]LogInit: Display: PreExit Game.
[2026.08.06-02.20.15:317][738]LogWorld: BeginTearingDown for /Game/Main_Map
[2026.08.06-02.20.15:317][738]LogWorld: UWorld::CleanupWorld for Main_Map, bSessionEnded=true, bCleanupResources=true
[2026.08.06-02.20.15:319][738]LogSlate: InvalidateAllWidgets triggered.  All widgets were invalidated
[2026.08.06-02.20.15:319][738]LogRuntimeTelemetry: Recording EnginePreExit events
[2026.08.06-02.20.15:319][738]LogStudioTelemetry: Ended StudioTelemetry Session
[2026.08.06-02.20.15:862][738]LogAudio: Display: Beginning Audio Device Manager Shutdown (Module: AudioMixerXAudio2)...
[2026.08.06-02.20.15:862][738]LogAudio: Display: Destroying 1 Remaining Audio Device(s)...
[2026.08.06-02.20.15:862][738]LogAudio: Display: Audio Device unregistered from world 'Main_Map'.
[2026.08.06-02.20.15:862][738]LogAudio: Display: Shutting down audio device while 1 references to it are still alive. For more information, compile with INSTRUMENT_AUDIODEVICE_HANDLES.
[2026.08.06-02.20.15:897][738]LogAudioMixer: Display: FMixerPlatformXAudio2::StopAudioStream() called. InstanceID=1, StreamState=4
[2026.08.06-02.20.15:903][738]LogAudioMixer: Display: FMixerPlatformXAudio2::StopAudioStream() called. InstanceID=1, StreamState=2
[2026.08.06-02.20.15:917][738]LogAudioMixer: Deinitializing Audio Bus Subsystem for audio device with ID -1
[2026.08.06-02.20.15:917][738]LogAudio: Display: Audio Device Manager Shutdown
[2026.08.06-02.20.15:918][738]LogSlate: Window 'VLA (64-bit Development PCD3D_SM6) ' being destroyed
[2026.08.06-02.20.15:920][738]LogSlate: Slate User Destroyed.  User Index 0, Is Virtual User: 0
[2026.08.06-02.20.15:920][738]LogExit: Preparing to exit.
[2026.08.06-02.20.15:966][738]LogUObjectHash: Compacting FUObjectHashTables data took   0.73ms
[2026.08.06-02.20.16:019][738]LogMoviePlayer: Shutting down movie player
[2026.08.06-02.20.16:032][738]LogSlate: Updating window title bar state: overlay mode, drag disabled, window buttons hidden, title bar hidden
[2026.08.06-02.20.16:039][738]LogDemo: Cleaned up 0 splitscreen connections, owner deletion: enabled
[2026.08.06-02.20.16:048][738]LogExit: Game engine shut down
[2026.08.06-02.20.16:056][738]LogRenderer: Forcing update for all mesh draw commands: SkyLight change
[2026.08.06-02.20.16:056][738]LogRenderer: Forcing update for all mesh draw commands: SkyLight real-time capture change
[2026.08.06-02.20.16:094][738]LogExit: Object subsystem successfully closed.
[2026.08.06-02.20.16:107][738]LogShaderCompilers: Display: Shaders left to compile 0
[2026.08.06-02.20.16:142][738]LogChaosDD: Chaos Debug Draw Shutdown
[2026.08.06-02.20.16:180][738]LogEOSShared: FEOSSDKManager::Shutdown EOS_Shutdown Result=[EOS_Success]
[2026.08.06-02.20.16:181][738]RenderDocPlugin: plugin has been unloaded.
[2026.08.06-02.20.16:187][738]LogNFORDenoise: NFORDenoise function shutting down
[2026.08.06-02.20.16:187][738]LogXGEController: Cleaning working directory: C:/Users/LIU/AppData/Local/Temp/UnrealXGEWorkingDir/
[2026.08.06-02.20.16:190][738]LogIris: FNetObjectFactoryRegistry::UnregisterFactory is unregistering factory: None name: NetActorFactory id: 0
[2026.08.06-02.20.16:190][738]LogIris: FNetObjectFactoryRegistry::UnregisterFactory is unregistering factory: None name: NetSubObjectFactory id: 1
[2026.08.06-02.20.16:190][738]LogPakFile: Destroying PakPlatformFile
[2026.08.06-02.20.16:330][738]LogD3D12RHI: ~FD3D12DynamicRHI
[2026.08.06-02.20.16:342][738]LogExit: Exiting.
[2026.08.06-02.20.16:349][738]Log file closed, 08/06/26 10:20:16
