[INFO] [launch]: All log files can be found below /home/jetson/.ros/log/2026-08-06-09-09-59-235652-yahboom-1635123
[INFO] [launch]: Default logging verbosity is set to INFO
[INFO] [ue_object_deliverer_bridge_node-1]: process started with pid [1635139]
[INFO] [temporal_entity_tracker-2]: process started with pid [1635141]
[INFO] [task_instruction-3]: process started with pid [1635143]
[INFO] [language_qwen-4]: process started with pid [1635145]
[INFO] [task_entity_tensor-5]: process started with pid [1635147]
[INFO] [safety_gate-6]: process started with pid [1635149]
[INFO] [trajectory_controller-7]: process started with pid [1635151]
[INFO] [decision_setpoint_adapter-8]: process started with pid [1635163]
[ue_object_deliverer_bridge_node-1] [INFO] [1785978599.449699680] [ue_object_deliverer_bridge_node]: Listening for UE5 ObjectDeliverer on 0.0.0.0:8080, terminator='__OD_END__', outbound_command_mode='kinematic'; kinematic executor -> 192.168.137.1:8081
[task_instruction-3] [INFO] [1785978600.470212896] [task_instruction]: publishing task text: 跟随红色目标船，保持3米距离
[language_qwen-4] [INFO] [1785978609.779895200] [language_qwen]: READY model=Qwen/Qwen3-Embedding-0.6B;device=cuda;cache_size=32
[language_qwen-4] [INFO] [1785978609.782496480] [language_qwen]: LANGUAGE_TASK_RECEIVED instruction=跟随红色目标船，保持3米距离
[language_qwen-4] [INFO] [1785978610.666238080] [language_qwen]: LANGUAGE_READY_VALID instruction=跟随红色目标船，保持3米距离;release_model=true
[INFO] [image_entity_perception-9]: process started with pid [1635360]
[image_entity_perception-9] [INFO] [1785978646.980443008] [image_entity_perception]: ready model=image_entity_ridge_language_v3;device=cuda;path=/home/jetson/jetson_asv_ws/models/perception_image_conditioned_130_v1.npz;input=(camera_image_rgb,task_embedding_float32[256])->structured_entities;language_model=Qwen/Qwen3-Embedding-0.6B;legacy_image_only=False;preprocess=ue5_capture_gamma065_brightness100_contrast100_v2;enabled=False;gamma=0.920;brightness=1.040;contrast=1.030
[INFO] [vla_policy-10]: process started with pid [1635389]
[vla_policy-10] [INFO] [1785978652.015071328] [vla_policy]: POLICY_READY backend=torch_cuda device=cuda model=/home/jetson/jetson_asv_ws/models/policy_synthetic_qwen_l7_seed23_20260805.pt inputs=task_embedding+structured_entities+previous_action output=[desired_x,desired_y]
[ue_object_deliverer_bridge_node-1] [INFO] [1785978781.983082272] [ue_object_deliverer_bridge_node]: UE5 connected from 192.168.137.1:8814
[ue_object_deliverer_bridge_node-1] [INFO] [1785978782.574494112] [ue_object_deliverer_bridge_node]: Connected to UE5 kinematic executor 192.168.137.1:8081
[image_entity_perception-9] [INFO] [1785978783.774191776] [image_entity_perception]: PERCEPTION_TRACE run_id=125A0E8D4D3C6BA46F4283AFCAC25321 frame_index=8 sample=1/5 model=image_entity_ridge_language_v3 target=target_red relative_x=4.974755 relative_y=-0.691350 visible=True confidence=1.000000 bbox_valid=True
[vla_policy-10] [INFO] [1785978783.786180800] [vla_policy]: ENT_IN_TRACE count=1 frame_index=8 valid=True detail=OK:selected=1;targets=1;risks=0;dropped=0
[image_entity_perception-9] [INFO] [1785978783.838002336] [image_entity_perception]: PERCEPTION_TRACE run_id=125A0E8D4D3C6BA46F4283AFCAC25321 frame_index=11 sample=2/5 model=image_entity_ridge_language_v3 target=target_red relative_x=4.765496 relative_y=-0.658595 visible=True confidence=1.000000 bbox_valid=True
[image_entity_perception-9] [INFO] [1785978783.886257504] [image_entity_perception]: PERCEPTION_TRACE run_id=125A0E8D4D3C6BA46F4283AFCAC25321 frame_index=12 sample=3/5 model=image_entity_ridge_language_v3 target=target_red relative_x=4.765496 relative_y=-0.658921 visible=True confidence=1.000000 bbox_valid=True
[image_entity_perception-9] [INFO] [1785978783.948302624] [image_entity_perception]: PERCEPTION_TRACE run_id=125A0E8D4D3C6BA46F4283AFCAC25321 frame_index=13 sample=4/5 model=image_entity_ridge_language_v3 target=target_red relative_x=4.671613 relative_y=-0.646198 visible=True confidence=1.000000 bbox_valid=True
[image_entity_perception-9] [INFO] [1785978784.109384320] [image_entity_perception]: PERCEPTION_TRACE run_id=125A0E8D4D3C6BA46F4283AFCAC25321 frame_index=14 sample=5/5 model=image_entity_ridge_language_v3 target=target_red relative_x=4.741412 relative_y=-0.653416 visible=True confidence=1.000000 bbox_valid=True
[vla_policy-10] [INFO] [1785978784.428124864] [vla_policy]: POLICY_TRACE sample=1/5 run_id=125A0E8D4D3C6BA46F4283AFCAC25321 scene_seed=230908 frame_index=8 policy_valid=True stop=False lang_valid=True entity_valid=True guard_result=policy_driven guard_reason=policy_driven raw_dx=0.297564 raw_dy=-0.038114 guarded_dx=0.297564 guarded_dy=-0.038114 final_dx=0.049595 final_dy=-0.006352 policy_driven=1 backstop=0 hold=0 fail_closed=0 policy_stop=0
[vla_policy-10] [INFO] [1785978784.432928032] [vla_policy]: ENT_IN_TRACE count=2 frame_index=11 valid=True detail=OK:selected=1;targets=1;risks=0;dropped=0
[ue_object_deliverer_bridge_node-1] [INFO] [1785978784.434723872] [ue_object_deliverer_bridge_node]: kinematic setpoint received stamp=900513 valid=0
[ue_object_deliverer_bridge_node-1] [INFO] [1785978784.435234432] [ue_object_deliverer_bridge_node]: Sent kinematic setpoint to UE5: bytes=386, payload={"Command_Type":"Kinematic_Setpoint","Delta_X_Cm":0.0,"Delta_Y_Cm":0.0,"Frame_ID":"ue_actor_local","Hold_Position":true,"Reason":"DECISION_INVALID","Run_ID":"125A0E8D4D3C6BA46F4283AFCAC25321","Scene_Seed":230908,"Sequence":0,"Source_Frame_Index":8,"Source_Model_Version":"safety_gate_v1","Source_Stamp_Us":900513,"Stamp_Us":900513,"Step_Dt":0.20000000298023224,"Valid":false}__OD_END__
[vla_policy-10] [INFO] [1785978784.473398080] [vla_policy]: POLICY_TRACE sample=2/5 run_id=125A0E8D4D3C6BA46F4283AFCAC25321 scene_seed=230908 frame_index=11 policy_valid=True stop=False lang_valid=True entity_valid=True guard_result=policy_driven guard_reason=policy_driven raw_dx=0.297592 raw_dy=-0.037893 guarded_dx=0.297592 guarded_dy=-0.037893 final_dx=0.049600 final_dy=-0.006316 policy_driven=2 backstop=0 hold=0 fail_closed=0 policy_stop=0
[vla_policy-10] [INFO] [1785978784.476032640] [vla_policy]: ENT_IN_TRACE count=3 frame_index=12 valid=True detail=OK:selected=1;targets=1;risks=0;dropped=0
[vla_policy-10] [INFO] [1785978784.477661216] [vla_policy]: ENT_IN_TRACE count=4 frame_index=13 valid=True detail=OK:selected=1;targets=1;risks=0;dropped=0
[vla_policy-10] [INFO] [1785978784.478894880] [vla_policy]: ENT_IN_TRACE count=5 frame_index=14 valid=True detail=OK:selected=1;targets=1;risks=0;dropped=0
[trajectory_controller-7] [INFO] [1785978784.484403552] [trajectory_controller]: control bridge: STALE_DISPLACEMENT
[ue_object_deliverer_bridge_node-1] [INFO] [1785978784.486956160] [ue_object_deliverer_bridge_node]: kinematic setpoint received stamp=1206973 valid=1
[vla_policy-10] [INFO] [1785978784.665547776] [vla_policy]: POLICY_TRACE sample=3/5 run_id=125A0E8D4D3C6BA46F4283AFCAC25321 scene_seed=230908 frame_index=21 policy_valid=True stop=False lang_valid=True entity_valid=True guard_result=policy_driven guard_reason=policy_driven raw_dx=0.285686 raw_dy=-0.026663 guarded_dx=0.285686 guarded_dy=-0.026663 final_dx=0.099415 final_dy=-0.010609 policy_driven=3 backstop=0 hold=0 fail_closed=0 policy_stop=0
[ue_object_deliverer_bridge_node-1] [INFO] [1785978784.669301664] [ue_object_deliverer_bridge_node]: kinematic setpoint received stamp=2205082 valid=1
[vla_policy-10] [INFO] [1785978784.876112096] [vla_policy]: POLICY_TRACE sample=4/5 run_id=125A0E8D4D3C6BA46F4283AFCAC25321 scene_seed=230908 frame_index=23 policy_valid=True stop=False lang_valid=True entity_valid=True guard_result=policy_driven guard_reason=policy_driven raw_dx=0.293446 raw_dy=-0.029252 guarded_dx=0.293446 guarded_dy=-0.029252 final_dx=0.149186 final_dy=-0.015391 policy_driven=4 backstop=0 hold=0 fail_closed=0 policy_stop=0
[ue_object_deliverer_bridge_node-1] [INFO] [1785978784.879836096] [ue_object_deliverer_bridge_node]: kinematic setpoint received stamp=2413803 valid=1
[vla_policy-10] [INFO] [1785978785.176939008] [vla_policy]: POLICY_TRACE sample=5/5 run_id=125A0E8D4D3C6BA46F4283AFCAC25321 scene_seed=230908 frame_index=26 policy_valid=True stop=False lang_valid=True entity_valid=True guard_result=policy_driven guard_reason=policy_driven raw_dx=0.292644 raw_dy=-0.031505 guarded_dx=0.292644 guarded_dy=-0.031505 final_dx=0.198873 final_dy=-0.020972 policy_driven=5 backstop=0 hold=0 fail_closed=0 policy_stop=0
[ue_object_deliverer_bridge_node-1] [INFO] [1785978785.180971328] [ue_object_deliverer_bridge_node]: kinematic setpoint received stamp=2708594 valid=1
[ue_object_deliverer_bridge_node-1] [INFO] [1785978785.389341952] [ue_object_deliverer_bridge_node]: kinematic setpoint received stamp=2906987 valid=1
[ue_object_deliverer_bridge_node-1] [INFO] [1785978785.686844480] [ue_object_deliverer_bridge_node]: kinematic setpoint received stamp=3209299 valid=1
[ue_object_deliverer_bridge_node-1] [INFO] [1785978785.687231552] [ue_object_deliverer_bridge_node]: Sent kinematic setpoint to UE5: bytes=416, payload={"Command_Type":"Kinematic_Setpoint","Delta_X_Cm":29.278239607810974,"Delta_Y_Cm":3.327517956495285,"Frame_ID":"ue_actor_local","Hold_Position":false,"Reason":"DECISION_VALID","Run_ID":"125A0E8D4D3C6BA46F4283AFCAC25321","Scene_Seed":230908,"Sequence":6,"Source_Frame_Index":31,"Source_Model_Version":"safety_gate_v1","Source_Stamp_Us":3209299,"Stamp_Us":3209299,"Step_Dt":0.20000000298023224,"Valid":true}__OD_END__
[ue_object_deliverer_bridge_node-1] [INFO] [1785978785.977572000] [ue_object_deliverer_bridge_node]: kinematic setpoint received stamp=3500993 valid=1
[ue_object_deliverer_bridge_node-1] [INFO] [1785978786.181099968] [ue_object_deliverer_bridge_node]: kinematic setpoint received stamp=3709065 valid=1
[ue_object_deliverer_bridge_node-1] [INFO] [1785978786.424293632] [ue_object_deliverer_bridge_node]: kinematic setpoint received stamp=3709066 valid=1
[ue_object_deliverer_bridge_node-1] [INFO] [1785978786.686424736] [ue_object_deliverer_bridge_node]: kinematic setpoint received stamp=4205222 valid=1
[ue_object_deliverer_bridge_node-1] [INFO] [1785978786.895184128] [ue_object_deliverer_bridge_node]: kinematic setpoint received stamp=4407770 valid=1
[ue_object_deliverer_bridge_node-1] [INFO] [1785978786.895510432] [ue_object_deliverer_bridge_node]: Sent kinematic setpoint to UE5: bytes=418, payload={"Command_Type":"Kinematic_Setpoint","Delta_X_Cm":-9.78933870792389,"Delta_Y_Cm":-1.7520200461149216,"Frame_ID":"ue_actor_local","Hold_Position":false,"Reason":"DECISION_VALID","Run_ID":"125A0E8D4D3C6BA46F4283AFCAC25321","Scene_Seed":230908,"Sequence":11,"Source_Frame_Index":43,"Source_Model_Version":"safety_gate_v1","Source_Stamp_Us":4407770,"Stamp_Us":4407770,"Step_Dt":0.20000000298023224,"Valid":true}__OD_END__
[ue_object_deliverer_bridge_node-1] [INFO] [1785978787.095109312] [ue_object_deliverer_bridge_node]: kinematic setpoint received stamp=4613084 valid=1
[ue_object_deliverer_bridge_node-1] [INFO] [1785978787.399506944] [ue_object_deliverer_bridge_node]: kinematic setpoint received stamp=4911263 valid=1
[ue_object_deliverer_bridge_node-1] [INFO] [1785978787.690493248] [ue_object_deliverer_bridge_node]: kinematic setpoint received stamp=5211905 valid=1
[ue_object_deliverer_bridge_node-1] [INFO] [1785978787.977860448] [ue_object_deliverer_bridge_node]: kinematic setpoint received stamp=5506576 valid=1
[ue_object_deliverer_bridge_node-1] [INFO] [1785978787.978240832] [ue_object_deliverer_bridge_node]: Sent kinematic setpoint to UE5: bytes=420, payload={"Command_Type":"Kinematic_Setpoint","Delta_X_Cm":-7.545357197523117,"Delta_Y_Cm":-0.25246008299291134,"Frame_ID":"ue_actor_local","Hold_Position":false,"Reason":"DECISION_VALID","Run_ID":"125A0E8D4D3C6BA46F4283AFCAC25321","Scene_Seed":230908,"Sequence":15,"Source_Frame_Index":54,"Source_Model_Version":"safety_gate_v1","Source_Stamp_Us":5506576,"Stamp_Us":5506576,"Step_Dt":0.20000000298023224,"Valid":true}__OD_END__
[ue_object_deliverer_bridge_node-1] [INFO] [1785978788.187577536] [ue_object_deliverer_bridge_node]: kinematic setpoint received stamp=5710761 valid=1
[ue_object_deliverer_bridge_node-1] [INFO] [1785978788.432665856] [ue_object_deliverer_bridge_node]: kinematic setpoint received stamp=5710762 valid=1
[image_entity_perception-9] [INFO] [1785978788.460770560] [image_entity_perception]: PERCEPTION_PERF_TRACE frame_index=59 count=50 predict_ms=33.4 entities=4 valid=True
[temporal_entity_tracker-2] [INFO] [1785978788.516404576] [temporal_entity_tracker]: TRACK_TRACE frame_index=59 count=50 source_valid=True source_entities=4 visible_source=1
[ue_object_deliverer_bridge_node-1] [INFO] [1785978788.686165216] [ue_object_deliverer_bridge_node]: kinematic setpoint received stamp=6213573 valid=1
[ue_object_deliverer_bridge_node-1] [INFO] [1785978788.985685408] [ue_object_deliverer_bridge_node]: kinematic setpoint received stamp=6513284 valid=1
[ue_object_deliverer_bridge_node-1] [INFO] [1785978788.986063296] [ue_object_deliverer_bridge_node]: Sent kinematic setpoint to UE5: bytes=419, payload={"Command_Type":"Kinematic_Setpoint","Delta_X_Cm":9.684396535158157,"Delta_Y_Cm":0.040242139948531985,"Frame_ID":"ue_actor_local","Hold_Position":false,"Reason":"DECISION_VALID","Run_ID":"125A0E8D4D3C6BA46F4283AFCAC25321","Scene_Seed":230908,"Sequence":19,"Source_Frame_Index":64,"Source_Model_Version":"safety_gate_v1","Source_Stamp_Us":6513284,"Stamp_Us":6513284,"Step_Dt":0.20000000298023224,"Valid":true}__OD_END__
[ue_object_deliverer_bridge_node-1] [INFO] [1785978789.287801728] [ue_object_deliverer_bridge_node]: kinematic setpoint received stamp=6813194 valid=1
[ue_object_deliverer_bridge_node-1] [INFO] [1785978789.575513920] [ue_object_deliverer_bridge_node]: kinematic setpoint received stamp=7100836 valid=1
[ue_object_deliverer_bridge_node-1] [INFO] [1785978789.786555456] [ue_object_deliverer_bridge_node]: kinematic setpoint received stamp=7309428 valid=1
[ue_object_deliverer_bridge_node-1] [INFO] [1785978789.993942016] [ue_object_deliverer_bridge_node]: kinematic setpoint received stamp=7508908 valid=1
[ue_object_deliverer_bridge_node-1] [INFO] [1785978790.284305952] [ue_object_deliverer_bridge_node]: kinematic setpoint received stamp=7808913 valid=1
[ue_object_deliverer_bridge_node-1] [INFO] [1785978790.284735264] [ue_object_deliverer_bridge_node]: Sent kinematic setpoint to UE5: bytes=417, payload={"Command_Type":"Kinematic_Setpoint","Delta_X_Cm":13.163219392299652,"Delta_Y_Cm":2.950238808989525,"Frame_ID":"ue_actor_local","Hold_Position":false,"Reason":"DECISION_VALID","Run_ID":"125A0E8D4D3C6BA46F4283AFCAC25321","Scene_Seed":230908,"Sequence":24,"Source_Frame_Index":77,"Source_Model_Version":"safety_gate_v1","Source_Stamp_Us":7808913,"Stamp_Us":7808913,"Step_Dt":0.20000000298023224,"Valid":true}__OD_END__
[ue_object_deliverer_bridge_node-1] [INFO] [1785978790.582751648] [ue_object_deliverer_bridge_node]: kinematic setpoint received stamp=8108663 valid=1
[ue_object_deliverer_bridge_node-1] [INFO] [1785978790.884037120] [ue_object_deliverer_bridge_node]: kinematic setpoint received stamp=8409740 valid=1
[ue_object_deliverer_bridge_node-1] [INFO] [1785978791.087665024] [ue_object_deliverer_bridge_node]: kinematic setpoint received stamp=8613165 valid=1
[ue_object_deliverer_bridge_node-1] [INFO] [1785978791.390486112] [ue_object_deliverer_bridge_node]: kinematic setpoint received stamp=8911321 valid=1
[ue_object_deliverer_bridge_node-1] [INFO] [1785978791.390866176] [ue_object_deliverer_bridge_node]: Sent kinematic setpoint to UE5: bytes=420, payload={"Command_Type":"Kinematic_Setpoint","Delta_X_Cm":-6.625146418809891,"Delta_Y_Cm":0.055927643552422523,"Frame_ID":"ue_actor_local","Hold_Position":false,"Reason":"DECISION_VALID","Run_ID":"125A0E8D4D3C6BA46F4283AFCAC25321","Scene_Seed":230908,"Sequence":28,"Source_Frame_Index":88,"Source_Model_Version":"safety_gate_v1","Source_Stamp_Us":8911321,"Stamp_Us":8911321,"Step_Dt":0.20000000298023224,"Valid":true}__OD_END__
[ue_object_deliverer_bridge_node-1] [INFO] [1785978791.695976064] [ue_object_deliverer_bridge_node]: kinematic setpoint received stamp=9212822 valid=1
[ue_object_deliverer_bridge_node-1] [INFO] [1785978791.993266848] [ue_object_deliverer_bridge_node]: kinematic setpoint received stamp=9512346 valid=1
[ue_object_deliverer_bridge_node-1] [INFO] [1785978792.290709152] [ue_object_deliverer_bridge_node]: kinematic setpoint received stamp=9811522 valid=1
[ue_object_deliverer_bridge_node-1] [INFO] [1785978792.592696032] [ue_object_deliverer_bridge_node]: kinematic setpoint received stamp=10111049 valid=1
[ue_object_deliverer_bridge_node-1] [INFO] [1785978792.593081600] [ue_object_deliverer_bridge_node]: Sent kinematic setpoint to UE5: bytes=423, payload={"Command_Type":"Kinematic_Setpoint","Delta_X_Cm":-16.502267122268677,"Delta_Y_Cm":-1.5047235414385796,"Frame_ID":"ue_actor_local","Hold_Position":false,"Reason":"DECISION_VALID","Run_ID":"125A0E8D4D3C6BA46F4283AFCAC25321","Scene_Seed":230908,"Sequence":32,"Source_Frame_Index":100,"Source_Model_Version":"safety_gate_v1","Source_Stamp_Us":10111049,"Stamp_Us":10111049,"Step_Dt":0.20000000298023224,"Valid":true}__OD_END__
[ue_object_deliverer_bridge_node-1] [INFO] [1785978792.796681824] [ue_object_deliverer_bridge_node]: kinematic setpoint received stamp=10312857 valid=1
[ue_object_deliverer_bridge_node-1] [INFO] [1785978793.092069984] [ue_object_deliverer_bridge_node]: kinematic setpoint received stamp=10611297 valid=1
[ue_object_deliverer_bridge_node-1] [INFO] [1785978793.392830496] [ue_object_deliverer_bridge_node]: kinematic setpoint received stamp=10912040 valid=1
[image_entity_perception-9] [INFO] [1785978793.470985952] [image_entity_perception]: PERCEPTION_PERF_TRACE frame_index=109 count=100 predict_ms=43.7 entities=4 valid=True
[temporal_entity_tracker-2] [INFO] [1785978793.472009184] [temporal_entity_tracker]: TRACK_TRACE frame_index=109 count=100 source_valid=True source_entities=4 visible_source=1
[vla_policy-10] [INFO] [1785978793.476849344] [vla_policy]: ENT_IN_TRACE count=100 frame_index=109 valid=True detail=OK:selected=1;targets=1;risks=0;dropped=0
[ue_object_deliverer_bridge_node-1] [INFO] [1785978793.695427936] [ue_object_deliverer_bridge_node]: kinematic setpoint received stamp=11212762 valid=1
[ue_object_deliverer_bridge_node-1] [INFO] [1785978793.695811712] [ue_object_deliverer_bridge_node]: Sent kinematic setpoint to UE5: bytes=422, payload={"Command_Type":"Kinematic_Setpoint","Delta_X_Cm":-5.970916897058487,"Delta_Y_Cm":-1.3183627277612686,"Frame_ID":"ue_actor_local","Hold_Position":false,"Reason":"DECISION_VALID","Run_ID":"125A0E8D4D3C6BA46F4283AFCAC25321","Scene_Seed":230908,"Sequence":36,"Source_Frame_Index":111,"Source_Model_Version":"safety_gate_v1","Source_Stamp_Us":11212762,"Stamp_Us":11212762,"Step_Dt":0.20000000298023224,"Valid":true}__OD_END__
[ue_object_deliverer_bridge_node-1] [INFO] [1785978794.000848864] [ue_object_deliverer_bridge_node]: kinematic setpoint received stamp=11512817 valid=1
[ue_object_deliverer_bridge_node-1] [INFO] [1785978794.266255712] [ue_object_deliverer_bridge_node]: kinematic setpoint received stamp=11801313 valid=1
[ue_object_deliverer_bridge_node-1] [INFO] [1785978794.472138720] [ue_object_deliverer_bridge_node]: kinematic setpoint received stamp=12007028 valid=1
[ue_object_deliverer_bridge_node-1] [INFO] [1785978794.677895744] [ue_object_deliverer_bridge_node]: kinematic setpoint received stamp=12209589 valid=1
[ue_object_deliverer_bridge_node-1] [INFO] [1785978794.978117632] [ue_object_deliverer_bridge_node]: kinematic setpoint received stamp=12508585 valid=1
[ue_object_deliverer_bridge_node-1] [INFO] [1785978794.978509344] [ue_object_deliverer_bridge_node]: Sent kinematic setpoint to UE5: bytes=421, payload={"Command_Type":"Kinematic_Setpoint","Delta_X_Cm":18.808019161224365,"Delta_Y_Cm":1.6698343679308891,"Frame_ID":"ue_actor_local","Hold_Position":false,"Reason":"DECISION_VALID","Run_ID":"125A0E8D4D3C6BA46F4283AFCAC25321","Scene_Seed":230908,"Sequence":41,"Source_Frame_Index":124,"Source_Model_Version":"safety_gate_v1","Source_Stamp_Us":12508585,"Stamp_Us":12508585,"Step_Dt":0.20000000298023224,"Valid":true}__OD_END__
[ue_object_deliverer_bridge_node-1] [INFO] [1785978795.280512672] [ue_object_deliverer_bridge_node]: kinematic setpoint received stamp=12809663 valid=1
[ue_object_deliverer_bridge_node-1] [INFO] [1785978795.483910240] [ue_object_deliverer_bridge_node]: kinematic setpoint received stamp=13012269 valid=1
[ue_object_deliverer_bridge_node-1] [INFO] [1785978795.779268832] [ue_object_deliverer_bridge_node]: kinematic setpoint received stamp=13303728 valid=1
[ue_object_deliverer_bridge_node-1] [INFO] [1785978795.986546112] [ue_object_deliverer_bridge_node]: kinematic setpoint received stamp=13508426 valid=1
[ue_object_deliverer_bridge_node-1] [INFO] [1785978796.279301280] [ue_object_deliverer_bridge_node]: kinematic setpoint received stamp=13801273 valid=1
[ue_object_deliverer_bridge_node-1] [INFO] [1785978796.279720480] [ue_object_deliverer_bridge_node]: Sent kinematic setpoint to UE5: bytes=418, payload={"Command_Type":"Kinematic_Setpoint","Delta_X_Cm":8.14523696899414,"Delta_Y_Cm":2.120475471019745,"Frame_ID":"ue_actor_local","Hold_Position":false,"Reason":"DECISION_VALID","Run_ID":"125A0E8D4D3C6BA46F4283AFCAC25321","Scene_Seed":230908,"Sequence":46,"Source_Frame_Index":137,"Source_Model_Version":"safety_gate_v1","Source_Stamp_Us":13801273,"Stamp_Us":13801273,"Step_Dt":0.20000000298023224,"Valid":true}__OD_END__
[ue_object_deliverer_bridge_node-1] [INFO] [1785978796.479131136] [ue_object_deliverer_bridge_node]: kinematic setpoint received stamp=14010910 valid=1
[ue_object_deliverer_bridge_node-1] [INFO] [1785978796.788294912] [ue_object_deliverer_bridge_node]: kinematic setpoint received stamp=14311320 valid=1
[ue_object_deliverer_bridge_node-1] [INFO] [1785978797.076012512] [ue_object_deliverer_bridge_node]: kinematic setpoint received stamp=14602075 valid=1
[ue_object_deliverer_bridge_node-1] [INFO] [1785978797.279033920] [ue_object_deliverer_bridge_node]: kinematic setpoint received stamp=14806733 valid=1
[ue_object_deliverer_bridge_node-1] [INFO] [1785978797.279421600] [ue_object_deliverer_bridge_node]: Sent kinematic setpoint to UE5: bytes=423, payload={"Command_Type":"Kinematic_Setpoint","Delta_X_Cm":-11.638420075178146,"Delta_Y_Cm":-0.8005031384527683,"Frame_ID":"ue_actor_local","Hold_Position":false,"Reason":"DECISION_VALID","Run_ID":"125A0E8D4D3C6BA46F4283AFCAC25321","Scene_Seed":230908,"Sequence":50,"Source_Frame_Index":147,"Source_Model_Version":"safety_gate_v1","Source_Stamp_Us":14806733,"Stamp_Us":14806733,"Step_Dt":0.20000000298023224,"Valid":true}__OD_END__
[ue_object_deliverer_bridge_node-1] [INFO] [1785978797.580625472] [ue_object_deliverer_bridge_node]: kinematic setpoint received stamp=15109656 valid=1
[ue_object_deliverer_bridge_node-1] [INFO] [1785978797.789582400] [ue_object_deliverer_bridge_node]: kinematic setpoint received stamp=15314008 valid=1
[ue_object_deliverer_bridge_node-1] [INFO] [1785978798.072877408] [ue_object_deliverer_bridge_node]: kinematic setpoint received stamp=15602910 valid=1
[ue_object_deliverer_bridge_node-1] [INFO] [1785978798.273730688] [ue_object_deliverer_bridge_node]: kinematic setpoint received stamp=15809024 valid=1
[ue_object_deliverer_bridge_node-1] [INFO] [1785978798.274110144] [ue_object_deliverer_bridge_node]: Sent kinematic setpoint to UE5: bytes=423, payload={"Command_Type":"Kinematic_Setpoint","Delta_X_Cm":-21.550282835960388,"Delta_Y_Cm":-2.1120423451066017,"Frame_ID":"ue_actor_local","Hold_Position":false,"Reason":"DECISION_VALID","Run_ID":"125A0E8D4D3C6BA46F4283AFCAC25321","Scene_Seed":230908,"Sequence":54,"Source_Frame_Index":157,"Source_Model_Version":"safety_gate_v1","Source_Stamp_Us":15809024,"Stamp_Us":15809024,"Step_Dt":0.20000000298023224,"Valid":true}__OD_END__
[image_entity_perception-9] [INFO] [1785978798.469177856] [image_entity_perception]: PERCEPTION_PERF_TRACE frame_index=159 count=150 predict_ms=36.9 entities=4 valid=True
[temporal_entity_tracker-2] [INFO] [1785978798.469907200] [temporal_entity_tracker]: TRACK_TRACE frame_index=159 count=150 source_valid=True source_entities=4 visible_source=1
[ue_object_deliverer_bridge_node-1] [INFO] [1785978798.486117888] [ue_object_deliverer_bridge_node]: kinematic setpoint received stamp=16013711 valid=1
[ue_object_deliverer_bridge_node-1] [INFO] [1785978798.783461888] [ue_object_deliverer_bridge_node]: kinematic setpoint received stamp=16301589 valid=1
[ue_object_deliverer_bridge_node-1] [INFO] [1785978799.067344576] [ue_object_deliverer_bridge_node]: kinematic setpoint received stamp=16600997 valid=1
[ue_object_deliverer_bridge_node-1] [INFO] [1785978799.269556288] [ue_object_deliverer_bridge_node]: kinematic setpoint received stamp=16806127 valid=1
[ue_object_deliverer_bridge_node-1] [INFO] [1785978799.477794624] [ue_object_deliverer_bridge_node]: kinematic setpoint received stamp=17009807 valid=1
[ue_object_deliverer_bridge_node-1] [INFO] [1785978799.478218400] [ue_object_deliverer_bridge_node]: Sent kinematic setpoint to UE5: bytes=421, payload={"Command_Type":"Kinematic_Setpoint","Delta_X_Cm":2.736971341073513,"Delta_Y_Cm":-0.9412120096385479,"Frame_ID":"ue_actor_local","Hold_Position":false,"Reason":"DECISION_VALID","Run_ID":"125A0E8D4D3C6BA46F4283AFCAC25321","Scene_Seed":230908,"Sequence":59,"Source_Frame_Index":169,"Source_Model_Version":"safety_gate_v1","Source_Stamp_Us":17009807,"Stamp_Us":17009807,"Step_Dt":0.20000000298023224,"Valid":true}__OD_END__
[ue_object_deliverer_bridge_node-1] [INFO] [1785978799.784683872] [ue_object_deliverer_bridge_node]: kinematic setpoint received stamp=17310860 valid=1
[ue_object_deliverer_bridge_node-1] [INFO] [1785978800.081985088] [ue_object_deliverer_bridge_node]: kinematic setpoint received stamp=17612570 valid=1
[ue_object_deliverer_bridge_node-1] [INFO] [1785978800.380628160] [ue_object_deliverer_bridge_node]: kinematic setpoint received stamp=17904465 valid=1
[ue_object_deliverer_bridge_node-1] [INFO] [1785978800.583266560] [ue_object_deliverer_bridge_node]: kinematic setpoint received stamp=18110215 valid=1
[ue_object_deliverer_bridge_node-1] [INFO] [1785978800.583798816] [ue_object_deliverer_bridge_node]: Sent kinematic setpoint to UE5: bytes=419, payload={"Command_Type":"Kinematic_Setpoint","Delta_X_Cm":22.5157231092453,"Delta_Y_Cm":1.9793204963207245,"Frame_ID":"ue_actor_local","Hold_Position":false,"Reason":"DECISION_VALID","Run_ID":"125A0E8D4D3C6BA46F4283AFCAC25321","Scene_Seed":230908,"Sequence":63,"Source_Frame_Index":180,"Source_Model_Version":"safety_gate_v1","Source_Stamp_Us":18110215,"Stamp_Us":18110215,"Step_Dt":0.20000000298023224,"Valid":true}__OD_END__
[ue_object_deliverer_bridge_node-1] [INFO] [1785978800.880966176] [ue_object_deliverer_bridge_node]: kinematic setpoint received stamp=18412804 valid=1
[ue_object_deliverer_bridge_node-1] [INFO] [1785978801.183629472] [ue_object_deliverer_bridge_node]: kinematic setpoint received stamp=18712782 valid=1
[ue_object_deliverer_bridge_node-1] [INFO] [1785978801.417334944] [ue_object_deliverer_bridge_node]: kinematic setpoint received stamp=18712783 valid=1
[ue_object_deliverer_bridge_node-1] [INFO] [1785978801.677081600] [ue_object_deliverer_bridge_node]: kinematic setpoint received stamp=19205648 valid=1
[ue_object_deliverer_bridge_node-1] [INFO] [1785978801.677458528] [ue_object_deliverer_bridge_node]: Sent kinematic setpoint to UE5: bytes=422, payload={"Command_Type":"Kinematic_Setpoint","Delta_X_Cm":-4.761797189712524,"Delta_Y_Cm":-1.5248890034854412,"Frame_ID":"ue_actor_local","Hold_Position":false,"Reason":"DECISION_VALID","Run_ID":"125A0E8D4D3C6BA46F4283AFCAC25321","Scene_Seed":230908,"Sequence":67,"Source_Frame_Index":191,"Source_Model_Version":"safety_gate_v1","Source_Stamp_Us":19205648,"Stamp_Us":19205648,"Step_Dt":0.20000000298023224,"Valid":true}__OD_END__
[ue_object_deliverer_bridge_node-1] [INFO] [1785978801.888591968] [ue_object_deliverer_bridge_node]: kinematic setpoint received stamp=19413667 valid=1
[ue_object_deliverer_bridge_node-1] [INFO] [1785978802.184478624] [ue_object_deliverer_bridge_node]: kinematic setpoint received stamp=19700659 valid=1
[ue_object_deliverer_bridge_node-1] [INFO] [1785978802.413738752] [ue_object_deliverer_bridge_node]: kinematic setpoint received stamp=19700660 valid=1
[ue_object_deliverer_bridge_node-1] [INFO] [1785978802.687406656] [ue_object_deliverer_bridge_node]: kinematic setpoint received stamp=20207071 valid=1
[ue_object_deliverer_bridge_node-1] [INFO] [1785978802.687793088] [ue_object_deliverer_bridge_node]: Sent kinematic setpoint to UE5: bytes=422, payload={"Command_Type":"Kinematic_Setpoint","Delta_X_Cm":4.4974640011787415,"Delta_Y_Cm":-1.8128430470824242,"Frame_ID":"ue_actor_local","Hold_Position":false,"Reason":"DECISION_VALID","Run_ID":"125A0E8D4D3C6BA46F4283AFCAC25321","Scene_Seed":230908,"Sequence":71,"Source_Frame_Index":201,"Source_Model_Version":"safety_gate_v1","Source_Stamp_Us":20207071,"Stamp_Us":20207071,"Step_Dt":0.20000000298023224,"Valid":true}__OD_END__
[ue_object_deliverer_bridge_node-1] [INFO] [1785978802.894440032] [ue_object_deliverer_bridge_node]: kinematic setpoint received stamp=20409563 valid=1
[ue_object_deliverer_bridge_node-1] [INFO] [1785978803.185933920] [ue_object_deliverer_bridge_node]: kinematic setpoint received stamp=20708718 valid=1
[ue_object_deliverer_bridge_node-1] [INFO] [1785978803.402283872] [ue_object_deliverer_bridge_node]: kinematic setpoint received stamp=20913220 valid=1
[temporal_entity_tracker-2] [INFO] [1785978803.463471264] [temporal_entity_tracker]: TRACK_TRACE frame_index=209 count=200 source_valid=True source_entities=4 visible_source=1
[image_entity_perception-9] [INFO] [1785978803.465319104] [image_entity_perception]: PERCEPTION_PERF_TRACE frame_index=209 count=200 predict_ms=37.0 entities=4 valid=True
[vla_policy-10] [INFO] [1785978803.468207424] [vla_policy]: ENT_IN_TRACE count=200 frame_index=209 valid=True detail=OK:selected=1;targets=1;risks=0;dropped=0
[ue_object_deliverer_bridge_node-1] [INFO] [1785978803.701271584] [ue_object_deliverer_bridge_node]: kinematic setpoint received stamp=21212441 valid=1
[ue_object_deliverer_bridge_node-1] [INFO] [1785978803.701761056] [ue_object_deliverer_bridge_node]: Sent kinematic setpoint to UE5: bytes=422, payload={"Command_Type":"Kinematic_Setpoint","Delta_X_Cm":-12.22635880112648,"Delta_Y_Cm":-0.7236465811729431,"Frame_ID":"ue_actor_local","Hold_Position":false,"Reason":"DECISION_VALID","Run_ID":"125A0E8D4D3C6BA46F4283AFCAC25321","Scene_Seed":230908,"Sequence":75,"Source_Frame_Index":211,"Source_Model_Version":"safety_gate_v1","Source_Stamp_Us":21212441,"Stamp_Us":21212441,"Step_Dt":0.20000000298023224,"Valid":true}__OD_END__
[ue_object_deliverer_bridge_node-1] [INFO] [1785978803.977908192] [ue_object_deliverer_bridge_node]: kinematic setpoint received stamp=21501350 valid=1
[ue_object_deliverer_bridge_node-1] [INFO] [1785978804.185393632] [ue_object_deliverer_bridge_node]: kinematic setpoint received stamp=21705670 valid=1
[ue_object_deliverer_bridge_node-1] [INFO] [1785978804.398876064] [ue_object_deliverer_bridge_node]: kinematic setpoint received stamp=21913121 valid=1
[ue_object_deliverer_bridge_node-1] [INFO] [1785978804.679284288] [ue_object_deliverer_bridge_node]: kinematic setpoint received stamp=22211962 valid=1
[ue_object_deliverer_bridge_node-1] [INFO] [1785978804.970449312] [ue_object_deliverer_bridge_node]: kinematic setpoint received stamp=22505569 valid=1
[ue_object_deliverer_bridge_node-1] [INFO] [1785978804.970837248] [ue_object_deliverer_bridge_node]: Sent kinematic setpoint to UE5: bytes=421, payload={"Command_Type":"Kinematic_Setpoint","Delta_X_Cm":-2.23800465464592,"Delta_Y_Cm":-1.0830189101397991,"Frame_ID":"ue_actor_local","Hold_Position":false,"Reason":"DECISION_VALID","Run_ID":"125A0E8D4D3C6BA46F4283AFCAC25321","Scene_Seed":230908,"Sequence":80,"Source_Frame_Index":224,"Source_Model_Version":"safety_gate_v1","Source_Stamp_Us":22505569,"Stamp_Us":22505569,"Step_Dt":0.20000000298023224,"Valid":true}__OD_END__
[ue_object_deliverer_bridge_node-1] [INFO] [1785978805.183193216] [ue_object_deliverer_bridge_node]: kinematic setpoint received stamp=22709239 valid=1
[ue_object_deliverer_bridge_node-1] [INFO] [1785978805.412587840] [ue_object_deliverer_bridge_node]: kinematic setpoint received stamp=22709240 valid=1
[ue_object_deliverer_bridge_node-1] [INFO] [1785978805.670759808] [ue_object_deliverer_bridge_node]: kinematic setpoint received stamp=23206841 valid=1
[ue_object_deliverer_bridge_node-1] [INFO] [1785978805.890960640] [ue_object_deliverer_bridge_node]: kinematic setpoint received stamp=23411150 valid=1
[ue_object_deliverer_bridge_node-1] [INFO] [1785978806.177260736] [ue_object_deliverer_bridge_node]: kinematic setpoint received stamp=23700536 valid=1
[ue_object_deliverer_bridge_node-1] [INFO] [1785978806.177653408] [ue_object_deliverer_bridge_node]: Sent kinematic setpoint to UE5: bytes=420, payload={"Command_Type":"Kinematic_Setpoint","Delta_X_Cm":14.676564931869507,"Delta_Y_Cm":1.384785957634449,"Frame_ID":"ue_actor_local","Hold_Position":false,"Reason":"DECISION_VALID","Run_ID":"125A0E8D4D3C6BA46F4283AFCAC25321","Scene_Seed":230908,"Sequence":85,"Source_Frame_Index":236,"Source_Model_Version":"safety_gate_v1","Source_Stamp_Us":23700536,"Stamp_Us":23700536,"Step_Dt":0.20000000298023224,"Valid":true}__OD_END__
[ue_object_deliverer_bridge_node-1] [INFO] [1785978806.422285248] [ue_object_deliverer_bridge_node]: kinematic setpoint received stamp=23700537 valid=1
[ue_object_deliverer_bridge_node-1] [INFO] [1785978806.679003008] [ue_object_deliverer_bridge_node]: kinematic setpoint received stamp=24206884 valid=1
[ue_object_deliverer_bridge_node-1] [INFO] [1785978806.882330176] [ue_object_deliverer_bridge_node]: kinematic setpoint received stamp=24410431 valid=1
[ue_object_deliverer_bridge_node-1] [INFO] [1785978807.182475904] [ue_object_deliverer_bridge_node]: kinematic setpoint received stamp=24711160 valid=1
[ue_object_deliverer_bridge_node-1] [INFO] [1785978807.182937536] [ue_object_deliverer_bridge_node]: Sent kinematic setpoint to UE5: bytes=422, payload={"Command_Type":"Kinematic_Setpoint","Delta_X_Cm":-2.939963899552822,"Delta_Y_Cm":-0.2582806395366788,"Frame_ID":"ue_actor_local","Hold_Position":false,"Reason":"DECISION_VALID","Run_ID":"125A0E8D4D3C6BA46F4283AFCAC25321","Scene_Seed":230908,"Sequence":89,"Source_Frame_Index":246,"Source_Model_Version":"safety_gate_v1","Source_Stamp_Us":24711160,"Stamp_Us":24711160,"Step_Dt":0.20000000298023224,"Valid":true}__OD_END__
[ue_object_deliverer_bridge_node-1] [INFO] [1785978807.384460256] [ue_object_deliverer_bridge_node]: kinematic setpoint received stamp=24901083 valid=1
[ue_object_deliverer_bridge_node-1] [INFO] [1785978807.609821472] [ue_object_deliverer_bridge_node]: kinematic setpoint received stamp=25118525 valid=1
[ue_object_deliverer_bridge_node-1] [INFO] [1785978807.878983456] [ue_object_deliverer_bridge_node]: kinematic setpoint received stamp=25401279 valid=1
[ue_object_deliverer_bridge_node-1] [INFO] [1785978808.167802880] [ue_object_deliverer_bridge_node]: kinematic setpoint received stamp=25704454 valid=1
[ue_object_deliverer_bridge_node-1] [INFO] [1785978808.396029984] [ue_object_deliverer_bridge_node]: kinematic setpoint received stamp=25909904 valid=1
[ue_object_deliverer_bridge_node-1] [INFO] [1785978808.396520960] [ue_object_deliverer_bridge_node]: Sent kinematic setpoint to UE5: bytes=420, payload={"Command_Type":"Kinematic_Setpoint","Delta_X_Cm":16.01925492286682,"Delta_Y_Cm":0.9019476361572742,"Frame_ID":"ue_actor_local","Hold_Position":false,"Reason":"DECISION_VALID","Run_ID":"125A0E8D4D3C6BA46F4283AFCAC25321","Scene_Seed":230908,"Sequence":94,"Source_Frame_Index":258,"Source_Model_Version":"safety_gate_v1","Source_Stamp_Us":25909904,"Stamp_Us":25909904,"Step_Dt":0.20000000298023224,"Valid":true}__OD_END__
[image_entity_perception-9] [INFO] [1785978808.474578400] [image_entity_perception]: PERCEPTION_PERF_TRACE frame_index=259 count=250 predict_ms=43.1 entities=4 valid=True
[temporal_entity_tracker-2] [INFO] [1785978808.475388896] [temporal_entity_tracker]: TRACK_TRACE frame_index=259 count=250 source_valid=True source_entities=4 visible_source=1
[ue_object_deliverer_bridge_node-1] [INFO] [1785978808.687849408] [ue_object_deliverer_bridge_node]: kinematic setpoint received stamp=26200539 valid=1
[ue_object_deliverer_bridge_node-1] [INFO] [1785978808.886713312] [ue_object_deliverer_bridge_node]: kinematic setpoint received stamp=26406331 valid=1
[ue_object_deliverer_bridge_node-1] [INFO] [1785978809.090551424] [ue_object_deliverer_bridge_node]: kinematic setpoint received stamp=26614069 valid=1
[ue_object_deliverer_bridge_node-1] [INFO] [1785978809.373654496] [ue_object_deliverer_bridge_node]: kinematic setpoint received stamp=26902143 valid=1
[vla_policy-10] [INFO] [1785978809.589603008] [vla_policy]: POLICY_AUDIT trigger=periodic events=100 policy_driven=99 backstop=1 hold=0 fail_closed=0 policy_stop=0 guard_reason=policy_driven raw_dx=0.297769 raw_dy=-0.001545 guarded_dx=0.297769 guarded_dy=-0.001545 final_dx=0.297769 final_dy=-0.001545
[ue_object_deliverer_bridge_node-1] [INFO] [1785978809.593062592] [ue_object_deliverer_bridge_node]: kinematic setpoint received stamp=27110576 valid=1
[ue_object_deliverer_bridge_node-1] [INFO] [1785978809.593387872] [ue_object_deliverer_bridge_node]: Sent kinematic setpoint to UE5: bytes=420, payload={"Command_Type":"Kinematic_Setpoint","Delta_X_Cm":29.77691888809204,"Delta_Y_Cm":0.1545088249258697,"Frame_ID":"ue_actor_local","Hold_Position":false,"Reason":"DECISION_VALID","Run_ID":"125A0E8D4D3C6BA46F4283AFCAC25321","Scene_Seed":230908,"Sequence":99,"Source_Frame_Index":270,"Source_Model_Version":"safety_gate_v1","Source_Stamp_Us":27110576,"Stamp_Us":27110576,"Step_Dt":0.20000000298023224,"Valid":true}__OD_END__
[ue_object_deliverer_bridge_node-1] [INFO] [1785978809.887332288] [ue_object_deliverer_bridge_node]: kinematic setpoint received stamp=27413456 valid=1
[ue_object_deliverer_bridge_node-1] [INFO] [1785978810.186302016] [ue_object_deliverer_bridge_node]: kinematic setpoint received stamp=27707115 valid=1
[ue_object_deliverer_bridge_node-1] [INFO] [1785978810.392479328] [ue_object_deliverer_bridge_node]: kinematic setpoint received stamp=27910984 valid=1
[ue_object_deliverer_bridge_node-1] [INFO] [1785978810.686669888] [ue_object_deliverer_bridge_node]: kinematic setpoint received stamp=28207549 valid=1
[ue_object_deliverer_bridge_node-1] [INFO] [1785978810.687054240] [ue_object_deliverer_bridge_node]: Sent kinematic setpoint to UE5: bytes=423, payload={"Command_Type":"Kinematic_Setpoint","Delta_X_Cm":24.448083341121674,"Delta_Y_Cm":-1.2925724498927593,"Frame_ID":"ue_actor_local","Hold_Position":false,"Reason":"DECISION_VALID","Run_ID":"125A0E8D4D3C6BA46F4283AFCAC25321","Scene_Seed":230908,"Sequence":103,"Source_Frame_Index":281,"Source_Model_Version":"safety_gate_v1","Source_Stamp_Us":28207549,"Stamp_Us":28207549,"Step_Dt":0.20000000298023224,"Valid":true}__OD_END__
[ue_object_deliverer_bridge_node-1] [INFO] [1785978810.985348544] [ue_object_deliverer_bridge_node]: kinematic setpoint received stamp=28502541 valid=1
[ue_object_deliverer_bridge_node-1] [INFO] [1785978811.192022816] [ue_object_deliverer_bridge_node]: kinematic setpoint received stamp=28709615 valid=1
[ue_object_deliverer_bridge_node-1] [INFO] [1785978811.425560640] [ue_object_deliverer_bridge_node]: kinematic setpoint received stamp=28709616 valid=1
[ue_object_deliverer_bridge_node-1] [INFO] [1785978811.687726944] [ue_object_deliverer_bridge_node]: kinematic setpoint received stamp=29211414 valid=1
[ue_object_deliverer_bridge_node-1] [INFO] [1785978811.688262848] [ue_object_deliverer_bridge_node]: Sent kinematic setpoint to UE5: bytes=423, payload={"Command_Type":"Kinematic_Setpoint","Delta_X_Cm":-4.884259402751923,"Delta_Y_Cm":-1.0695836506783962,"Frame_ID":"ue_actor_local","Hold_Position":false,"Reason":"DECISION_VALID","Run_ID":"125A0E8D4D3C6BA46F4283AFCAC25321","Scene_Seed":230908,"Sequence":107,"Source_Frame_Index":291,"Source_Model_Version":"safety_gate_v1","Source_Stamp_Us":29211414,"Stamp_Us":29211414,"Step_Dt":0.20000000298023224,"Valid":true}__OD_END__
[ue_object_deliverer_bridge_node-1] [INFO] [1785978811.968484544] [ue_object_deliverer_bridge_node]: kinematic setpoint received stamp=29500566 valid=1
[ue_object_deliverer_bridge_node-1] [INFO] [1785978812.191863168] [ue_object_deliverer_bridge_node]: kinematic setpoint received stamp=29712735 valid=1
[ue_object_deliverer_bridge_node-1] [INFO] [1785978812.424656032] [ue_object_deliverer_bridge_node]: kinematic setpoint received stamp=29712736 valid=1
[ue_object_deliverer_bridge_node-1] [INFO] [1785978812.680505248] [ue_object_deliverer_bridge_node]: kinematic setpoint received stamp=30212727 valid=1
[ue_object_deliverer_bridge_node-1] [INFO] [1785978812.681213888] [ue_object_deliverer_bridge_node]: Sent kinematic setpoint to UE5: bytes=420, payload={"Command_Type":"Kinematic_Setpoint","Delta_X_Cm":4.9847062677145,"Delta_Y_Cm":-0.3907713107764721,"Frame_ID":"ue_actor_local","Hold_Position":false,"Reason":"DECISION_VALID","Run_ID":"125A0E8D4D3C6BA46F4283AFCAC25321","Scene_Seed":230908,"Sequence":111,"Source_Frame_Index":301,"Source_Model_Version":"safety_gate_v1","Source_Stamp_Us":30212727,"Stamp_Us":30212727,"Step_Dt":0.20000000298023224,"Valid":true}__OD_END__
[ue_object_deliverer_bridge_node-1] [INFO] [1785978812.891111488] [ue_object_deliverer_bridge_node]: kinematic setpoint received stamp=30407577 valid=1
[ue_object_deliverer_bridge_node-1] [INFO] [1785978813.172631808] [ue_object_deliverer_bridge_node]: kinematic setpoint received stamp=30700601 valid=1
[ue_object_deliverer_bridge_node-1] [INFO] [1785978813.380506240] [ue_object_deliverer_bridge_node]: kinematic setpoint received stamp=30907497 valid=1
[image_entity_perception-9] [INFO] [1785978813.452063936] [image_entity_perception]: PERCEPTION_PERF_TRACE frame_index=309 count=300 predict_ms=33.5 entities=4 valid=True
[temporal_entity_tracker-2] [INFO] [1785978813.452942304] [temporal_entity_tracker]: TRACK_TRACE frame_index=309 count=300 source_valid=True source_entities=4 visible_source=1
[vla_policy-10] [INFO] [1785978813.457795296] [vla_policy]: ENT_IN_TRACE count=300 frame_index=309 valid=True detail=OK:selected=1;targets=1;risks=0;dropped=0
[ue_object_deliverer_bridge_node-1] [INFO] [1785978813.686208416] [ue_object_deliverer_bridge_node]: kinematic setpoint received stamp=31211614 valid=1
[ue_object_deliverer_bridge_node-1] [INFO] [1785978813.986643456] [ue_object_deliverer_bridge_node]: kinematic setpoint received stamp=31500889 valid=1
[ue_object_deliverer_bridge_node-1] [INFO] [1785978813.987157184] [ue_object_deliverer_bridge_node]: Sent kinematic setpoint to UE5: bytes=422, payload={"Command_Type":"Kinematic_Setpoint","Delta_X_Cm":28.263330459594727,"Delta_Y_Cm":-3.710963949561119,"Frame_ID":"ue_actor_local","Hold_Position":false,"Reason":"DECISION_VALID","Run_ID":"125A0E8D4D3C6BA46F4283AFCAC25321","Scene_Seed":230908,"Sequence":116,"Source_Frame_Index":314,"Source_Model_Version":"safety_gate_v1","Source_Stamp_Us":31500889,"Stamp_Us":31500889,"Step_Dt":0.20000000298023224,"Valid":true}__OD_END__
[ue_object_deliverer_bridge_node-1] [INFO] [1785978814.188196160] [ue_object_deliverer_bridge_node]: kinematic setpoint received stamp=31708896 valid=1
[ue_object_deliverer_bridge_node-1] [INFO] [1785978814.418418336] [ue_object_deliverer_bridge_node]: kinematic setpoint received stamp=31708897 valid=1
[ue_object_deliverer_bridge_node-1] [INFO] [1785978814.687296640] [ue_object_deliverer_bridge_node]: kinematic setpoint received stamp=32208279 valid=1
[ue_object_deliverer_bridge_node-1] [INFO] [1785978814.985664832] [ue_object_deliverer_bridge_node]: kinematic setpoint received stamp=32502872 valid=1
[ue_object_deliverer_bridge_node-1] [INFO] [1785978814.986171296] [ue_object_deliverer_bridge_node]: Sent kinematic setpoint to UE5: bytes=422, payload={"Command_Type":"Kinematic_Setpoint","Delta_X_Cm":8.419618010520935,"Delta_Y_Cm":-4.5968808233737946,"Frame_ID":"ue_actor_local","Hold_Position":false,"Reason":"DECISION_VALID","Run_ID":"125A0E8D4D3C6BA46F4283AFCAC25321","Scene_Seed":230908,"Sequence":120,"Source_Frame_Index":324,"Source_Model_Version":"safety_gate_v1","Source_Stamp_Us":32502872,"Stamp_Us":32502872,"Step_Dt":0.20000000298023224,"Valid":true}__OD_END__
[ue_object_deliverer_bridge_node-1] [INFO] [1785978815.272012672] [ue_object_deliverer_bridge_node]: kinematic setpoint received stamp=32804929 valid=1
[ue_object_deliverer_bridge_node-1] [INFO] [1785978815.473094560] [ue_object_deliverer_bridge_node]: kinematic setpoint received stamp=33012040 valid=1
[ue_object_deliverer_bridge_node-1] [INFO] [1785978815.686518496] [ue_object_deliverer_bridge_node]: kinematic setpoint received stamp=33205678 valid=1
[ue_object_deliverer_bridge_node-1] [INFO] [1785978815.982197728] [ue_object_deliverer_bridge_node]: kinematic setpoint received stamp=33512472 valid=1
[ue_object_deliverer_bridge_node-1] [INFO] [1785978815.982587072] [ue_object_deliverer_bridge_node]: Sent kinematic setpoint to UE5: bytes=420, payload={"Command_Type":"Kinematic_Setpoint","Delta_X_Cm":26.95707380771637,"Delta_Y_Cm":-4.53236885368824,"Frame_ID":"ue_actor_local","Hold_Position":false,"Reason":"DECISION_VALID","Run_ID":"125A0E8D4D3C6BA46F4283AFCAC25321","Scene_Seed":230908,"Sequence":124,"Source_Frame_Index":334,"Source_Model_Version":"safety_gate_v1","Source_Stamp_Us":33512472,"Stamp_Us":33512472,"Step_Dt":0.20000000298023224,"Valid":true}__OD_END__
[ue_object_deliverer_bridge_node-1] [INFO] [1785978816.290025280] [ue_object_deliverer_bridge_node]: kinematic setpoint received stamp=33813853 valid=1
[ue_object_deliverer_bridge_node-1] [INFO] [1785978816.570754336] [ue_object_deliverer_bridge_node]: kinematic setpoint received stamp=34103236 valid=1
[ue_object_deliverer_bridge_node-1] [INFO] [1785978816.773505216] [ue_object_deliverer_bridge_node]: kinematic setpoint received stamp=34310489 valid=1
[ue_object_deliverer_bridge_node-1] [INFO] [1785978817.090891840] [ue_object_deliverer_bridge_node]: kinematic setpoint received stamp=34613399 valid=1
[ue_object_deliverer_bridge_node-1] [INFO] [1785978817.091283648] [ue_object_deliverer_bridge_node]: Sent kinematic setpoint to UE5: bytes=421, payload={"Command_Type":"Kinematic_Setpoint","Delta_X_Cm":23.26471358537674,"Delta_Y_Cm":-4.968713968992233,"Frame_ID":"ue_actor_local","Hold_Position":false,"Reason":"DECISION_VALID","Run_ID":"125A0E8D4D3C6BA46F4283AFCAC25321","Scene_Seed":230908,"Sequence":128,"Source_Frame_Index":345,"Source_Model_Version":"safety_gate_v1","Source_Stamp_Us":34613399,"Stamp_Us":34613399,"Step_Dt":0.20000000298023224,"Valid":true}__OD_END__
[ue_object_deliverer_bridge_node-1] [INFO] [1785978817.371676992] [ue_object_deliverer_bridge_node]: kinematic setpoint received stamp=34904102 valid=1
[ue_object_deliverer_bridge_node-1] [INFO] [1785978817.585018784] [ue_object_deliverer_bridge_node]: kinematic setpoint received stamp=35111177 valid=1
[ue_object_deliverer_bridge_node-1] [INFO] [1785978817.784226848] [ue_object_deliverer_bridge_node]: kinematic setpoint received stamp=35305108 valid=1
[ue_object_deliverer_bridge_node-1] [INFO] [1785978817.999687008] [ue_object_deliverer_bridge_node]: kinematic setpoint received stamp=35511570 valid=1
[ue_object_deliverer_bridge_node-1] [INFO] [1785978818.289679168] [ue_object_deliverer_bridge_node]: kinematic setpoint received stamp=35803805 valid=1
[ue_object_deliverer_bridge_node-1] [INFO] [1785978818.290066880] [ue_object_deliverer_bridge_node]: Sent kinematic setpoint to UE5: bytes=422, payload={"Command_Type":"Kinematic_Setpoint","Delta_X_Cm":17.831356823444366,"Delta_Y_Cm":-5.312609300017357,"Frame_ID":"ue_actor_local","Hold_Position":false,"Reason":"DECISION_VALID","Run_ID":"125A0E8D4D3C6BA46F4283AFCAC25321","Scene_Seed":230908,"Sequence":133,"Source_Frame_Index":357,"Source_Model_Version":"safety_gate_v1","Source_Stamp_Us":35803805,"Stamp_Us":35803805,"Step_Dt":0.20000000298023224,"Valid":true}__OD_END__
[image_entity_perception-9] [INFO] [1785978818.470782688] [image_entity_perception]: PERCEPTION_PERF_TRACE frame_index=359 count=350 predict_ms=41.2 entities=4 valid=True
[temporal_entity_tracker-2] [INFO] [1785978818.471773664] [temporal_entity_tracker]: TRACK_TRACE frame_index=359 count=350 source_valid=True source_entities=4 visible_source=1
[ue_object_deliverer_bridge_node-1] [INFO] [1785978818.487011712] [ue_object_deliverer_bridge_node]: kinematic setpoint received stamp=36010765 valid=1
[ue_object_deliverer_bridge_node-1] [INFO] [1785978818.782532320] [ue_object_deliverer_bridge_node]: kinematic setpoint received stamp=36303073 valid=1
[ue_object_deliverer_bridge_node-1] [INFO] [1785978818.993754848] [ue_object_deliverer_bridge_node]: kinematic setpoint received stamp=36511899 valid=1
[ue_object_deliverer_bridge_node-1] [INFO] [1785978819.281629248] [ue_object_deliverer_bridge_node]: kinematic setpoint received stamp=36802416 valid=1
[ue_object_deliverer_bridge_node-1] [INFO] [1785978819.479172704] [ue_object_deliverer_bridge_node]: kinematic setpoint received stamp=37010101 valid=1
[ue_object_deliverer_bridge_node-1] [INFO] [1785978819.479555488] [ue_object_deliverer_bridge_node]: Sent kinematic setpoint to UE5: bytes=422, payload={"Command_Type":"Kinematic_Setpoint","Delta_X_Cm":-2.887127734720707,"Delta_Y_Cm":-3.798520192503929,"Frame_ID":"ue_actor_local","Hold_Position":false,"Reason":"DECISION_VALID","Run_ID":"125A0E8D4D3C6BA46F4283AFCAC25321","Scene_Seed":230908,"Sequence":138,"Source_Frame_Index":369,"Source_Model_Version":"safety_gate_v1","Source_Stamp_Us":37010101,"Stamp_Us":37010101,"Step_Dt":0.20000000298023224,"Valid":true}__OD_END__
[ue_object_deliverer_bridge_node-1] [INFO] [1785978819.775860096] [ue_object_deliverer_bridge_node]: kinematic setpoint received stamp=37302251 valid=1
[ue_object_deliverer_bridge_node-1] [INFO] [1785978819.981693504] [ue_object_deliverer_bridge_node]: kinematic setpoint received stamp=37511171 valid=1
[ue_object_deliverer_bridge_node-1] [INFO] [1785978820.186322464] [ue_object_deliverer_bridge_node]: kinematic setpoint received stamp=37705891 valid=1
[ue_object_deliverer_bridge_node-1] [INFO] [1785978820.392749024] [ue_object_deliverer_bridge_node]: kinematic setpoint received stamp=37911954 valid=1
[ue_object_deliverer_bridge_node-1] [INFO] [1785978820.591247072] [ue_object_deliverer_bridge_node]: kinematic setpoint received stamp=38111286 valid=1
[ue_object_deliverer_bridge_node-1] [INFO] [1785978820.591631072] [ue_object_deliverer_bridge_node]: Sent kinematic setpoint to UE5: bytes=422, payload={"Command_Type":"Kinematic_Setpoint","Delta_X_Cm":1.3264156877994537,"Delta_Y_Cm":-7.575761526823044,"Frame_ID":"ue_actor_local","Hold_Position":false,"Reason":"DECISION_VALID","Run_ID":"125A0E8D4D3C6BA46F4283AFCAC25321","Scene_Seed":230908,"Sequence":143,"Source_Frame_Index":380,"Source_Model_Version":"safety_gate_v1","Source_Stamp_Us":38111286,"Stamp_Us":38111286,"Step_Dt":0.20000000298023224,"Valid":true}__OD_END__
[ue_object_deliverer_bridge_node-1] [INFO] [1785978820.879762496] [ue_object_deliverer_bridge_node]: kinematic setpoint received stamp=38400925 valid=1
[ue_object_deliverer_bridge_node-1] [INFO] [1785978821.089897152] [ue_object_deliverer_bridge_node]: kinematic setpoint received stamp=38608379 valid=1
[ue_object_deliverer_bridge_node-1] [INFO] [1785978821.394357728] [ue_object_deliverer_bridge_node]: kinematic setpoint received stamp=38911119 valid=1
[ue_object_deliverer_bridge_node-1] [INFO] [1785978821.677950816] [ue_object_deliverer_bridge_node]: kinematic setpoint received stamp=39201204 valid=1
[ue_object_deliverer_bridge_node-1] [INFO] [1785978821.678353184] [ue_object_deliverer_bridge_node]: Sent kinematic setpoint to UE5: bytes=422, payload={"Command_Type":"Kinematic_Setpoint","Delta_X_Cm":21.007056534290314,"Delta_Y_Cm":-6.164301931858063,"Frame_ID":"ue_actor_local","Hold_Position":false,"Reason":"DECISION_VALID","Run_ID":"125A0E8D4D3C6BA46F4283AFCAC25321","Scene_Seed":230908,"Sequence":147,"Source_Frame_Index":391,"Source_Model_Version":"safety_gate_v1","Source_Stamp_Us":39201204,"Stamp_Us":39201204,"Step_Dt":0.20000000298023224,"Valid":true}__OD_END__
[ue_object_deliverer_bridge_node-1] [INFO] [1785978821.879962464] [ue_object_deliverer_bridge_node]: kinematic setpoint received stamp=39410616 valid=1
[ue_object_deliverer_bridge_node-1] [INFO] [1785978822.171518944] [ue_object_deliverer_bridge_node]: kinematic setpoint received stamp=39701387 valid=1
[ue_object_deliverer_bridge_node-1] [INFO] [1785978822.381724096] [ue_object_deliverer_bridge_node]: kinematic setpoint received stamp=39909063 valid=1
[ue_object_deliverer_bridge_node-1] [INFO] [1785978822.578927584] [ue_object_deliverer_bridge_node]: kinematic setpoint received stamp=40102566 valid=1
[ue_object_deliverer_bridge_node-1] [INFO] [1785978822.790496640] [ue_object_deliverer_bridge_node]: kinematic setpoint received stamp=40309544 valid=1
[ue_object_deliverer_bridge_node-1] [INFO] [1785978822.790868960] [ue_object_deliverer_bridge_node]: Sent kinematic setpoint to UE5: bytes=423, payload={"Command_Type":"Kinematic_Setpoint","Delta_X_Cm":29.431462287902832,"Delta_Y_Cm":-3.4022487699985504,"Frame_ID":"ue_actor_local","Hold_Position":false,"Reason":"DECISION_VALID","Run_ID":"125A0E8D4D3C6BA46F4283AFCAC25321","Scene_Seed":230908,"Sequence":152,"Source_Frame_Index":402,"Source_Model_Version":"safety_gate_v1","Source_Stamp_Us":40309544,"Stamp_Us":40309544,"Step_Dt":0.20000000298023224,"Valid":true}__OD_END__
[ue_object_deliverer_bridge_node-1] [INFO] [1785978823.097773696] [ue_object_deliverer_bridge_node]: kinematic setpoint received stamp=40613870 valid=1
[ue_object_deliverer_bridge_node-1] [INFO] [1785978823.369293952] [ue_object_deliverer_bridge_node]: kinematic setpoint received stamp=40902606 valid=1
[image_entity_perception-9] [INFO] [1785978823.468168032] [image_entity_perception]: PERCEPTION_PERF_TRACE frame_index=409 count=400 predict_ms=34.6 entities=4 valid=True
[temporal_entity_tracker-2] [INFO] [1785978823.468911424] [temporal_entity_tracker]: TRACK_TRACE frame_index=409 count=400 source_valid=True source_entities=4 visible_source=1
[vla_policy-10] [INFO] [1785978823.473190176] [vla_policy]: ENT_IN_TRACE count=400 frame_index=409 valid=True detail=OK:selected=1;targets=1;risks=0;dropped=0
[ue_object_deliverer_bridge_node-1] [INFO] [1785978823.588086368] [ue_object_deliverer_bridge_node]: kinematic setpoint received stamp=41111686 valid=1
[ue_object_deliverer_bridge_node-1] [INFO] [1785978823.882025664] [ue_object_deliverer_bridge_node]: kinematic setpoint received stamp=41403068 valid=1
[ue_object_deliverer_bridge_node-1] [INFO] [1785978823.882423104] [ue_object_deliverer_bridge_node]: Sent kinematic setpoint to UE5: bytes=423, payload={"Command_Type":"Kinematic_Setpoint","Delta_X_Cm":20.123575627803802,"Delta_Y_Cm":-3.3203385770320892,"Frame_ID":"ue_actor_local","Hold_Position":false,"Reason":"DECISION_VALID","Run_ID":"125A0E8D4D3C6BA46F4283AFCAC25321","Scene_Seed":230908,"Sequence":156,"Source_Frame_Index":413,"Source_Model_Version":"safety_gate_v1","Source_Stamp_Us":41403068,"Stamp_Us":41403068,"Step_Dt":0.20000000298023224,"Valid":true}__OD_END__
[ue_object_deliverer_bridge_node-1] [INFO] [1785978824.087111904] [ue_object_deliverer_bridge_node]: kinematic setpoint received stamp=41608255 valid=1
[ue_object_deliverer_bridge_node-1] [INFO] [1785978824.394579936] [ue_object_deliverer_bridge_node]: kinematic setpoint received stamp=41910630 valid=1
[ue_object_deliverer_bridge_node-1] [INFO] [1785978824.684335584] [ue_object_deliverer_bridge_node]: kinematic setpoint received stamp=42212366 valid=1
[ue_object_deliverer_bridge_node-1] [INFO] [1785978824.975725088] [ue_object_deliverer_bridge_node]: kinematic setpoint received stamp=42502844 valid=1
[ue_object_deliverer_bridge_node-1] [INFO] [1785978824.976120512] [ue_object_deliverer_bridge_node]: Sent kinematic setpoint to UE5: bytes=423, payload={"Command_Type":"Kinematic_Setpoint","Delta_X_Cm":10.145048797130585,"Delta_Y_Cm":-3.1411156058311462,"Frame_ID":"ue_actor_local","Hold_Position":false,"Reason":"DECISION_VALID","Run_ID":"125A0E8D4D3C6BA46F4283AFCAC25321","Scene_Seed":230908,"Sequence":160,"Source_Frame_Index":424,"Source_Model_Version":"safety_gate_v1","Source_Stamp_Us":42502844,"Stamp_Us":42502844,"Step_Dt":0.20000000298023224,"Valid":true}__OD_END__
[ue_object_deliverer_bridge_node-1] [INFO] [1785978825.191120928] [ue_object_deliverer_bridge_node]: kinematic setpoint received stamp=42707385 valid=1
[ue_object_deliverer_bridge_node-1] [INFO] [1785978825.434197920] [ue_object_deliverer_bridge_node]: kinematic setpoint received stamp=42707386 valid=1
[ue_object_deliverer_bridge_node-1] [INFO] [1785978825.676555008] [ue_object_deliverer_bridge_node]: kinematic setpoint received stamp=43205090 valid=1
[ue_object_deliverer_bridge_node-1] [INFO] [1785978825.878018080] [ue_object_deliverer_bridge_node]: kinematic setpoint received stamp=43411216 valid=1
[ue_object_deliverer_bridge_node-1] [INFO] [1785978826.173774496] [ue_object_deliverer_bridge_node]: kinematic setpoint received stamp=43702236 valid=1
[ue_object_deliverer_bridge_node-1] [INFO] [1785978826.174189120] [ue_object_deliverer_bridge_node]: Sent kinematic setpoint to UE5: bytes=423, payload={"Command_Type":"Kinematic_Setpoint","Delta_X_Cm":-3.7391316145658493,"Delta_Y_Cm":-5.253207683563232,"Frame_ID":"ue_actor_local","Hold_Position":false,"Reason":"DECISION_VALID","Run_ID":"125A0E8D4D3C6BA46F4283AFCAC25321","Scene_Seed":230908,"Sequence":165,"Source_Frame_Index":436,"Source_Model_Version":"safety_gate_v1","Source_Stamp_Us":43702236,"Stamp_Us":43702236,"Step_Dt":0.20000000298023224,"Valid":true}__OD_END__
[ue_object_deliverer_bridge_node-1] [INFO] [1785978826.378646592] [ue_object_deliverer_bridge_node]: kinematic setpoint received stamp=43910157 valid=1
[ue_object_deliverer_bridge_node-1] [INFO] [1785978826.668406304] [ue_object_deliverer_bridge_node]: kinematic setpoint received stamp=44201245 valid=1
[ue_object_deliverer_bridge_node-1] [INFO] [1785978826.876499392] [ue_object_deliverer_bridge_node]: kinematic setpoint received stamp=44409975 valid=1
[ue_object_deliverer_bridge_node-1] [INFO] [1785978827.191056576] [ue_object_deliverer_bridge_node]: kinematic setpoint received stamp=44710629 valid=1
[ue_object_deliverer_bridge_node-1] [INFO] [1785978827.191449312] [ue_object_deliverer_bridge_node]: Sent kinematic setpoint to UE5: bytes=422, payload={"Command_Type":"Kinematic_Setpoint","Delta_X_Cm":15.953882038593292,"Delta_Y_Cm":-6.037494912743568,"Frame_ID":"ue_actor_local","Hold_Position":false,"Reason":"DECISION_VALID","Run_ID":"125A0E8D4D3C6BA46F4283AFCAC25321","Scene_Seed":230908,"Sequence":169,"Source_Frame_Index":446,"Source_Model_Version":"safety_gate_v1","Source_Stamp_Us":44710629,"Stamp_Us":44710629,"Step_Dt":0.20000000298023224,"Valid":true}__OD_END__
[ue_object_deliverer_bridge_node-1] [INFO] [1785978827.430147072] [ue_object_deliverer_bridge_node]: kinematic setpoint received stamp=44710630 valid=1
[ue_object_deliverer_bridge_node-1] [INFO] [1785978827.675714752] [ue_object_deliverer_bridge_node]: kinematic setpoint received stamp=45204830 valid=1
[ue_object_deliverer_bridge_node-1] [INFO] [1785978827.885848608] [ue_object_deliverer_bridge_node]: kinematic setpoint received stamp=45408381 valid=1
[ue_object_deliverer_bridge_node-1] [INFO] [1785978828.186588128] [ue_object_deliverer_bridge_node]: kinematic setpoint received stamp=45710868 valid=1
[ue_object_deliverer_bridge_node-1] [INFO] [1785978828.186995264] [ue_object_deliverer_bridge_node]: Sent kinematic setpoint to UE5: bytes=422, payload={"Command_Type":"Kinematic_Setpoint","Delta_X_Cm":14.758522808551788,"Delta_Y_Cm":-2.442721277475357,"Frame_ID":"ue_actor_local","Hold_Position":false,"Reason":"DECISION_VALID","Run_ID":"125A0E8D4D3C6BA46F4283AFCAC25321","Scene_Seed":230908,"Sequence":173,"Source_Frame_Index":456,"Source_Model_Version":"safety_gate_v1","Source_Stamp_Us":45710868,"Stamp_Us":45710868,"Step_Dt":0.20000000298023224,"Valid":true}__OD_END__
[ue_object_deliverer_bridge_node-1] [INFO] [1785978828.420141088] [ue_object_deliverer_bridge_node]: kinematic setpoint received stamp=45710869 valid=1
[image_entity_perception-9] [INFO] [1785978828.448234720] [image_entity_perception]: PERCEPTION_PERF_TRACE frame_index=459 count=450 predict_ms=33.4 entities=4 valid=True
[temporal_entity_tracker-2] [INFO] [1785978828.450021152] [temporal_entity_tracker]: TRACK_TRACE frame_index=459 count=450 source_valid=True source_entities=4 visible_source=1
[ue_object_deliverer_bridge_node-1] [INFO] [1785978828.679562080] [ue_object_deliverer_bridge_node]: kinematic setpoint received stamp=46206998 valid=1
[ue_object_deliverer_bridge_node-1] [INFO] [1785978828.883405952] [ue_object_deliverer_bridge_node]: kinematic setpoint received stamp=46413451 valid=1
[ue_object_deliverer_bridge_node-1] [INFO] [1785978829.086145632] [ue_object_deliverer_bridge_node]: kinematic setpoint received stamp=46605043 valid=1
[ue_object_deliverer_bridge_node-1] [INFO] [1785978829.387234912] [ue_object_deliverer_bridge_node]: kinematic setpoint received stamp=46910233 valid=1
[ue_object_deliverer_bridge_node-1] [INFO] [1785978829.387612480] [ue_object_deliverer_bridge_node]: Sent kinematic setpoint to UE5: bytes=422, payload={"Command_Type":"Kinematic_Setpoint","Delta_X_Cm":19.676770269870758,"Delta_Y_Cm":-3.191021829843521,"Frame_ID":"ue_actor_local","Hold_Position":false,"Reason":"DECISION_VALID","Run_ID":"125A0E8D4D3C6BA46F4283AFCAC25321","Scene_Seed":230908,"Sequence":178,"Source_Frame_Index":468,"Source_Model_Version":"safety_gate_v1","Source_Stamp_Us":46910233,"Stamp_Us":46910233,"Step_Dt":0.20000000298023224,"Valid":true}__OD_END__
[ue_object_deliverer_bridge_node-1] [INFO] [1785978829.671478848] [ue_object_deliverer_bridge_node]: kinematic setpoint received stamp=47200989 valid=1
[ue_object_deliverer_bridge_node-1] [INFO] [1785978829.883330208] [ue_object_deliverer_bridge_node]: kinematic setpoint received stamp=47407509 valid=1
[ue_object_deliverer_bridge_node-1] [INFO] [1785978830.089591968] [ue_object_deliverer_bridge_node]: kinematic setpoint received stamp=47617121 valid=1
[ue_object_deliverer_bridge_node-1] [INFO] [1785978830.377508544] [ue_object_deliverer_bridge_node]: kinematic setpoint received stamp=47903681 valid=1
[ue_object_deliverer_bridge_node-1] [INFO] [1785978830.584656320] [ue_object_deliverer_bridge_node]: kinematic setpoint received stamp=48108758 valid=1
[ue_object_deliverer_bridge_node-1] [INFO] [1785978830.585032032] [ue_object_deliverer_bridge_node]: Sent kinematic setpoint to UE5: bytes=421, payload={"Command_Type":"Kinematic_Setpoint","Delta_X_Cm":29.57248091697693,"Delta_Y_Cm":-4.115045070648193,"Frame_ID":"ue_actor_local","Hold_Position":false,"Reason":"DECISION_VALID","Run_ID":"125A0E8D4D3C6BA46F4283AFCAC25321","Scene_Seed":230908,"Sequence":183,"Source_Frame_Index":480,"Source_Model_Version":"safety_gate_v1","Source_Stamp_Us":48108758,"Stamp_Us":48108758,"Step_Dt":0.20000000298023224,"Valid":true}__OD_END__
[ue_object_deliverer_bridge_node-1] [INFO] [1785978830.888705216] [ue_object_deliverer_bridge_node]: kinematic setpoint received stamp=48411272 valid=1
[ue_object_deliverer_bridge_node-1] [INFO] [1785978831.175562784] [ue_object_deliverer_bridge_node]: kinematic setpoint received stamp=48701654 valid=1
[ue_object_deliverer_bridge_node-1] [INFO] [1785978831.376896768] [ue_object_deliverer_bridge_node]: kinematic setpoint received stamp=48905109 valid=1
[ue_object_deliverer_bridge_node-1] [INFO] [1785978831.699890944] [ue_object_deliverer_bridge_node]: kinematic setpoint received stamp=49213332 valid=1
[ue_object_deliverer_bridge_node-1] [INFO] [1785978831.700426912] [ue_object_deliverer_bridge_node]: Sent kinematic setpoint to UE5: bytes=422, payload={"Command_Type":"Kinematic_Setpoint","Delta_X_Cm":26.007792353630066,"Delta_Y_Cm":-4.173026233911514,"Frame_ID":"ue_actor_local","Hold_Position":false,"Reason":"DECISION_VALID","Run_ID":"125A0E8D4D3C6BA46F4283AFCAC25321","Scene_Seed":230908,"Sequence":187,"Source_Frame_Index":491,"Source_Model_Version":"safety_gate_v1","Source_Stamp_Us":49213332,"Stamp_Us":49213332,"Step_Dt":0.20000000298023224,"Valid":true}__OD_END__
[ue_object_deliverer_bridge_node-1] [INFO] [1785978831.972679840] [ue_object_deliverer_bridge_node]: kinematic setpoint received stamp=49504611 valid=1
[ue_object_deliverer_bridge_node-1] [INFO] [1785978832.174085696] [ue_object_deliverer_bridge_node]: kinematic setpoint received stamp=49710055 valid=1
[ue_object_deliverer_bridge_node-1] [INFO] [1785978832.378231040] [ue_object_deliverer_bridge_node]: kinematic setpoint received stamp=49902416 valid=1
[ue_object_deliverer_bridge_node-1] [INFO] [1785978832.590875424] [ue_object_deliverer_bridge_node]: kinematic setpoint received stamp=50107974 valid=1
[ue_object_deliverer_bridge_node-1] [INFO] [1785978832.894084128] [ue_object_deliverer_bridge_node]: kinematic setpoint received stamp=50411905 valid=1
[ue_object_deliverer_bridge_node-1] [INFO] [1785978832.894471552] [ue_object_deliverer_bridge_node]: Sent kinematic setpoint to UE5: bytes=421, payload={"Command_Type":"Kinematic_Setpoint","Delta_X_Cm":19.792017340660095,"Delta_Y_Cm":-3.70057113468647,"Frame_ID":"ue_actor_local","Hold_Position":false,"Reason":"DECISION_VALID","Run_ID":"125A0E8D4D3C6BA46F4283AFCAC25321","Scene_Seed":230908,"Sequence":192,"Source_Frame_Index":503,"Source_Model_Version":"safety_gate_v1","Source_Stamp_Us":50411905,"Stamp_Us":50411905,"Step_Dt":0.20000000298023224,"Valid":true}__OD_END__
[ue_object_deliverer_bridge_node-1] [INFO] [1785978833.185945344] [ue_object_deliverer_bridge_node]: kinematic setpoint received stamp=50700716 valid=1
[ue_object_deliverer_bridge_node-1] [INFO] [1785978833.424494240] [ue_object_deliverer_bridge_node]: kinematic setpoint received stamp=50700717 valid=1
[image_entity_perception-9] [INFO] [1785978833.455725760] [image_entity_perception]: PERCEPTION_PERF_TRACE frame_index=509 count=500 predict_ms=36.8 entities=4 valid=True
[temporal_entity_tracker-2] [INFO] [1785978833.457120096] [temporal_entity_tracker]: TRACK_TRACE frame_index=509 count=500 source_valid=True source_entities=4 visible_source=1
[vla_policy-10] [INFO] [1785978833.461316128] [vla_policy]: ENT_IN_TRACE count=500 frame_index=509 valid=True detail=OK:selected=1;targets=1;risks=0;dropped=0
[ue_object_deliverer_bridge_node-1] [INFO] [1785978833.674970080] [ue_object_deliverer_bridge_node]: kinematic setpoint received stamp=51211954 valid=1
[ue_object_deliverer_bridge_node-1] [INFO] [1785978833.880384960] [ue_object_deliverer_bridge_node]: kinematic setpoint received stamp=51403144 valid=1
[ue_object_deliverer_bridge_node-1] [INFO] [1785978834.173724032] [ue_object_deliverer_bridge_node]: kinematic setpoint received stamp=51709342 valid=1
[ue_object_deliverer_bridge_node-1] [INFO] [1785978834.174139936] [ue_object_deliverer_bridge_node]: Sent kinematic setpoint to UE5: bytes=420, payload={"Command_Type":"Kinematic_Setpoint","Delta_X_Cm":-5.41008785367012,"Delta_Y_Cm":-3.71425561606884,"Frame_ID":"ue_actor_local","Hold_Position":false,"Reason":"DECISION_VALID","Run_ID":"125A0E8D4D3C6BA46F4283AFCAC25321","Scene_Seed":230908,"Sequence":197,"Source_Frame_Index":516,"Source_Model_Version":"safety_gate_v1","Source_Stamp_Us":51709342,"Stamp_Us":51709342,"Step_Dt":0.20000000298023224,"Valid":true}__OD_END__
[ue_object_deliverer_bridge_node-1] [INFO] [1785978834.432135200] [ue_object_deliverer_bridge_node]: kinematic setpoint received stamp=51709343 valid=1
[vla_policy-10] [INFO] [1785978834.673658560] [vla_policy]: POLICY_AUDIT trigger=periodic events=200 policy_driven=199 backstop=1 hold=0 fail_closed=0 policy_stop=0 guard_reason=policy_driven raw_dx=0.213788 raw_dy=0.023641 guarded_dx=0.213788 guarded_dy=0.023641 final_dx=0.049697 final_dy=0.005495
[ue_object_deliverer_bridge_node-1] [INFO] [1785978834.676928192] [ue_object_deliverer_bridge_node]: kinematic setpoint received stamp=52203634 valid=1
[ue_object_deliverer_bridge_node-1] [INFO] [1785978834.886333824] [ue_object_deliverer_bridge_node]: kinematic setpoint received stamp=52413768 valid=1
[ue_object_deliverer_bridge_node-1] [INFO] [1785978835.181225024] [ue_object_deliverer_bridge_node]: kinematic setpoint received stamp=52704613 valid=1
[ue_object_deliverer_bridge_node-1] [INFO] [1785978835.385541504] [ue_object_deliverer_bridge_node]: kinematic setpoint received stamp=52909344 valid=1
[ue_object_deliverer_bridge_node-1] [INFO] [1785978835.385923872] [ue_object_deliverer_bridge_node]: Sent kinematic setpoint to UE5: bytes=420, payload={"Command_Type":"Kinematic_Setpoint","Delta_X_Cm":19.77350413799286,"Delta_Y_Cm":-2.74246446788311,"Frame_ID":"ue_actor_local","Hold_Position":false,"Reason":"DECISION_VALID","Run_ID":"125A0E8D4D3C6BA46F4283AFCAC25321","Scene_Seed":230908,"Sequence":202,"Source_Frame_Index":528,"Source_Model_Version":"safety_gate_v1","Source_Stamp_Us":52909344,"Stamp_Us":52909344,"Step_Dt":0.20000000298023224,"Valid":true}__OD_END__
[ue_object_deliverer_bridge_node-1] [INFO] [1785978835.694789824] [ue_object_deliverer_bridge_node]: kinematic setpoint received stamp=53212786 valid=1
[ue_object_deliverer_bridge_node-1] [INFO] [1785978835.967706944] [ue_object_deliverer_bridge_node]: kinematic setpoint received stamp=53502382 valid=1
[ue_object_deliverer_bridge_node-1] [INFO] [1785978836.173002816] [ue_object_deliverer_bridge_node]: kinematic setpoint received stamp=53708055 valid=1
[ue_object_deliverer_bridge_node-1] [INFO] [1785978836.378083872] [ue_object_deliverer_bridge_node]: kinematic setpoint received stamp=53901667 valid=1
[ue_object_deliverer_bridge_node-1] [INFO] [1785978836.585578272] [ue_object_deliverer_bridge_node]: kinematic setpoint received stamp=54107590 valid=1
[ue_object_deliverer_bridge_node-1] [INFO] [1785978836.585959232] [ue_object_deliverer_bridge_node]: Sent kinematic setpoint to UE5: bytes=422, payload={"Command_Type":"Kinematic_Setpoint","Delta_X_Cm":28.300657868385315,"Delta_Y_Cm":-2.955443039536476,"Frame_ID":"ue_actor_local","Hold_Position":false,"Reason":"DECISION_VALID","Run_ID":"125A0E8D4D3C6BA46F4283AFCAC25321","Scene_Seed":230908,"Sequence":207,"Source_Frame_Index":540,"Source_Model_Version":"safety_gate_v1","Source_Stamp_Us":54107590,"Stamp_Us":54107590,"Step_Dt":0.20000000298023224,"Valid":true}__OD_END__
[ue_object_deliverer_bridge_node-1] [INFO] [1785978836.879678816] [ue_object_deliverer_bridge_node]: kinematic setpoint received stamp=54410964 valid=1
[ue_object_deliverer_bridge_node-1] [INFO] [1785978837.183807488] [ue_object_deliverer_bridge_node]: kinematic setpoint received stamp=54713745 valid=1
[ue_object_deliverer_bridge_node-1] [INFO] [1785978837.419604960] [ue_object_deliverer_bridge_node]: kinematic setpoint received stamp=54713746 valid=1
[ue_object_deliverer_bridge_node-1] [INFO] [1785978837.673003808] [ue_object_deliverer_bridge_node]: kinematic setpoint received stamp=55212099 valid=1
[ue_object_deliverer_bridge_node-1] [INFO] [1785978837.673390048] [ue_object_deliverer_bridge_node]: Sent kinematic setpoint to UE5: bytes=422, payload={"Command_Type":"Kinematic_Setpoint","Delta_X_Cm":4.662547260522842,"Delta_Y_Cm":-1.6387144103646278,"Frame_ID":"ue_actor_local","Hold_Position":false,"Reason":"DECISION_VALID","Run_ID":"125A0E8D4D3C6BA46F4283AFCAC25321","Scene_Seed":230908,"Sequence":211,"Source_Frame_Index":551,"Source_Model_Version":"safety_gate_v1","Source_Stamp_Us":55212099,"Stamp_Us":55212099,"Step_Dt":0.20000000298023224,"Valid":true}__OD_END__
[ue_object_deliverer_bridge_node-1] [INFO] [1785978837.964354688] [ue_object_deliverer_bridge_node]: kinematic setpoint received stamp=55502610 valid=1
[ue_object_deliverer_bridge_node-1] [INFO] [1785978838.177026176] [ue_object_deliverer_bridge_node]: kinematic setpoint received stamp=55710906 valid=1
[ue_object_deliverer_bridge_node-1] [INFO] [1785978838.425865568] [ue_object_deliverer_bridge_node]: kinematic setpoint received stamp=55710907 valid=1
[image_entity_perception-9] [INFO] [1785978838.460518816] [image_entity_perception]: PERCEPTION_PERF_TRACE frame_index=559 count=550 predict_ms=33.5 entities=4 valid=True
[temporal_entity_tracker-2] [INFO] [1785978838.461311616] [temporal_entity_tracker]: TRACK_TRACE frame_index=559 count=550 source_valid=True source_entities=4 visible_source=1
[ue_object_deliverer_bridge_node-1] [INFO] [1785978838.670007520] [ue_object_deliverer_bridge_node]: kinematic setpoint received stamp=56205094 valid=1
[ue_object_deliverer_bridge_node-1] [INFO] [1785978838.894940544] [ue_object_deliverer_bridge_node]: kinematic setpoint received stamp=56413600 valid=1
[ue_object_deliverer_bridge_node-1] [INFO] [1785978838.895448032] [ue_object_deliverer_bridge_node]: Sent kinematic setpoint to UE5: bytes=420, payload={"Command_Type":"Kinematic_Setpoint","Delta_X_Cm":9.9085733294487,"Delta_Y_Cm":-1.1718496680259705,"Frame_ID":"ue_actor_local","Hold_Position":false,"Reason":"DECISION_VALID","Run_ID":"125A0E8D4D3C6BA46F4283AFCAC25321","Scene_Seed":230908,"Sequence":216,"Source_Frame_Index":563,"Source_Model_Version":"safety_gate_v1","Source_Stamp_Us":56413600,"Stamp_Us":56413600,"Step_Dt":0.20000000298023224,"Valid":true}__OD_END__
[ue_object_deliverer_bridge_node-1] [INFO] [1785978839.168155456] [ue_object_deliverer_bridge_node]: kinematic setpoint received stamp=56703830 valid=1
[ue_object_deliverer_bridge_node-1] [INFO] [1785978839.374440832] [ue_object_deliverer_bridge_node]: kinematic setpoint received stamp=56909633 valid=1
[ue_object_deliverer_bridge_node-1] [INFO] [1785978839.575571648] [ue_object_deliverer_bridge_node]: kinematic setpoint received stamp=57101308 valid=1
[ue_object_deliverer_bridge_node-1] [INFO] [1785978839.787068576] [ue_object_deliverer_bridge_node]: kinematic setpoint received stamp=57308113 valid=1
[ue_object_deliverer_bridge_node-1] [INFO] [1785978840.012180992] [ue_object_deliverer_bridge_node]: kinematic setpoint received stamp=57513585 valid=1
[ue_object_deliverer_bridge_node-1] [INFO] [1785978840.012570304] [ue_object_deliverer_bridge_node]: Sent kinematic setpoint to UE5: bytes=423, payload={"Command_Type":"Kinematic_Setpoint","Delta_X_Cm":29.061010479927063,"Delta_Y_Cm":-1.6901340335607529,"Frame_ID":"ue_actor_local","Hold_Position":false,"Reason":"DECISION_VALID","Run_ID":"125A0E8D4D3C6BA46F4283AFCAC25321","Scene_Seed":230908,"Sequence":221,"Source_Frame_Index":574,"Source_Model_Version":"safety_gate_v1","Source_Stamp_Us":57513585,"Stamp_Us":57513585,"Step_Dt":0.20000000298023224,"Valid":true}__OD_END__
[ue_object_deliverer_bridge_node-1] [INFO] [1785978840.269912704] [ue_object_deliverer_bridge_node]: kinematic setpoint received stamp=57804944 valid=1
[ue_object_deliverer_bridge_node-1] [INFO] [1785978840.490944128] [ue_object_deliverer_bridge_node]: kinematic setpoint received stamp=58013747 valid=1
[ue_object_deliverer_bridge_node-1] [INFO] [1785978840.778619648] [ue_object_deliverer_bridge_node]: kinematic setpoint received stamp=58302105 valid=1
[ue_object_deliverer_bridge_node-1] [INFO] [1785978840.983742944] [ue_object_deliverer_bridge_node]: kinematic setpoint received stamp=58507079 valid=1
[ue_object_deliverer_bridge_node-1] [INFO] [1785978841.295587744] [ue_object_deliverer_bridge_node]: kinematic setpoint received stamp=58810541 valid=1
[ue_object_deliverer_bridge_node-1] [INFO] [1785978841.295973344] [ue_object_deliverer_bridge_node]: Sent kinematic setpoint to UE5: bytes=423, payload={"Command_Type":"Kinematic_Setpoint","Delta_X_Cm":14.970538020133972,"Delta_Y_Cm":-0.4505257122218609,"Frame_ID":"ue_actor_local","Hold_Position":false,"Reason":"DECISION_VALID","Run_ID":"125A0E8D4D3C6BA46F4283AFCAC25321","Scene_Seed":230908,"Sequence":226,"Source_Frame_Index":587,"Source_Model_Version":"safety_gate_v1","Source_Stamp_Us":58810541,"Stamp_Us":58810541,"Step_Dt":0.20000000298023224,"Valid":true}__OD_END__
[ue_object_deliverer_bridge_node-1] [INFO] [1785978841.591004448] [ue_object_deliverer_bridge_node]: kinematic setpoint received stamp=59112460 valid=1
[ue_object_deliverer_bridge_node-1] [INFO] [1785978841.888849792] [ue_object_deliverer_bridge_node]: kinematic setpoint received stamp=59412322 valid=1
[ue_object_deliverer_bridge_node-1] [INFO] [1785978842.194694976] [ue_object_deliverer_bridge_node]: kinematic setpoint received stamp=59712654 valid=1
[ue_object_deliverer_bridge_node-1] [INFO] [1785978842.417603264] [ue_object_deliverer_bridge_node]: kinematic setpoint received stamp=59712655 valid=1
[ue_object_deliverer_bridge_node-1] [INFO] [1785978842.417992320] [ue_object_deliverer_bridge_node]: Sent kinematic setpoint to UE5: bytes=423, payload={"Command_Type":"Kinematic_Setpoint","Delta_X_Cm":-4.815597087144852,"Delta_Y_Cm":-1.3453710824251175,"Frame_ID":"ue_actor_local","Hold_Position":false,"Reason":"DECISION_VALID","Run_ID":"125A0E8D4D3C6BA46F4283AFCAC25321","Scene_Seed":230908,"Sequence":230,"Source_Frame_Index":539,"Source_Model_Version":"safety_gate_v1","Source_Stamp_Us":59712655,"Stamp_Us":59712655,"Step_Dt":0.20000000298023224,"Valid":true}__OD_END__
[ue_object_deliverer_bridge_node-1] [INFO] [1785978842.688160768] [ue_object_deliverer_bridge_node]: kinematic setpoint received stamp=60209942 valid=1
[ue_object_deliverer_bridge_node-1] [INFO] [1785978842.987108480] [ue_object_deliverer_bridge_node]: kinematic setpoint received stamp=60513649 valid=1
[ue_object_deliverer_bridge_node-1] [INFO] [1785978843.266978976] [ue_object_deliverer_bridge_node]: kinematic setpoint received stamp=60803312 valid=1
[image_entity_perception-9] [INFO] [1785978843.469278240] [image_entity_perception]: PERCEPTION_PERF_TRACE frame_index=609 count=600 predict_ms=37.7 entities=4 valid=True
[temporal_entity_tracker-2] [INFO] [1785978843.471169664] [temporal_entity_tracker]: TRACK_TRACE frame_index=609 count=600 source_valid=True source_entities=4 visible_source=1
[vla_policy-10] [INFO] [1785978843.475528096] [vla_policy]: ENT_IN_TRACE count=600 frame_index=609 valid=True detail=OK:selected=1;targets=1;risks=0;dropped=0
[ue_object_deliverer_bridge_node-1] [INFO] [1785978843.487617408] [ue_object_deliverer_bridge_node]: kinematic setpoint received stamp=61010970 valid=1
[ue_object_deliverer_bridge_node-1] [INFO] [1785978843.487968480] [ue_object_deliverer_bridge_node]: Sent kinematic setpoint to UE5: bytes=423, payload={"Command_Type":"Kinematic_Setpoint","Delta_X_Cm":19.961777329444885,"Delta_Y_Cm":-0.5067335907369852,"Frame_ID":"ue_actor_local","Hold_Position":false,"Reason":"DECISION_VALID","Run_ID":"125A0E8D4D3C6BA46F4283AFCAC25321","Scene_Seed":230908,"Sequence":234,"Source_Frame_Index":609,"Source_Model_Version":"safety_gate_v1","Source_Stamp_Us":61010970,"Stamp_Us":61010970,"Step_Dt":0.20000000298023224,"Valid":true}__OD_END__
[ue_object_deliverer_bridge_node-1] [INFO] [1785978843.805781056] [ue_object_deliverer_bridge_node]: kinematic setpoint received stamp=61314970 valid=1
[ue_object_deliverer_bridge_node-1] [INFO] [1785978844.085226656] [ue_object_deliverer_bridge_node]: kinematic setpoint received stamp=61606373 valid=1
[ue_object_deliverer_bridge_node-1] [INFO] [1785978844.394430432] [ue_object_deliverer_bridge_node]: kinematic setpoint received stamp=61913247 valid=1
[ue_object_deliverer_bridge_node-1] [INFO] [1785978844.680540768] [ue_object_deliverer_bridge_node]: kinematic setpoint received stamp=62201143 valid=1
[ue_object_deliverer_bridge_node-1] [INFO] [1785978844.681088000] [ue_object_deliverer_bridge_node]: Sent kinematic setpoint to UE5: bytes=422, payload={"Command_Type":"Kinematic_Setpoint","Delta_X_Cm":26.13963484764099,"Delta_Y_Cm":0.15022879233583808,"Frame_ID":"ue_actor_local","Hold_Position":false,"Reason":"DECISION_VALID","Run_ID":"125A0E8D4D3C6BA46F4283AFCAC25321","Scene_Seed":230908,"Sequence":238,"Source_Frame_Index":621,"Source_Model_Version":"safety_gate_v1","Source_Stamp_Us":62201143,"Stamp_Us":62201143,"Step_Dt":0.20000000298023224,"Valid":true}__OD_END__
[ue_object_deliverer_bridge_node-1] [INFO] [1785978844.887337056] [ue_object_deliverer_bridge_node]: kinematic setpoint received stamp=62407137 valid=1
[ue_object_deliverer_bridge_node-1] [INFO] [1785978845.191935872] [ue_object_deliverer_bridge_node]: kinematic setpoint received stamp=62712463 valid=1
[ue_object_deliverer_bridge_node-1] [INFO] [1785978845.430820384] [ue_object_deliverer_bridge_node]: kinematic setpoint received stamp=62712464 valid=1
[ue_object_deliverer_bridge_node-1] [INFO] [1785978845.673157024] [ue_object_deliverer_bridge_node]: kinematic setpoint received stamp=63205961 valid=1
[ue_object_deliverer_bridge_node-1] [INFO] [1785978845.673543232] [ue_object_deliverer_bridge_node]: Sent kinematic setpoint to UE5: bytes=422, payload={"Command_Type":"Kinematic_Setpoint","Delta_X_Cm":4.958945885300636,"Delta_Y_Cm":-0.6394169759005308,"Frame_ID":"ue_actor_local","Hold_Position":false,"Reason":"DECISION_VALID","Run_ID":"125A0E8D4D3C6BA46F4283AFCAC25321","Scene_Seed":230908,"Sequence":242,"Source_Frame_Index":631,"Source_Model_Version":"safety_gate_v1","Source_Stamp_Us":63205961,"Stamp_Us":63205961,"Step_Dt":0.20000000298023224,"Valid":true}__OD_END__
[ue_object_deliverer_bridge_node-1] [INFO] [1785978845.893058656] [ue_object_deliverer_bridge_node]: kinematic setpoint received stamp=63411240 valid=1
[ue_object_deliverer_bridge_node-1] [INFO] [1785978846.182549184] [ue_object_deliverer_bridge_node]: kinematic setpoint received stamp=63702940 valid=1
[ue_object_deliverer_bridge_node-1] [INFO] [1785978846.428469504] [ue_object_deliverer_bridge_node]: kinematic setpoint received stamp=63702941 valid=1
[ue_object_deliverer_bridge_node-1] [INFO] [1785978846.667511680] [ue_object_deliverer_bridge_node]: kinematic setpoint received stamp=64200683 valid=1
[ue_object_deliverer_bridge_node-1] [INFO] [1785978846.872252064] [ue_object_deliverer_bridge_node]: kinematic setpoint received stamp=64406473 valid=1
[ue_object_deliverer_bridge_node-1] [INFO] [1785978846.872650720] [ue_object_deliverer_bridge_node]: Sent kinematic setpoint to UE5: bytes=423, payload={"Command_Type":"Kinematic_Setpoint","Delta_X_Cm":9.987565875053406,"Delta_Y_Cm":0.013283718726597726,"Frame_ID":"ue_actor_local","Hold_Position":false,"Reason":"DECISION_VALID","Run_ID":"125A0E8D4D3C6BA46F4283AFCAC25321","Scene_Seed":230908,"Sequence":247,"Source_Frame_Index":643,"Source_Model_Version":"safety_gate_v1","Source_Stamp_Us":64406473,"Stamp_Us":64406473,"Step_Dt":0.20000000298023224,"Valid":true}__OD_END__
[ue_object_deliverer_bridge_node-1] [INFO] [1785978847.086510208] [ue_object_deliverer_bridge_node]: kinematic setpoint received stamp=64611735 valid=1
[ue_object_deliverer_bridge_node-1] [INFO] [1785978847.365364960] [ue_object_deliverer_bridge_node]: kinematic setpoint received stamp=64901764 valid=1
[ue_object_deliverer_bridge_node-1] [INFO] [1785978847.576693344] [ue_object_deliverer_bridge_node]: kinematic setpoint received stamp=65105604 valid=1
[ue_object_deliverer_bridge_node-1] [INFO] [1785978847.786299904] [ue_object_deliverer_bridge_node]: kinematic setpoint received stamp=65312024 valid=1
[ue_object_deliverer_bridge_node-1] [INFO] [1785978848.069884864] [ue_object_deliverer_bridge_node]: kinematic setpoint received stamp=65602095 valid=1
[ue_object_deliverer_bridge_node-1] [INFO] [1785978848.070287264] [ue_object_deliverer_bridge_node]: Sent kinematic setpoint to UE5: bytes=422, payload={"Command_Type":"Kinematic_Setpoint","Delta_X_Cm":27.049624919891357,"Delta_Y_Cm":1.5318883582949638,"Frame_ID":"ue_actor_local","Hold_Position":false,"Reason":"DECISION_VALID","Run_ID":"125A0E8D4D3C6BA46F4283AFCAC25321","Scene_Seed":230908,"Sequence":252,"Source_Frame_Index":655,"Source_Model_Version":"safety_gate_v1","Source_Stamp_Us":65602095,"Stamp_Us":65602095,"Step_Dt":0.20000000298023224,"Valid":true}__OD_END__
[ue_object_deliverer_bridge_node-1] [INFO] [1785978848.287263488] [ue_object_deliverer_bridge_node]: kinematic setpoint received stamp=65805501 valid=1
[image_entity_perception-9] [INFO] [1785978848.482337344] [image_entity_perception]: PERCEPTION_PERF_TRACE frame_index=659 count=650 predict_ms=45.1 entities=4 valid=True
[temporal_entity_tracker-2] [INFO] [1785978848.483436576] [temporal_entity_tracker]: TRACK_TRACE frame_index=659 count=650 source_valid=True source_entities=4 visible_source=1
[ue_object_deliverer_bridge_node-1] [INFO] [1785978848.501702336] [ue_object_deliverer_bridge_node]: kinematic setpoint received stamp=66012467 valid=1
[ue_object_deliverer_bridge_node-1] [INFO] [1785978848.786617600] [ue_object_deliverer_bridge_node]: kinematic setpoint received stamp=66303315 valid=1
[ue_object_deliverer_bridge_node-1] [INFO] [1785978848.990946240] [ue_object_deliverer_bridge_node]: kinematic setpoint received stamp=66507913 valid=1
[ue_object_deliverer_bridge_node-1] [INFO] [1785978849.306735744] [ue_object_deliverer_bridge_node]: kinematic setpoint received stamp=66813416 valid=1
[ue_object_deliverer_bridge_node-1] [INFO] [1785978849.307131104] [ue_object_deliverer_bridge_node]: Sent kinematic setpoint to UE5: bytes=422, payload={"Command_Type":"Kinematic_Setpoint","Delta_X_Cm":21.174049377441406,"Delta_Y_Cm":1.8827447667717934,"Frame_ID":"ue_actor_local","Hold_Position":false,"Reason":"DECISION_VALID","Run_ID":"125A0E8D4D3C6BA46F4283AFCAC25321","Scene_Seed":230908,"Sequence":257,"Source_Frame_Index":667,"Source_Model_Version":"safety_gate_v1","Source_Stamp_Us":66813416,"Stamp_Us":66813416,"Step_Dt":0.20000000298023224,"Valid":true}__OD_END__
[ue_object_deliverer_bridge_node-1] [INFO] [1785978849.583052128] [ue_object_deliverer_bridge_node]: kinematic setpoint received stamp=67103760 valid=1
[ue_object_deliverer_bridge_node-1] [INFO] [1785978849.801335744] [ue_object_deliverer_bridge_node]: kinematic setpoint received stamp=67310723 valid=1
[ue_object_deliverer_bridge_node-1] [INFO] [1785978850.083799264] [ue_object_deliverer_bridge_node]: kinematic setpoint received stamp=67613557 valid=1
[ue_object_deliverer_bridge_node-1] [INFO] [1785978850.289564832] [ue_object_deliverer_bridge_node]: kinematic setpoint received stamp=67806346 valid=1
[ue_object_deliverer_bridge_node-1] [INFO] [1785978850.492481760] [ue_object_deliverer_bridge_node]: kinematic setpoint received stamp=68014893 valid=1
[ue_object_deliverer_bridge_node-1] [INFO] [1785978850.492856096] [ue_object_deliverer_bridge_node]: Sent kinematic setpoint to UE5: bytes=423, payload={"Command_Type":"Kinematic_Setpoint","Delta_X_Cm":-3.4462064504623413,"Delta_Y_Cm":0.6639410275965929,"Frame_ID":"ue_actor_local","Hold_Position":false,"Reason":"DECISION_VALID","Run_ID":"125A0E8D4D3C6BA46F4283AFCAC25321","Scene_Seed":230908,"Sequence":262,"Source_Frame_Index":679,"Source_Model_Version":"safety_gate_v1","Source_Stamp_Us":68014893,"Stamp_Us":68014893,"Step_Dt":0.20000000298023224,"Valid":true}__OD_END__
[ue_object_deliverer_bridge_node-1] [INFO] [1785978850.780528096] [ue_object_deliverer_bridge_node]: kinematic setpoint received stamp=68302798 valid=1
[ue_object_deliverer_bridge_node-1] [INFO] [1785978850.988955392] [ue_object_deliverer_bridge_node]: kinematic setpoint received stamp=68507102 valid=1
[ue_object_deliverer_bridge_node-1] [INFO] [1785978851.198930368] [ue_object_deliverer_bridge_node]: kinematic setpoint received stamp=68711316 valid=1
[ue_object_deliverer_bridge_node-1] [INFO] [1785978851.431665536] [ue_object_deliverer_bridge_node]: kinematic setpoint received stamp=68711317 valid=1
[ue_object_deliverer_bridge_node-1] [INFO] [1785978851.677042304] [ue_object_deliverer_bridge_node]: kinematic setpoint received stamp=69204493 valid=1
[ue_object_deliverer_bridge_node-1] [INFO] [1785978851.677432800] [ue_object_deliverer_bridge_node]: Sent kinematic setpoint to UE5: bytes=421, payload={"Command_Type":"Kinematic_Setpoint","Delta_X_Cm":4.968398809432983,"Delta_Y_Cm":0.5612614098936319,"Frame_ID":"ue_actor_local","Hold_Position":false,"Reason":"DECISION_VALID","Run_ID":"125A0E8D4D3C6BA46F4283AFCAC25321","Scene_Seed":230908,"Sequence":267,"Source_Frame_Index":691,"Source_Model_Version":"safety_gate_v1","Source_Stamp_Us":69204493,"Stamp_Us":69204493,"Step_Dt":0.20000000298023224,"Valid":true}__OD_END__
[ue_object_deliverer_bridge_node-1] [INFO] [1785978851.890209760] [ue_object_deliverer_bridge_node]: kinematic setpoint received stamp=69412396 valid=1
[ue_object_deliverer_bridge_node-1] [INFO] [1785978852.178778400] [ue_object_deliverer_bridge_node]: kinematic setpoint received stamp=69702964 valid=1
[ue_object_deliverer_bridge_node-1] [INFO] [1785978852.383826144] [ue_object_deliverer_bridge_node]: kinematic setpoint received stamp=69907365 valid=1
[ue_object_deliverer_bridge_node-1] [INFO] [1785978852.593353408] [ue_object_deliverer_bridge_node]: kinematic setpoint received stamp=70113356 valid=1
[ue_object_deliverer_bridge_node-1] [INFO] [1785978852.878095808] [ue_object_deliverer_bridge_node]: kinematic setpoint received stamp=70402636 valid=1
[ue_object_deliverer_bridge_node-1] [INFO] [1785978852.878495040] [ue_object_deliverer_bridge_node]: Sent kinematic setpoint to UE5: bytes=419, payload={"Command_Type":"Kinematic_Setpoint","Delta_X_Cm":29.21270728111267,"Delta_Y_Cm":3.26920747756958,"Frame_ID":"ue_actor_local","Hold_Position":false,"Reason":"DECISION_VALID","Run_ID":"125A0E8D4D3C6BA46F4283AFCAC25321","Scene_Seed":230908,"Sequence":272,"Source_Frame_Index":703,"Source_Model_Version":"safety_gate_v1","Source_Stamp_Us":70402636,"Stamp_Us":70402636,"Step_Dt":0.20000000298023224,"Valid":true}__OD_END__
[ue_object_deliverer_bridge_node-1] [INFO] [1785978853.084171936] [ue_object_deliverer_bridge_node]: kinematic setpoint received stamp=70607142 valid=1
[ue_object_deliverer_bridge_node-1] [INFO] [1785978853.392030816] [ue_object_deliverer_bridge_node]: kinematic setpoint received stamp=70911298 valid=1
[image_entity_perception-9] [INFO] [1785978853.467990240] [image_entity_perception]: PERCEPTION_PERF_TRACE frame_index=709 count=700 predict_ms=43.7 entities=4 valid=True
[temporal_entity_tracker-2] [INFO] [1785978853.468855360] [temporal_entity_tracker]: TRACK_TRACE frame_index=709 count=700 source_valid=True source_entities=4 visible_source=1
[vla_policy-10] [INFO] [1785978853.473522784] [vla_policy]: ENT_IN_TRACE count=700 frame_index=709 valid=True detail=OK:selected=1;targets=1;risks=1;dropped=0
[ue_object_deliverer_bridge_node-1] [INFO] [1785978853.695580064] [ue_object_deliverer_bridge_node]: kinematic setpoint received stamp=71212329 valid=1
[ue_object_deliverer_bridge_node-1] [INFO] [1785978853.998665376] [ue_object_deliverer_bridge_node]: kinematic setpoint received stamp=71513766 valid=1
[ue_object_deliverer_bridge_node-1] [INFO] [1785978853.999046560] [ue_object_deliverer_bridge_node]: Sent kinematic setpoint to UE5: bytes=422, payload={"Command_Type":"Kinematic_Setpoint","Delta_X_Cm":27.141115069389343,"Delta_Y_Cm":3.7279777228832245,"Frame_ID":"ue_actor_local","Hold_Position":false,"Reason":"DECISION_VALID","Run_ID":"125A0E8D4D3C6BA46F4283AFCAC25321","Scene_Seed":230908,"Sequence":276,"Source_Frame_Index":714,"Source_Model_Version":"safety_gate_v1","Source_Stamp_Us":71513766,"Stamp_Us":71513766,"Step_Dt":0.20000000298023224,"Valid":true}__OD_END__
[ue_object_deliverer_bridge_node-1] [INFO] [1785978854.280265440] [ue_object_deliverer_bridge_node]: kinematic setpoint received stamp=71801003 valid=1
[ue_object_deliverer_bridge_node-1] [INFO] [1785978854.484327232] [ue_object_deliverer_bridge_node]: kinematic setpoint received stamp=72005364 valid=1
[ue_object_deliverer_bridge_node-1] [INFO] [1785978854.690853824] [ue_object_deliverer_bridge_node]: kinematic setpoint received stamp=72209954 valid=1
[ue_object_deliverer_bridge_node-1] [INFO] [1785978854.997186432] [ue_object_deliverer_bridge_node]: kinematic setpoint received stamp=72512440 valid=1
[ue_object_deliverer_bridge_node-1] [INFO] [1785978855.261618912] [ue_object_deliverer_bridge_node]: kinematic setpoint received stamp=72801988 valid=1
[ue_object_deliverer_bridge_node-1] [INFO] [1785978855.261995168] [ue_object_deliverer_bridge_node]: Sent kinematic setpoint to UE5: bytes=421, payload={"Command_Type":"Kinematic_Setpoint","Delta_X_Cm":18.341609835624695,"Delta_Y_Cm":3.268752619624138,"Frame_ID":"ue_actor_local","Hold_Position":false,"Reason":"DECISION_VALID","Run_ID":"125A0E8D4D3C6BA46F4283AFCAC25321","Scene_Seed":230908,"Sequence":281,"Source_Frame_Index":727,"Source_Model_Version":"safety_gate_v1","Source_Stamp_Us":72801988,"Stamp_Us":72801988,"Step_Dt":0.20000000298023224,"Valid":true}__OD_END__
[ue_object_deliverer_bridge_node-1] [INFO] [1785978855.471867488] [ue_object_deliverer_bridge_node]: kinematic setpoint received stamp=73007384 valid=1
[ue_object_deliverer_bridge_node-1] [INFO] [1785978855.677167648] [ue_object_deliverer_bridge_node]: kinematic setpoint received stamp=73211607 valid=1
[ue_object_deliverer_bridge_node-1] [INFO] [1785978855.968302464] [ue_object_deliverer_bridge_node]: kinematic setpoint received stamp=73502712 valid=1
[ue_object_deliverer_bridge_node-1] [INFO] [1785978856.177807328] [ue_object_deliverer_bridge_node]: kinematic setpoint received stamp=73707579 valid=1
[ue_object_deliverer_bridge_node-1] [INFO] [1785978856.430239488] [ue_object_deliverer_bridge_node]: kinematic setpoint received stamp=73707580 valid=1
[ue_object_deliverer_bridge_node-1] [INFO] [1785978856.430632224] [ue_object_deliverer_bridge_node]: Sent kinematic setpoint to UE5: bytes=421, payload={"Command_Type":"Kinematic_Setpoint","Delta_X_Cm":4.975732043385506,"Delta_Y_Cm":0.4920265171676874,"Frame_ID":"ue_actor_local","Hold_Position":false,"Reason":"DECISION_VALID","Run_ID":"125A0E8D4D3C6BA46F4283AFCAC25321","Scene_Seed":230908,"Sequence":286,"Source_Frame_Index":689,"Source_Model_Version":"safety_gate_v1","Source_Stamp_Us":73707580,"Stamp_Us":73707580,"Step_Dt":0.20000000298023224,"Valid":true}__OD_END__
[ue_object_deliverer_bridge_node-1] [INFO] [1785978856.670510432] [ue_object_deliverer_bridge_node]: kinematic setpoint received stamp=74201276 valid=1
[ue_object_deliverer_bridge_node-1] [INFO] [1785978856.877619072] [ue_object_deliverer_bridge_node]: kinematic setpoint received stamp=74406009 valid=1
[ue_object_deliverer_bridge_node-1] [INFO] [1785978857.085032000] [ue_object_deliverer_bridge_node]: kinematic setpoint received stamp=74614234 valid=1
[ue_object_deliverer_bridge_node-1] [INFO] [1785978857.367774048] [ue_object_deliverer_bridge_node]: kinematic setpoint received stamp=74902603 valid=1
[ue_object_deliverer_bridge_node-1] [INFO] [1785978857.571445120] [ue_object_deliverer_bridge_node]: kinematic setpoint received stamp=75107269 valid=1
[ue_object_deliverer_bridge_node-1] [INFO] [1785978857.571834432] [ue_object_deliverer_bridge_node]: Sent kinematic setpoint to UE5: bytes=421, payload={"Command_Type":"Kinematic_Setpoint","Delta_X_Cm":23.090022802352905,"Delta_Y_Cm":4.576501622796059,"Frame_ID":"ue_actor_local","Hold_Position":false,"Reason":"DECISION_VALID","Run_ID":"125A0E8D4D3C6BA46F4283AFCAC25321","Scene_Seed":230908,"Sequence":291,"Source_Frame_Index":750,"Source_Model_Version":"safety_gate_v1","Source_Stamp_Us":75107269,"Stamp_Us":75107269,"Step_Dt":0.20000000298023224,"Valid":true}__OD_END__
[ue_object_deliverer_bridge_node-1] [INFO] [1785978857.882565344] [ue_object_deliverer_bridge_node]: kinematic setpoint received stamp=75408531 valid=1
[ue_object_deliverer_bridge_node-1] [INFO] [1785978858.169455328] [ue_object_deliverer_bridge_node]: kinematic setpoint received stamp=75700629 valid=1
[ue_object_deliverer_bridge_node-1] [INFO] [1785978858.375920384] [ue_object_deliverer_bridge_node]: kinematic setpoint received stamp=75904048 valid=1
[image_entity_perception-9] [INFO] [1785978858.451408768] [image_entity_perception]: PERCEPTION_PERF_TRACE frame_index=759 count=750 predict_ms=35.5 entities=4 valid=True
[temporal_entity_tracker-2] [INFO] [1785978858.453239392] [temporal_entity_tracker]: TRACK_TRACE frame_index=759 count=750 source_valid=True source_entities=4 visible_source=1
[ue_object_deliverer_bridge_node-1] [INFO] [1785978858.587203744] [ue_object_deliverer_bridge_node]: kinematic setpoint received stamp=76112003 valid=1
[ue_object_deliverer_bridge_node-1] [INFO] [1785978858.587591872] [ue_object_deliverer_bridge_node]: Sent kinematic setpoint to UE5: bytes=421, payload={"Command_Type":"Kinematic_Setpoint","Delta_X_Cm":27.710863947868347,"Delta_Y_Cm":5.305734649300575,"Frame_ID":"ue_actor_local","Hold_Position":false,"Reason":"DECISION_VALID","Run_ID":"125A0E8D4D3C6BA46F4283AFCAC25321","Scene_Seed":230908,"Sequence":295,"Source_Frame_Index":760,"Source_Model_Version":"safety_gate_v1","Source_Stamp_Us":76112003,"Stamp_Us":76112003,"Step_Dt":0.20000000298023224,"Valid":true}__OD_END__
[ue_object_deliverer_bridge_node-1] [INFO] [1785978858.873300320] [ue_object_deliverer_bridge_node]: kinematic setpoint received stamp=76402965 valid=1
[ue_object_deliverer_bridge_node-1] [INFO] [1785978859.076425056] [ue_object_deliverer_bridge_node]: kinematic setpoint received stamp=76606556 valid=1
[ue_object_deliverer_bridge_node-1] [INFO] [1785978859.380429696] [ue_object_deliverer_bridge_node]: kinematic setpoint received stamp=76910167 valid=1
[vla_policy-10] [INFO] [1785978859.683668832] [vla_policy]: POLICY_AUDIT trigger=periodic events=300 policy_driven=299 backstop=1 hold=0 fail_closed=0 policy_stop=0 guard_reason=policy_driven raw_dx=0.063198 raw_dy=-0.026938 guarded_dx=0.063198 guarded_dy=-0.026938 final_dx=0.137362 final_dy=-0.036884
[ue_object_deliverer_bridge_node-1] [INFO] [1785978859.686942016] [ue_object_deliverer_bridge_node]: kinematic setpoint received stamp=77212606 valid=1
[ue_object_deliverer_bridge_node-1] [INFO] [1785978859.687290368] [ue_object_deliverer_bridge_node]: Sent kinematic setpoint to UE5: bytes=420, payload={"Command_Type":"Kinematic_Setpoint","Delta_X_Cm":13.73617798089981,"Delta_Y_Cm":3.688367083668709,"Frame_ID":"ue_actor_local","Hold_Position":false,"Reason":"DECISION_VALID","Run_ID":"125A0E8D4D3C6BA46F4283AFCAC25321","Scene_Seed":230908,"Sequence":299,"Source_Frame_Index":771,"Source_Model_Version":"safety_gate_v1","Source_Stamp_Us":77212606,"Stamp_Us":77212606,"Step_Dt":0.20000000298023224,"Valid":true}__OD_END__
[ue_object_deliverer_bridge_node-1] [INFO] [1785978859.974094944] [ue_object_deliverer_bridge_node]: kinematic setpoint received stamp=77502986 valid=1
[ue_object_deliverer_bridge_node-1] [INFO] [1785978860.178877984] [ue_object_deliverer_bridge_node]: kinematic setpoint received stamp=77709250 valid=1
[ue_object_deliverer_bridge_node-1] [INFO] [1785978860.382676096] [ue_object_deliverer_bridge_node]: kinematic setpoint received stamp=77901102 valid=1
[ue_object_deliverer_bridge_node-1] [INFO] [1785978860.580873696] [ue_object_deliverer_bridge_node]: kinematic setpoint received stamp=78106839 valid=1
[ue_object_deliverer_bridge_node-1] [INFO] [1785978860.891610144] [ue_object_deliverer_bridge_node]: kinematic setpoint received stamp=78411759 valid=1
[ue_object_deliverer_bridge_node-1] [INFO] [1785978860.892135072] [ue_object_deliverer_bridge_node]: Sent kinematic setpoint to UE5: bytes=422, payload={"Command_Type":"Kinematic_Setpoint","Delta_X_Cm":-9.447144716978073,"Delta_Y_Cm":1.3375233858823776,"Frame_ID":"ue_actor_local","Hold_Position":false,"Reason":"DECISION_VALID","Run_ID":"125A0E8D4D3C6BA46F4283AFCAC25321","Scene_Seed":230908,"Sequence":304,"Source_Frame_Index":783,"Source_Model_Version":"safety_gate_v1","Source_Stamp_Us":78411759,"Stamp_Us":78411759,"Step_Dt":0.20000000298023224,"Valid":true}__OD_END__
[ue_object_deliverer_bridge_node-1] [INFO] [1785978861.177065344] [ue_object_deliverer_bridge_node]: kinematic setpoint received stamp=78701780 valid=1
[ue_object_deliverer_bridge_node-1] [INFO] [1785978861.419644224] [ue_object_deliverer_bridge_node]: kinematic setpoint received stamp=78701781 valid=1
[ue_object_deliverer_bridge_node-1] [INFO] [1785978861.682687488] [ue_object_deliverer_bridge_node]: kinematic setpoint received stamp=79207456 valid=1
[ue_object_deliverer_bridge_node-1] [INFO] [1785978861.977741024] [ue_object_deliverer_bridge_node]: kinematic setpoint received stamp=79509522 valid=1
[ue_object_deliverer_bridge_node-1] [INFO] [1785978861.978126656] [ue_object_deliverer_bridge_node]: Sent kinematic setpoint to UE5: bytes=420, payload={"Command_Type":"Kinematic_Setpoint","Delta_X_Cm":9.764250367879868,"Delta_Y_Cm":2.151855267584324,"Frame_ID":"ue_actor_local","Hold_Position":false,"Reason":"DECISION_VALID","Run_ID":"125A0E8D4D3C6BA46F4283AFCAC25321","Scene_Seed":230908,"Sequence":308,"Source_Frame_Index":794,"Source_Model_Version":"safety_gate_v1","Source_Stamp_Us":79509522,"Stamp_Us":79509522,"Step_Dt":0.20000000298023224,"Valid":true}__OD_END__
[ue_object_deliverer_bridge_node-1] [INFO] [1785978862.182112832] [ue_object_deliverer_bridge_node]: kinematic setpoint received stamp=79701847 valid=1
[ue_object_deliverer_bridge_node-1] [INFO] [1785978862.418234656] [ue_object_deliverer_bridge_node]: kinematic setpoint received stamp=79701848 valid=1
[ue_object_deliverer_bridge_node-1] [INFO] [1785978862.677593696] [ue_object_deliverer_bridge_node]: kinematic setpoint received stamp=80212579 valid=1
[ue_object_deliverer_bridge_node-1] [INFO] [1785978862.990316160] [ue_object_deliverer_bridge_node]: kinematic setpoint received stamp=80513318 valid=1
[ue_object_deliverer_bridge_node-1] [INFO] [1785978862.990688032] [ue_object_deliverer_bridge_node]: Sent kinematic setpoint to UE5: bytes=419, payload={"Command_Type":"Kinematic_Setpoint","Delta_X_Cm":9.73009392619133,"Delta_Y_Cm":2.305345796048641,"Frame_ID":"ue_actor_local","Hold_Position":false,"Reason":"DECISION_VALID","Run_ID":"125A0E8D4D3C6BA46F4283AFCAC25321","Scene_Seed":230908,"Sequence":312,"Source_Frame_Index":804,"Source_Model_Version":"safety_gate_v1","Source_Stamp_Us":80513318,"Stamp_Us":80513318,"Step_Dt":0.20000000298023224,"Valid":true}__OD_END__
[ue_object_deliverer_bridge_node-1] [INFO] [1785978863.295422656] [ue_object_deliverer_bridge_node]: kinematic setpoint received stamp=80813037 valid=1
[image_entity_perception-9] [INFO] [1785978863.451618208] [image_entity_perception]: PERCEPTION_PERF_TRACE frame_index=809 count=800 predict_ms=34.3 entities=4 valid=True
[temporal_entity_tracker-2] [INFO] [1785978863.452350752] [temporal_entity_tracker]: TRACK_TRACE frame_index=809 count=800 source_valid=True source_entities=4 visible_source=1
[vla_policy-10] [INFO] [1785978863.457011840] [vla_policy]: ENT_IN_TRACE count=800 frame_index=809 valid=True detail=OK:selected=1;targets=1;risks=0;dropped=0
[ue_object_deliverer_bridge_node-1] [INFO] [1785978863.572701312] [ue_object_deliverer_bridge_node]: kinematic setpoint received stamp=81102842 valid=1
[ue_object_deliverer_bridge_node-1] [INFO] [1785978863.784636096] [ue_object_deliverer_bridge_node]: kinematic setpoint received stamp=81307661 valid=1
[ue_object_deliverer_bridge_node-1] [INFO] [1785978863.996387168] [ue_object_deliverer_bridge_node]: kinematic setpoint received stamp=81511478 valid=1
[ue_object_deliverer_bridge_node-1] [INFO] [1785978864.279855936] [ue_object_deliverer_bridge_node]: kinematic setpoint received stamp=81800590 valid=1
[ue_object_deliverer_bridge_node-1] [INFO] [1785978864.280265920] [ue_object_deliverer_bridge_node]: Sent kinematic setpoint to UE5: bytes=420, payload={"Command_Type":"Kinematic_Setpoint","Delta_X_Cm":29.045334458351135,"Delta_Y_Cm":6.24057911336422,"Frame_ID":"ue_actor_local","Hold_Position":false,"Reason":"DECISION_VALID","Run_ID":"125A0E8D4D3C6BA46F4283AFCAC25321","Scene_Seed":230908,"Sequence":317,"Source_Frame_Index":817,"Source_Model_Version":"safety_gate_v1","Source_Stamp_Us":81800590,"Stamp_Us":81800590,"Step_Dt":0.20000000298023224,"Valid":true}__OD_END__
[ue_object_deliverer_bridge_node-1] [INFO] [1785978864.569580736] [ue_object_deliverer_bridge_node]: kinematic setpoint received stamp=82102373 valid=1
[ue_object_deliverer_bridge_node-1] [INFO] [1785978864.782182720] [ue_object_deliverer_bridge_node]: kinematic setpoint received stamp=82306134 valid=1
[ue_object_deliverer_bridge_node-1] [INFO] [1785978864.992313088] [ue_object_deliverer_bridge_node]: kinematic setpoint received stamp=82511906 valid=1
[ue_object_deliverer_bridge_node-1] [INFO] [1785978865.280871488] [ue_object_deliverer_bridge_node]: kinematic setpoint received stamp=82802210 valid=1
[ue_object_deliverer_bridge_node-1] [INFO] [1785978865.281293504] [ue_object_deliverer_bridge_node]: Sent kinematic setpoint to UE5: bytes=420, payload={"Command_Type":"Kinematic_Setpoint","Delta_X_Cm":27.17059552669525,"Delta_Y_Cm":6.135875731706619,"Frame_ID":"ue_actor_local","Hold_Position":false,"Reason":"DECISION_VALID","Run_ID":"125A0E8D4D3C6BA46F4283AFCAC25321","Scene_Seed":230908,"Sequence":321,"Source_Frame_Index":827,"Source_Model_Version":"safety_gate_v1","Source_Stamp_Us":82802210,"Stamp_Us":82802210,"Step_Dt":0.20000000298023224,"Valid":true}__OD_END__
[ue_object_deliverer_bridge_node-1] [INFO] [1785978865.574922432] [ue_object_deliverer_bridge_node]: kinematic setpoint received stamp=83103204 valid=1
[ue_object_deliverer_bridge_node-1] [INFO] [1785978865.777931328] [ue_object_deliverer_bridge_node]: kinematic setpoint received stamp=83307025 valid=1
[ue_object_deliverer_bridge_node-1] [INFO] [1785978865.979461920] [ue_object_deliverer_bridge_node]: kinematic setpoint received stamp=83512828 valid=1
[ue_object_deliverer_bridge_node-1] [INFO] [1785978866.285389440] [ue_object_deliverer_bridge_node]: kinematic setpoint received stamp=83813832 valid=1
[ue_object_deliverer_bridge_node-1] [INFO] [1785978866.285752224] [ue_object_deliverer_bridge_node]: Sent kinematic setpoint to UE5: bytes=421, payload={"Command_Type":"Kinematic_Setpoint","Delta_X_Cm":23.522326350212097,"Delta_Y_Cm":5.979687720537186,"Frame_ID":"ue_actor_local","Hold_Position":false,"Reason":"DECISION_VALID","Run_ID":"125A0E8D4D3C6BA46F4283AFCAC25321","Scene_Seed":230908,"Sequence":325,"Source_Frame_Index":837,"Source_Model_Version":"safety_gate_v1","Source_Stamp_Us":83813832,"Stamp_Us":83813832,"Step_Dt":0.20000000298023224,"Valid":true}__OD_END__
[ue_object_deliverer_bridge_node-1] [INFO] [1785978866.573375808] [ue_object_deliverer_bridge_node]: kinematic setpoint received stamp=84102303 valid=1
[ue_object_deliverer_bridge_node-1] [INFO] [1785978866.782649632] [ue_object_deliverer_bridge_node]: kinematic setpoint received stamp=84311848 valid=1
[ue_object_deliverer_bridge_node-1] [INFO] [1785978867.090815584] [ue_object_deliverer_bridge_node]: kinematic setpoint received stamp=84613962 valid=1
[ue_object_deliverer_bridge_node-1] [INFO] [1785978867.379879328] [ue_object_deliverer_bridge_node]: kinematic setpoint received stamp=84911426 valid=1
[ue_object_deliverer_bridge_node-1] [INFO] [1785978867.380273952] [ue_object_deliverer_bridge_node]: Sent kinematic setpoint to UE5: bytes=421, payload={"Command_Type":"Kinematic_Setpoint","Delta_X_Cm":13.178849220275879,"Delta_Y_Cm":4.481783136725426,"Frame_ID":"ue_actor_local","Hold_Position":false,"Reason":"DECISION_VALID","Run_ID":"125A0E8D4D3C6BA46F4283AFCAC25321","Scene_Seed":230908,"Sequence":329,"Source_Frame_Index":848,"Source_Model_Version":"safety_gate_v1","Source_Stamp_Us":84911426,"Stamp_Us":84911426,"Step_Dt":0.20000000298023224,"Valid":true}__OD_END__
[ue_object_deliverer_bridge_node-1] [INFO] [1785978867.675592800] [ue_object_deliverer_bridge_node]: kinematic setpoint received stamp=85201321 valid=1
[ue_object_deliverer_bridge_node-1] [INFO] [1785978867.876004192] [ue_object_deliverer_bridge_node]: kinematic setpoint received stamp=85410015 valid=1
[ue_object_deliverer_bridge_node-1] [INFO] [1785978868.081156576] [ue_object_deliverer_bridge_node]: kinematic setpoint received stamp=85602139 valid=1
[ue_object_deliverer_bridge_node-1] [INFO] [1785978868.381071104] [ue_object_deliverer_bridge_node]: kinematic setpoint received stamp=85903480 valid=1
[image_entity_perception-9] [INFO] [1785978868.479300448] [image_entity_perception]: PERCEPTION_PERF_TRACE frame_index=859 count=850 predict_ms=45.9 entities=4 valid=True
[temporal_entity_tracker-2] [INFO] [1785978868.480440032] [temporal_entity_tracker]: TRACK_TRACE frame_index=859 count=850 source_valid=True source_entities=4 visible_source=1
[ue_object_deliverer_bridge_node-1] [INFO] [1785978868.585790112] [ue_object_deliverer_bridge_node]: kinematic setpoint received stamp=86109804 valid=1
[ue_object_deliverer_bridge_node-1] [INFO] [1785978868.586163360] [ue_object_deliverer_bridge_node]: Sent kinematic setpoint to UE5: bytes=420, payload={"Command_Type":"Kinematic_Setpoint","Delta_X_Cm":5.826627463102341,"Delta_Y_Cm":5.196491256356239,"Frame_ID":"ue_actor_local","Hold_Position":false,"Reason":"DECISION_VALID","Run_ID":"125A0E8D4D3C6BA46F4283AFCAC25321","Scene_Seed":230908,"Sequence":334,"Source_Frame_Index":860,"Source_Model_Version":"safety_gate_v1","Source_Stamp_Us":86109804,"Stamp_Us":86109804,"Step_Dt":0.20000000298023224,"Valid":true}__OD_END__
[ue_object_deliverer_bridge_node-1] [INFO] [1785978868.882971136] [ue_object_deliverer_bridge_node]: kinematic setpoint received stamp=86410031 valid=1
[ue_object_deliverer_bridge_node-1] [INFO] [1785978869.188578240] [ue_object_deliverer_bridge_node]: kinematic setpoint received stamp=86712020 valid=1
[ue_object_deliverer_bridge_node-1] [INFO] [1785978869.426285344] [ue_object_deliverer_bridge_node]: kinematic setpoint received stamp=86712021 valid=1
[ue_object_deliverer_bridge_node-1] [INFO] [1785978869.679618976] [ue_object_deliverer_bridge_node]: kinematic setpoint received stamp=87203343 valid=1
[ue_object_deliverer_bridge_node-1] [INFO] [1785978869.680011840] [ue_object_deliverer_bridge_node]: Sent kinematic setpoint to UE5: bytes=421, payload={"Command_Type":"Kinematic_Setpoint","Delta_X_Cm":4.995692893862724,"Delta_Y_Cm":0.2074881922453642,"Frame_ID":"ue_actor_local","Hold_Position":false,"Reason":"DECISION_VALID","Run_ID":"125A0E8D4D3C6BA46F4283AFCAC25321","Scene_Seed":230908,"Sequence":338,"Source_Frame_Index":871,"Source_Model_Version":"safety_gate_v1","Source_Stamp_Us":87203343,"Stamp_Us":87203343,"Step_Dt":0.20000000298023224,"Valid":true}__OD_END__
[ue_object_deliverer_bridge_node-1] [INFO] [1785978869.967732256] [ue_object_deliverer_bridge_node]: kinematic setpoint received stamp=87507081 valid=1
[ue_object_deliverer_bridge_node-1] [INFO] [1785978870.271056032] [ue_object_deliverer_bridge_node]: kinematic setpoint received stamp=87809631 valid=1
[ue_object_deliverer_bridge_node-1] [INFO] [1785978870.591639808] [ue_object_deliverer_bridge_node]: kinematic setpoint received stamp=88112236 valid=1
[ue_object_deliverer_bridge_node-1] [INFO] [1785978870.879362336] [ue_object_deliverer_bridge_node]: kinematic setpoint received stamp=88404270 valid=1
[ue_object_deliverer_bridge_node-1] [INFO] [1785978870.879747936] [ue_object_deliverer_bridge_node]: Sent kinematic setpoint to UE5: bytes=421, payload={"Command_Type":"Kinematic_Setpoint","Delta_X_Cm":24.167439341545105,"Delta_Y_Cm":5.709581822156906,"Frame_ID":"ue_actor_local","Hold_Position":false,"Reason":"DECISION_VALID","Run_ID":"125A0E8D4D3C6BA46F4283AFCAC25321","Scene_Seed":230908,"Sequence":342,"Source_Frame_Index":883,"Source_Model_Version":"safety_gate_v1","Source_Stamp_Us":88404270,"Stamp_Us":88404270,"Step_Dt":0.20000000298023224,"Valid":true}__OD_END__
[ue_object_deliverer_bridge_node-1] [INFO] [1785978871.090891360] [ue_object_deliverer_bridge_node]: kinematic setpoint received stamp=88611943 valid=1
[ue_object_deliverer_bridge_node-1] [INFO] [1785978871.397364128] [ue_object_deliverer_bridge_node]: kinematic setpoint received stamp=88911888 valid=1
[ue_object_deliverer_bridge_node-1] [INFO] [1785978871.701000544] [ue_object_deliverer_bridge_node]: kinematic setpoint received stamp=89211657 valid=1
[ue_object_deliverer_bridge_node-1] [INFO] [1785978871.979797856] [ue_object_deliverer_bridge_node]: kinematic setpoint received stamp=89509237 valid=1
[ue_object_deliverer_bridge_node-1] [INFO] [1785978871.980184032] [ue_object_deliverer_bridge_node]: Sent kinematic setpoint to UE5: bytes=420, payload={"Command_Type":"Kinematic_Setpoint","Delta_X_Cm":24.71262961626053,"Delta_Y_Cm":6.168795749545097,"Frame_ID":"ue_actor_local","Hold_Position":false,"Reason":"DECISION_VALID","Run_ID":"125A0E8D4D3C6BA46F4283AFCAC25321","Scene_Seed":230908,"Sequence":346,"Source_Frame_Index":894,"Source_Model_Version":"safety_gate_v1","Source_Stamp_Us":89509237,"Stamp_Us":89509237,"Step_Dt":0.20000000298023224,"Valid":true}__OD_END__
[ue_object_deliverer_bridge_node-1] [INFO] [1785978872.280916032] [ue_object_deliverer_bridge_node]: kinematic setpoint received stamp=89810631 valid=1
[ue_object_deliverer_bridge_node-1] [INFO] [1785978872.480933344] [ue_object_deliverer_bridge_node]: kinematic setpoint received stamp=90002627 valid=1
[ue_object_deliverer_bridge_node-1] [INFO] [1785978872.676920384] [ue_object_deliverer_bridge_node]: kinematic setpoint received stamp=90204687 valid=1
[ue_object_deliverer_bridge_node-1] [INFO] [1785978872.877966816] [ue_object_deliverer_bridge_node]: kinematic setpoint received stamp=90410617 valid=1
[ue_object_deliverer_bridge_node-1] [INFO] [1785978873.166330304] [ue_object_deliverer_bridge_node]: kinematic setpoint received stamp=90700545 valid=1
[ue_object_deliverer_bridge_node-1] [INFO] [1785978873.166764704] [ue_object_deliverer_bridge_node]: Sent kinematic setpoint to UE5: bytes=421, payload={"Command_Type":"Kinematic_Setpoint","Delta_X_Cm":17.187754809856415,"Delta_Y_Cm":5.090314894914627,"Frame_ID":"ue_actor_local","Hold_Position":false,"Reason":"DECISION_VALID","Run_ID":"125A0E8D4D3C6BA46F4283AFCAC25321","Scene_Seed":230908,"Sequence":351,"Source_Frame_Index":906,"Source_Model_Version":"safety_gate_v1","Source_Stamp_Us":90700545,"Stamp_Us":90700545,"Step_Dt":0.20000000298023224,"Valid":true}__OD_END__
[ue_object_deliverer_bridge_node-1] [INFO] [1785978873.366634336] [ue_object_deliverer_bridge_node]: kinematic setpoint received stamp=90903858 valid=1
[image_entity_perception-9] [INFO] [1785978873.460836864] [image_entity_perception]: PERCEPTION_PERF_TRACE frame_index=909 count=900 predict_ms=34.2 entities=4 valid=True
[temporal_entity_tracker-2] [INFO] [1785978873.461686592] [temporal_entity_tracker]: TRACK_TRACE frame_index=909 count=900 source_valid=True source_entities=4 visible_source=1
[vla_policy-10] [INFO] [1785978873.466928480] [vla_policy]: ENT_IN_TRACE count=900 frame_index=909 valid=True detail=OK:selected=1;targets=1;risks=0;dropped=0
[ue_object_deliverer_bridge_node-1] [INFO] [1785978873.575978016] [ue_object_deliverer_bridge_node]: kinematic setpoint received stamp=91110479 valid=1
[ue_object_deliverer_bridge_node-1] [INFO] [1785978873.781934528] [ue_object_deliverer_bridge_node]: kinematic setpoint received stamp=91302965 valid=1
[ue_object_deliverer_bridge_node-1] [INFO] [1785978873.992044704] [ue_object_deliverer_bridge_node]: kinematic setpoint received stamp=91508999 valid=1
[ue_object_deliverer_bridge_node-1] [INFO] [1785978874.297512000] [ue_object_deliverer_bridge_node]: kinematic setpoint received stamp=91810682 valid=1
[ue_object_deliverer_bridge_node-1] [INFO] [1785978874.297904192] [ue_object_deliverer_bridge_node]: Sent kinematic setpoint to UE5: bytes=422, payload={"Command_Type":"Kinematic_Setpoint","Delta_X_Cm":-7.610173523426056,"Delta_Y_Cm":2.2101420909166336,"Frame_ID":"ue_actor_local","Hold_Position":false,"Reason":"DECISION_VALID","Run_ID":"125A0E8D4D3C6BA46F4283AFCAC25321","Scene_Seed":230908,"Sequence":356,"Source_Frame_Index":917,"Source_Model_Version":"safety_gate_v1","Source_Stamp_Us":91810682,"Stamp_Us":91810682,"Step_Dt":0.20000000298023224,"Valid":true}__OD_END__
[ue_object_deliverer_bridge_node-1] [INFO] [1785978874.596269408] [ue_object_deliverer_bridge_node]: kinematic setpoint received stamp=92112259 valid=1
[ue_object_deliverer_bridge_node-1] [INFO] [1785978874.880002720] [ue_object_deliverer_bridge_node]: kinematic setpoint received stamp=92401864 valid=1
[ue_object_deliverer_bridge_node-1] [INFO] [1785978875.085306976] [ue_object_deliverer_bridge_node]: kinematic setpoint received stamp=92606634 valid=1
[ue_object_deliverer_bridge_node-1] [INFO] [1785978875.292168768] [ue_object_deliverer_bridge_node]: kinematic setpoint received stamp=92811954 valid=1
[ue_object_deliverer_bridge_node-1] [INFO] [1785978875.292581696] [ue_object_deliverer_bridge_node]: Sent kinematic setpoint to UE5: bytes=420, payload={"Command_Type":"Kinematic_Setpoint","Delta_X_Cm":7.307952642440796,"Delta_Y_Cm":4.378973692655563,"Frame_ID":"ue_actor_local","Hold_Position":false,"Reason":"DECISION_VALID","Run_ID":"125A0E8D4D3C6BA46F4283AFCAC25321","Scene_Seed":230908,"Sequence":360,"Source_Frame_Index":927,"Source_Model_Version":"safety_gate_v1","Source_Stamp_Us":92811954,"Stamp_Us":92811954,"Step_Dt":0.20000000298023224,"Valid":true}__OD_END__
[ue_object_deliverer_bridge_node-1] [INFO] [1785978875.587301984] [ue_object_deliverer_bridge_node]: kinematic setpoint received stamp=93111824 valid=1
[ue_object_deliverer_bridge_node-1] [INFO] [1785978875.893686816] [ue_object_deliverer_bridge_node]: kinematic setpoint received stamp=93411620 valid=1
[ue_object_deliverer_bridge_node-1] [INFO] [1785978876.186565120] [ue_object_deliverer_bridge_node]: kinematic setpoint received stamp=93713046 valid=1
[ue_object_deliverer_bridge_node-1] [INFO] [1785978876.411963392] [ue_object_deliverer_bridge_node]: kinematic setpoint received stamp=93713047 valid=1
[ue_object_deliverer_bridge_node-1] [INFO] [1785978876.412437984] [ue_object_deliverer_bridge_node]: Sent kinematic setpoint to UE5: bytes=421, payload={"Command_Type":"Kinematic_Setpoint","Delta_X_Cm":4.882146790623665,"Delta_Y_Cm":1.0791859589517117,"Frame_ID":"ue_actor_local","Hold_Position":false,"Reason":"DECISION_VALID","Run_ID":"125A0E8D4D3C6BA46F4283AFCAC25321","Scene_Seed":230908,"Sequence":364,"Source_Frame_Index":889,"Source_Model_Version":"safety_gate_v1","Source_Stamp_Us":93713047,"Stamp_Us":93713047,"Step_Dt":0.20000000298023224,"Valid":true}__OD_END__
[ue_object_deliverer_bridge_node-1] [INFO] [1785978876.678715264] [ue_object_deliverer_bridge_node]: kinematic setpoint received stamp=94205359 valid=1
[ue_object_deliverer_bridge_node-1] [INFO] [1785978876.975132960] [ue_object_deliverer_bridge_node]: kinematic setpoint received stamp=94506442 valid=1
[ue_object_deliverer_bridge_node-1] [INFO] [1785978877.286473664] [ue_object_deliverer_bridge_node]: kinematic setpoint received stamp=94811598 valid=1
[ue_object_deliverer_bridge_node-1] [INFO] [1785978877.568547232] [ue_object_deliverer_bridge_node]: kinematic setpoint received stamp=95103235 valid=1
[ue_object_deliverer_bridge_node-1] [INFO] [1785978877.568961632] [ue_object_deliverer_bridge_node]: Sent kinematic setpoint to UE5: bytes=419, payload={"Command_Type":"Kinematic_Setpoint","Delta_X_Cm":19.59247589111328,"Delta_Y_Cm":4.00877371430397,"Frame_ID":"ue_actor_local","Hold_Position":false,"Reason":"DECISION_VALID","Run_ID":"125A0E8D4D3C6BA46F4283AFCAC25321","Scene_Seed":230908,"Sequence":368,"Source_Frame_Index":950,"Source_Model_Version":"safety_gate_v1","Source_Stamp_Us":95103235,"Stamp_Us":95103235,"Step_Dt":0.20000000298023224,"Valid":true}__OD_END__
[ue_object_deliverer_bridge_node-1] [INFO] [1785978877.768751840] [ue_object_deliverer_bridge_node]: kinematic setpoint received stamp=95306414 valid=1
[ue_object_deliverer_bridge_node-1] [INFO] [1785978877.979597952] [ue_object_deliverer_bridge_node]: kinematic setpoint received stamp=95513361 valid=1
[ue_object_deliverer_bridge_node-1] [INFO] [1785978878.279884576] [ue_object_deliverer_bridge_node]: kinematic setpoint received stamp=95812812 valid=1
[image_entity_perception-9] [INFO] [1785978878.448224320] [image_entity_perception]: PERCEPTION_PERF_TRACE frame_index=959 count=950 predict_ms=34.6 entities=4 valid=True
[temporal_entity_tracker-2] [INFO] [1785978878.448995360] [temporal_entity_tracker]: TRACK_TRACE frame_index=959 count=950 source_valid=True source_entities=4 visible_source=1
[ue_object_deliverer_bridge_node-1] [INFO] [1785978878.592119200] [ue_object_deliverer_bridge_node]: kinematic setpoint received stamp=96113064 valid=1
[ue_object_deliverer_bridge_node-1] [INFO] [1785978878.592518112] [ue_object_deliverer_bridge_node]: Sent kinematic setpoint to UE5: bytes=421, payload={"Command_Type":"Kinematic_Setpoint","Delta_X_Cm":28.878897428512573,"Delta_Y_Cm":5.452582240104675,"Frame_ID":"ue_actor_local","Hold_Position":false,"Reason":"DECISION_VALID","Run_ID":"125A0E8D4D3C6BA46F4283AFCAC25321","Scene_Seed":230908,"Sequence":372,"Source_Frame_Index":960,"Source_Model_Version":"safety_gate_v1","Source_Stamp_Us":96113064,"Stamp_Us":96113064,"Step_Dt":0.20000000298023224,"Valid":true}__OD_END__
[ue_object_deliverer_bridge_node-1] [INFO] [1785978878.885548704] [ue_object_deliverer_bridge_node]: kinematic setpoint received stamp=96412622 valid=1
[ue_object_deliverer_bridge_node-1] [INFO] [1785978879.082940384] [ue_object_deliverer_bridge_node]: kinematic setpoint received stamp=96604134 valid=1
[ue_object_deliverer_bridge_node-1] [INFO] [1785978879.294251648] [ue_object_deliverer_bridge_node]: kinematic setpoint received stamp=96813047 valid=1
[ue_object_deliverer_bridge_node-1] [INFO] [1785978879.575503200] [ue_object_deliverer_bridge_node]: kinematic setpoint received stamp=97103605 valid=1
[ue_object_deliverer_bridge_node-1] [INFO] [1785978879.777841856] [ue_object_deliverer_bridge_node]: kinematic setpoint received stamp=97308406 valid=1
[ue_object_deliverer_bridge_node-1] [INFO] [1785978879.778179424] [ue_object_deliverer_bridge_node]: Sent kinematic setpoint to UE5: bytes=421, payload={"Command_Type":"Kinematic_Setpoint","Delta_X_Cm":28.208470344543457,"Delta_Y_Cm":5.776481330394745,"Frame_ID":"ue_actor_local","Hold_Position":false,"Reason":"DECISION_VALID","Run_ID":"125A0E8D4D3C6BA46F4283AFCAC25321","Scene_Seed":230908,"Sequence":377,"Source_Frame_Index":972,"Source_Model_Version":"safety_gate_v1","Source_Stamp_Us":97308406,"Stamp_Us":97308406,"Step_Dt":0.20000000298023224,"Valid":true}__OD_END__
[ue_object_deliverer_bridge_node-1] [INFO] [1785978879.979321952] [ue_object_deliverer_bridge_node]: kinematic setpoint received stamp=97503378 valid=1
[ue_object_deliverer_bridge_node-1] [INFO] [1785978880.189378848] [ue_object_deliverer_bridge_node]: kinematic setpoint received stamp=97712749 valid=1
[ue_object_deliverer_bridge_node-1] [INFO] [1785978880.419063296] [ue_object_deliverer_bridge_node]: kinematic setpoint received stamp=97712750 valid=1
[ue_object_deliverer_bridge_node-1] [INFO] [1785978880.671224000] [ue_object_deliverer_bridge_node]: kinematic setpoint received stamp=98207177 valid=1
[ue_object_deliverer_bridge_node-1] [INFO] [1785978880.894068768] [ue_object_deliverer_bridge_node]: kinematic setpoint received stamp=98413293 valid=1
[ue_object_deliverer_bridge_node-1] [INFO] [1785978880.894441312] [ue_object_deliverer_bridge_node]: Sent kinematic setpoint to UE5: bytes=422, payload={"Command_Type":"Kinematic_Setpoint","Delta_X_Cm":-9.41564366221428,"Delta_Y_Cm":-2.3787695914506912,"Frame_ID":"ue_actor_local","Hold_Position":false,"Reason":"DECISION_VALID","Run_ID":"125A0E8D4D3C6BA46F4283AFCAC25321","Scene_Seed":230908,"Sequence":382,"Source_Frame_Index":983,"Source_Model_Version":"safety_gate_v1","Source_Stamp_Us":98413293,"Stamp_Us":98413293,"Step_Dt":0.20000000298023224,"Valid":true}__OD_END__
[ue_object_deliverer_bridge_node-1] [INFO] [1785978881.197811840] [ue_object_deliverer_bridge_node]: kinematic setpoint received stamp=98713616 valid=1
[ue_object_deliverer_bridge_node-1] [INFO] [1785978881.431733344] [ue_object_deliverer_bridge_node]: kinematic setpoint received stamp=98713617 valid=1
[ue_object_deliverer_bridge_node-1] [INFO] [1785978881.676152832] [ue_object_deliverer_bridge_node]: kinematic setpoint received stamp=99205160 valid=1
[ue_object_deliverer_bridge_node-1] [INFO] [1785978881.889606304] [ue_object_deliverer_bridge_node]: kinematic setpoint received stamp=99409896 valid=1
[ue_object_deliverer_bridge_node-1] [INFO] [1785978882.190355168] [ue_object_deliverer_bridge_node]: kinematic setpoint received stamp=99712110 valid=1
[ue_object_deliverer_bridge_node-1] [INFO] [1785978882.190748384] [ue_object_deliverer_bridge_node]: Sent kinematic setpoint to UE5: bytes=422, payload={"Command_Type":"Kinematic_Setpoint","Delta_X_Cm":14.650347828865051,"Delta_Y_Cm":3.1423844397068024,"Frame_ID":"ue_actor_local","Hold_Position":false,"Reason":"DECISION_VALID","Run_ID":"125A0E8D4D3C6BA46F4283AFCAC25321","Scene_Seed":230908,"Sequence":387,"Source_Frame_Index":996,"Source_Model_Version":"safety_gate_v1","Source_Stamp_Us":99712110,"Stamp_Us":99712110,"Step_Dt":0.20000000298023224,"Valid":true}__OD_END__
[ue_object_deliverer_bridge_node-1] [INFO] [1785978882.421396544] [ue_object_deliverer_bridge_node]: kinematic setpoint received stamp=99712111 valid=1
[ue_object_deliverer_bridge_node-1] [INFO] [1785978882.664797568] [ue_object_deliverer_bridge_node]: kinematic setpoint received stamp=100202993 valid=1
[ue_object_deliverer_bridge_node-1] [INFO] [1785978882.871156864] [ue_object_deliverer_bridge_node]: kinematic setpoint received stamp=100407092 valid=1
[ue_object_deliverer_bridge_node-1] [INFO] [1785978883.082012320] [ue_object_deliverer_bridge_node]: kinematic setpoint received stamp=100613043 valid=1
[ue_object_deliverer_bridge_node-1] [INFO] [1785978883.369836512] [ue_object_deliverer_bridge_node]: kinematic setpoint received stamp=100903638 valid=1
[ue_object_deliverer_bridge_node-1] [INFO] [1785978883.370233888] [ue_object_deliverer_bridge_node]: Sent kinematic setpoint to UE5: bytes=425, payload={"Command_Type":"Kinematic_Setpoint","Delta_X_Cm":19.593100249767303,"Delta_Y_Cm":3.9821047335863113,"Frame_ID":"ue_actor_local","Hold_Position":false,"Reason":"DECISION_VALID","Run_ID":"125A0E8D4D3C6BA46F4283AFCAC25321","Scene_Seed":230908,"Sequence":392,"Source_Frame_Index":1008,"Source_Model_Version":"safety_gate_v1","Source_Stamp_Us":100903638,"Stamp_Us":100903638,"Step_Dt":0.20000000298023224,"Valid":true}__OD_END__
[image_entity_perception-9] [INFO] [1785978883.455730720] [image_entity_perception]: PERCEPTION_PERF_TRACE frame_index=1009 count=1000 predict_ms=37.3 entities=4 valid=True
[temporal_entity_tracker-2] [INFO] [1785978883.457541312] [temporal_entity_tracker]: TRACK_TRACE frame_index=1009 count=1000 source_valid=True source_entities=4 visible_source=1
[vla_policy-10] [INFO] [1785978883.462936576] [vla_policy]: ENT_IN_TRACE count=1000 frame_index=1009 valid=True detail=OK:selected=1;targets=1;risks=0;dropped=0
[ue_object_deliverer_bridge_node-1] [INFO] [1785978883.679206688] [ue_object_deliverer_bridge_node]: kinematic setpoint received stamp=101211624 valid=1
[ue_object_deliverer_bridge_node-1] [INFO] [1785978883.967811552] [ue_object_deliverer_bridge_node]: kinematic setpoint received stamp=101503732 valid=1
[ue_object_deliverer_bridge_node-1] [INFO] [1785978884.278445280] [ue_object_deliverer_bridge_node]: kinematic setpoint received stamp=101811767 valid=1
[ue_object_deliverer_bridge_node-1] [INFO] [1785978884.564623776] [ue_object_deliverer_bridge_node]: kinematic setpoint received stamp=102102959 valid=1
[ue_object_deliverer_bridge_node-1] [INFO] [1785978884.564996832] [ue_object_deliverer_bridge_node]: Sent kinematic setpoint to UE5: bytes=424, payload={"Command_Type":"Kinematic_Setpoint","Delta_X_Cm":28.607463836669922,"Delta_Y_Cm":5.014191195368767,"Frame_ID":"ue_actor_local","Hold_Position":false,"Reason":"DECISION_VALID","Run_ID":"125A0E8D4D3C6BA46F4283AFCAC25321","Scene_Seed":230908,"Sequence":396,"Source_Frame_Index":1020,"Source_Model_Version":"safety_gate_v1","Source_Stamp_Us":102102959,"Stamp_Us":102102959,"Step_Dt":0.20000000298023224,"Valid":true}__OD_END__
[ue_object_deliverer_bridge_node-1] [INFO] [1785978884.771756320] [ue_object_deliverer_bridge_node]: kinematic setpoint received stamp=102307193 valid=1
[ue_object_deliverer_bridge_node-1] [INFO] [1785978884.975633056] [ue_object_deliverer_bridge_node]: kinematic setpoint received stamp=102501561 valid=1
[vla_policy-10] [INFO] [1785978885.182779168] [vla_policy]: POLICY_AUDIT trigger=periodic events=400 policy_driven=399 backstop=1 hold=0 fail_closed=0 policy_stop=0 guard_reason=policy_driven raw_dx=0.291032 raw_dy=-0.051891 guarded_dx=0.291032 guarded_dy=-0.051891 final_dx=0.291032 final_dy=-0.051891
[ue_object_deliverer_bridge_node-1] [INFO] [1785978885.186835648] [ue_object_deliverer_bridge_node]: kinematic setpoint received stamp=102706946 valid=1
[ue_object_deliverer_bridge_node-1] [INFO] [1785978885.390484096] [ue_object_deliverer_bridge_node]: kinematic setpoint received stamp=102913238 valid=1
[ue_object_deliverer_bridge_node-1] [INFO] [1785978885.674237248] [ue_object_deliverer_bridge_node]: kinematic setpoint received stamp=103201919 valid=1
[ue_object_deliverer_bridge_node-1] [INFO] [1785978885.674660416] [ue_object_deliverer_bridge_node]: Sent kinematic setpoint to UE5: bytes=424, payload={"Command_Type":"Kinematic_Setpoint","Delta_X_Cm":23.146770894527435,"Delta_Y_Cm":4.287287592887878,"Frame_ID":"ue_actor_local","Hold_Position":false,"Reason":"DECISION_VALID","Run_ID":"125A0E8D4D3C6BA46F4283AFCAC25321","Scene_Seed":230908,"Sequence":401,"Source_Frame_Index":1031,"Source_Model_Version":"safety_gate_v1","Source_Stamp_Us":103201919,"Stamp_Us":103201919,"Step_Dt":0.20000000298023224,"Valid":true}__OD_END__
[ue_object_deliverer_bridge_node-1] [INFO] [1785978885.879821376] [ue_object_deliverer_bridge_node]: kinematic setpoint received stamp=103410355 valid=1
[ue_object_deliverer_bridge_node-1] [INFO] [1785978886.169122880] [ue_object_deliverer_bridge_node]: kinematic setpoint received stamp=103703203 valid=1
[ue_object_deliverer_bridge_node-1] [INFO] [1785978886.371886144] [ue_object_deliverer_bridge_node]: kinematic setpoint received stamp=103908566 valid=1
[ue_object_deliverer_bridge_node-1] [INFO] [1785978886.664568320] [ue_object_deliverer_bridge_node]: kinematic setpoint received stamp=104201238 valid=1
[ue_object_deliverer_bridge_node-1] [INFO] [1785978886.885402688] [ue_object_deliverer_bridge_node]: kinematic setpoint received stamp=104407931 valid=1
[ue_object_deliverer_bridge_node-1] [INFO] [1785978886.885782240] [ue_object_deliverer_bridge_node]: Sent kinematic setpoint to UE5: bytes=425, payload={"Command_Type":"Kinematic_Setpoint","Delta_X_Cm":14.567305147647858,"Delta_Y_Cm":3.8816671818494797,"Frame_ID":"ue_actor_local","Hold_Position":false,"Reason":"DECISION_VALID","Run_ID":"125A0E8D4D3C6BA46F4283AFCAC25321","Scene_Seed":230908,"Sequence":406,"Source_Frame_Index":1043,"Source_Model_Version":"safety_gate_v1","Source_Stamp_Us":104407931,"Stamp_Us":104407931,"Step_Dt":0.20000000298023224,"Valid":true}__OD_END__
[ue_object_deliverer_bridge_node-1] [INFO] [1785978887.196115712] [ue_object_deliverer_bridge_node]: kinematic setpoint received stamp=104712445 valid=1
[ue_object_deliverer_bridge_node-1] [INFO] [1785978887.419489728] [ue_object_deliverer_bridge_node]: kinematic setpoint received stamp=104712446 valid=1
[ue_object_deliverer_bridge_node-1] [INFO] [1785978887.672407456] [ue_object_deliverer_bridge_node]: kinematic setpoint received stamp=105207058 valid=1
[ue_object_deliverer_bridge_node-1] [INFO] [1785978887.885440512] [ue_object_deliverer_bridge_node]: kinematic setpoint received stamp=105413051 valid=1
[ue_object_deliverer_bridge_node-1] [INFO] [1785978887.885893504] [ue_object_deliverer_bridge_node]: Sent kinematic setpoint to UE5: bytes=426, payload={"Command_Type":"Kinematic_Setpoint","Delta_X_Cm":-9.817551076412201,"Delta_Y_Cm":-1.4124462381005287,"Frame_ID":"ue_actor_local","Hold_Position":false,"Reason":"DECISION_VALID","Run_ID":"125A0E8D4D3C6BA46F4283AFCAC25321","Scene_Seed":230908,"Sequence":410,"Source_Frame_Index":1053,"Source_Model_Version":"safety_gate_v1","Source_Stamp_Us":105413051,"Stamp_Us":105413051,"Step_Dt":0.20000000298023224,"Valid":true}__OD_END__
[ue_object_deliverer_bridge_node-1] [INFO] [1785978888.173547776] [ue_object_deliverer_bridge_node]: kinematic setpoint received stamp=105701601 valid=1
[ue_object_deliverer_bridge_node-1] [INFO] [1785978888.387124544] [ue_object_deliverer_bridge_node]: kinematic setpoint received stamp=105906468 valid=1
[image_entity_perception-9] [INFO] [1785978888.464636128] [image_entity_perception]: PERCEPTION_PERF_TRACE frame_index=1059 count=1050 predict_ms=46.5 entities=4 valid=True
[temporal_entity_tracker-2] [INFO] [1785978888.465480448] [temporal_entity_tracker]: TRACK_TRACE frame_index=1059 count=1050 source_valid=True source_entities=4 visible_source=1
[ue_object_deliverer_bridge_node-1] [INFO] [1785978888.592849888] [ue_object_deliverer_bridge_node]: kinematic setpoint received stamp=106112365 valid=1
[ue_object_deliverer_bridge_node-1] [INFO] [1785978888.874498688] [ue_object_deliverer_bridge_node]: kinematic setpoint received stamp=106402227 valid=1
[ue_object_deliverer_bridge_node-1] [INFO] [1785978889.076219360] [ue_object_deliverer_bridge_node]: kinematic setpoint received stamp=106608775 valid=1
[ue_object_deliverer_bridge_node-1] [INFO] [1785978889.076729120] [ue_object_deliverer_bridge_node]: Sent kinematic setpoint to UE5: bytes=425, payload={"Command_Type":"Kinematic_Setpoint","Delta_X_Cm":4.322123154997826,"Delta_Y_Cm":-0.7284934632480145,"Frame_ID":"ue_actor_local","Hold_Position":false,"Reason":"DECISION_VALID","Run_ID":"125A0E8D4D3C6BA46F4283AFCAC25321","Scene_Seed":230908,"Sequence":415,"Source_Frame_Index":1065,"Source_Model_Version":"safety_gate_v1","Source_Stamp_Us":106608775,"Stamp_Us":106608775,"Step_Dt":0.20000000298023224,"Valid":true}__OD_END__
[ue_object_deliverer_bridge_node-1] [INFO] [1785978889.383819104] [ue_object_deliverer_bridge_node]: kinematic setpoint received stamp=106912485 valid=1
[ue_object_deliverer_bridge_node-1] [INFO] [1785978889.660786272] [ue_object_deliverer_bridge_node]: kinematic setpoint received stamp=107201322 valid=1
[ue_object_deliverer_bridge_node-1] [INFO] [1785978889.866255712] [ue_object_deliverer_bridge_node]: kinematic setpoint received stamp=107406593 valid=1
[ue_object_deliverer_bridge_node-1] [INFO] [1785978890.187870176] [ue_object_deliverer_bridge_node]: kinematic setpoint received stamp=107709869 valid=1
[ue_object_deliverer_bridge_node-1] [INFO] [1785978890.188277600] [ue_object_deliverer_bridge_node]: Sent kinematic setpoint to UE5: bytes=424, payload={"Command_Type":"Kinematic_Setpoint","Delta_X_Cm":24.120384454727173,"Delta_Y_Cm":2.087479643523693,"Frame_ID":"ue_actor_local","Hold_Position":false,"Reason":"DECISION_VALID","Run_ID":"125A0E8D4D3C6BA46F4283AFCAC25321","Scene_Seed":230908,"Sequence":419,"Source_Frame_Index":1076,"Source_Model_Version":"safety_gate_v1","Source_Stamp_Us":107709869,"Stamp_Us":107709869,"Step_Dt":0.20000000298023224,"Valid":true}__OD_END__
[ue_object_deliverer_bridge_node-1] [INFO] [1785978890.423909824] [ue_object_deliverer_bridge_node]: kinematic setpoint received stamp=107709870 valid=1
[ue_object_deliverer_bridge_node-1] [INFO] [1785978890.679222464] [ue_object_deliverer_bridge_node]: kinematic setpoint received stamp=108204544 valid=1
[ue_object_deliverer_bridge_node-1] [INFO] [1785978890.892928288] [ue_object_deliverer_bridge_node]: kinematic setpoint received stamp=108410871 valid=1
[ue_object_deliverer_bridge_node-1] [INFO] [1785978891.179088736] [ue_object_deliverer_bridge_node]: kinematic setpoint received stamp=108701298 valid=1
[ue_object_deliverer_bridge_node-1] [INFO] [1785978891.383174304] [ue_object_deliverer_bridge_node]: kinematic setpoint received stamp=108904290 valid=1
[ue_object_deliverer_bridge_node-1] [INFO] [1785978891.383553056] [ue_object_deliverer_bridge_node]: Sent kinematic setpoint to UE5: bytes=424, payload={"Command_Type":"Kinematic_Setpoint","Delta_X_Cm":19.914165139198303,"Delta_Y_Cm":1.796627976000309,"Frame_ID":"ue_actor_local","Hold_Position":false,"Reason":"DECISION_VALID","Run_ID":"125A0E8D4D3C6BA46F4283AFCAC25321","Scene_Seed":230908,"Sequence":424,"Source_Frame_Index":1088,"Source_Model_Version":"safety_gate_v1","Source_Stamp_Us":108904290,"Stamp_Us":108904290,"Step_Dt":0.20000000298023224,"Valid":true}__OD_END__
[ue_object_deliverer_bridge_node-1] [INFO] [1785978891.589588032] [ue_object_deliverer_bridge_node]: kinematic setpoint received stamp=109112457 valid=1
[ue_object_deliverer_bridge_node-1] [INFO] [1785978891.893556448] [ue_object_deliverer_bridge_node]: kinematic setpoint received stamp=109411571 valid=1
[ue_object_deliverer_bridge_node-1] [INFO] [1785978892.196038112] [ue_object_deliverer_bridge_node]: kinematic setpoint received stamp=109712829 valid=1
[ue_object_deliverer_bridge_node-1] [INFO] [1785978892.415380512] [ue_object_deliverer_bridge_node]: kinematic setpoint received stamp=109712830 valid=1
[ue_object_deliverer_bridge_node-1] [INFO] [1785978892.415784992] [ue_object_deliverer_bridge_node]: Sent kinematic setpoint to UE5: bytes=429, payload={"Command_Type":"Kinematic_Setpoint","Delta_X_Cm":-0.013663413119502366,"Delta_Y_Cm":-0.7318744901567698,"Frame_ID":"ue_actor_local","Hold_Position":false,"Reason":"DECISION_VALID","Run_ID":"125A0E8D4D3C6BA46F4283AFCAC25321","Scene_Seed":230908,"Sequence":428,"Source_Frame_Index":1039,"Source_Model_Version":"safety_gate_v1","Source_Stamp_Us":109712830,"Stamp_Us":109712830,"Step_Dt":0.20000000298023224,"Valid":true}__OD_END__
[ue_object_deliverer_bridge_node-1] [INFO] [1785978892.692350848] [ue_object_deliverer_bridge_node]: kinematic setpoint received stamp=110212228 valid=1
[ue_object_deliverer_bridge_node-1] [INFO] [1785978892.975004128] [ue_object_deliverer_bridge_node]: kinematic setpoint received stamp=110501506 valid=1
[ue_object_deliverer_bridge_node-1] [INFO] [1785978893.268588192] [ue_object_deliverer_bridge_node]: kinematic setpoint received stamp=110802114 valid=1
[image_entity_perception-9] [INFO] [1785978893.469684672] [image_entity_perception]: PERCEPTION_PERF_TRACE frame_index=1109 count=1100 predict_ms=42.6 entities=4 valid=True
[temporal_entity_tracker-2] [INFO] [1785978893.470482464] [temporal_entity_tracker]: TRACK_TRACE frame_index=1109 count=1100 source_valid=True source_entities=4 visible_source=1
[vla_policy-10] [INFO] [1785978893.475391104] [vla_policy]: ENT_IN_TRACE count=1100 frame_index=1109 valid=True detail=OK:selected=1;targets=1;risks=0;dropped=0
[ue_object_deliverer_bridge_node-1] [INFO] [1785978893.488736256] [ue_object_deliverer_bridge_node]: kinematic setpoint received stamp=111010828 valid=1
[ue_object_deliverer_bridge_node-1] [INFO] [1785978893.489175360] [ue_object_deliverer_bridge_node]: Sent kinematic setpoint to UE5: bytes=425, payload={"Command_Type":"Kinematic_Setpoint","Delta_X_Cm":19.961367547512054,"Delta_Y_Cm":1.1012211441993713,"Frame_ID":"ue_actor_local","Hold_Position":false,"Reason":"DECISION_VALID","Run_ID":"125A0E8D4D3C6BA46F4283AFCAC25321","Scene_Seed":230908,"Sequence":432,"Source_Frame_Index":1109,"Source_Model_Version":"safety_gate_v1","Source_Stamp_Us":111010828,"Stamp_Us":111010828,"Step_Dt":0.20000000298023224,"Valid":true}__OD_END__
[ue_object_deliverer_bridge_node-1] [INFO] [1785978893.791190432] [ue_object_deliverer_bridge_node]: kinematic setpoint received stamp=111315512 valid=1
[ue_object_deliverer_bridge_node-1] [INFO] [1785978894.079555040] [ue_object_deliverer_bridge_node]: kinematic setpoint received stamp=111603973 valid=1
[ue_object_deliverer_bridge_node-1] [INFO] [1785978894.289392704] [ue_object_deliverer_bridge_node]: kinematic setpoint received stamp=111808732 valid=1
[ue_object_deliverer_bridge_node-1] [INFO] [1785978894.591039456] [ue_object_deliverer_bridge_node]: kinematic setpoint received stamp=112113289 valid=1
[ue_object_deliverer_bridge_node-1] [INFO] [1785978894.591421600] [ue_object_deliverer_bridge_node]: Sent kinematic setpoint to UE5: bytes=425, payload={"Command_Type":"Kinematic_Setpoint","Delta_X_Cm":29.808101058006287,"Delta_Y_Cm":1.4492622576653957,"Frame_ID":"ue_actor_local","Hold_Position":false,"Reason":"DECISION_VALID","Run_ID":"125A0E8D4D3C6BA46F4283AFCAC25321","Scene_Seed":230908,"Sequence":436,"Source_Frame_Index":1120,"Source_Model_Version":"safety_gate_v1","Source_Stamp_Us":112113289,"Stamp_Us":112113289,"Step_Dt":0.20000000298023224,"Valid":true}__OD_END__
[ue_object_deliverer_bridge_node-1] [INFO] [1785978894.875334624] [ue_object_deliverer_bridge_node]: kinematic setpoint received stamp=112401141 valid=1
[ue_object_deliverer_bridge_node-1] [INFO] [1785978895.081214080] [ue_object_deliverer_bridge_node]: kinematic setpoint received stamp=112606589 valid=1
[ue_object_deliverer_bridge_node-1] [INFO] [1785978895.294490752] [ue_object_deliverer_bridge_node]: kinematic setpoint received stamp=112813442 valid=1
[ue_object_deliverer_bridge_node-1] [INFO] [1785978895.579717024] [ue_object_deliverer_bridge_node]: kinematic setpoint received stamp=113102560 valid=1
[ue_object_deliverer_bridge_node-1] [INFO] [1785978895.784796032] [ue_object_deliverer_bridge_node]: kinematic setpoint received stamp=113307670 valid=1
[ue_object_deliverer_bridge_node-1] [INFO] [1785978895.785173024] [ue_object_deliverer_bridge_node]: Sent kinematic setpoint to UE5: bytes=424, payload={"Command_Type":"Kinematic_Setpoint","Delta_X_Cm":29.85421121120453,"Delta_Y_Cm":1.0682097636163235,"Frame_ID":"ue_actor_local","Hold_Position":false,"Reason":"DECISION_VALID","Run_ID":"125A0E8D4D3C6BA46F4283AFCAC25321","Scene_Seed":230908,"Sequence":441,"Source_Frame_Index":1132,"Source_Model_Version":"safety_gate_v1","Source_Stamp_Us":113307670,"Stamp_Us":113307670,"Step_Dt":0.20000000298023224,"Valid":true}__OD_END__
[ue_object_deliverer_bridge_node-1] [INFO] [1785978895.989184128] [ue_object_deliverer_bridge_node]: kinematic setpoint received stamp=113513659 valid=1
[ue_object_deliverer_bridge_node-1] [INFO] [1785978896.295893216] [ue_object_deliverer_bridge_node]: kinematic setpoint received stamp=113813180 valid=1
[ue_object_deliverer_bridge_node-1] [INFO] [1785978896.568950624] [ue_object_deliverer_bridge_node]: kinematic setpoint received stamp=114103437 valid=1
[ue_object_deliverer_bridge_node-1] [INFO] [1785978896.769608064] [ue_object_deliverer_bridge_node]: kinematic setpoint received stamp=114300987 valid=1
[ue_object_deliverer_bridge_node-1] [INFO] [1785978896.984035360] [ue_object_deliverer_bridge_node]: kinematic setpoint received stamp=114507597 valid=1
[ue_object_deliverer_bridge_node-1] [INFO] [1785978896.984424832] [ue_object_deliverer_bridge_node]: Sent kinematic setpoint to UE5: bytes=423, payload={"Command_Type":"Kinematic_Setpoint","Delta_X_Cm":28.262221813201904,"Delta_Y_Cm":0.78653609380126,"Frame_ID":"ue_actor_local","Hold_Position":false,"Reason":"DECISION_VALID","Run_ID":"125A0E8D4D3C6BA46F4283AFCAC25321","Scene_Seed":230908,"Sequence":446,"Source_Frame_Index":1144,"Source_Model_Version":"safety_gate_v1","Source_Stamp_Us":114507597,"Stamp_Us":114507597,"Step_Dt":0.20000000298023224,"Valid":true}__OD_END__
[ue_object_deliverer_bridge_node-1] [INFO] [1785978897.284438560] [ue_object_deliverer_bridge_node]: kinematic setpoint received stamp=114809322 valid=1
[ue_object_deliverer_bridge_node-1] [INFO] [1785978897.574123232] [ue_object_deliverer_bridge_node]: kinematic setpoint received stamp=115100781 valid=1
[ue_object_deliverer_bridge_node-1] [INFO] [1785978897.776915872] [ue_object_deliverer_bridge_node]: kinematic setpoint received stamp=115307872 valid=1
[ue_object_deliverer_bridge_node-1] [INFO] [1785978898.075378464] [ue_object_deliverer_bridge_node]: kinematic setpoint received stamp=115600769 valid=1
[ue_object_deliverer_bridge_node-1] [INFO] [1785978898.075804992] [ue_object_deliverer_bridge_node]: Sent kinematic setpoint to UE5: bytes=426, payload={"Command_Type":"Kinematic_Setpoint","Delta_X_Cm":11.165580153465271,"Delta_Y_Cm":0.08549992344342172,"Frame_ID":"ue_actor_local","Hold_Position":false,"Reason":"DECISION_VALID","Run_ID":"125A0E8D4D3C6BA46F4283AFCAC25321","Scene_Seed":230908,"Sequence":450,"Source_Frame_Index":1155,"Source_Model_Version":"safety_gate_v1","Source_Stamp_Us":115600769,"Stamp_Us":115600769,"Step_Dt":0.20000000298023224,"Valid":true}__OD_END__
[ue_object_deliverer_bridge_node-1] [INFO] [1785978898.279611264] [ue_object_deliverer_bridge_node]: kinematic setpoint received stamp=115810242 valid=1
[image_entity_perception-9] [INFO] [1785978898.457710016] [image_entity_perception]: PERCEPTION_PERF_TRACE frame_index=1159 count=1150 predict_ms=41.1 entities=4 valid=True
[temporal_entity_tracker-2] [INFO] [1785978898.458450208] [temporal_entity_tracker]: TRACK_TRACE frame_index=1159 count=1150 source_valid=True source_entities=4 visible_source=1
[ue_object_deliverer_bridge_node-1] [INFO] [1785978898.575378400] [ue_object_deliverer_bridge_node]: kinematic setpoint received stamp=116102575 valid=1
[ue_object_deliverer_bridge_node-1] [INFO] [1785978898.779582464] [ue_object_deliverer_bridge_node]: kinematic setpoint received stamp=116311841 valid=1
[ue_object_deliverer_bridge_node-1] [INFO] [1785978899.072603296] [ue_object_deliverer_bridge_node]: kinematic setpoint received stamp=116605286 valid=1
[ue_object_deliverer_bridge_node-1] [INFO] [1785978899.073001984] [ue_object_deliverer_bridge_node]: Sent kinematic setpoint to UE5: bytes=426, payload={"Command_Type":"Kinematic_Setpoint","Delta_X_Cm":-8.661539107561111,"Delta_Y_Cm":-1.8749620765447617,"Frame_ID":"ue_actor_local","Hold_Position":false,"Reason":"DECISION_VALID","Run_ID":"125A0E8D4D3C6BA46F4283AFCAC25321","Scene_Seed":230908,"Sequence":454,"Source_Frame_Index":1165,"Source_Model_Version":"safety_gate_v1","Source_Stamp_Us":116605286,"Stamp_Us":116605286,"Step_Dt":0.20000000298023224,"Valid":true}__OD_END__
[ue_object_deliverer_bridge_node-1] [INFO] [1785978899.299393216] [ue_object_deliverer_bridge_node]: kinematic setpoint received stamp=116812583 valid=1
[ue_object_deliverer_bridge_node-1] [INFO] [1785978899.571812288] [ue_object_deliverer_bridge_node]: kinematic setpoint received stamp=117101441 valid=1
[ue_object_deliverer_bridge_node-1] [INFO] [1785978899.780307360] [ue_object_deliverer_bridge_node]: kinematic setpoint received stamp=117308346 valid=1
[ue_object_deliverer_bridge_node-1] [INFO] [1785978900.076290816] [ue_object_deliverer_bridge_node]: kinematic setpoint received stamp=117601454 valid=1
[ue_object_deliverer_bridge_node-1] [INFO] [1785978900.280301120] [ue_object_deliverer_bridge_node]: kinematic setpoint received stamp=117807484 valid=1
[ue_object_deliverer_bridge_node-1] [INFO] [1785978900.280698816] [ue_object_deliverer_bridge_node]: Sent kinematic setpoint to UE5: bytes=424, payload={"Command_Type":"Kinematic_Setpoint","Delta_X_Cm":9.847582131624222,"Delta_Y_Cm":-6.477045267820358,"Frame_ID":"ue_actor_local","Hold_Position":false,"Reason":"DECISION_VALID","Run_ID":"125A0E8D4D3C6BA46F4283AFCAC25321","Scene_Seed":230908,"Sequence":459,"Source_Frame_Index":1177,"Source_Model_Version":"safety_gate_v1","Source_Stamp_Us":117807484,"Stamp_Us":117807484,"Step_Dt":0.20000000298023224,"Valid":true}__OD_END__
[ue_object_deliverer_bridge_node-1] [INFO] [1785978900.590822592] [ue_object_deliverer_bridge_node]: kinematic setpoint received stamp=118113173 valid=1
[ue_object_deliverer_bridge_node-1] [INFO] [1785978900.877838176] [ue_object_deliverer_bridge_node]: kinematic setpoint received stamp=118402666 valid=1
[ue_object_deliverer_bridge_node-1] [INFO] [1785978901.084136512] [ue_object_deliverer_bridge_node]: kinematic setpoint received stamp=118608418 valid=1
[ue_object_deliverer_bridge_node-1] [INFO] [1785978901.394221216] [ue_object_deliverer_bridge_node]: kinematic setpoint received stamp=118914001 valid=1
[ue_object_deliverer_bridge_node-1] [INFO] [1785978901.394608608] [ue_object_deliverer_bridge_node]: Sent kinematic setpoint to UE5: bytes=425, payload={"Command_Type":"Kinematic_Setpoint","Delta_X_Cm":28.92133593559265,"Delta_Y_Cm":-0.5718453321605921,"Frame_ID":"ue_actor_local","Hold_Position":false,"Reason":"DECISION_VALID","Run_ID":"125A0E8D4D3C6BA46F4283AFCAC25321","Scene_Seed":230908,"Sequence":463,"Source_Frame_Index":1188,"Source_Model_Version":"safety_gate_v1","Source_Stamp_Us":118914001,"Stamp_Us":118914001,"Step_Dt":0.20000000298023224,"Valid":true}__OD_END__
[ue_object_deliverer_bridge_node-1] [INFO] [1785978901.682247648] [ue_object_deliverer_bridge_node]: kinematic setpoint received stamp=119204485 valid=1
[ue_object_deliverer_bridge_node-1] [INFO] [1785978901.884108032] [ue_object_deliverer_bridge_node]: kinematic setpoint received stamp=119410227 valid=1
[ue_object_deliverer_bridge_node-1] [INFO] [1785978902.192544352] [ue_object_deliverer_bridge_node]: kinematic setpoint received stamp=119713428 valid=1
[ue_object_deliverer_bridge_node-1] [INFO] [1785978902.417865408] [ue_object_deliverer_bridge_node]: kinematic setpoint received stamp=119713429 valid=1
[ue_object_deliverer_bridge_node-1] [INFO] [1785978902.418253408] [ue_object_deliverer_bridge_node]: Sent kinematic setpoint to UE5: bytes=396, payload={"Command_Type":"Kinematic_Setpoint","Delta_X_Cm":0.0,"Delta_Y_Cm":-0.0,"Frame_ID":"ue_actor_local","Hold_Position":false,"Reason":"DECISION_VALID","Run_ID":"125A0E8D4D3C6BA46F4283AFCAC25321","Scene_Seed":230908,"Sequence":467,"Source_Frame_Index":1139,"Source_Model_Version":"safety_gate_v1","Source_Stamp_Us":119713429,"Stamp_Us":119713429,"Step_Dt":0.20000000298023224,"Valid":true}__OD_END__
[ue_object_deliverer_bridge_node-1] [INFO] [1785978902.671973088] [ue_object_deliverer_bridge_node]: kinematic setpoint received stamp=120205646 valid=1
[ue_object_deliverer_bridge_node-1] [INFO] [1785978902.875606912] [ue_object_deliverer_bridge_node]: kinematic setpoint received stamp=120401078 valid=1
[ue_object_deliverer_bridge_node-1] [INFO] [1785978903.086154528] [ue_object_deliverer_bridge_node]: kinematic setpoint received stamp=120608182 valid=1
[ue_object_deliverer_bridge_node-1] [INFO] [1785978903.381593056] [ue_object_deliverer_bridge_node]: kinematic setpoint received stamp=120910382 valid=1
[image_entity_perception-9] [INFO] [1785978903.458863136] [image_entity_perception]: PERCEPTION_PERF_TRACE frame_index=1209 count=1200 predict_ms=36.9 entities=4 valid=True
[temporal_entity_tracker-2] [INFO] [1785978903.459587968] [temporal_entity_tracker]: TRACK_TRACE frame_index=1209 count=1200 source_valid=True source_entities=4 visible_source=1
[vla_policy-10] [INFO] [1785978903.464345472] [vla_policy]: ENT_IN_TRACE count=1200 frame_index=1209 valid=True detail=OK:selected=1;targets=1;risks=0;dropped=0
[ue_object_deliverer_bridge_node-1] [INFO] [1785978903.691645504] [ue_object_deliverer_bridge_node]: kinematic setpoint received stamp=121212830 valid=1
[ue_object_deliverer_bridge_node-1] [INFO] [1785978903.692023456] [ue_object_deliverer_bridge_node]: Sent kinematic setpoint to UE5: bytes=426, payload={"Command_Type":"Kinematic_Setpoint","Delta_X_Cm":24.913671612739563,"Delta_Y_Cm":-1.4587990008294582,"Frame_ID":"ue_actor_local","Hold_Position":false,"Reason":"DECISION_VALID","Run_ID":"125A0E8D4D3C6BA46F4283AFCAC25321","Scene_Seed":230908,"Sequence":472,"Source_Frame_Index":1211,"Source_Model_Version":"safety_gate_v1","Source_Stamp_Us":121212830,"Stamp_Us":121212830,"Step_Dt":0.20000000298023224,"Valid":true}__OD_END__
[ue_object_deliverer_bridge_node-1] [INFO] [1785978903.977027264] [ue_object_deliverer_bridge_node]: kinematic setpoint received stamp=121502560 valid=1
[ue_object_deliverer_bridge_node-1] [INFO] [1785978904.184189856] [ue_object_deliverer_bridge_node]: kinematic setpoint received stamp=121706363 valid=1
[ue_object_deliverer_bridge_node-1] [INFO] [1785978904.390983264] [ue_object_deliverer_bridge_node]: kinematic setpoint received stamp=121913187 valid=1
[ue_object_deliverer_bridge_node-1] [INFO] [1785978904.670854784] [ue_object_deliverer_bridge_node]: kinematic setpoint received stamp=122206269 valid=1
[ue_object_deliverer_bridge_node-1] [INFO] [1785978904.982019232] [ue_object_deliverer_bridge_node]: kinematic setpoint received stamp=122512560 valid=1
[ue_object_deliverer_bridge_node-1] [INFO] [1785978904.982401120] [ue_object_deliverer_bridge_node]: Sent kinematic setpoint to UE5: bytes=425, payload={"Command_Type":"Kinematic_Setpoint","Delta_X_Cm":20.79874873161316,"Delta_Y_Cm":-2.4742040783166885,"Frame_ID":"ue_actor_local","Hold_Position":false,"Reason":"DECISION_VALID","Run_ID":"125A0E8D4D3C6BA46F4283AFCAC25321","Scene_Seed":230908,"Sequence":477,"Source_Frame_Index":1224,"Source_Model_Version":"safety_gate_v1","Source_Stamp_Us":122512560,"Stamp_Us":122512560,"Step_Dt":0.20000000298023224,"Valid":true}__OD_END__
[ue_object_deliverer_bridge_node-1] [INFO] [1785978905.269441920] [ue_object_deliverer_bridge_node]: kinematic setpoint received stamp=122801627 valid=1
[ue_object_deliverer_bridge_node-1] [INFO] [1785978905.473653664] [ue_object_deliverer_bridge_node]: kinematic setpoint received stamp=123007174 valid=1
[ue_object_deliverer_bridge_node-1] [INFO] [1785978905.785104128] [ue_object_deliverer_bridge_node]: kinematic setpoint received stamp=123311743 valid=1
[ue_object_deliverer_bridge_node-1] [INFO] [1785978906.070780352] [ue_object_deliverer_bridge_node]: kinematic setpoint received stamp=123601727 valid=1
[ue_object_deliverer_bridge_node-1] [INFO] [1785978906.071203456] [ue_object_deliverer_bridge_node]: Sent kinematic setpoint to UE5: bytes=425, payload={"Command_Type":"Kinematic_Setpoint","Delta_X_Cm":10.811250656843185,"Delta_Y_Cm":-2.101551368832588,"Frame_ID":"ue_actor_local","Hold_Position":false,"Reason":"DECISION_VALID","Run_ID":"125A0E8D4D3C6BA46F4283AFCAC25321","Scene_Seed":230908,"Sequence":481,"Source_Frame_Index":1235,"Source_Model_Version":"safety_gate_v1","Source_Stamp_Us":123601727,"Stamp_Us":123601727,"Step_Dt":0.20000000298023224,"Valid":true}__OD_END__
[ue_object_deliverer_bridge_node-1] [INFO] [1785978906.274080160] [ue_object_deliverer_bridge_node]: kinematic setpoint received stamp=123809308 valid=1
[ue_object_deliverer_bridge_node-1] [INFO] [1785978906.576059520] [ue_object_deliverer_bridge_node]: kinematic setpoint received stamp=124101012 valid=1
[ue_object_deliverer_bridge_node-1] [INFO] [1785978906.783099392] [ue_object_deliverer_bridge_node]: kinematic setpoint received stamp=124305672 valid=1
[ue_object_deliverer_bridge_node-1] [INFO] [1785978906.992270528] [ue_object_deliverer_bridge_node]: kinematic setpoint received stamp=124511653 valid=1
[ue_object_deliverer_bridge_node-1] [INFO] [1785978907.281300192] [ue_object_deliverer_bridge_node]: kinematic setpoint received stamp=124804951 valid=1
[ue_object_deliverer_bridge_node-1] [INFO] [1785978907.281693056] [ue_object_deliverer_bridge_node]: Sent kinematic setpoint to UE5: bytes=425, payload={"Command_Type":"Kinematic_Setpoint","Delta_X_Cm":15.530051290988922,"Delta_Y_Cm":-3.151577338576317,"Frame_ID":"ue_actor_local","Hold_Position":false,"Reason":"DECISION_VALID","Run_ID":"125A0E8D4D3C6BA46F4283AFCAC25321","Scene_Seed":230908,"Sequence":486,"Source_Frame_Index":1247,"Source_Model_Version":"safety_gate_v1","Source_Stamp_Us":124804951,"Stamp_Us":124804951,"Step_Dt":0.20000000298023224,"Valid":true}__OD_END__
[ue_object_deliverer_bridge_node-1] [INFO] [1785978907.490696352] [ue_object_deliverer_bridge_node]: kinematic setpoint received stamp=125010951 valid=1
[ue_object_deliverer_bridge_node-1] [INFO] [1785978907.780954912] [ue_object_deliverer_bridge_node]: kinematic setpoint received stamp=125301440 valid=1
[ue_object_deliverer_bridge_node-1] [INFO] [1785978907.989160512] [ue_object_deliverer_bridge_node]: kinematic setpoint received stamp=125507507 valid=1
[ue_object_deliverer_bridge_node-1] [INFO] [1785978908.292956448] [ue_object_deliverer_bridge_node]: kinematic setpoint received stamp=125811512 valid=1
[ue_object_deliverer_bridge_node-1] [INFO] [1785978908.293322560] [ue_object_deliverer_bridge_node]: Sent kinematic setpoint to UE5: bytes=424, payload={"Command_Type":"Kinematic_Setpoint","Delta_X_Cm":15.51077663898468,"Delta_Y_Cm":-3.687506541609764,"Frame_ID":"ue_actor_local","Hold_Position":false,"Reason":"DECISION_VALID","Run_ID":"125A0E8D4D3C6BA46F4283AFCAC25321","Scene_Seed":230908,"Sequence":490,"Source_Frame_Index":1257,"Source_Model_Version":"safety_gate_v1","Source_Stamp_Us":125811512,"Stamp_Us":125811512,"Step_Dt":0.20000000298023224,"Valid":true}__OD_END__
[image_entity_perception-9] [INFO] [1785978908.459187392] [image_entity_perception]: PERCEPTION_PERF_TRACE frame_index=1259 count=1250 predict_ms=42.6 entities=4 valid=True
[temporal_entity_tracker-2] [INFO] [1785978908.459997568] [temporal_entity_tracker]: TRACK_TRACE frame_index=1259 count=1250 source_valid=True source_entities=4 visible_source=1
[ue_object_deliverer_bridge_node-1] [INFO] [1785978908.572925568] [ue_object_deliverer_bridge_node]: kinematic setpoint received stamp=126100961 valid=1
[ue_object_deliverer_bridge_node-1] [INFO] [1785978908.781373248] [ue_object_deliverer_bridge_node]: kinematic setpoint received stamp=126307888 valid=1
[ue_object_deliverer_bridge_node-1] [INFO] [1785978908.988174176] [ue_object_deliverer_bridge_node]: kinematic setpoint received stamp=126513283 valid=1
[ue_object_deliverer_bridge_node-1] [INFO] [1785978909.276979584] [ue_object_deliverer_bridge_node]: kinematic setpoint received stamp=126805603 valid=1
[ue_object_deliverer_bridge_node-1] [INFO] [1785978909.486211456] [ue_object_deliverer_bridge_node]: kinematic setpoint received stamp=127011788 valid=1
[ue_object_deliverer_bridge_node-1] [INFO] [1785978909.486596064] [ue_object_deliverer_bridge_node]: Sent kinematic setpoint to UE5: bytes=426, payload={"Command_Type":"Kinematic_Setpoint","Delta_X_Cm":13.506229221820831,"Delta_Y_Cm":-3.9809834212064743,"Frame_ID":"ue_actor_local","Hold_Position":false,"Reason":"DECISION_VALID","Run_ID":"125A0E8D4D3C6BA46F4283AFCAC25321","Scene_Seed":230908,"Sequence":495,"Source_Frame_Index":1269,"Source_Model_Version":"safety_gate_v1","Source_Stamp_Us":127011788,"Stamp_Us":127011788,"Step_Dt":0.20000000298023224,"Valid":true}__OD_END__
[ue_object_deliverer_bridge_node-1] [INFO] [1785978909.783641792] [ue_object_deliverer_bridge_node]: kinematic setpoint received stamp=127302968 valid=1
[ue_object_deliverer_bridge_node-1] [INFO] [1785978910.077248000] [ue_object_deliverer_bridge_node]: kinematic setpoint received stamp=127608393 valid=1
[ue_object_deliverer_bridge_node-1] [INFO] [1785978910.284855488] [ue_object_deliverer_bridge_node]: kinematic setpoint received stamp=127812846 valid=1
[vla_policy-10] [INFO] [1785978910.570313504] [vla_policy]: POLICY_AUDIT trigger=periodic events=500 policy_driven=498 backstop=1 hold=1 fail_closed=0 policy_stop=0 guard_reason=policy_driven raw_dx=0.133548 raw_dy=0.036536 guarded_dx=0.133548 guarded_dy=0.036536 final_dx=0.133548 final_dy=0.036536
[ue_object_deliverer_bridge_node-1] [INFO] [1785978910.574528736] [ue_object_deliverer_bridge_node]: kinematic setpoint received stamp=128102696 valid=1
[ue_object_deliverer_bridge_node-1] [INFO] [1785978910.574892544] [ue_object_deliverer_bridge_node]: Sent kinematic setpoint to UE5: bytes=425, payload={"Command_Type":"Kinematic_Setpoint","Delta_X_Cm":13.354839384555817,"Delta_Y_Cm":-3.653600811958313,"Frame_ID":"ue_actor_local","Hold_Position":false,"Reason":"DECISION_VALID","Run_ID":"125A0E8D4D3C6BA46F4283AFCAC25321","Scene_Seed":230908,"Sequence":499,"Source_Frame_Index":1280,"Source_Model_Version":"safety_gate_v1","Source_Stamp_Us":128102696,"Stamp_Us":128102696,"Step_Dt":0.20000000298023224,"Valid":true}__OD_END__
[ue_object_deliverer_bridge_node-1] [INFO] [1785978910.777190816] [ue_object_deliverer_bridge_node]: kinematic setpoint received stamp=128308947 valid=1
[ue_object_deliverer_bridge_node-1] [INFO] [1785978910.991897376] [ue_object_deliverer_bridge_node]: kinematic setpoint received stamp=128513563 valid=1
[ue_object_deliverer_bridge_node-1] [INFO] [1785978911.274744672] [ue_object_deliverer_bridge_node]: kinematic setpoint received stamp=128805023 valid=1
[ue_object_deliverer_bridge_node-1] [INFO] [1785978911.591272096] [ue_object_deliverer_bridge_node]: kinematic setpoint received stamp=129109035 valid=1
[ue_object_deliverer_bridge_node-1] [INFO] [1785978911.591648768] [ue_object_deliverer_bridge_node]: Sent kinematic setpoint to UE5: bytes=425, payload={"Command_Type":"Kinematic_Setpoint","Delta_X_Cm":13.341015577316284,"Delta_Y_Cm":-4.270503297448158,"Frame_ID":"ue_actor_local","Hold_Position":false,"Reason":"DECISION_VALID","Run_ID":"125A0E8D4D3C6BA46F4283AFCAC25321","Scene_Seed":230908,"Sequence":503,"Source_Frame_Index":1290,"Source_Model_Version":"safety_gate_v1","Source_Stamp_Us":129109035,"Stamp_Us":129109035,"Step_Dt":0.20000000298023224,"Valid":true}__OD_END__
[ue_object_deliverer_bridge_node-1] [INFO] [1785978911.877821856] [ue_object_deliverer_bridge_node]: kinematic setpoint received stamp=129400564 valid=1
[ue_object_deliverer_bridge_node-1] [INFO] [1785978912.084854720] [ue_object_deliverer_bridge_node]: kinematic setpoint received stamp=129606703 valid=1
[ue_object_deliverer_bridge_node-1] [INFO] [1785978912.391920448] [ue_object_deliverer_bridge_node]: kinematic setpoint received stamp=129911677 valid=1
[ue_object_deliverer_bridge_node-1] [INFO] [1785978912.690738688] [ue_object_deliverer_bridge_node]: kinematic setpoint received stamp=130212833 valid=1
[ue_object_deliverer_bridge_node-1] [INFO] [1785978912.691119104] [ue_object_deliverer_bridge_node]: Sent kinematic setpoint to UE5: bytes=424, payload={"Command_Type":"Kinematic_Setpoint","Delta_X_Cm":7.032389938831329,"Delta_Y_Cm":-3.609263151884079,"Frame_ID":"ue_actor_local","Hold_Position":false,"Reason":"DECISION_VALID","Run_ID":"125A0E8D4D3C6BA46F4283AFCAC25321","Scene_Seed":230908,"Sequence":507,"Source_Frame_Index":1301,"Source_Model_Version":"safety_gate_v1","Source_Stamp_Us":130212833,"Stamp_Us":130212833,"Step_Dt":0.20000000298023224,"Valid":true}__OD_END__
[ue_object_deliverer_bridge_node-1] [INFO] [1785978912.978332096] [ue_object_deliverer_bridge_node]: kinematic setpoint received stamp=130503073 valid=1
[ue_object_deliverer_bridge_node-1] [INFO] [1785978913.274261280] [ue_object_deliverer_bridge_node]: kinematic setpoint received stamp=130804954 valid=1
[image_entity_perception-9] [INFO] [1785978913.469767936] [image_entity_perception]: PERCEPTION_PERF_TRACE frame_index=1309 count=1300 predict_ms=42.9 entities=4 valid=True
[temporal_entity_tracker-2] [INFO] [1785978913.470519296] [temporal_entity_tracker]: TRACK_TRACE frame_index=1309 count=1300 source_valid=True source_entities=4 visible_source=1
[vla_policy-10] [INFO] [1785978913.476525152] [vla_policy]: ENT_IN_TRACE count=1300 frame_index=1309 valid=True detail=OK:selected=1;targets=1;risks=0;dropped=0
[ue_object_deliverer_bridge_node-1] [INFO] [1785978913.494478976] [ue_object_deliverer_bridge_node]: kinematic setpoint received stamp=131013560 valid=1
[ue_object_deliverer_bridge_node-1] [INFO] [1785978913.774506880] [ue_object_deliverer_bridge_node]: kinematic setpoint received stamp=131303015 valid=1
[ue_object_deliverer_bridge_node-1] [INFO] [1785978913.774996000] [ue_object_deliverer_bridge_node]: Sent kinematic setpoint to UE5: bytes=425, payload={"Command_Type":"Kinematic_Setpoint","Delta_X_Cm":23.249243199825287,"Delta_Y_Cm":-4.858054220676422,"Frame_ID":"ue_actor_local","Hold_Position":false,"Reason":"DECISION_VALID","Run_ID":"125A0E8D4D3C6BA46F4283AFCAC25321","Scene_Seed":230908,"Sequence":511,"Source_Frame_Index":1312,"Source_Model_Version":"safety_gate_v1","Source_Stamp_Us":131303015,"Stamp_Us":131303015,"Step_Dt":0.20000000298023224,"Valid":true}__OD_END__
[ue_object_deliverer_bridge_node-1] [INFO] [1785978913.978623264] [ue_object_deliverer_bridge_node]: kinematic setpoint received stamp=131511142 valid=1
[ue_object_deliverer_bridge_node-1] [INFO] [1785978914.269867072] [ue_object_deliverer_bridge_node]: kinematic setpoint received stamp=131804189 valid=1
[ue_object_deliverer_bridge_node-1] [INFO] [1785978914.471360416] [ue_object_deliverer_bridge_node]: kinematic setpoint received stamp=132010701 valid=1
[ue_object_deliverer_bridge_node-1] [INFO] [1785978914.769420576] [ue_object_deliverer_bridge_node]: kinematic setpoint received stamp=132303478 valid=1
[ue_object_deliverer_bridge_node-1] [INFO] [1785978914.769803936] [ue_object_deliverer_bridge_node]: Sent kinematic setpoint to UE5: bytes=424, payload={"Command_Type":"Kinematic_Setpoint","Delta_X_Cm":20.74354588985443,"Delta_Y_Cm":-5.614039301872253,"Frame_ID":"ue_actor_local","Hold_Position":false,"Reason":"DECISION_VALID","Run_ID":"125A0E8D4D3C6BA46F4283AFCAC25321","Scene_Seed":230908,"Sequence":515,"Source_Frame_Index":1322,"Source_Model_Version":"safety_gate_v1","Source_Stamp_Us":132303478,"Stamp_Us":132303478,"Step_Dt":0.20000000298023224,"Valid":true}__OD_END__
[ue_object_deliverer_bridge_node-1] [INFO] [1785978914.978509312] [ue_object_deliverer_bridge_node]: kinematic setpoint received stamp=132513467 valid=1
[ue_object_deliverer_bridge_node-1] [INFO] [1785978915.280960768] [ue_object_deliverer_bridge_node]: kinematic setpoint received stamp=132803122 valid=1
[ue_object_deliverer_bridge_node-1] [INFO] [1785978915.491368256] [ue_object_deliverer_bridge_node]: kinematic setpoint received stamp=133011730 valid=1
[ue_object_deliverer_bridge_node-1] [INFO] [1785978915.777807072] [ue_object_deliverer_bridge_node]: kinematic setpoint received stamp=133302291 valid=1
[ue_object_deliverer_bridge_node-1] [INFO] [1785978915.982450560] [ue_object_deliverer_bridge_node]: kinematic setpoint received stamp=133514237 valid=1
[ue_object_deliverer_bridge_node-1] [INFO] [1785978915.982836032] [ue_object_deliverer_bridge_node]: Sent kinematic setpoint to UE5: bytes=424, payload={"Command_Type":"Kinematic_Setpoint","Delta_X_Cm":8.40117558836937,"Delta_Y_Cm":-4.5568786561489105,"Frame_ID":"ue_actor_local","Hold_Position":false,"Reason":"DECISION_VALID","Run_ID":"125A0E8D4D3C6BA46F4283AFCAC25321","Scene_Seed":230908,"Sequence":520,"Source_Frame_Index":1334,"Source_Model_Version":"safety_gate_v1","Source_Stamp_Us":133514237,"Stamp_Us":133514237,"Step_Dt":0.20000000298023224,"Valid":true}__OD_END__
[ue_object_deliverer_bridge_node-1] [INFO] [1785978916.282738848] [ue_object_deliverer_bridge_node]: kinematic setpoint received stamp=133803534 valid=1
[ue_object_deliverer_bridge_node-1] [INFO] [1785978916.493202784] [ue_object_deliverer_bridge_node]: kinematic setpoint received stamp=134012987 valid=1
[ue_object_deliverer_bridge_node-1] [INFO] [1785978916.767730208] [ue_object_deliverer_bridge_node]: kinematic setpoint received stamp=134304617 valid=1
[ue_object_deliverer_bridge_node-1] [INFO] [1785978916.992492704] [ue_object_deliverer_bridge_node]: kinematic setpoint received stamp=134509659 valid=1
[ue_object_deliverer_bridge_node-1] [INFO] [1785978917.264981856] [ue_object_deliverer_bridge_node]: kinematic setpoint received stamp=134803850 valid=1
[ue_object_deliverer_bridge_node-1] [INFO] [1785978917.265389920] [ue_object_deliverer_bridge_node]: Sent kinematic setpoint to UE5: bytes=425, payload={"Command_Type":"Kinematic_Setpoint","Delta_X_Cm":-4.458172991871834,"Delta_Y_Cm":-5.206289142370224,"Frame_ID":"ue_actor_local","Hold_Position":false,"Reason":"DECISION_VALID","Run_ID":"125A0E8D4D3C6BA46F4283AFCAC25321","Scene_Seed":230908,"Sequence":525,"Source_Frame_Index":1347,"Source_Model_Version":"safety_gate_v1","Source_Stamp_Us":134803850,"Stamp_Us":134803850,"Step_Dt":0.20000000298023224,"Valid":true}__OD_END__
[ue_object_deliverer_bridge_node-1] [INFO] [1785978917.475271200] [ue_object_deliverer_bridge_node]: kinematic setpoint received stamp=135012699 valid=1
[ue_object_deliverer_bridge_node-1] [INFO] [1785978917.766745696] [ue_object_deliverer_bridge_node]: kinematic setpoint received stamp=135311050 valid=1
[ue_object_deliverer_bridge_node-1] [INFO] [1785978917.978367424] [ue_object_deliverer_bridge_node]: kinematic setpoint received stamp=135504659 valid=1
[ue_object_deliverer_bridge_node-1] [INFO] [1785978918.183380544] [ue_object_deliverer_bridge_node]: kinematic setpoint received stamp=135708925 valid=1
[ue_object_deliverer_bridge_node-1] [INFO] [1785978918.423288032] [ue_object_deliverer_bridge_node]: kinematic setpoint received stamp=135708926 valid=1
[ue_object_deliverer_bridge_node-1] [INFO] [1785978918.423680640] [ue_object_deliverer_bridge_node]: Sent kinematic setpoint to UE5: bytes=426, payload={"Command_Type":"Kinematic_Setpoint","Delta_X_Cm":-4.548630490899086,"Delta_Y_Cm":-2.0760446786880493,"Frame_ID":"ue_actor_local","Hold_Position":false,"Reason":"DECISION_VALID","Run_ID":"125A0E8D4D3C6BA46F4283AFCAC25321","Scene_Seed":230908,"Sequence":530,"Source_Frame_Index":1310,"Source_Model_Version":"safety_gate_v1","Source_Stamp_Us":135708926,"Stamp_Us":135708926,"Step_Dt":0.20000000298023224,"Valid":true}__OD_END__
[image_entity_perception-9] [INFO] [1785978918.474994496] [image_entity_perception]: PERCEPTION_PERF_TRACE frame_index=1359 count=1350 predict_ms=45.4 entities=4 valid=True
[temporal_entity_tracker-2] [INFO] [1785978918.475898304] [temporal_entity_tracker]: TRACK_TRACE frame_index=1359 count=1350 source_valid=True source_entities=4 visible_source=1
[ue_object_deliverer_bridge_node-1] [INFO] [1785978918.682037888] [ue_object_deliverer_bridge_node]: kinematic setpoint received stamp=136207068 valid=1
[ue_object_deliverer_bridge_node-1] [INFO] [1785978918.889885600] [ue_object_deliverer_bridge_node]: kinematic setpoint received stamp=136412663 valid=1
[ue_object_deliverer_bridge_node-1] [INFO] [1785978919.174288160] [ue_object_deliverer_bridge_node]: kinematic setpoint received stamp=136700737 valid=1
[ue_object_deliverer_bridge_node-1] [INFO] [1785978919.410764544] [ue_object_deliverer_bridge_node]: kinematic setpoint received stamp=136700738 valid=1
[ue_object_deliverer_bridge_node-1] [INFO] [1785978919.680759328] [ue_object_deliverer_bridge_node]: kinematic setpoint received stamp=137210176 valid=1
[ue_object_deliverer_bridge_node-1] [INFO] [1785978919.681146688] [ue_object_deliverer_bridge_node]: Sent kinematic setpoint to UE5: bytes=425, payload={"Command_Type":"Kinematic_Setpoint","Delta_X_Cm":4.963750019669533,"Delta_Y_Cm":-0.6009883247315884,"Frame_ID":"ue_actor_local","Hold_Position":false,"Reason":"DECISION_VALID","Run_ID":"125A0E8D4D3C6BA46F4283AFCAC25321","Scene_Seed":230908,"Sequence":535,"Source_Frame_Index":1371,"Source_Model_Version":"safety_gate_v1","Source_Stamp_Us":137210176,"Stamp_Us":137210176,"Step_Dt":0.20000000298023224,"Valid":true}__OD_END__
[ue_object_deliverer_bridge_node-1] [INFO] [1785978919.983101088] [ue_object_deliverer_bridge_node]: kinematic setpoint received stamp=137513699 valid=1
[ue_object_deliverer_bridge_node-1] [INFO] [1785978920.268077376] [ue_object_deliverer_bridge_node]: kinematic setpoint received stamp=137802834 valid=1
[ue_object_deliverer_bridge_node-1] [INFO] [1785978920.474454848] [ue_object_deliverer_bridge_node]: kinematic setpoint received stamp=138012068 valid=1
[ue_object_deliverer_bridge_node-1] [INFO] [1785978920.781117152] [ue_object_deliverer_bridge_node]: kinematic setpoint received stamp=138312288 valid=1
[ue_object_deliverer_bridge_node-1] [INFO] [1785978920.781495936] [ue_object_deliverer_bridge_node]: Sent kinematic setpoint to UE5: bytes=424, payload={"Command_Type":"Kinematic_Setpoint","Delta_X_Cm":24.62403029203415,"Delta_Y_Cm":-4.152709245681763,"Frame_ID":"ue_actor_local","Hold_Position":false,"Reason":"DECISION_VALID","Run_ID":"125A0E8D4D3C6BA46F4283AFCAC25321","Scene_Seed":230908,"Sequence":539,"Source_Frame_Index":1382,"Source_Model_Version":"safety_gate_v1","Source_Stamp_Us":138312288,"Stamp_Us":138312288,"Step_Dt":0.20000000298023224,"Valid":true}__OD_END__
[ue_object_deliverer_bridge_node-1] [INFO] [1785978921.064685120] [ue_object_deliverer_bridge_node]: kinematic setpoint received stamp=138601626 valid=1
[ue_object_deliverer_bridge_node-1] [INFO] [1785978921.284690880] [ue_object_deliverer_bridge_node]: kinematic setpoint received stamp=138809156 valid=1
[ue_object_deliverer_bridge_node-1] [INFO] [1785978921.590558016] [ue_object_deliverer_bridge_node]: kinematic setpoint received stamp=139112615 valid=1
[ue_object_deliverer_bridge_node-1] [INFO] [1785978921.879588736] [ue_object_deliverer_bridge_node]: kinematic setpoint received stamp=139403025 valid=1
[ue_object_deliverer_bridge_node-1] [INFO] [1785978921.879965536] [ue_object_deliverer_bridge_node]: Sent kinematic setpoint to UE5: bytes=425, payload={"Command_Type":"Kinematic_Setpoint","Delta_X_Cm":29.339686036109924,"Delta_Y_Cm":-5.283484235405922,"Frame_ID":"ue_actor_local","Hold_Position":false,"Reason":"DECISION_VALID","Run_ID":"125A0E8D4D3C6BA46F4283AFCAC25321","Scene_Seed":230908,"Sequence":543,"Source_Frame_Index":1393,"Source_Model_Version":"safety_gate_v1","Source_Stamp_Us":139403025,"Stamp_Us":139403025,"Step_Dt":0.20000000298023224,"Valid":true}__OD_END__
[ue_object_deliverer_bridge_node-1] [INFO] [1785978922.171795136] [ue_object_deliverer_bridge_node]: kinematic setpoint received stamp=139704937 valid=1
[ue_object_deliverer_bridge_node-1] [INFO] [1785978922.383884992] [ue_object_deliverer_bridge_node]: kinematic setpoint received stamp=139912062 valid=1
[ue_object_deliverer_bridge_node-1] [INFO] [1785978922.672709152] [ue_object_deliverer_bridge_node]: kinematic setpoint received stamp=140203382 valid=1
[ue_object_deliverer_bridge_node-1] [INFO] [1785978922.881819616] [ue_object_deliverer_bridge_node]: kinematic setpoint received stamp=140412739 valid=1
[ue_object_deliverer_bridge_node-1] [INFO] [1785978922.882199456] [ue_object_deliverer_bridge_node]: Sent kinematic setpoint to UE5: bytes=425, payload={"Command_Type":"Kinematic_Setpoint","Delta_X_Cm":29.388266801834106,"Delta_Y_Cm":-5.670188367366791,"Frame_ID":"ue_actor_local","Hold_Position":false,"Reason":"DECISION_VALID","Run_ID":"125A0E8D4D3C6BA46F4283AFCAC25321","Scene_Seed":230908,"Sequence":547,"Source_Frame_Index":1403,"Source_Model_Version":"safety_gate_v1","Source_Stamp_Us":140412739,"Stamp_Us":140412739,"Step_Dt":0.20000000298023224,"Valid":true}__OD_END__
[ue_object_deliverer_bridge_node-1] [INFO] [1785978923.175629216] [ue_object_deliverer_bridge_node]: kinematic setpoint received stamp=140703312 valid=1
[ue_object_deliverer_bridge_node-1] [INFO] [1785978923.390124256] [ue_object_deliverer_bridge_node]: kinematic setpoint received stamp=140910284 valid=1
[image_entity_perception-9] [INFO] [1785978923.462958144] [image_entity_perception]: PERCEPTION_PERF_TRACE frame_index=1409 count=1400 predict_ms=41.6 entities=4 valid=True
[temporal_entity_tracker-2] [INFO] [1785978923.463778592] [temporal_entity_tracker]: TRACK_TRACE frame_index=1409 count=1400 source_valid=True source_entities=4 visible_source=1
[vla_policy-10] [INFO] [1785978923.468278112] [vla_policy]: ENT_IN_TRACE count=1400 frame_index=1409 valid=True detail=OK:selected=1;targets=1;risks=1;dropped=0
[ue_object_deliverer_bridge_node-1] [INFO] [1785978923.667056192] [ue_object_deliverer_bridge_node]: kinematic setpoint received stamp=141202727 valid=1
[ue_object_deliverer_bridge_node-1] [INFO] [1785978923.881441632] [ue_object_deliverer_bridge_node]: kinematic setpoint received stamp=141410329 valid=1
[ue_object_deliverer_bridge_node-1] [INFO] [1785978924.175413920] [ue_object_deliverer_bridge_node]: kinematic setpoint received stamp=141701240 valid=1
[ue_object_deliverer_bridge_node-1] [INFO] [1785978924.175805248] [ue_object_deliverer_bridge_node]: Sent kinematic setpoint to UE5: bytes=424, payload={"Command_Type":"Kinematic_Setpoint","Delta_X_Cm":23.19413721561432,"Delta_Y_Cm":-5.887816473841667,"Frame_ID":"ue_actor_local","Hold_Position":false,"Reason":"DECISION_VALID","Run_ID":"125A0E8D4D3C6BA46F4283AFCAC25321","Scene_Seed":230908,"Sequence":552,"Source_Frame_Index":1416,"Source_Model_Version":"safety_gate_v1","Source_Stamp_Us":141701240,"Stamp_Us":141701240,"Step_Dt":0.20000000298023224,"Valid":true}__OD_END__
[ue_object_deliverer_bridge_node-1] [INFO] [1785978924.380914528] [ue_object_deliverer_bridge_node]: kinematic setpoint received stamp=141903563 valid=1
[ue_object_deliverer_bridge_node-1] [INFO] [1785978924.582079296] [ue_object_deliverer_bridge_node]: kinematic setpoint received stamp=142110638 valid=1
[ue_object_deliverer_bridge_node-1] [INFO] [1785978924.895491072] [ue_object_deliverer_bridge_node]: kinematic setpoint received stamp=142412247 valid=1
[ue_object_deliverer_bridge_node-1] [INFO] [1785978925.166532672] [ue_object_deliverer_bridge_node]: kinematic setpoint received stamp=142701363 valid=1
[ue_object_deliverer_bridge_node-1] [INFO] [1785978925.166947680] [ue_object_deliverer_bridge_node]: Sent kinematic setpoint to UE5: bytes=425, payload={"Command_Type":"Kinematic_Setpoint","Delta_X_Cm":12.288032472133636,"Delta_Y_Cm":-5.034963041543961,"Frame_ID":"ue_actor_local","Hold_Position":false,"Reason":"DECISION_VALID","Run_ID":"125A0E8D4D3C6BA46F4283AFCAC25321","Scene_Seed":230908,"Sequence":556,"Source_Frame_Index":1426,"Source_Model_Version":"safety_gate_v1","Source_Stamp_Us":142701363,"Stamp_Us":142701363,"Step_Dt":0.20000000298023224,"Valid":true}__OD_END__
[ue_object_deliverer_bridge_node-1] [INFO] [1785978925.377177376] [ue_object_deliverer_bridge_node]: kinematic setpoint received stamp=142907896 valid=1
[ue_object_deliverer_bridge_node-1] [INFO] [1785978925.673007744] [ue_object_deliverer_bridge_node]: kinematic setpoint received stamp=143210473 valid=1
[ue_object_deliverer_bridge_node-1] [INFO] [1785978925.878143264] [ue_object_deliverer_bridge_node]: kinematic setpoint received stamp=143402622 valid=1
[ue_object_deliverer_bridge_node-1] [INFO] [1785978926.083303264] [ue_object_deliverer_bridge_node]: kinematic setpoint received stamp=143608720 valid=1
[ue_object_deliverer_bridge_node-1] [INFO] [1785978926.390713920] [ue_object_deliverer_bridge_node]: kinematic setpoint received stamp=143912676 valid=1
[ue_object_deliverer_bridge_node-1] [INFO] [1785978926.391092448] [ue_object_deliverer_bridge_node]: Sent kinematic setpoint to UE5: bytes=426, payload={"Command_Type":"Kinematic_Setpoint","Delta_X_Cm":-3.6574799567461014,"Delta_Y_Cm":-4.387279599905014,"Frame_ID":"ue_actor_local","Hold_Position":false,"Reason":"DECISION_VALID","Run_ID":"125A0E8D4D3C6BA46F4283AFCAC25321","Scene_Seed":230908,"Sequence":561,"Source_Frame_Index":1438,"Source_Model_Version":"safety_gate_v1","Source_Stamp_Us":143912676,"Stamp_Us":143912676,"Step_Dt":0.20000000298023224,"Valid":true}__OD_END__
[ue_object_deliverer_bridge_node-1] [INFO] [1785978926.689838784] [ue_object_deliverer_bridge_node]: kinematic setpoint received stamp=144212368 valid=1
[ue_object_deliverer_bridge_node-1] [INFO] [1785978926.964673248] [ue_object_deliverer_bridge_node]: kinematic setpoint received stamp=144503774 valid=1
[ue_object_deliverer_bridge_node-1] [INFO] [1785978927.188213696] [ue_object_deliverer_bridge_node]: kinematic setpoint received stamp=144709908 valid=1
[ue_object_deliverer_bridge_node-1] [INFO] [1785978927.425524064] [ue_object_deliverer_bridge_node]: kinematic setpoint received stamp=144709909 valid=1
[ue_object_deliverer_bridge_node-1] [INFO] [1785978927.425976384] [ue_object_deliverer_bridge_node]: Sent kinematic setpoint to UE5: bytes=424, payload={"Command_Type":"Kinematic_Setpoint","Delta_X_Cm":4.68372218310833,"Delta_Y_Cm":-1.7500706017017365,"Frame_ID":"ue_actor_local","Hold_Position":false,"Reason":"DECISION_VALID","Run_ID":"125A0E8D4D3C6BA46F4283AFCAC25321","Scene_Seed":230908,"Sequence":565,"Source_Frame_Index":1399,"Source_Model_Version":"safety_gate_v1","Source_Stamp_Us":144709909,"Stamp_Us":144709909,"Step_Dt":0.20000000298023224,"Valid":true}__OD_END__
[ue_object_deliverer_bridge_node-1] [INFO] [1785978927.679563712] [ue_object_deliverer_bridge_node]: kinematic setpoint received stamp=145206460 valid=1
[ue_object_deliverer_bridge_node-1] [INFO] [1785978927.888605824] [ue_object_deliverer_bridge_node]: kinematic setpoint received stamp=145410874 valid=1
[ue_object_deliverer_bridge_node-1] [INFO] [1785978928.174271424] [ue_object_deliverer_bridge_node]: kinematic setpoint received stamp=145711284 valid=1
[ue_object_deliverer_bridge_node-1] [INFO] [1785978928.423011104] [ue_object_deliverer_bridge_node]: kinematic setpoint received stamp=145711285 valid=1
[ue_object_deliverer_bridge_node-1] [INFO] [1785978928.423415872] [ue_object_deliverer_bridge_node]: Sent kinematic setpoint to UE5: bytes=425, payload={"Command_Type":"Kinematic_Setpoint","Delta_X_Cm":-4.346894845366478,"Delta_Y_Cm":-2.470729872584343,"Frame_ID":"ue_actor_local","Hold_Position":false,"Reason":"DECISION_VALID","Run_ID":"125A0E8D4D3C6BA46F4283AFCAC25321","Scene_Seed":230908,"Sequence":569,"Source_Frame_Index":1409,"Source_Model_Version":"safety_gate_v1","Source_Stamp_Us":145711285,"Stamp_Us":145711285,"Step_Dt":0.20000000298023224,"Valid":true}__OD_END__
[image_entity_perception-9] [INFO] [1785978928.461302752] [image_entity_perception]: PERCEPTION_PERF_TRACE frame_index=1459 count=1450 predict_ms=33.1 entities=4 valid=True
[temporal_entity_tracker-2] [INFO] [1785978928.462079168] [temporal_entity_tracker]: TRACK_TRACE frame_index=1459 count=1450 source_valid=True source_entities=4 visible_source=1
[ue_object_deliverer_bridge_node-1] [INFO] [1785978928.662999712] [ue_object_deliverer_bridge_node]: kinematic setpoint received stamp=146204508 valid=1
[ue_object_deliverer_bridge_node-1] [INFO] [1785978928.872819840] [ue_object_deliverer_bridge_node]: kinematic setpoint received stamp=146411196 valid=1
[ue_object_deliverer_bridge_node-1] [INFO] [1785978929.164735360] [ue_object_deliverer_bridge_node]: kinematic setpoint received stamp=146701138 valid=1
[ue_object_deliverer_bridge_node-1] [INFO] [1785978929.382020480] [ue_object_deliverer_bridge_node]: kinematic setpoint received stamp=146908466 valid=1
[ue_object_deliverer_bridge_node-1] [INFO] [1785978929.690398912] [ue_object_deliverer_bridge_node]: kinematic setpoint received stamp=147212217 valid=1
[ue_object_deliverer_bridge_node-1] [INFO] [1785978929.690777696] [ue_object_deliverer_bridge_node]: Sent kinematic setpoint to UE5: bytes=426, payload={"Command_Type":"Kinematic_Setpoint","Delta_X_Cm":24.643659591674805,"Delta_Y_Cm":-3.7371795624494553,"Frame_ID":"ue_actor_local","Hold_Position":false,"Reason":"DECISION_VALID","Run_ID":"125A0E8D4D3C6BA46F4283AFCAC25321","Scene_Seed":230908,"Sequence":574,"Source_Frame_Index":1471,"Source_Model_Version":"safety_gate_v1","Source_Stamp_Us":147212217,"Stamp_Us":147212217,"Step_Dt":0.20000000298023224,"Valid":true}__OD_END__
[ue_object_deliverer_bridge_node-1] [INFO] [1785978929.990585920] [ue_object_deliverer_bridge_node]: kinematic setpoint received stamp=147513269 valid=1
[ue_object_deliverer_bridge_node-1] [INFO] [1785978930.276290560] [ue_object_deliverer_bridge_node]: kinematic setpoint received stamp=147812382 valid=1
[ue_object_deliverer_bridge_node-1] [INFO] [1785978930.565467904] [ue_object_deliverer_bridge_node]: kinematic setpoint received stamp=148100930 valid=1
[ue_object_deliverer_bridge_node-1] [INFO] [1785978930.771227424] [ue_object_deliverer_bridge_node]: kinematic setpoint received stamp=148311916 valid=1
[ue_object_deliverer_bridge_node-1] [INFO] [1785978930.771613152] [ue_object_deliverer_bridge_node]: Sent kinematic setpoint to UE5: bytes=424, payload={"Command_Type":"Kinematic_Setpoint","Delta_X_Cm":29.39731776714325,"Delta_Y_Cm":-4.288242012262344,"Frame_ID":"ue_actor_local","Hold_Position":false,"Reason":"DECISION_VALID","Run_ID":"125A0E8D4D3C6BA46F4283AFCAC25321","Scene_Seed":230908,"Sequence":578,"Source_Frame_Index":1482,"Source_Model_Version":"safety_gate_v1","Source_Stamp_Us":148311916,"Stamp_Us":148311916,"Step_Dt":0.20000000298023224,"Valid":true}__OD_END__
[ue_object_deliverer_bridge_node-1] [INFO] [1785978931.083445280] [ue_object_deliverer_bridge_node]: kinematic setpoint received stamp=148612463 valid=1
[ue_object_deliverer_bridge_node-1] [INFO] [1785978931.373486400] [ue_object_deliverer_bridge_node]: kinematic setpoint received stamp=148902129 valid=1
[ue_object_deliverer_bridge_node-1] [INFO] [1785978931.581520768] [ue_object_deliverer_bridge_node]: kinematic setpoint received stamp=149110383 valid=1
[ue_object_deliverer_bridge_node-1] [INFO] [1785978931.885505056] [ue_object_deliverer_bridge_node]: kinematic setpoint received stamp=149412741 valid=1
[ue_object_deliverer_bridge_node-1] [INFO] [1785978931.885882592] [ue_object_deliverer_bridge_node]: Sent kinematic setpoint to UE5: bytes=425, payload={"Command_Type":"Kinematic_Setpoint","Delta_X_Cm":27.416133880615234,"Delta_Y_Cm":-4.231807962059975,"Frame_ID":"ue_actor_local","Hold_Position":false,"Reason":"DECISION_VALID","Run_ID":"125A0E8D4D3C6BA46F4283AFCAC25321","Scene_Seed":230908,"Sequence":582,"Source_Frame_Index":1493,"Source_Model_Version":"safety_gate_v1","Source_Stamp_Us":149412741,"Stamp_Us":149412741,"Step_Dt":0.20000000298023224,"Valid":true}__OD_END__
[ue_object_deliverer_bridge_node-1] [INFO] [1785978932.186340800] [ue_object_deliverer_bridge_node]: kinematic setpoint received stamp=149713077 valid=1
[ue_object_deliverer_bridge_node-1] [INFO] [1785978932.425113792] [ue_object_deliverer_bridge_node]: kinematic setpoint received stamp=149713078 valid=1
[ue_object_deliverer_bridge_node-1] [INFO] [1785978932.679818816] [ue_object_deliverer_bridge_node]: kinematic setpoint received stamp=150204910 valid=1
[ue_object_deliverer_bridge_node-1] [INFO] [1785978932.889653440] [ue_object_deliverer_bridge_node]: kinematic setpoint received stamp=150411034 valid=1
[ue_object_deliverer_bridge_node-1] [INFO] [1785978933.182397888] [ue_object_deliverer_bridge_node]: kinematic setpoint received stamp=150713268 valid=1
[ue_object_deliverer_bridge_node-1] [INFO] [1785978933.182793600] [ue_object_deliverer_bridge_node]: Sent kinematic setpoint to UE5: bytes=426, payload={"Command_Type":"Kinematic_Setpoint","Delta_X_Cm":-1.4566000550985336,"Delta_Y_Cm":-5.592673271894455,"Frame_ID":"ue_actor_local","Hold_Position":false,"Reason":"DECISION_VALID","Run_ID":"125A0E8D4D3C6BA46F4283AFCAC25321","Scene_Seed":230908,"Sequence":587,"Source_Frame_Index":1506,"Source_Model_Version":"safety_gate_v1","Source_Stamp_Us":150713268,"Stamp_Us":150713268,"Step_Dt":0.20000000298023224,"Valid":true}__OD_END__
[ue_object_deliverer_bridge_node-1] [INFO] [1785978933.382863968] [ue_object_deliverer_bridge_node]: kinematic setpoint received stamp=150906958 valid=1
[image_entity_perception-9] [INFO] [1785978933.464947168] [image_entity_perception]: PERCEPTION_PERF_TRACE frame_index=1509 count=1500 predict_ms=44.5 entities=4 valid=True
[temporal_entity_tracker-2] [INFO] [1785978933.465670048] [temporal_entity_tracker]: TRACK_TRACE frame_index=1509 count=1500 source_valid=True source_entities=4 visible_source=1
[vla_policy-10] [INFO] [1785978933.470555840] [vla_policy]: ENT_IN_TRACE count=1500 frame_index=1509 valid=True detail=OK:selected=1;targets=1;risks=0;dropped=0
[ue_object_deliverer_bridge_node-1] [INFO] [1785978933.691423168] [ue_object_deliverer_bridge_node]: kinematic setpoint received stamp=151212172 valid=1
[ue_object_deliverer_bridge_node-1] [INFO] [1785978933.973595200] [ue_object_deliverer_bridge_node]: kinematic setpoint received stamp=151511504 valid=1
[ue_object_deliverer_bridge_node-1] [INFO] [1785978934.276470048] [ue_object_deliverer_bridge_node]: kinematic setpoint received stamp=151812174 valid=1
[ue_object_deliverer_bridge_node-1] [INFO] [1785978934.276874336] [ue_object_deliverer_bridge_node]: Sent kinematic setpoint to UE5: bytes=425, payload={"Command_Type":"Kinematic_Setpoint","Delta_X_Cm":18.290753662586212,"Delta_Y_Cm":-5.449818447232246,"Frame_ID":"ue_actor_local","Hold_Position":false,"Reason":"DECISION_VALID","Run_ID":"125A0E8D4D3C6BA46F4283AFCAC25321","Scene_Seed":230908,"Sequence":591,"Source_Frame_Index":1517,"Source_Model_Version":"safety_gate_v1","Source_Stamp_Us":151812174,"Stamp_Us":151812174,"Step_Dt":0.20000000298023224,"Valid":true}__OD_END__
[ue_object_deliverer_bridge_node-1] [INFO] [1785978934.575355488] [ue_object_deliverer_bridge_node]: kinematic setpoint received stamp=152112050 valid=1
[ue_object_deliverer_bridge_node-1] [INFO] [1785978934.885938400] [ue_object_deliverer_bridge_node]: kinematic setpoint received stamp=152413091 valid=1
[ue_object_deliverer_bridge_node-1] [INFO] [1785978935.175064864] [ue_object_deliverer_bridge_node]: kinematic setpoint received stamp=152703781 valid=1
[ue_object_deliverer_bridge_node-1] [INFO] [1785978935.375191328] [ue_object_deliverer_bridge_node]: kinematic setpoint received stamp=152911626 valid=1
[ue_object_deliverer_bridge_node-1] [INFO] [1785978935.375579488] [ue_object_deliverer_bridge_node]: Sent kinematic setpoint to UE5: bytes=426, payload={"Command_Type":"Kinematic_Setpoint","Delta_X_Cm":29.929780960083008,"Delta_Y_Cm":-1.8206138163805008,"Frame_ID":"ue_actor_local","Hold_Position":false,"Reason":"DECISION_VALID","Run_ID":"125A0E8D4D3C6BA46F4283AFCAC25321","Scene_Seed":230908,"Sequence":595,"Source_Frame_Index":1528,"Source_Model_Version":"safety_gate_v1","Source_Stamp_Us":152911626,"Stamp_Us":152911626,"Step_Dt":0.20000000298023224,"Valid":true}__OD_END__
[ue_object_deliverer_bridge_node-1] [INFO] [1785978935.681657440] [ue_object_deliverer_bridge_node]: kinematic setpoint received stamp=153213004 valid=1
[ue_object_deliverer_bridge_node-1] [INFO] [1785978935.975971008] [ue_object_deliverer_bridge_node]: kinematic setpoint received stamp=153500587 valid=1
[ue_object_deliverer_bridge_node-1] [INFO] [1785978936.271376480] [ue_object_deliverer_bridge_node]: kinematic setpoint received stamp=153802636 valid=1
[vla_policy-10] [INFO] [1785978936.473336928] [vla_policy]: POLICY_AUDIT trigger=periodic events=600 policy_driven=598 backstop=1 hold=1 fail_closed=0 policy_stop=0 guard_reason=policy_driven raw_dx=0.297372 raw_dy=0.019874 guarded_dx=0.297372 guarded_dy=0.019874 final_dx=0.297372 final_dy=0.019874
[ue_object_deliverer_bridge_node-1] [INFO] [1785978936.477125344] [ue_object_deliverer_bridge_node]: kinematic setpoint received stamp=154007841 valid=1
[ue_object_deliverer_bridge_node-1] [INFO] [1785978936.477452256] [ue_object_deliverer_bridge_node]: Sent kinematic setpoint to UE5: bytes=426, payload={"Command_Type":"Kinematic_Setpoint","Delta_X_Cm":29.737195372581482,"Delta_Y_Cm":-1.9874125719070435,"Frame_ID":"ue_actor_local","Hold_Position":false,"Reason":"DECISION_VALID","Run_ID":"125A0E8D4D3C6BA46F4283AFCAC25321","Scene_Seed":230908,"Sequence":599,"Source_Frame_Index":1539,"Source_Model_Version":"safety_gate_v1","Source_Stamp_Us":154007841,"Stamp_Us":154007841,"Step_Dt":0.20000000298023224,"Valid":true}__OD_END__
[ue_object_deliverer_bridge_node-1] [INFO] [1785978936.788932800] [ue_object_deliverer_bridge_node]: kinematic setpoint received stamp=154310418 valid=1
[ue_object_deliverer_bridge_node-1] [INFO] [1785978937.078737856] [ue_object_deliverer_bridge_node]: kinematic setpoint received stamp=154612401 valid=1
[ue_object_deliverer_bridge_node-1] [INFO] [1785978937.279457120] [ue_object_deliverer_bridge_node]: kinematic setpoint received stamp=154806757 valid=1
[ue_object_deliverer_bridge_node-1] [INFO] [1785978937.589041440] [ue_object_deliverer_bridge_node]: kinematic setpoint received stamp=155112468 valid=1
[ue_object_deliverer_bridge_node-1] [INFO] [1785978937.589428032] [ue_object_deliverer_bridge_node]: Sent kinematic setpoint to UE5: bytes=426, payload={"Command_Type":"Kinematic_Setpoint","Delta_X_Cm":21.400590240955353,"Delta_Y_Cm":-1.6754025593400002,"Frame_ID":"ue_actor_local","Hold_Position":false,"Reason":"DECISION_VALID","Run_ID":"125A0E8D4D3C6BA46F4283AFCAC25321","Scene_Seed":230908,"Sequence":603,"Source_Frame_Index":1550,"Source_Model_Version":"safety_gate_v1","Source_Stamp_Us":155112468,"Stamp_Us":155112468,"Step_Dt":0.20000000298023224,"Valid":true}__OD_END__
[ue_object_deliverer_bridge_node-1] [INFO] [1785978937.889392000] [ue_object_deliverer_bridge_node]: kinematic setpoint received stamp=155411189 valid=1
[ue_object_deliverer_bridge_node-1] [INFO] [1785978938.174249088] [ue_object_deliverer_bridge_node]: kinematic setpoint received stamp=155701678 valid=1
[ue_object_deliverer_bridge_node-1] [INFO] [1785978938.385431360] [ue_object_deliverer_bridge_node]: kinematic setpoint received stamp=155908403 valid=1
[image_entity_perception-9] [INFO] [1785978938.468290880] [image_entity_perception]: PERCEPTION_PERF_TRACE frame_index=1559 count=1550 predict_ms=44.8 entities=4 valid=True
[temporal_entity_tracker-2] [INFO] [1785978938.469343712] [temporal_entity_tracker]: TRACK_TRACE frame_index=1559 count=1550 source_valid=True source_entities=4 visible_source=1
[ue_object_deliverer_bridge_node-1] [INFO] [1785978938.674909088] [ue_object_deliverer_bridge_node]: kinematic setpoint received stamp=156200921 valid=1
[ue_object_deliverer_bridge_node-1] [INFO] [1785978938.675308608] [ue_object_deliverer_bridge_node]: Sent kinematic setpoint to UE5: bytes=426, payload={"Command_Type":"Kinematic_Setpoint","Delta_X_Cm":10.145045071840286,"Delta_Y_Cm":-0.8801811374723911,"Frame_ID":"ue_actor_local","Hold_Position":false,"Reason":"DECISION_VALID","Run_ID":"125A0E8D4D3C6BA46F4283AFCAC25321","Scene_Seed":230908,"Sequence":607,"Source_Frame_Index":1561,"Source_Model_Version":"safety_gate_v1","Source_Stamp_Us":156200921,"Stamp_Us":156200921,"Step_Dt":0.20000000298023224,"Valid":true}__OD_END__
[ue_object_deliverer_bridge_node-1] [INFO] [1785978938.881869664] [ue_object_deliverer_bridge_node]: kinematic setpoint received stamp=156406068 valid=1
[ue_object_deliverer_bridge_node-1] [INFO] [1785978939.094866176] [ue_object_deliverer_bridge_node]: kinematic setpoint received stamp=156612278 valid=1
[ue_object_deliverer_bridge_node-1] [INFO] [1785978939.370486720] [ue_object_deliverer_bridge_node]: kinematic setpoint received stamp=156901346 valid=1
[ue_object_deliverer_bridge_node-1] [INFO] [1785978939.584008192] [ue_object_deliverer_bridge_node]: kinematic setpoint received stamp=157108795 valid=1
[ue_object_deliverer_bridge_node-1] [INFO] [1785978939.880650016] [ue_object_deliverer_bridge_node]: kinematic setpoint received stamp=157411498 valid=1
[ue_object_deliverer_bridge_node-1] [INFO] [1785978939.881040800] [ue_object_deliverer_bridge_node]: Sent kinematic setpoint to UE5: bytes=425, payload={"Command_Type":"Kinematic_Setpoint","Delta_X_Cm":7.328768819570541,"Delta_Y_Cm":-0.6158203352242708,"Frame_ID":"ue_actor_local","Hold_Position":false,"Reason":"DECISION_VALID","Run_ID":"125A0E8D4D3C6BA46F4283AFCAC25321","Scene_Seed":230908,"Sequence":612,"Source_Frame_Index":1573,"Source_Model_Version":"safety_gate_v1","Source_Stamp_Us":157411498,"Stamp_Us":157411498,"Step_Dt":0.20000000298023224,"Valid":true}__OD_END__
[ue_object_deliverer_bridge_node-1] [INFO] [1785978940.180509952] [ue_object_deliverer_bridge_node]: kinematic setpoint received stamp=157704417 valid=1
[ue_object_deliverer_bridge_node-1] [INFO] [1785978940.382881216] [ue_object_deliverer_bridge_node]: kinematic setpoint received stamp=157910554 valid=1
[ue_object_deliverer_bridge_node-1] [INFO] [1785978940.678857536] [ue_object_deliverer_bridge_node]: kinematic setpoint received stamp=158209335 valid=1
[ue_object_deliverer_bridge_node-1] [INFO] [1785978940.959840160] [ue_object_deliverer_bridge_node]: kinematic setpoint received stamp=158501171 valid=1
[ue_object_deliverer_bridge_node-1] [INFO] [1785978940.960207264] [ue_object_deliverer_bridge_node]: Sent kinematic setpoint to UE5: bytes=426, payload={"Command_Type":"Kinematic_Setpoint","Delta_X_Cm":20.739401876926422,"Delta_Y_Cm":-0.4501618444919586,"Frame_ID":"ue_actor_local","Hold_Position":false,"Reason":"DECISION_VALID","Run_ID":"125A0E8D4D3C6BA46F4283AFCAC25321","Scene_Seed":230908,"Sequence":616,"Source_Frame_Index":1584,"Source_Model_Version":"safety_gate_v1","Source_Stamp_Us":158501171,"Stamp_Us":158501171,"Step_Dt":0.20000000298023224,"Valid":true}__OD_END__
[ue_object_deliverer_bridge_node-1] [INFO] [1785978941.171418592] [ue_object_deliverer_bridge_node]: kinematic setpoint received stamp=158704898 valid=1
[ue_object_deliverer_bridge_node-1] [INFO] [1785978941.371762304] [ue_object_deliverer_bridge_node]: kinematic setpoint received stamp=158910474 valid=1
[ue_object_deliverer_bridge_node-1] [INFO] [1785978941.579007648] [ue_object_deliverer_bridge_node]: kinematic setpoint received stamp=159104855 valid=1
[ue_object_deliverer_bridge_node-1] [INFO] [1785978941.789910880] [ue_object_deliverer_bridge_node]: kinematic setpoint received stamp=159312243 valid=1
[ue_object_deliverer_bridge_node-1] [INFO] [1785978942.077049088] [ue_object_deliverer_bridge_node]: kinematic setpoint received stamp=159602304 valid=1
[ue_object_deliverer_bridge_node-1] [INFO] [1785978942.077456512] [ue_object_deliverer_bridge_node]: Sent kinematic setpoint to UE5: bytes=426, payload={"Command_Type":"Kinematic_Setpoint","Delta_X_Cm":20.838582515716553,"Delta_Y_Cm":-0.9599531069397926,"Frame_ID":"ue_actor_local","Hold_Position":false,"Reason":"DECISION_VALID","Run_ID":"125A0E8D4D3C6BA46F4283AFCAC25321","Scene_Seed":230908,"Sequence":621,"Source_Frame_Index":1595,"Source_Model_Version":"safety_gate_v1","Source_Stamp_Us":159602304,"Stamp_Us":159602304,"Step_Dt":0.20000000298023224,"Valid":true}__OD_END__
[ue_object_deliverer_bridge_node-1] [INFO] [1785978942.287037408] [ue_object_deliverer_bridge_node]: kinematic setpoint received stamp=159807624 valid=1
[ue_object_deliverer_bridge_node-1] [INFO] [1785978942.595768928] [ue_object_deliverer_bridge_node]: kinematic setpoint received stamp=160111388 valid=1
[ue_object_deliverer_bridge_node-1] [INFO] [1785978942.895486080] [ue_object_deliverer_bridge_node]: kinematic setpoint received stamp=160412277 valid=1
[ue_object_deliverer_bridge_node-1] [INFO] [1785978943.172389728] [ue_object_deliverer_bridge_node]: kinematic setpoint received stamp=160700519 valid=1
[ue_object_deliverer_bridge_node-1] [INFO] [1785978943.172802304] [ue_object_deliverer_bridge_node]: Sent kinematic setpoint to UE5: bytes=425, payload={"Command_Type":"Kinematic_Setpoint","Delta_X_Cm":6.204158440232277,"Delta_Y_Cm":-0.6164685357362032,"Frame_ID":"ue_actor_local","Hold_Position":false,"Reason":"DECISION_VALID","Run_ID":"125A0E8D4D3C6BA46F4283AFCAC25321","Scene_Seed":230908,"Sequence":625,"Source_Frame_Index":1606,"Source_Model_Version":"safety_gate_v1","Source_Stamp_Us":160700519,"Stamp_Us":160700519,"Step_Dt":0.20000000298023224,"Valid":true}__OD_END__
[ue_object_deliverer_bridge_node-1] [INFO] [1785978943.387543040] [ue_object_deliverer_bridge_node]: kinematic setpoint received stamp=160907337 valid=1
[image_entity_perception-9] [INFO] [1785978943.450576160] [image_entity_perception]: PERCEPTION_PERF_TRACE frame_index=1609 count=1600 predict_ms=35.6 entities=4 valid=True
[temporal_entity_tracker-2] [INFO] [1785978943.451297984] [temporal_entity_tracker]: TRACK_TRACE frame_index=1609 count=1600 source_valid=True source_entities=4 visible_source=1
[vla_policy-10] [INFO] [1785978943.456349056] [vla_policy]: ENT_IN_TRACE count=1600 frame_index=1609 valid=True detail=OK:selected=1;targets=1;risks=0;dropped=0
[ue_object_deliverer_bridge_node-1] [INFO] [1785978943.671720640] [ue_object_deliverer_bridge_node]: kinematic setpoint received stamp=161210278 valid=1
[ue_object_deliverer_bridge_node-1] [INFO] [1785978943.980441984] [ue_object_deliverer_bridge_node]: kinematic setpoint received stamp=161512347 valid=1
[ue_object_deliverer_bridge_node-1] [INFO] [1785978944.274711776] [ue_object_deliverer_bridge_node]: kinematic setpoint received stamp=161801120 valid=1
[ue_object_deliverer_bridge_node-1] [INFO] [1785978944.275122656] [ue_object_deliverer_bridge_node]: Sent kinematic setpoint to UE5: bytes=426, payload={"Command_Type":"Kinematic_Setpoint","Delta_X_Cm":-0.5697318818420172,"Delta_Y_Cm":-2.436506003141403,"Frame_ID":"ue_actor_local","Hold_Position":false,"Reason":"DECISION_VALID","Run_ID":"125A0E8D4D3C6BA46F4283AFCAC25321","Scene_Seed":230908,"Sequence":629,"Source_Frame_Index":1617,"Source_Model_Version":"safety_gate_v1","Source_Stamp_Us":161801120,"Stamp_Us":161801120,"Step_Dt":0.20000000298023224,"Valid":true}__OD_END__
[ue_object_deliverer_bridge_node-1] [INFO] [1785978944.481811904] [ue_object_deliverer_bridge_node]: kinematic setpoint received stamp=162006748 valid=1
[ue_object_deliverer_bridge_node-1] [INFO] [1785978944.787444416] [ue_object_deliverer_bridge_node]: kinematic setpoint received stamp=162311407 valid=1
[ue_object_deliverer_bridge_node-1] [INFO] [1785978945.087916832] [ue_object_deliverer_bridge_node]: kinematic setpoint received stamp=162612193 valid=1
[ue_object_deliverer_bridge_node-1] [INFO] [1785978945.383037152] [ue_object_deliverer_bridge_node]: kinematic setpoint received stamp=162906286 valid=1
[ue_object_deliverer_bridge_node-1] [INFO] [1785978945.383411136] [ue_object_deliverer_bridge_node]: Sent kinematic setpoint to UE5: bytes=424, payload={"Command_Type":"Kinematic_Setpoint","Delta_X_Cm":19.3194717168808,"Delta_Y_Cm":-0.6835314445197582,"Frame_ID":"ue_actor_local","Hold_Position":false,"Reason":"DECISION_VALID","Run_ID":"125A0E8D4D3C6BA46F4283AFCAC25321","Scene_Seed":230908,"Sequence":633,"Source_Frame_Index":1628,"Source_Model_Version":"safety_gate_v1","Source_Stamp_Us":162906286,"Stamp_Us":162906286,"Step_Dt":0.20000000298023224,"Valid":true}__OD_END__
[ue_object_deliverer_bridge_node-1] [INFO] [1785978945.594809664] [ue_object_deliverer_bridge_node]: kinematic setpoint received stamp=163113108 valid=1
[ue_object_deliverer_bridge_node-1] [INFO] [1785978945.876208096] [ue_object_deliverer_bridge_node]: kinematic setpoint received stamp=163403531 valid=1
[ue_object_deliverer_bridge_node-1] [INFO] [1785978946.176148480] [ue_object_deliverer_bridge_node]: kinematic setpoint received stamp=163702492 valid=1
[ue_object_deliverer_bridge_node-1] [INFO] [1785978946.376845888] [ue_object_deliverer_bridge_node]: kinematic setpoint received stamp=163909061 valid=1
[ue_object_deliverer_bridge_node-1] [INFO] [1785978946.377233120] [ue_object_deliverer_bridge_node]: Sent kinematic setpoint to UE5: bytes=425, payload={"Command_Type":"Kinematic_Setpoint","Delta_X_Cm":29.694637656211853,"Delta_Y_Cm":1.6214912757277489,"Frame_ID":"ue_actor_local","Hold_Position":false,"Reason":"DECISION_VALID","Run_ID":"125A0E8D4D3C6BA46F4283AFCAC25321","Scene_Seed":230908,"Sequence":637,"Source_Frame_Index":1638,"Source_Model_Version":"safety_gate_v1","Source_Stamp_Us":163909061,"Stamp_Us":163909061,"Step_Dt":0.20000000298023224,"Valid":true}__OD_END__
[ue_object_deliverer_bridge_node-1] [INFO] [1785978946.579690464] [ue_object_deliverer_bridge_node]: kinematic setpoint received stamp=164112997 valid=1
[ue_object_deliverer_bridge_node-1] [INFO] [1785978946.870493824] [ue_object_deliverer_bridge_node]: kinematic setpoint received stamp=164413151 valid=1
[ue_object_deliverer_bridge_node-1] [INFO] [1785978947.177466016] [ue_object_deliverer_bridge_node]: kinematic setpoint received stamp=164712721 valid=1
[ue_object_deliverer_bridge_node-1] [INFO] [1785978947.380173792] [ue_object_deliverer_bridge_node]: kinematic setpoint received stamp=164903461 valid=1
[ue_object_deliverer_bridge_node-1] [INFO] [1785978947.663414560] [ue_object_deliverer_bridge_node]: kinematic setpoint received stamp=165206364 valid=1
[ue_object_deliverer_bridge_node-1] [INFO] [1785978947.663803776] [ue_object_deliverer_bridge_node]: Sent kinematic setpoint to UE5: bytes=424, payload={"Command_Type":"Kinematic_Setpoint","Delta_X_Cm":18.963783979415894,"Delta_Y_Cm":1.812884397804737,"Frame_ID":"ue_actor_local","Hold_Position":false,"Reason":"DECISION_VALID","Run_ID":"125A0E8D4D3C6BA46F4283AFCAC25321","Scene_Seed":230908,"Sequence":642,"Source_Frame_Index":1651,"Source_Model_Version":"safety_gate_v1","Source_Stamp_Us":165206364,"Stamp_Us":165206364,"Step_Dt":0.20000000298023224,"Valid":true}__OD_END__
[ue_object_deliverer_bridge_node-1] [INFO] [1785978947.874332896] [ue_object_deliverer_bridge_node]: kinematic setpoint received stamp=165410598 valid=1
[ue_object_deliverer_bridge_node-1] [INFO] [1785978948.078141344] [ue_object_deliverer_bridge_node]: kinematic setpoint received stamp=165600585 valid=1
[ue_object_deliverer_bridge_node-1] [INFO] [1785978948.280104224] [ue_object_deliverer_bridge_node]: kinematic setpoint received stamp=165807744 valid=1
[image_entity_perception-9] [INFO] [1785978948.464175200] [image_entity_perception]: PERCEPTION_PERF_TRACE frame_index=1659 count=1650 predict_ms=35.5 entities=4 valid=True
[temporal_entity_tracker-2] [INFO] [1785978948.465904064] [temporal_entity_tracker]: TRACK_TRACE frame_index=1659 count=1650 source_valid=True source_entities=4 visible_source=1
[ue_object_deliverer_bridge_node-1] [INFO] [1785978948.487222240] [ue_object_deliverer_bridge_node]: kinematic setpoint received stamp=166013439 valid=1
[ue_object_deliverer_bridge_node-1] [INFO] [1785978948.789175200] [ue_object_deliverer_bridge_node]: kinematic setpoint received stamp=166311926 valid=1
[ue_object_deliverer_bridge_node-1] [INFO] [1785978948.789541024] [ue_object_deliverer_bridge_node]: Sent kinematic setpoint to UE5: bytes=425, payload={"Command_Type":"Kinematic_Setpoint","Delta_X_Cm":-2.466653101146221,"Delta_Y_Cm":0.7024204824119806,"Frame_ID":"ue_actor_local","Hold_Position":false,"Reason":"DECISION_VALID","Run_ID":"125A0E8D4D3C6BA46F4283AFCAC25321","Scene_Seed":230908,"Sequence":647,"Source_Frame_Index":1662,"Source_Model_Version":"safety_gate_v1","Source_Stamp_Us":166311926,"Stamp_Us":166311926,"Step_Dt":0.20000000298023224,"Valid":true}__OD_END__
[ue_object_deliverer_bridge_node-1] [INFO] [1785978949.091523712] [ue_object_deliverer_bridge_node]: kinematic setpoint received stamp=166612408 valid=1
[ue_object_deliverer_bridge_node-1] [INFO] [1785978949.296465696] [ue_object_deliverer_bridge_node]: kinematic setpoint received stamp=166813044 valid=1
[ue_object_deliverer_bridge_node-1] [INFO] [1785978949.581119168] [ue_object_deliverer_bridge_node]: kinematic setpoint received stamp=167105120 valid=1
[ue_object_deliverer_bridge_node-1] [INFO] [1785978949.877498496] [ue_object_deliverer_bridge_node]: kinematic setpoint received stamp=167404062 valid=1
[ue_object_deliverer_bridge_node-1] [INFO] [1785978949.877919168] [ue_object_deliverer_bridge_node]: Sent kinematic setpoint to UE5: bytes=425, payload={"Command_Type":"Kinematic_Setpoint","Delta_X_Cm":5.565305054187775,"Delta_Y_Cm":-0.6056721787899733,"Frame_ID":"ue_actor_local","Hold_Position":false,"Reason":"DECISION_VALID","Run_ID":"125A0E8D4D3C6BA46F4283AFCAC25321","Scene_Seed":230908,"Sequence":651,"Source_Frame_Index":1673,"Source_Model_Version":"safety_gate_v1","Source_Stamp_Us":167404062,"Stamp_Us":167404062,"Step_Dt":0.20000000298023224,"Valid":true}__OD_END__
[ue_object_deliverer_bridge_node-1] [INFO] [1785978950.082516448] [ue_object_deliverer_bridge_node]: kinematic setpoint received stamp=167609589 valid=1
[ue_object_deliverer_bridge_node-1] [INFO] [1785978950.380302784] [ue_object_deliverer_bridge_node]: kinematic setpoint received stamp=167911314 valid=1
[ue_object_deliverer_bridge_node-1] [INFO] [1785978950.582310176] [ue_object_deliverer_bridge_node]: kinematic setpoint received stamp=168104510 valid=1
[ue_object_deliverer_bridge_node-1] [INFO] [1785978950.874435456] [ue_object_deliverer_bridge_node]: kinematic setpoint received stamp=168406156 valid=1
[ue_object_deliverer_bridge_node-1] [INFO] [1785978950.874826144] [ue_object_deliverer_bridge_node]: Sent kinematic setpoint to UE5: bytes=423, payload={"Command_Type":"Kinematic_Setpoint","Delta_X_Cm":25.33363103866577,"Delta_Y_Cm":2.224503830075264,"Frame_ID":"ue_actor_local","Hold_Position":false,"Reason":"DECISION_VALID","Run_ID":"125A0E8D4D3C6BA46F4283AFCAC25321","Scene_Seed":230908,"Sequence":655,"Source_Frame_Index":1683,"Source_Model_Version":"safety_gate_v1","Source_Stamp_Us":168406156,"Stamp_Us":168406156,"Step_Dt":0.20000000298023224,"Valid":true}__OD_END__
[ue_object_deliverer_bridge_node-1] [INFO] [1785978951.080451904] [ue_object_deliverer_bridge_node]: kinematic setpoint received stamp=168611847 valid=1
[ue_object_deliverer_bridge_node-1] [INFO] [1785978951.373418272] [ue_object_deliverer_bridge_node]: kinematic setpoint received stamp=168910141 valid=1
[ue_object_deliverer_bridge_node-1] [INFO] [1785978951.675918720] [ue_object_deliverer_bridge_node]: kinematic setpoint received stamp=169210515 valid=1
[ue_object_deliverer_bridge_node-1] [INFO] [1785978951.980251648] [ue_object_deliverer_bridge_node]: kinematic setpoint received stamp=169512534 valid=1
[ue_object_deliverer_bridge_node-1] [INFO] [1785978951.980671776] [ue_object_deliverer_bridge_node]: Sent kinematic setpoint to UE5: bytes=425, payload={"Command_Type":"Kinematic_Setpoint","Delta_X_Cm":27.016252279281616,"Delta_Y_Cm":3.4242693334817886,"Frame_ID":"ue_actor_local","Hold_Position":false,"Reason":"DECISION_VALID","Run_ID":"125A0E8D4D3C6BA46F4283AFCAC25321","Scene_Seed":230908,"Sequence":659,"Source_Frame_Index":1694,"Source_Model_Version":"safety_gate_v1","Source_Stamp_Us":169512534,"Stamp_Us":169512534,"Step_Dt":0.20000000298023224,"Valid":true}__OD_END__
[ue_object_deliverer_bridge_node-1] [INFO] [1785978952.269316032] [ue_object_deliverer_bridge_node]: kinematic setpoint received stamp=169813256 valid=1
[ue_object_deliverer_bridge_node-1] [INFO] [1785978952.563428640] [ue_object_deliverer_bridge_node]: kinematic setpoint received stamp=170101455 valid=1
[ue_object_deliverer_bridge_node-1] [INFO] [1785978952.772004416] [ue_object_deliverer_bridge_node]: kinematic setpoint received stamp=170306675 valid=1
[ue_object_deliverer_bridge_node-1] [INFO] [1785978952.989911008] [ue_object_deliverer_bridge_node]: kinematic setpoint received stamp=170511173 valid=1
[ue_object_deliverer_bridge_node-1] [INFO] [1785978953.273443552] [ue_object_deliverer_bridge_node]: kinematic setpoint received stamp=170800570 valid=1
[ue_object_deliverer_bridge_node-1] [INFO] [1785978953.273904544] [ue_object_deliverer_bridge_node]: Sent kinematic setpoint to UE5: bytes=425, payload={"Command_Type":"Kinematic_Setpoint","Delta_X_Cm":22.091321647167206,"Delta_Y_Cm":3.3234968781471252,"Frame_ID":"ue_actor_local","Hold_Position":false,"Reason":"DECISION_VALID","Run_ID":"125A0E8D4D3C6BA46F4283AFCAC25321","Scene_Seed":230908,"Sequence":664,"Source_Frame_Index":1707,"Source_Model_Version":"safety_gate_v1","Source_Stamp_Us":170800570,"Stamp_Us":170800570,"Step_Dt":0.20000000298023224,"Valid":true}__OD_END__
[temporal_entity_tracker-2] [INFO] [1785978953.467422080] [temporal_entity_tracker]: TRACK_TRACE frame_index=1709 count=1700 source_valid=True source_entities=4 visible_source=1
[image_entity_perception-9] [INFO] [1785978953.469489248] [image_entity_perception]: PERCEPTION_PERF_TRACE frame_index=1709 count=1700 predict_ms=43.2 entities=4 valid=True
[vla_policy-10] [INFO] [1785978953.472041568] [vla_policy]: ENT_IN_TRACE count=1700 frame_index=1709 valid=True detail=OK:selected=1;targets=1;risks=0;dropped=0
[ue_object_deliverer_bridge_node-1] [INFO] [1785978953.485490784] [ue_object_deliverer_bridge_node]: kinematic setpoint received stamp=171008900 valid=1
[ue_object_deliverer_bridge_node-1] [INFO] [1785978953.789270976] [ue_object_deliverer_bridge_node]: kinematic setpoint received stamp=171308398 valid=1
[ue_object_deliverer_bridge_node-1] [INFO] [1785978954.088913408] [ue_object_deliverer_bridge_node]: kinematic setpoint received stamp=171609623 valid=1
[ue_object_deliverer_bridge_node-1] [INFO] [1785978954.372677984] [ue_object_deliverer_bridge_node]: kinematic setpoint received stamp=171910625 valid=1
[ue_object_deliverer_bridge_node-1] [INFO] [1785978954.373104032] [ue_object_deliverer_bridge_node]: Sent kinematic setpoint to UE5: bytes=424, payload={"Command_Type":"Kinematic_Setpoint","Delta_X_Cm":7.376930117607117,"Delta_Y_Cm":2.1302778273820877,"Frame_ID":"ue_actor_local","Hold_Position":false,"Reason":"DECISION_VALID","Run_ID":"125A0E8D4D3C6BA46F4283AFCAC25321","Scene_Seed":230908,"Sequence":668,"Source_Frame_Index":1718,"Source_Model_Version":"safety_gate_v1","Source_Stamp_Us":171910625,"Stamp_Us":171910625,"Step_Dt":0.20000000298023224,"Valid":true}__OD_END__
[ue_object_deliverer_bridge_node-1] [INFO] [1785978954.574594080] [ue_object_deliverer_bridge_node]: kinematic setpoint received stamp=172101900 valid=1
[ue_object_deliverer_bridge_node-1] [INFO] [1785978954.866997088] [ue_object_deliverer_bridge_node]: kinematic setpoint received stamp=172403862 valid=1
[ue_object_deliverer_bridge_node-1] [INFO] [1785978955.075898944] [ue_object_deliverer_bridge_node]: kinematic setpoint received stamp=172608326 valid=1
[ue_object_deliverer_bridge_node-1] [INFO] [1785978955.371560512] [ue_object_deliverer_bridge_node]: kinematic setpoint received stamp=172911346 valid=1
[ue_object_deliverer_bridge_node-1] [INFO] [1785978955.371953664] [ue_object_deliverer_bridge_node]: Sent kinematic setpoint to UE5: bytes=425, payload={"Command_Type":"Kinematic_Setpoint","Delta_X_Cm":-6.243264675140381,"Delta_Y_Cm":0.6231380626559258,"Frame_ID":"ue_actor_local","Hold_Position":false,"Reason":"DECISION_VALID","Run_ID":"125A0E8D4D3C6BA46F4283AFCAC25321","Scene_Seed":230908,"Sequence":672,"Source_Frame_Index":1728,"Source_Model_Version":"safety_gate_v1","Source_Stamp_Us":172911346,"Stamp_Us":172911346,"Step_Dt":0.20000000298023224,"Valid":true}__OD_END__
[ue_object_deliverer_bridge_node-1] [INFO] [1785978955.572831808] [ue_object_deliverer_bridge_node]: kinematic setpoint received stamp=173103173 valid=1
[ue_object_deliverer_bridge_node-1] [INFO] [1785978955.785670112] [ue_object_deliverer_bridge_node]: kinematic setpoint received stamp=173309722 valid=1
[ue_object_deliverer_bridge_node-1] [INFO] [1785978956.085866400] [ue_object_deliverer_bridge_node]: kinematic setpoint received stamp=173611820 valid=1
[ue_object_deliverer_bridge_node-1] [INFO] [1785978956.387927072] [ue_object_deliverer_bridge_node]: kinematic setpoint received stamp=173909411 valid=1
[ue_object_deliverer_bridge_node-1] [INFO] [1785978956.678612384] [ue_object_deliverer_bridge_node]: kinematic setpoint received stamp=174210838 valid=1
[ue_object_deliverer_bridge_node-1] [INFO] [1785978956.679006400] [ue_object_deliverer_bridge_node]: Sent kinematic setpoint to UE5: bytes=424, payload={"Command_Type":"Kinematic_Setpoint","Delta_X_Cm":16.86324179172516,"Delta_Y_Cm":2.6864657178521156,"Frame_ID":"ue_actor_local","Hold_Position":false,"Reason":"DECISION_VALID","Run_ID":"125A0E8D4D3C6BA46F4283AFCAC25321","Scene_Seed":230908,"Sequence":677,"Source_Frame_Index":1741,"Source_Model_Version":"safety_gate_v1","Source_Stamp_Us":174210838,"Stamp_Us":174210838,"Step_Dt":0.20000000298023224,"Valid":true}__OD_END__
[ue_object_deliverer_bridge_node-1] [INFO] [1785978956.964503488] [ue_object_deliverer_bridge_node]: kinematic setpoint received stamp=174501660 valid=1
[ue_object_deliverer_bridge_node-1] [INFO] [1785978957.175512320] [ue_object_deliverer_bridge_node]: kinematic setpoint received stamp=174707561 valid=1
[ue_object_deliverer_bridge_node-1] [INFO] [1785978957.421951168] [ue_object_deliverer_bridge_node]: kinematic setpoint received stamp=174707562 valid=1
[ue_object_deliverer_bridge_node-1] [INFO] [1785978957.660381024] [ue_object_deliverer_bridge_node]: kinematic setpoint received stamp=175201511 valid=1
[ue_object_deliverer_bridge_node-1] [INFO] [1785978957.868126304] [ue_object_deliverer_bridge_node]: kinematic setpoint received stamp=175404860 valid=1
[ue_object_deliverer_bridge_node-1] [INFO] [1785978957.868525728] [ue_object_deliverer_bridge_node]: Sent kinematic setpoint to UE5: bytes=424, payload={"Command_Type":"Kinematic_Setpoint","Delta_X_Cm":9.823878854513168,"Delta_Y_Cm":1.8640033900737762,"Frame_ID":"ue_actor_local","Hold_Position":false,"Reason":"DECISION_VALID","Run_ID":"125A0E8D4D3C6BA46F4283AFCAC25321","Scene_Seed":230908,"Sequence":682,"Source_Frame_Index":1753,"Source_Model_Version":"safety_gate_v1","Source_Stamp_Us":175404860,"Stamp_Us":175404860,"Step_Dt":0.20000000298023224,"Valid":true}__OD_END__
[ue_object_deliverer_bridge_node-1] [INFO] [1785978958.072062272] [ue_object_deliverer_bridge_node]: kinematic setpoint received stamp=175610224 valid=1
[ue_object_deliverer_bridge_node-1] [INFO] [1785978958.363256320] [ue_object_deliverer_bridge_node]: kinematic setpoint received stamp=175901271 valid=1
[image_entity_perception-9] [INFO] [1785978958.447707616] [image_entity_perception]: PERCEPTION_PERF_TRACE frame_index=1759 count=1750 predict_ms=33.4 entities=4 valid=True
[temporal_entity_tracker-2] [INFO] [1785978958.449491424] [temporal_entity_tracker]: TRACK_TRACE frame_index=1759 count=1750 source_valid=True source_entities=4 visible_source=1
[ue_object_deliverer_bridge_node-1] [INFO] [1785978958.564909888] [ue_object_deliverer_bridge_node]: kinematic setpoint received stamp=176104130 valid=1
[ue_object_deliverer_bridge_node-1] [INFO] [1785978958.769404000] [ue_object_deliverer_bridge_node]: kinematic setpoint received stamp=176309073 valid=1
[ue_object_deliverer_bridge_node-1] [INFO] [1785978959.075954208] [ue_object_deliverer_bridge_node]: kinematic setpoint received stamp=176611433 valid=1
[ue_object_deliverer_bridge_node-1] [INFO] [1785978959.076391136] [ue_object_deliverer_bridge_node]: Sent kinematic setpoint to UE5: bytes=423, payload={"Command_Type":"Kinematic_Setpoint","Delta_X_Cm":28.53439450263977,"Delta_Y_Cm":4.944412037730217,"Frame_ID":"ue_actor_local","Hold_Position":false,"Reason":"DECISION_VALID","Run_ID":"125A0E8D4D3C6BA46F4283AFCAC25321","Scene_Seed":230908,"Sequence":687,"Source_Frame_Index":1765,"Source_Model_Version":"safety_gate_v1","Source_Stamp_Us":176611433,"Stamp_Us":176611433,"Step_Dt":0.20000000298023224,"Valid":true}__OD_END__
[ue_object_deliverer_bridge_node-1] [INFO] [1785978959.392371744] [ue_object_deliverer_bridge_node]: kinematic setpoint received stamp=176911595 valid=1
[ue_object_deliverer_bridge_node-1] [INFO] [1785978959.690650016] [ue_object_deliverer_bridge_node]: kinematic setpoint received stamp=177211963 valid=1
[ue_object_deliverer_bridge_node-1] [INFO] [1785978959.992502720] [ue_object_deliverer_bridge_node]: kinematic setpoint received stamp=177511702 valid=1
[ue_object_deliverer_bridge_node-1] [INFO] [1785978960.289397248] [ue_object_deliverer_bridge_node]: kinematic setpoint received stamp=177811105 valid=1
[ue_object_deliverer_bridge_node-1] [INFO] [1785978960.289780768] [ue_object_deliverer_bridge_node]: Sent kinematic setpoint to UE5: bytes=423, payload={"Command_Type":"Kinematic_Setpoint","Delta_X_Cm":23.92047345638275,"Delta_Y_Cm":5.270486697554588,"Frame_ID":"ue_actor_local","Hold_Position":false,"Reason":"DECISION_VALID","Run_ID":"125A0E8D4D3C6BA46F4283AFCAC25321","Scene_Seed":230908,"Sequence":691,"Source_Frame_Index":1777,"Source_Model_Version":"safety_gate_v1","Source_Stamp_Us":177811105,"Stamp_Us":177811105,"Step_Dt":0.20000000298023224,"Valid":true}__OD_END__
[ue_object_deliverer_bridge_node-1] [INFO] [1785978960.593576096] [ue_object_deliverer_bridge_node]: kinematic setpoint received stamp=178113253 valid=1
[ue_object_deliverer_bridge_node-1] [INFO] [1785978960.872137632] [ue_object_deliverer_bridge_node]: kinematic setpoint received stamp=178404993 valid=1
[ue_object_deliverer_bridge_node-1] [INFO] [1785978961.075170560] [ue_object_deliverer_bridge_node]: kinematic setpoint received stamp=178611951 valid=1
[ue_object_deliverer_bridge_node-1] [INFO] [1785978961.364297216] [ue_object_deliverer_bridge_node]: kinematic setpoint received stamp=178900616 valid=1
[ue_object_deliverer_bridge_node-1] [INFO] [1785978961.364697440] [ue_object_deliverer_bridge_node]: Sent kinematic setpoint to UE5: bytes=424, payload={"Command_Type":"Kinematic_Setpoint","Delta_X_Cm":19.818784296512604,"Delta_Y_Cm":5.049595609307289,"Frame_ID":"ue_actor_local","Hold_Position":false,"Reason":"DECISION_VALID","Run_ID":"125A0E8D4D3C6BA46F4283AFCAC25321","Scene_Seed":230908,"Sequence":695,"Source_Frame_Index":1788,"Source_Model_Version":"safety_gate_v1","Source_Stamp_Us":178900616,"Stamp_Us":178900616,"Step_Dt":0.20000000298023224,"Valid":true}__OD_END__
[ue_object_deliverer_bridge_node-1] [INFO] [1785978961.575137024] [ue_object_deliverer_bridge_node]: kinematic setpoint received stamp=179106570 valid=1
[ue_object_deliverer_bridge_node-1] [INFO] [1785978961.782846368] [ue_object_deliverer_bridge_node]: kinematic setpoint received stamp=179312345 valid=1
[ue_object_deliverer_bridge_node-1] [INFO] [1785978962.069413472] [ue_object_deliverer_bridge_node]: kinematic setpoint received stamp=179602327 valid=1
[vla_policy-10] [INFO] [1785978962.376592928] [vla_policy]: POLICY_AUDIT trigger=periodic events=700 policy_driven=698 backstop=1 hold=1 fail_closed=0 policy_stop=0 guard_reason=policy_driven raw_dx=0.082572 raw_dy=-0.029913 guarded_dx=0.082572 guarded_dy=-0.029913 final_dx=0.168799 final_dy=-0.043593
[ue_object_deliverer_bridge_node-1] [INFO] [1785978962.379675488] [ue_object_deliverer_bridge_node]: kinematic setpoint received stamp=179914082 valid=1
[ue_object_deliverer_bridge_node-1] [INFO] [1785978962.379992512] [ue_object_deliverer_bridge_node]: Sent kinematic setpoint to UE5: bytes=424, payload={"Command_Type":"Kinematic_Setpoint","Delta_X_Cm":16.87988042831421,"Delta_Y_Cm":4.3592799454927444,"Frame_ID":"ue_actor_local","Hold_Position":false,"Reason":"DECISION_VALID","Run_ID":"125A0E8D4D3C6BA46F4283AFCAC25321","Scene_Seed":230908,"Sequence":699,"Source_Frame_Index":1798,"Source_Model_Version":"safety_gate_v1","Source_Stamp_Us":179914082,"Stamp_Us":179914082,"Step_Dt":0.20000000298023224,"Valid":true}__OD_END__
[ue_object_deliverer_bridge_node-1] [INFO] [1785978962.574202496] [ue_object_deliverer_bridge_node]: kinematic setpoint received stamp=180107417 valid=1
[ue_object_deliverer_bridge_node-1] [INFO] [1785978962.789628384] [ue_object_deliverer_bridge_node]: kinematic setpoint received stamp=180313758 valid=1
[ue_object_deliverer_bridge_node-1] [INFO] [1785978963.093196032] [ue_object_deliverer_bridge_node]: kinematic setpoint received stamp=180613683 valid=1
[ue_object_deliverer_bridge_node-1] [INFO] [1785978963.368503072] [ue_object_deliverer_bridge_node]: kinematic setpoint received stamp=180901856 valid=1
[temporal_entity_tracker-2] [INFO] [1785978963.471006528] [temporal_entity_tracker]: TRACK_TRACE frame_index=1809 count=1800 source_valid=True source_entities=4 visible_source=1
[image_entity_perception-9] [INFO] [1785978963.472749888] [image_entity_perception]: PERCEPTION_PERF_TRACE frame_index=1809 count=1800 predict_ms=41.3 entities=4 valid=True
[vla_policy-10] [INFO] [1785978963.476816192] [vla_policy]: ENT_IN_TRACE count=1800 frame_index=1809 valid=True detail=OK:selected=1;targets=1;risks=0;dropped=0
[ue_object_deliverer_bridge_node-1] [INFO] [1785978963.574548352] [ue_object_deliverer_bridge_node]: kinematic setpoint received stamp=181110238 valid=1
[ue_object_deliverer_bridge_node-1] [INFO] [1785978963.574932512] [ue_object_deliverer_bridge_node]: Sent kinematic setpoint to UE5: bytes=425, payload={"Command_Type":"Kinematic_Setpoint","Delta_X_Cm":-6.844013929367065,"Delta_Y_Cm":1.9586050882935524,"Frame_ID":"ue_actor_local","Hold_Position":false,"Reason":"DECISION_VALID","Run_ID":"125A0E8D4D3C6BA46F4283AFCAC25321","Scene_Seed":230908,"Sequence":704,"Source_Frame_Index":1810,"Source_Model_Version":"safety_gate_v1","Source_Stamp_Us":181110238,"Stamp_Us":181110238,"Step_Dt":0.20000000298023224,"Valid":true}__OD_END__
[ue_object_deliverer_bridge_node-1] [INFO] [1785978963.778530688] [ue_object_deliverer_bridge_node]: kinematic setpoint received stamp=181314306 valid=1
[ue_object_deliverer_bridge_node-1] [INFO] [1785978964.071408608] [ue_object_deliverer_bridge_node]: kinematic setpoint received stamp=181600640 valid=1
[ue_object_deliverer_bridge_node-1] [INFO] [1785978964.282025664] [ue_object_deliverer_bridge_node]: kinematic setpoint received stamp=181807352 valid=1
[ue_object_deliverer_bridge_node-1] [INFO] [1785978964.495198336] [ue_object_deliverer_bridge_node]: kinematic setpoint received stamp=182012991 valid=1
[ue_object_deliverer_bridge_node-1] [INFO] [1785978964.785559328] [ue_object_deliverer_bridge_node]: kinematic setpoint received stamp=182312460 valid=1
[ue_object_deliverer_bridge_node-1] [INFO] [1785978964.785938912] [ue_object_deliverer_bridge_node]: Sent kinematic setpoint to UE5: bytes=423, payload={"Command_Type":"Kinematic_Setpoint","Delta_X_Cm":5.95165379345417,"Delta_Y_Cm":3.4373465925455093,"Frame_ID":"ue_actor_local","Hold_Position":false,"Reason":"DECISION_VALID","Run_ID":"125A0E8D4D3C6BA46F4283AFCAC25321","Scene_Seed":230908,"Sequence":709,"Source_Frame_Index":1822,"Source_Model_Version":"safety_gate_v1","Source_Stamp_Us":182312460,"Stamp_Us":182312460,"Step_Dt":0.20000000298023224,"Valid":true}__OD_END__
[ue_object_deliverer_bridge_node-1] [INFO] [1785978965.083989888] [ue_object_deliverer_bridge_node]: kinematic setpoint received stamp=182609097 valid=1
[ue_object_deliverer_bridge_node-1] [INFO] [1785978965.288527104] [ue_object_deliverer_bridge_node]: kinematic setpoint received stamp=182813025 valid=1
[ue_object_deliverer_bridge_node-1] [INFO] [1785978965.582491136] [ue_object_deliverer_bridge_node]: kinematic setpoint received stamp=183107135 valid=1
[ue_object_deliverer_bridge_node-1] [INFO] [1785978965.795420640] [ue_object_deliverer_bridge_node]: kinematic setpoint received stamp=183313290 valid=1
[ue_object_deliverer_bridge_node-1] [INFO] [1785978965.795797440] [ue_object_deliverer_bridge_node]: Sent kinematic setpoint to UE5: bytes=423, payload={"Command_Type":"Kinematic_Setpoint","Delta_X_Cm":25.82094371318817,"Delta_Y_Cm":5.672372877597809,"Frame_ID":"ue_actor_local","Hold_Position":false,"Reason":"DECISION_VALID","Run_ID":"125A0E8D4D3C6BA46F4283AFCAC25321","Scene_Seed":230908,"Sequence":713,"Source_Frame_Index":1832,"Source_Model_Version":"safety_gate_v1","Source_Stamp_Us":183313290,"Stamp_Us":183313290,"Step_Dt":0.20000000298023224,"Valid":true}__OD_END__
[ue_object_deliverer_bridge_node-1] [INFO] [1785978966.075862144] [ue_object_deliverer_bridge_node]: kinematic setpoint received stamp=183602269 valid=1
[ue_object_deliverer_bridge_node-1] [INFO] [1785978966.282255968] [ue_object_deliverer_bridge_node]: kinematic setpoint received stamp=183809402 valid=1
[ue_object_deliverer_bridge_node-1] [INFO] [1785978966.580644544] [ue_object_deliverer_bridge_node]: kinematic setpoint received stamp=184112731 valid=1
[ue_object_deliverer_bridge_node-1] [INFO] [1785978966.877673280] [ue_object_deliverer_bridge_node]: kinematic setpoint received stamp=184412546 valid=1
[ue_object_deliverer_bridge_node-1] [INFO] [1785978966.878052736] [ue_object_deliverer_bridge_node]: Sent kinematic setpoint to UE5: bytes=424, payload={"Command_Type":"Kinematic_Setpoint","Delta_X_Cm":28.171324729919434,"Delta_Y_Cm":5.725439637899399,"Frame_ID":"ue_actor_local","Hold_Position":false,"Reason":"DECISION_VALID","Run_ID":"125A0E8D4D3C6BA46F4283AFCAC25321","Scene_Seed":230908,"Sequence":717,"Source_Frame_Index":1843,"Source_Model_Version":"safety_gate_v1","Source_Stamp_Us":184412546,"Stamp_Us":184412546,"Step_Dt":0.20000000298023224,"Valid":true}__OD_END__
[ue_object_deliverer_bridge_node-1] [INFO] [1785978967.082036192] [ue_object_deliverer_bridge_node]: kinematic setpoint received stamp=184608026 valid=1
[ue_object_deliverer_bridge_node-1] [INFO] [1785978967.379114688] [ue_object_deliverer_bridge_node]: kinematic setpoint received stamp=184910190 valid=1
[ue_object_deliverer_bridge_node-1] [WARN] [1785978968.061040928] [ue_object_deliverer_bridge_node]: UE5 disconnected
