Log file open, 08/06/26 09:13:10
LogConfig: No local boot hotfix file found at: [../../../../../../Unreal Projects/VLA/Saved/PersistentDownloadDir/HotfixForNextBoot.txt]
LogAudio: Display: Pre-Initializing Audio Device Manager...
LogAudio: Display: AudioInfo: 'OPUS' Registered
LogAudioDebug: Display: Lib vorbis DLL was dynamically loaded.
LogAudio: Display: AudioInfo: 'OGG' Registered
LogAudio: Display: AudioInfo: 'ADPCM' Registered
LogAudio: Display: AudioInfo: 'PCM' Registered
LogAudio: Display: AudioInfo: 'BINKA' Registered
LogAudio: Display: AudioInfo: 'RADA' Registered
LogAudio: Display: Audio Device Manager Pre-Initialized
LogPluginManager: Looking for build plugins target receipt
LogPluginManager: Found matching target receipt: ../../../../../../Unreal Projects/VLA/Binaries/Win64/EDGEEditor.target
LogPluginManager: Looking for enabled plugins target receipt
LogConfig: Display: Loading IOS ini files took 0.04 seconds
LogConfig: Display: Loading Android ini files took 0.04 seconds
LogConfig: Display: Loading VulkanPC ini files took 0.04 seconds
LogConfig: Display: Loading Mac ini files took 0.04 seconds
LogConfig: Display: Loading TVOS ini files took 0.04 seconds
LogPluginManager: Found matching target receipt: ../../../../../../Unreal Projects/VLA/Binaries/Win64/EDGEEditor.target
LogConfig: Display: Loading Windows ini files took 0.04 seconds
LogConfig: Display: Loading Unix ini files took 0.04 seconds
LogConfig: Display: Loading VisionOS ini files took 0.04 seconds
LogConfig: Display: Loading Linux ini files took 0.04 seconds
LogPluginManager: Mounting Engine plugin ChaosCloth
LogPluginManager: Mounting Engine plugin ChaosInsights
LogPluginManager: Mounting Engine plugin ChaosClothAsset
LogPluginManager: Mounting Engine plugin ChaosVD
LogPluginManager: Mounting Engine plugin CmdLinkServer
LogPluginManager: Mounting Engine plugin Bridge
LogPluginManager: Mounting Engine plugin EnhancedInput
LogPluginManager: Mounting Engine plugin FastBuildController
LogPluginManager: Mounting Engine plugin Fab
LogPluginManager: Mounting Engine plugin IoStoreInsights
LogPluginManager: Mounting Engine plugin JsonBlueprintUtilities
LogPluginManager: Mounting Engine plugin MassInsights
LogPluginManager: Mounting Engine plugin MeshPainting
LogPluginManager: Mounting Engine plugin RenderGraphInsights
LogPluginManager: Mounting Engine plugin UbaController
LogPluginManager: Mounting Engine plugin TraceUtilities
LogPluginManager: Mounting Engine plugin WorldMetrics
LogPluginManager: Mounting Engine plugin XGEController
LogPluginManager: Mounting Engine plugin AISupport
LogPluginManager: Mounting Engine plugin EnvironmentQueryEditor
LogPluginManager: Mounting Engine plugin Cascade
LogPluginManager: Mounting Engine plugin Niagara
LogPluginManager: Mounting Engine plugin NiagaraSimCaching
LogPluginManager: Mounting Engine plugin MetaHumanSDK
LogPluginManager: Mounting Engine plugin NNERuntimeORT
LogPluginManager: Mounting Engine plugin LauncherChunkInstaller
LogPluginManager: Mounting Engine plugin NNEDenoiser
LogPluginManager: Mounting Engine plugin InterchangeTests
LogPluginManager: Mounting Engine plugin CameraCalibrationCore
LogPluginManager: Mounting Engine plugin Takes
LogPluginManager: Mounting Engine plugin CameraShakePreviewer
LogPluginManager: Mounting Engine plugin EngineCameras
LogPluginManager: Mounting Engine plugin GameplayCameras
LogPluginManager: Mounting Engine plugin OodleNetwork
LogPluginManager: Mounting Engine plugin AssetManagerEditor
LogPluginManager: Mounting Engine plugin BlueprintHeaderView
LogPluginManager: Mounting Engine plugin BlueprintMaterialTextureNodes
LogPluginManager: Mounting Engine plugin ChangelistReview
LogPluginManager: Mounting Engine plugin ColorGrading
LogPluginManager: Mounting Engine plugin ConsoleVariables
LogPluginManager: Mounting Engine plugin CryptoKeys
LogPluginManager: Mounting Engine plugin CurveEditorTools
LogPluginManager: Mounting Engine plugin DataValidation
LogPluginManager: Mounting Engine plugin EditorScriptingUtilities
LogPluginManager: Mounting Engine plugin EditorDebugTools
LogPluginManager: Mounting Engine plugin EngineAssetDefinitions
LogPluginManager: Mounting Engine plugin FacialAnimation
LogPluginManager: Mounting Engine plugin GameplayTagsEditor
LogPluginManager: Mounting Engine plugin GeometryMode
LogPluginManager: Mounting Engine plugin MacGraphicsSwitching
LogPluginManager: Mounting Engine plugin MaterialAnalyzer
LogPluginManager: Mounting Engine plugin MeshLODToolset
LogPluginManager: Mounting Engine plugin MobileLauncherProfileWizard
LogPluginManager: Mounting Engine plugin ModelingToolsEditorMode
LogPluginManager: Mounting Engine plugin ProxyLODPlugin
LogPluginManager: Mounting Engine plugin PluginBrowser
LogPluginManager: Mounting Engine plugin SequencerAnimTools
LogPluginManager: Mounting Engine plugin SpeedTreeImporter
LogPluginManager: Mounting Engine plugin StylusInput
LogPluginManager: Mounting Engine plugin UMGWidgetPreview
LogPluginManager: Mounting Engine plugin UVEditor
LogPluginManager: Mounting Engine plugin WorldPartitionHLODUtilities
LogPluginManager: Mounting Engine plugin InterchangeAssets
LogPluginManager: Mounting Engine plugin InterchangeEditor
LogPluginManager: Mounting Engine plugin Interchange
LogPluginManager: Mounting Engine plugin ObjectDeliverer
LogPluginManager: Mounting Engine plugin ActorSequence
LogPluginManager: Mounting Engine plugin LevelSequenceEditor
LogPluginManager: Mounting Engine plugin MoviePipelineMaskRenderPass
LogPluginManager: Mounting Engine plugin MovieRenderPipeline
LogPluginManager: Mounting Engine plugin TemplateSequence
LogPluginManager: Mounting Engine plugin SequencerScripting
LogPluginManager: Mounting Engine plugin EOSShared
LogPluginManager: Mounting Engine plugin OnlineBase
LogPluginManager: Mounting Engine plugin OnlineServices
LogPluginManager: Mounting Engine plugin OnlineSubsystem
LogPluginManager: Mounting Engine plugin OnlineSubsystemUtils
LogPluginManager: Mounting Engine plugin OpenColorIO
LogPluginManager: Mounting Engine plugin OnlineSubsystemNull
LogPluginManager: Mounting Engine plugin AdvancedRenamer
LogPluginManager: Mounting Engine plugin AutomationUtils
LogPluginManager: Mounting Engine plugin BackChannel
LogPluginManager: Mounting Engine plugin ChaosCaching
LogPluginManager: Mounting Engine plugin ChaosEditor
LogPluginManager: Mounting Engine plugin ChaosSolverPlugin
LogPluginManager: Mounting Engine plugin ChaosUserDataPT
LogPluginManager: Mounting Engine plugin ChaosNiagara
LogPluginManager: Mounting Engine plugin CharacterAI
LogPluginManager: Mounting Engine plugin Dataflow
LogPluginManager: Mounting Engine plugin EditorDataStorage
LogPluginManager: Mounting Engine plugin EditorDataStorageFeatures
LogPluginManager: Mounting Engine plugin EditorPerformance
LogPluginManager: Mounting Engine plugin EditorTelemetry
LogPluginManager: Mounting Engine plugin Fracture
LogPluginManager: Mounting Engine plugin FullBodyIK
LogPluginManager: Mounting Engine plugin GeometryDataflow
LogPluginManager: Mounting Engine plugin GeometryCollectionPlugin
LogPluginManager: Mounting Engine plugin GeometryFlow
LogPluginManager: Mounting Engine plugin Landmass
LogPluginManager: Mounting Engine plugin LevelSequenceNavigatorBridge
LogPluginManager: Mounting Engine plugin LowLevelNetTrace
LogPluginManager: Mounting Engine plugin LocalizableMessage
LogPluginManager: Mounting Engine plugin MeshModelingToolsetExp
LogPluginManager: Mounting Engine plugin NFORDenoise
LogPluginManager: Mounting Engine plugin PlanarCut
LogPluginManager: Mounting Engine plugin PlatformCrypto
LogPluginManager: Mounting Engine plugin PythonScriptPlugin
LogPluginManager: Mounting Engine plugin RuntimeTelemetry
LogPluginManager: Mounting Engine plugin SequenceNavigator
LogPluginManager: Mounting Engine plugin SkeletalReduction
LogPluginManager: Mounting Engine plugin ToolPresets
LogPluginManager: Mounting Engine plugin Water
LogPluginManager: Mounting Engine plugin ActorLayerUtilities
LogPluginManager: Mounting Engine plugin AndroidDeviceProfileSelector
LogPluginManager: Mounting Engine plugin AndroidFileServer
LogPluginManager: Mounting Engine plugin AndroidPermission
LogPluginManager: Mounting Engine plugin AndroidMoviePlayer
LogPluginManager: Mounting Engine plugin AppleMoviePlayer
LogPluginManager: Mounting Engine plugin AssetTags
LogPluginManager: Mounting Engine plugin ArchVisCharacter
LogPluginManager: Mounting Engine plugin AudioCapture
LogPluginManager: Mounting Engine plugin AppleImageUtils
LogPluginManager: Mounting Engine plugin AudioSynesthesia
LogPluginManager: Mounting Engine plugin CableComponent
LogPluginManager: Mounting Engine plugin AudioWidgets
LogPluginManager: Mounting Engine plugin CustomMeshComponent
LogPluginManager: Mounting Engine plugin ChunkDownloader
LogPluginManager: Mounting Engine plugin ComputeFramework
LogPluginManager: Mounting Engine plugin ExampleDeviceProfileSelector
LogPluginManager: Mounting Engine plugin GeometryCache
LogPluginManager: Mounting Engine plugin GoogleCloudMessaging
LogPluginManager: Mounting Engine plugin GeometryProcessing
LogPluginManager: Mounting Engine plugin GooglePAD
LogPluginManager: Mounting Engine plugin HairStrands
LogPluginManager: Mounting Engine plugin InputDebugging
LogPluginManager: Mounting Engine plugin IOSDeviceProfileSelector
LogPluginManager: Mounting Engine plugin HDRIBackdrop
LogPluginManager: Mounting Engine plugin LinuxDeviceProfileSelector
LogPluginManager: Mounting Engine plugin LocationServicesBPLibrary
LogPluginManager: Mounting Engine plugin MeshModelingToolset
LogPluginManager: Mounting Engine plugin Metasound
LogPluginManager: Mounting Engine plugin MsQuic
LogPluginManager: Mounting Engine plugin MobilePatchingUtils
LogPluginManager: Mounting Engine plugin PropertyAccessEditor
LogPluginManager: Mounting Engine plugin ProceduralMeshComponent
LogPluginManager: Mounting Engine plugin RigVM
LogPluginManager: Mounting Engine plugin PropertyBindingUtils
LogPluginManager: Mounting Engine plugin SoundFields
LogPluginManager: Mounting Engine plugin SignificanceManager
LogPluginManager: Mounting Engine plugin ResonanceAudio
LogPluginManager: Mounting Engine plugin StateTree
LogPluginManager: Mounting Engine plugin WebMMoviePlayer
LogPluginManager: Mounting Engine plugin Synthesis
LogPluginManager: Mounting Engine plugin WindowsMoviePlayer
LogPluginManager: Mounting Engine plugin AnimationData
LogPluginManager: Mounting Engine plugin WindowsDeviceProfileSelector
LogPluginManager: Mounting Engine plugin AnimationModifierLibrary
LogPluginManager: Mounting Engine plugin ControlRig
LogPluginManager: Mounting Engine plugin DeformerGraph
LogPluginManager: Mounting Engine plugin ControlRigSpline
LogPluginManager: Mounting Engine plugin ACLPlugin
LogPluginManager: Mounting Engine plugin GameplayInsights
LogPluginManager: Mounting Engine plugin ControlRigModules
LogPluginManager: Mounting Engine plugin IKRig
LogPluginManager: Mounting Engine plugin Paper2D
LogPluginManager: Mounting Engine plugin WaveTable
LogPluginManager: Mounting Engine plugin BlendSpaceMotionAnalysis
LogPluginManager: Mounting Engine plugin TweeningUtils
LogPluginManager: Mounting Engine plugin AnimationSharing
LogPluginManager: Mounting Engine plugin SkeletalMeshModelingTools
LogPluginManager: Mounting Engine plugin CLionSourceCodeAccess
LogPluginManager: Mounting Engine plugin RigLogic
LogPluginManager: Mounting Engine plugin CodeLiteSourceCodeAccess
LogPluginManager: Mounting Engine plugin DumpGPUServices
LogPluginManager: Mounting Engine plugin KDevelopSourceCodeAccess
LogPluginManager: Mounting Engine plugin PixWinPlugin
LogPluginManager: Mounting Engine plugin NamingTokens
LogPluginManager: Mounting Engine plugin PluginUtils
LogPluginManager: Mounting Engine plugin GitSourceControl
LogPluginManager: Mounting Engine plugin PerforceSourceControl
LogPluginManager: Mounting Engine plugin PlasticSourceControl
LogPluginManager: Mounting Engine plugin ProjectLauncher
LogPluginManager: Mounting Engine plugin RenderDocPlugin
LogPluginManager: Mounting Engine plugin PropertyAccessNode
LogPluginManager: Mounting Engine plugin RiderSourceCodeAccess
LogPluginManager: Mounting Engine plugin NullSourceCodeAccess
LogPluginManager: Mounting Engine plugin UObjectPlugin
LogPluginManager: Mounting Engine plugin TextureFormatOodle
LogPluginManager: Mounting Engine plugin VisualStudioCodeSourceCodeAccess
LogPluginManager: Mounting Engine plugin N10XSourceCodeAccess
LogPluginManager: Mounting Engine plugin XCodeSourceCodeAccess
LogPluginManager: Mounting Engine plugin VisualStudioSourceCodeAccess
LogPluginManager: Mounting Engine plugin GLTFExporter
LogPluginManager: Mounting Engine plugin VariantManager
LogPluginManager: Mounting Engine plugin VariantManagerContent
LogPluginManager: Mounting Engine plugin DatasmithContent
LogPluginManager: Mounting Engine plugin SubversionSourceControl
LogPluginManager: Mounting Engine plugin AndroidMedia
LogPluginManager: Mounting Engine plugin AlembicImporter
LogPluginManager: Mounting Engine plugin AvfMedia
LogPluginManager: Mounting Engine plugin ImgMedia
LogPluginManager: Mounting Engine plugin MediaCompositing
LogPluginManager: Mounting Engine plugin MediaPlate
LogPluginManager: Mounting Engine plugin WebMMedia
LogPluginManager: Mounting Engine plugin MediaPlayerEditor
LogPluginManager: Mounting Engine plugin TcpMessaging
LogPluginManager: Mounting Engine plugin WmfMedia
LogPluginManager: Mounting Engine plugin UdpMessaging
LogPluginManager: Mounting Engine plugin OnlineSubsystemIOS
LogPluginManager: Mounting Engine plugin LightMixer
LogPluginManager: Mounting Engine plugin ObjectMixer
LogPluginManager: Mounting Engine plugin XInputDevice
LogPluginManager: Mounting Engine plugin BaseCharacterFXEditor
LogPluginManager: Mounting Engine plugin SQLiteCore
LogPluginManager: Mounting Engine plugin ConcertMain
LogPluginManager: Mounting Engine plugin ContentBrowserFileDataSource
LogPluginManager: Mounting Engine plugin ContentBrowserAssetDataSource
LogPluginManager: Mounting Engine plugin PortableObjectFileDataSource
LogPluginManager: Mounting Engine plugin ContentBrowserClassDataSource
LogPluginManager: Mounting Engine plugin CompositeCore
LogPluginManager: Mounting Engine plugin OnlineSubsystemGooglePlay
LogPluginManager: Mounting Engine plugin ConcertSyncClient
LogPluginManager: Mounting Engine plugin ConcertSharedSlate
LogPluginManager: Mounting Engine plugin ConcertSyncCore
SourceControl: Revision control is disabled
SourceControl: Revision control is disabled
SourceControl: Revision control is disabled
LogEOSShared: Loaded "D:/Softwares/Unreal Engine/UE_5.6/Engine/Binaries/Win64/EOSSDK-Win64-Shipping.dll"
LogEOSShared: FEOSSDKManager::Initialize Initializing EOSSDK Version:1.17.0-41373641
LogInit: Using libcurl 8.12.1
LogInit:  - built for Windows
LogInit:  - supports SSL with OpenSSL/1.1.1t
LogInit:  - supports HTTP deflate (compression) using libz 1.3
LogInit:  - other features:
LogInit:      CURL_VERSION_SSL
LogInit:      CURL_VERSION_LIBZ
LogInit:      CURL_VERSION_IPV6
LogInit:      CURL_VERSION_ASYNCHDNS
LogInit:      CURL_VERSION_LARGEFILE
LogInit:      CURL_VERSION_TLSAUTH_SRP
LogInit:      CURL_VERSION_HTTP2
LogInit:  CurlRequestOptions (configurable via config and command line):
LogInit:  - bVerifyPeer = true  - Libcurl will verify peer certificate
LogInit:  - bUseHttpProxy = false  - Libcurl will NOT use HTTP proxy
LogInit:  - bDontReuseConnections = false  - Libcurl will reuse connections
LogInit:  - MaxHostConnections = 16  - Libcurl will limit the number of connections to a host
LogInit:  - LocalHostAddr = Default
LogInit:  - BufferSize = 65536
LogInit: CreateHttpThread using FCurlMultiPollEventLoopHttpThread
LogInit: Creating http thread with maximum 256 concurrent requests
LogInit: WinSock: version 1.1 (2.2), MaxSocks=32767, MaxUdp=65467
LogOnline: OSS: Created online subsystem instance for: NULL
LogOnline: OSS: TryLoadSubsystemAndSetDefault: Loaded subsystem for type [NULL]
LogNFORDenoise: NFORDenoise function starting up
LogStudioTelemetry: Started StudioTelemetry Session
LogWindows: Failed to load 'WinPixGpuCapturer.dll' (GetLastError=126)
LogWindows: File 'WinPixGpuCapturer.dll' does not exist
PixWinPlugin: PIX capture plugin failed to initialize! Check that the process is launched from PIX.
LogConfig: Applying CVar settings from Section [/Script/RenderDocPlugin.RenderDocPluginSettings] File [Engine]
RenderDocPlugin: Display: RenderDoc plugin will not be loaded. Use '-AttachRenderDoc' on the cmd line or enable 'renderdoc.AutoAttach' in the plugin settings.
LogConfig: Applying CVar settings from Section [/Script/CompositeCore.CompositeCorePluginSettings] File [Engine]
LogInit: ExecutableName: UnrealEditor.exe
LogInit: Build: ++UE5+Release-5.6-CL-44394996
LogInit: Platform=WindowsEditor
LogInit: MachineId=b60edc724e198abc4e0414be1814fd69
LogInit: DeviceId=
LogInit: Engine Version: 5.6.1-44394996+++UE5+Release-5.6
LogInit: Compatible Engine Version: 5.6.0-43139311+++UE5+Release-5.6
LogInit: Net CL: 43139311
LogInit: OS: Windows 11 (25H2) [10.0.26200.8973] (), CPU: Intel(R) Core(TM) i5-14600KF, GPU: NVIDIA GeForce RTX 5060
LogInit: Compiled (64-bit): Jul 28 2025 20:53:34
LogInit: Architecture: x64
LogInit: Compiled with Visual C++: 19.38.33130.00
LogInit: Build Configuration: Development
LogInit: Branch Name: ++UE5+Release-5.6
LogInit: Command Line: /Game/Main_Map -game -SceneAuto -Slot=TRACK-SYNTH-RED3-V2 -Layout=L7 -Motion=S2 -Seed=230908 -MaxRuntimeSeconds=185 -SceneExecPort=8081 -SineDelay=25 -YawFixWholeRun -windowed -ResX=1280 -ResY=720 -unattended -nosplash -stdout -FullStdOutLogOutput
LogInit: Base Directory: D:/Softwares/Unreal Engine/UE_5.6/Engine/Binaries/Win64/
LogInit: Allocator: Mimalloc
LogInit: Installed Engine Build: 1
LogInit: This binary is optimized with LTO: no, PGO: no, instrumented for PGO data collection: no
LogDevObjectVersion: Number of dev versions registered: 37
LogDevObjectVersion:   Dev-Blueprints (B0D832E4-1F89-4F0D-ACCF-7EB736FD4AA2): 10
LogDevObjectVersion:   Dev-Build (E1C64328-A22C-4D53-A36C-8E866417BD8C): 0
LogDevObjectVersion:   Dev-Core (375EC13C-06E4-48FB-B500-84F0262A717E): 4
LogDevObjectVersion:   Dev-Editor (E4B068ED-F494-42E9-A231-DA0B2E46BB41): 40
LogDevObjectVersion:   Dev-Framework (CFFC743F-43B0-4480-9391-14DF171D2073): 37
LogDevObjectVersion:   Dev-Mobile (B02B49B5-BB20-44E9-A304-32B752E40360): 3
LogDevObjectVersion:   Dev-Networking (A4E4105C-59A1-49B5-A7C5-40C4547EDFEE): 0
LogDevObjectVersion:   Dev-Online (39C831C9-5AE6-47DC-9A44-9C173E1C8E7C): 0
LogDevObjectVersion:   Dev-Physics (78F01B33-EBEA-4F98-B9B4-84EACCB95AA2): 20
LogDevObjectVersion:   Dev-Platform (6631380F-2D4D-43E0-8009-CF276956A95A): 0
LogDevObjectVersion:   Dev-Rendering (12F88B9F-8875-4AFC-A67C-D90C383ABD29): 49
LogDevObjectVersion:   Dev-Sequencer (7B5AE74C-D270-4C10-A958-57980B212A5A): 13
LogDevObjectVersion:   Dev-VR (D7296918-1DD6-4BDD-9DE2-64A83CC13884): 3
LogDevObjectVersion:   Dev-LoadTimes (C2A15278-BFE7-4AFE-6C17-90FF531DF755): 1
LogDevObjectVersion:   Private-Geometry (6EACA3D4-40EC-4CC1-B786-8BED09428FC5): 3
LogDevObjectVersion:   Dev-AnimPhys (29E575DD-E0A3-4627-9D10-D276232CDCEA): 17
LogDevObjectVersion:   Dev-Anim (AF43A65D-7FD3-4947-9873-3E8ED9C1BB05): 15
LogDevObjectVersion:   Dev-ReflectionCapture (6B266CEC-1EC7-4B8F-A30B-E4D90942FC07): 1
LogDevObjectVersion:   Dev-Automation (0DF73D61-A23F-47EA-B727-89E90C41499A): 1
LogDevObjectVersion:   FortniteMain (601D1886-AC64-4F84-AA16-D3DE0DEAC7D6): 207
LogDevObjectVersion:   FortniteValkyrie (8DBC2C5B-54A7-43E0-A768-FCBB7DA29060): 8
LogDevObjectVersion:   FortniteSeason (5B4C06B7-2463-4AF8-805B-BF70CDF5D0DD): 13
LogDevObjectVersion:   FortniteRelease (E7086368-6B23-4C58-8439-1B7016265E91): 17
LogDevObjectVersion:   Dev-Enterprise (9DFFBCD6-494F-0158-E221-12823C92A888): 11
LogDevObjectVersion:   Dev-Niagara (F2AED0AC-9AFE-416F-8664-AA7FFA26D6FC): 1
LogDevObjectVersion:   Dev-Destruction (174F1F0B-B4C6-45A5-B13F-2EE8D0FB917D): 10
LogDevObjectVersion:   Dev-Physics-Ext (35F94A83-E258-406C-A318-09F59610247C): 41
LogDevObjectVersion:   Dev-PhysicsMaterial-Chaos (B68FC16E-8B1B-42E2-B453-215C058844FE): 1
LogDevObjectVersion:   Dev-CineCamera (B2E18506-4273-CFC2-A54E-F4BB758BBA07): 1
LogDevObjectVersion:   Dev-VirtualProduction (64F58936-FD1B-42BA-BA96-7289D5D0FA4E): 1
LogDevObjectVersion:   UE5-Main (697DD581-E64F-41AB-AA4A-51ECBEB7B628): 121
LogDevObjectVersion:   UE5-Release (D89B5E42-24BD-4D46-8412-ACA8DF641779): 56
LogDevObjectVersion:   UE5-SpecialProject (59DA5D52-1232-4948-B878-597870B8E98B): 9
LogDevObjectVersion:   Dev-MediaFramework (6F0ED827-A609-4895-9C91-998D90180EA4): 2
LogDevObjectVersion:   Dev-NaniteResearch (30D58BE3-95EA-4282-A6E3-B159D8EBB06A): 1
LogDevObjectVersion:   LensFileVersion (8652A554-966A-466C-9FD7-1C6DD61B1ADB): 1
LogDevObjectVersion:   Dev-ComputeFramework (6304A3E7-0059-4F59-8CFC-21BD7721FD4E): 0
LogInit: Presizing for max 25165824 objects, including 0 objects not considered by GC.
LogInit: Object subsystem initialized
[2026.08.06-01.13.10:487][  0]LogConfig: Set CVar [[con.DebugEarlyDefault:1]]
[2026.08.06-01.13.10:487][  0]LogConfig: CVar [[con.DebugLateDefault:1]] deferred - dummy variable created
[2026.08.06-01.13.10:488][  0]LogConfig: CVar [[con.DebugLateCheat:1]] deferred - dummy variable created
[2026.08.06-01.13.10:488][  0]LogConfig: CVar [[LogNamedEventFilters:Frame *]] deferred - dummy variable created
[2026.08.06-01.13.10:488][  0]LogConfig: Set CVar [[r.setres:1280x720]]
[2026.08.06-01.13.10:488][  0]LogConfig: CVar [[framepro.ScopeMinTimeMicroseconds:10]] deferred - dummy variable created
[2026.08.06-01.13.10:488][  0]LogConfig: Set CVar [[fx.NiagaraAllowRuntimeScalabilityChanges:1]]
[2026.08.06-01.13.10:488][  0]LogConfig: CVar [[QualityLevelMapping:high]] deferred - dummy variable created
[2026.08.06-01.13.10:488][  0]LogConfig: CVar [[r.Occlusion.SingleRHIThreadStall:1]] deferred - dummy variable created
[2026.08.06-01.13.10:488][  0]LogConfig: Set CVar [[r.Nanite.Streaming.ReservedResources:1]]
[2026.08.06-01.13.10:488][  0]LogConfig: CVar [[D3D12.Bindless.ResourceDescriptorHeapSize:32768]] deferred - dummy variable created
[2026.08.06-01.13.10:488][  0]LogConfig: CVar [[D3D12.Bindless.SamplerDescriptorHeapSize:2048]] deferred - dummy variable created
[2026.08.06-01.13.10:488][  0]LogConfig: Set CVar [[r.PSOPrecache.GlobalShaders:1]]
[2026.08.06-01.13.10:488][  0]LogConfig: Set CVar [[r.VRS.EnableSoftware:1]]
[2026.08.06-01.13.10:488][  0]LogConfig: Set CVar [[r.VRS.ContrastAdaptiveShading:1]]
[2026.08.06-01.13.10:488][  0]LogConfig: CVar [[con.DebugLateDefault:1]] deferred - dummy variable created
[2026.08.06-01.13.10:488][  0]LogConfig: CVar [[con.DebugLateCheat:1]] deferred - dummy variable created
[2026.08.06-01.13.10:488][  0]LogConfig: CVar [[LogNamedEventFilters:Frame *]] deferred - dummy variable created
[2026.08.06-01.13.10:490][  0]LogConfig: CVar [[framepro.ScopeMinTimeMicroseconds:10]] deferred - dummy variable created
[2026.08.06-01.13.10:490][  0]LogConfig: CVar [[QualityLevelMapping:high]] deferred - dummy variable created
[2026.08.06-01.13.10:490][  0]LogConfig: CVar [[r.Occlusion.SingleRHIThreadStall:1]] deferred - dummy variable created
[2026.08.06-01.13.10:490][  0]LogConfig: CVar [[D3D12.Bindless.ResourceDescriptorHeapSize:32768]] deferred - dummy variable created
[2026.08.06-01.13.10:490][  0]LogConfig: CVar [[D3D12.Bindless.SamplerDescriptorHeapSize:2048]] deferred - dummy variable created
[2026.08.06-01.13.10:490][  0]LogConfig: Applying CVar settings from Section [/Script/Engine.RendererSettings] File [Engine]
[2026.08.06-01.13.10:490][  0]LogConfig: CVar [[VisualizeCalibrationColorMaterialPath:/Engine/EngineMaterials/PPM_DefaultCalibrationColor.PPM_DefaultCalibrationColor]] deferred - dummy variable created
[2026.08.06-01.13.10:490][  0]LogConfig: CVar [[VisualizeCalibrationGrayscaleMaterialPath:/Engine/EngineMaterials/PPM_DefaultCalibrationGrayscale.PPM_DefaultCalibrationGrayscale]] deferred - dummy variable created
[2026.08.06-01.13.10:490][  0]LogConfig: Set CVar [[r.GPUCrashDebugging:0]]
[2026.08.06-01.13.10:490][  0]LogConfig: CVar [[MaxSkinBones:(Default=65536,PerPlatform=(("Mobile", 256)))]] deferred - dummy variable created
[2026.08.06-01.13.10:490][  0]LogConfig: Set CVar [[r.Shaders.RemoveUnusedInterpolators:1]]
[2026.08.06-01.13.10:491][  0]LogConfig: Set CVar [[r.Shadow.DetectVertexShaderLayerAtRuntime:1]]
[2026.08.06-01.13.10:491][  0]LogConfig: Set CVar [[r.AllowStaticLighting:0]]
[2026.08.06-01.13.10:491][  0]LogConfig: Set CVar [[r.GenerateMeshDistanceFields:1]]
[2026.08.06-01.13.10:491][  0]LogConfig: Set CVar [[r.DynamicGlobalIlluminationMethod:1]]
[2026.08.06-01.13.10:491][  0]LogConfig: Set CVar [[r.ReflectionMethod:1]]
[2026.08.06-01.13.10:491][  0]LogConfig: Set CVar [[r.SkinCache.CompileShaders:1]]
[2026.08.06-01.13.10:491][  0]LogConfig: Set CVar [[r.RayTracing:1]]
[2026.08.06-01.13.10:491][  0]LogConfig: Set CVar [[r.RayTracing.RayTracingProxies.ProjectEnabled:1]]
[2026.08.06-01.13.10:491][  0]LogConfig: Set CVar [[r.Shadow.Virtual.Enable:1]]
[2026.08.06-01.13.10:491][  0]LogConfig: Set CVar [[r.DefaultFeature.AutoExposure.ExtendDefaultLuminanceRange:1]]
[2026.08.06-01.13.10:491][  0]LogConfig: Set CVar [[r.DefaultFeature.LocalExposure.HighlightContrastScale:0.8]]
[2026.08.06-01.13.10:491][  0]LogConfig: Set CVar [[r.DefaultFeature.LocalExposure.ShadowContrastScale:0.8]]
[2026.08.06-01.13.10:491][  0]LogConfig: Set CVar [[r.DefaultFeature.AutoExposure:0]]
[2026.08.06-01.13.10:491][  0]LogConfig: Applying CVar settings from Section [/Script/Engine.RendererOverrideSettings] File [Engine]
[2026.08.06-01.13.10:491][  0]LogConfig: Applying CVar settings from Section [/Script/Engine.StreamingSettings] File [Engine]
[2026.08.06-01.13.10:491][  0]LogConfig: Set CVar [[s.MinBulkDataSizeForAsyncLoading:131072]]
[2026.08.06-01.13.10:491][  0]LogConfig: Set CVar [[s.AsyncLoadingThreadEnabled:1]]
[2026.08.06-01.13.10:491][  0]LogConfig: Set CVar [[s.EventDrivenLoaderEnabled:1]]
[2026.08.06-01.13.10:491][  0]LogConfig: Set CVar [[s.WarnIfTimeLimitExceeded:0]]
[2026.08.06-01.13.10:491][  0]LogConfig: Set CVar [[s.TimeLimitExceededMultiplier:1.5]]
[2026.08.06-01.13.10:491][  0]LogConfig: Set CVar [[s.TimeLimitExceededMinTime:0.005]]
[2026.08.06-01.13.10:491][  0]LogConfig: Set CVar [[s.UseBackgroundLevelStreaming:1]]
[2026.08.06-01.13.10:491][  0]LogConfig: Set CVar [[s.PriorityAsyncLoadingExtraTime:15.0]]
[2026.08.06-01.13.10:491][  0]LogConfig: Set CVar [[s.LevelStreamingActorsUpdateTimeLimit:5.0]]
[2026.08.06-01.13.10:491][  0]LogConfig: Set CVar [[s.PriorityLevelStreamingActorsUpdateExtraTime:5.0]]
[2026.08.06-01.13.10:492][  0]LogConfig: Set CVar [[s.LevelStreamingComponentsRegistrationGranularity:10]]
[2026.08.06-01.13.10:492][  0]LogConfig: Set CVar [[s.UnregisterComponentsTimeLimit:1.0]]
[2026.08.06-01.13.10:492][  0]LogConfig: Set CVar [[s.LevelStreamingComponentsUnregistrationGranularity:5]]
[2026.08.06-01.13.10:492][  0]LogConfig: CVar [[s.MaxPackageSummarySize:16384]] deferred - dummy variable created
[2026.08.06-01.13.10:492][  0]LogConfig: Set CVar [[s.FlushStreamingOnExit:1]]
[2026.08.06-01.13.10:492][  0]LogConfig: CVar [[FixedBootOrder:/Script/Engine/Default__SoundBase]] deferred - dummy variable created
[2026.08.06-01.13.10:492][  0]LogConfig: CVar [[FixedBootOrder:/Script/Engine/Default__MaterialInterface]] deferred - dummy variable created
[2026.08.06-01.13.10:492][  0]LogConfig: CVar [[FixedBootOrder:/Script/Engine/Default__DeviceProfileManager]] deferred - dummy variable created
[2026.08.06-01.13.10:492][  0]LogConfig: Applying CVar settings from Section [/Script/Engine.GarbageCollectionSettings] File [Engine]
[2026.08.06-01.13.10:492][  0]LogConfig: Set CVar [[gc.MaxObjectsNotConsideredByGC:1]]
[2026.08.06-01.13.10:492][  0]LogConfig: Set CVar [[gc.FlushStreamingOnGC:0]]
[2026.08.06-01.13.10:492][  0]LogConfig: Set CVar [[gc.NumRetriesBeforeForcingGC:10]]
[2026.08.06-01.13.10:492][  0]LogConfig: Set CVar [[gc.AllowParallelGC:1]]
[2026.08.06-01.13.10:492][  0]LogConfig: Set CVar [[gc.TimeBetweenPurgingPendingKillObjects:61.1]]
[2026.08.06-01.13.10:492][  0]LogConfig: Set CVar [[gc.MaxObjectsInEditor:25165824]]
[2026.08.06-01.13.10:492][  0]LogConfig: Set CVar [[gc.IncrementalBeginDestroyEnabled:1]]
[2026.08.06-01.13.10:492][  0]LogConfig: Set CVar [[gc.CreateGCClusters:1]]
[2026.08.06-01.13.10:492][  0]LogConfig: Set CVar [[gc.MinGCClusterSize:5]]
[2026.08.06-01.13.10:492][  0]LogConfig: Set CVar [[gc.AssetClustreringEnabled:0]]
[2026.08.06-01.13.10:493][  0]LogConfig: Set CVar [[gc.ActorClusteringEnabled:0]]
[2026.08.06-01.13.10:493][  0]LogConfig: Set CVar [[gc.VerifyUObjectsAreNotFGCObjects:0]]
[2026.08.06-01.13.10:493][  0]LogConfig: Set CVar [[gc.GarbageEliminationEnabled:1]]
[2026.08.06-01.13.10:493][  0]LogConfig: Applying CVar settings from Section [/Script/Engine.NetworkSettings] File [Engine]
[2026.08.06-01.13.10:493][  0]LogConfig: CVar [[NetworkEmulationProfiles:(ProfileName="Average",ToolTip="Simulates average internet conditions")]] deferred - dummy variable created
[2026.08.06-01.13.10:493][  0]LogConfig: CVar [[NetworkEmulationProfiles:(ProfileName="Bad",ToolTip="Simulates laggy internet conditions")]] deferred - dummy variable created
[2026.08.06-01.13.10:493][  0]LogConfig: Applying CVar settings from Section [/Script/UnrealEd.CookerSettings] File [Engine]
[2026.08.06-01.13.10:493][  0]LogConfig: CVar [[DefaultASTCQualityBySpeed:2]] deferred - dummy variable created
[2026.08.06-01.13.10:493][  0]LogConfig: CVar [[DefaultASTCQualityBySize:3]] deferred - dummy variable created
[2026.08.06-01.13.10:493][  0]LogConfig: CVar [[DefaultASTCQualityBySizeHQ:4]] deferred - dummy variable created
[2026.08.06-01.13.10:493][  0]LogConfig: CVar [[ClassesExcludedOnDedicatedServer:WidgetBlueprint]] deferred - dummy variable created
[2026.08.06-01.13.10:493][  0]LogConfig: CVar [[ClassesExcludedOnDedicatedServer:GroupActor]] deferred - dummy variable created
[2026.08.06-01.13.10:493][  0]LogConfig: CVar [[ClassesExcludedOnDedicatedServer:MetaData]] deferred - dummy variable created
[2026.08.06-01.13.10:493][  0]LogConfig: CVar [[ClassesExcludedOnDedicatedServer:ObjectRedirector]] deferred - dummy variable created
[2026.08.06-01.13.10:493][  0]LogConfig: CVar [[ClassesExcludedOnDedicatedServer:NavMeshRenderingComponent]] deferred - dummy variable created
[2026.08.06-01.13.10:493][  0]LogConfig: CVar [[ClassesExcludedOnDedicatedServer:ReflectionCaptureComponent]] deferred - dummy variable created
[2026.08.06-01.13.10:493][  0]LogConfig: CVar [[ClassesExcludedOnDedicatedServer:TextRenderComponent]] deferred - dummy variable created
[2026.08.06-01.13.10:493][  0]LogConfig: CVar [[ClassesExcludedOnDedicatedServer:Font]] deferred - dummy variable created
[2026.08.06-01.13.10:494][  0]LogConfig: CVar [[ClassesExcludedOnDedicatedServer:InterpCurveEdSetup]] deferred - dummy variable created
[2026.08.06-01.13.10:494][  0]LogConfig: CVar [[ClassesExcludedOnDedicatedServer:MaterialExpression]] deferred - dummy variable created
[2026.08.06-01.13.10:494][  0]LogConfig: CVar [[ClassesExcludedOnDedicatedServer:NiagaraEmitter]] deferred - dummy variable created
[2026.08.06-01.13.10:494][  0]LogConfig: CVar [[ClassesExcludedOnDedicatedServer:NiagaraScript]] deferred - dummy variable created
[2026.08.06-01.13.10:494][  0]LogConfig: CVar [[ClassesExcludedOnDedicatedServer:ParticleEmitter]] deferred - dummy variable created
[2026.08.06-01.13.10:494][  0]LogConfig: CVar [[ClassesExcludedOnDedicatedServer:ParticleLODLevel]] deferred - dummy variable created
[2026.08.06-01.13.10:494][  0]LogConfig: CVar [[ClassesExcludedOnDedicatedServer:ParticleModule]] deferred - dummy variable created
[2026.08.06-01.13.10:494][  0]LogConfig: CVar [[ClassesExcludedOnDedicatedServer:SubUVAnimation]] deferred - dummy variable created
[2026.08.06-01.13.10:494][  0]LogConfig: CVar [[ClassesExcludedOnDedicatedServer:SoundNode]] deferred - dummy variable created
[2026.08.06-01.13.10:494][  0]LogConfig: CVar [[ClassesExcludedOnDedicatedServer:GameplayEffectUIData]] deferred - dummy variable created
[2026.08.06-01.13.10:494][  0]LogConfig: CVar [[ClassesExcludedOnDedicatedServer:AmbientSound]] deferred - dummy variable created
[2026.08.06-01.13.10:494][  0]LogConfig: CVar [[ClassesExcludedOnDedicatedClient:WidgetBlueprint]] deferred - dummy variable created
[2026.08.06-01.13.10:494][  0]LogConfig: CVar [[ClassesExcludedOnDedicatedClient:GroupActor]] deferred - dummy variable created
[2026.08.06-01.13.10:494][  0]LogConfig: CVar [[ClassesExcludedOnDedicatedClient:MetaData]] deferred - dummy variable created
[2026.08.06-01.13.10:494][  0]LogConfig: CVar [[ClassesExcludedOnDedicatedClient:ObjectRedirector]] deferred - dummy variable created
[2026.08.06-01.13.10:494][  0]LogConfig: CVar [[ClassesExcludedOnDedicatedClient:InterpCurveEdSetup]] deferred - dummy variable created
[2026.08.06-01.13.10:494][  0]LogConfig: CVar [[VersionedIntRValues:r.AllowStaticLighting]] deferred - dummy variable created
[2026.08.06-01.13.10:494][  0]LogConfig: CVar [[VersionedIntRValues:r.MaterialEditor.LWCTruncateMode]] deferred - dummy variable created
[2026.08.06-01.13.10:494][  0]LogConfig: CVar [[VersionedIntRValues:r.GBuffer]] deferred - dummy variable created
[2026.08.06-01.13.10:494][  0]LogConfig: CVar [[VersionedIntRValues:r.VelocityOutputPass]] deferred - dummy variable created
[2026.08.06-01.13.10:494][  0]LogConfig: CVar [[VersionedIntRValues:r.SelectiveBasePassOutputs]] deferred - dummy variable created
[2026.08.06-01.13.10:494][  0]LogConfig: CVar [[VersionedIntRValues:r.DBuffer]] deferred - dummy variable created
[2026.08.06-01.13.10:494][  0]LogConfig: CVar [[VersionedIntRValues:r.Mobile.DBuffer]] deferred - dummy variable created
[2026.08.06-01.13.10:494][  0]LogConfig: CVar [[VersionedIntRValues:r.Shaders.Symbols]] deferred - dummy variable created
[2026.08.06-01.13.10:494][  0]LogConfig: CVar [[VersionedIntRValues:r.Shaders.GenerateSymbols]] deferred - dummy variable created
[2026.08.06-01.13.10:496][  0]LogConfig: CVar [[VersionedIntRValues:r.Shaders.WriteSymbols]] deferred - dummy variable created
[2026.08.06-01.13.10:496][  0]LogConfig: CVar [[VersionedIntRValues:r.Shaders.AllowUniqueSymbols]] deferred - dummy variable created
[2026.08.06-01.13.10:496][  0]LogConfig: CVar [[VersionedIntRValues:r.Shaders.ExtraData]] deferred - dummy variable created
[2026.08.06-01.13.10:496][  0]LogConfig: CVar [[VersionedIntRValues:r.Shaders.Optimize]] deferred - dummy variable created
[2026.08.06-01.13.10:496][  0]LogConfig: CVar [[VersionedIntRValues:r.CompileShadersForDevelopment]] deferred - dummy variable created
[2026.08.06-01.13.10:496][  0]LogConfig: CVar [[VersionedIntRValues:r.MobileHDR]] deferred - dummy variable created
[2026.08.06-01.13.10:496][  0]LogConfig: CVar [[VersionedIntRValues:r.UsePreExposure]] deferred - dummy variable created
[2026.08.06-01.13.10:496][  0]LogConfig: Applying CVar settings from Section [ViewDistanceQuality@3] File [Scalability]
[2026.08.06-01.13.10:496][  0]LogConfig: Set CVar [[r.SkeletalMeshLODBias:0]]
[2026.08.06-01.13.10:496][  0]LogConfig: Set CVar [[r.ViewDistanceScale:1.0]]
[2026.08.06-01.13.10:496][  0]LogConfig: Applying CVar settings from Section [AntiAliasingQuality@3] File [Scalability]
[2026.08.06-01.13.10:496][  0]LogConfig: Set CVar [[r.FXAA.Quality:4]]
[2026.08.06-01.13.10:496][  0]LogConfig: Set CVar [[r.TemporalAA.Quality:2]]
[2026.08.06-01.13.10:496][  0]LogConfig: Set CVar [[r.TSR.History.R11G11B10:1]]
[2026.08.06-01.13.10:496][  0]LogConfig: Set CVar [[r.TSR.History.ScreenPercentage:200]]
[2026.08.06-01.13.10:496][  0]LogConfig: Set CVar [[r.TSR.History.UpdateQuality:3]]
[2026.08.06-01.13.10:496][  0]LogConfig: Set CVar [[r.TSR.ShadingRejection.Flickering:1]]
[2026.08.06-01.13.10:496][  0]LogConfig: Set CVar [[r.TSR.RejectionAntiAliasingQuality:2]]
[2026.08.06-01.13.10:496][  0]LogConfig: Set CVar [[r.TSR.ReprojectionField:1]]
[2026.08.06-01.13.10:497][  0]LogConfig: Set CVar [[r.TSR.Resurrection:1]]
[2026.08.06-01.13.10:497][  0]LogConfig: Applying CVar settings from Section [ShadowQuality@3] File [Scalability]
[2026.08.06-01.13.10:497][  0]LogConfig: Set CVar [[r.LightFunctionQuality:1]]
[2026.08.06-01.13.10:497][  0]LogConfig: Set CVar [[r.ShadowQuality:5]]
[2026.08.06-01.13.10:497][  0]LogConfig: Set CVar [[r.Shadow.CSM.MaxCascades:10]]
[2026.08.06-01.13.10:497][  0]LogConfig: Set CVar [[r.Shadow.MaxResolution:2048]]
[2026.08.06-01.13.10:497][  0]LogConfig: Set CVar [[r.Shadow.MaxCSMResolution:2048]]
[2026.08.06-01.13.10:497][  0]LogConfig: Set CVar [[r.Shadow.RadiusThreshold:0.01]]
[2026.08.06-01.13.10:497][  0]LogConfig: Set CVar [[r.Shadow.DistanceScale:1.0]]
[2026.08.06-01.13.10:497][  0]LogConfig: Set CVar [[r.Shadow.CSM.TransitionScale:1.0]]
[2026.08.06-01.13.10:497][  0]LogConfig: Set CVar [[r.Shadow.PreShadowResolutionFactor:1.0]]
[2026.08.06-01.13.10:497][  0]LogConfig: Set CVar [[r.DistanceFieldShadowing:1]]
[2026.08.06-01.13.10:497][  0]LogConfig: Set CVar [[r.VolumetricFog:1]]
[2026.08.06-01.13.10:497][  0]LogConfig: Set CVar [[r.VolumetricFog.GridPixelSize:8]]
[2026.08.06-01.13.10:497][  0]LogConfig: Set CVar [[r.VolumetricFog.GridSizeZ:128]]
[2026.08.06-01.13.10:497][  0]LogConfig: Set CVar [[r.VolumetricFog.HistoryMissSupersampleCount:4]]
[2026.08.06-01.13.10:497][  0]LogConfig: Set CVar [[r.LightMaxDrawDistanceScale:1]]
[2026.08.06-01.13.10:497][  0]LogConfig: Set CVar [[r.CapsuleShadows:1]]
[2026.08.06-01.13.10:497][  0]LogConfig: Set CVar [[r.Shadow.Virtual.MaxPhysicalPages:4096]]
[2026.08.06-01.13.10:497][  0]LogConfig: Set CVar [[r.Shadow.Virtual.ResolutionLodBiasDirectional:-1.5]]
[2026.08.06-01.13.10:497][  0]LogConfig: Set CVar [[r.Shadow.Virtual.ResolutionLodBiasDirectionalMoving:-1.5]]
[2026.08.06-01.13.10:497][  0]LogConfig: Set CVar [[r.Shadow.Virtual.ResolutionLodBiasLocal:0.0]]
[2026.08.06-01.13.10:498][  0]LogConfig: Set CVar [[r.Shadow.Virtual.ResolutionLodBiasLocalMoving:1.0]]
[2026.08.06-01.13.10:498][  0]LogConfig: Set CVar [[r.Shadow.Virtual.SMRT.RayCountDirectional:8]]
[2026.08.06-01.13.10:498][  0]LogConfig: Set CVar [[r.Shadow.Virtual.SMRT.SamplesPerRayDirectional:4]]
[2026.08.06-01.13.10:498][  0]LogConfig: Set CVar [[r.Shadow.Virtual.SMRT.RayCountLocal:8]]
[2026.08.06-01.13.10:498][  0]LogConfig: Set CVar [[r.Shadow.Virtual.SMRT.SamplesPerRayLocal:4]]
[2026.08.06-01.13.10:498][  0]LogConfig: Applying CVar settings from Section [GlobalIlluminationQuality@3] File [Scalability]
[2026.08.06-01.13.10:498][  0]LogConfig: Set CVar [[r.DistanceFieldAO:1]]
[2026.08.06-01.13.10:498][  0]LogConfig: Set CVar [[r.SkylightIntensityMultiplier:1.0]]
[2026.08.06-01.13.10:498][  0]LogConfig: Set CVar [[r.AOQuality:2]]
[2026.08.06-01.13.10:498][  0]LogConfig: Set CVar [[r.Lumen.DiffuseIndirect.Allow:1]]
[2026.08.06-01.13.10:498][  0]LogConfig: Set CVar [[r.LumenScene.DirectLighting.MaxLightsPerTile:8]]
[2026.08.06-01.13.10:498][  0]LogConfig: Set CVar [[r.LumenScene.DirectLighting.UpdateFactor:32]]
[2026.08.06-01.13.10:498][  0]LogConfig: Set CVar [[r.LumenScene.Radiosity.UpdateFactor:64]]
[2026.08.06-01.13.10:498][  0]LogConfig: Set CVar [[r.LumenScene.Radiosity.ProbeSpacing:4]]
[2026.08.06-01.13.10:498][  0]LogConfig: Set CVar [[r.LumenScene.Radiosity.HemisphereProbeResolution:4]]
[2026.08.06-01.13.10:498][  0]LogConfig: Set CVar [[r.Lumen.TraceMeshSDFs.Allow:1]]
[2026.08.06-01.13.10:498][  0]LogConfig: Set CVar [[r.Lumen.ScreenProbeGather.RadianceCache.ProbeResolution:32]]
[2026.08.06-01.13.10:498][  0]LogConfig: Set CVar [[r.Lumen.ScreenProbeGather.RadianceCache.NumProbesToTraceBudget:100]]
[2026.08.06-01.13.10:499][  0]LogConfig: Set CVar [[r.Lumen.ScreenProbeGather.DownsampleFactor:16]]
[2026.08.06-01.13.10:499][  0]LogConfig: Set CVar [[r.Lumen.ScreenProbeGather.NumAdaptiveProbes:8]]
[2026.08.06-01.13.10:499][  0]LogConfig: Set CVar [[r.Lumen.ScreenProbeGather.TracingOctahedronResolution:8]]
[2026.08.06-01.13.10:499][  0]LogConfig: Set CVar [[r.Lumen.ScreenProbeGather.IrradianceFormat:0]]
[2026.08.06-01.13.10:499][  0]LogConfig: Set CVar [[r.Lumen.ScreenProbeGather.StochasticInterpolation:0]]
[2026.08.06-01.13.10:499][  0]LogConfig: Set CVar [[r.Lumen.ScreenProbeGather.FullResolutionJitterWidth:1]]
[2026.08.06-01.13.10:499][  0]LogConfig: Set CVar [[r.Lumen.ScreenProbeGather.TwoSidedFoliageBackfaceDiffuse:1]]
[2026.08.06-01.13.10:499][  0]LogConfig: Set CVar [[r.Lumen.ScreenProbeGather.ScreenTraces.HZBTraversal.FullResDepth:1]]
[2026.08.06-01.13.10:499][  0]LogConfig: Set CVar [[r.Lumen.ScreenProbeGather.ShortRangeAO.HardwareRayTracing:0]]
[2026.08.06-01.13.10:499][  0]LogConfig: Set CVar [[r.Lumen.ScreenProbeGather.ShortRangeAO.BentNormal:1]]
[2026.08.06-01.13.10:499][  0]LogConfig: Set CVar [[r.Lumen.TranslucencyVolume.GridPixelSize:32]]
[2026.08.06-01.13.10:499][  0]LogConfig: Set CVar [[r.Lumen.TranslucencyVolume.TraceFromVolume:1]]
[2026.08.06-01.13.10:499][  0]LogConfig: Set CVar [[r.Lumen.TranslucencyVolume.TracingOctahedronResolution:3]]
[2026.08.06-01.13.10:499][  0]LogConfig: Set CVar [[r.Lumen.TranslucencyVolume.RadianceCache.ProbeResolution:8]]
[2026.08.06-01.13.10:500][  0]LogConfig: Set CVar [[r.Lumen.TranslucencyVolume.RadianceCache.NumProbesToTraceBudget:70]]
[2026.08.06-01.13.10:500][  0]LogConfig: Set CVar [[r.RayTracing.Scene.BuildMode:1]]
[2026.08.06-01.13.10:500][  0]LogConfig: Applying CVar settings from Section [ReflectionQuality@3] File [Scalability]
[2026.08.06-01.13.10:500][  0]LogConfig: Set CVar [[r.SSR.Quality:3]]
[2026.08.06-01.13.10:500][  0]LogConfig: Set CVar [[r.SSR.HalfResSceneColor:0]]
[2026.08.06-01.13.10:500][  0]LogConfig: Set CVar [[r.Lumen.Reflections.Allow:1]]
[2026.08.06-01.13.10:500][  0]LogConfig: Set CVar [[r.Lumen.Reflections.DownsampleFactor:1]]
[2026.08.06-01.13.10:500][  0]LogConfig: Set CVar [[r.Lumen.Reflections.MaxRoughnessToTraceForFoliage:0.4]]
[2026.08.06-01.13.10:500][  0]LogConfig: Set CVar [[r.Lumen.ScreenProbeGather.MaxRoughnessToEvaluateRoughSpecularForFoliage:0.8]]
[2026.08.06-01.13.10:500][  0]LogConfig: Set CVar [[r.Lumen.Reflections.ScreenSpaceReconstruction.NumSamples:5]]
[2026.08.06-01.13.10:500][  0]LogConfig: Set CVar [[r.Lumen.Reflections.ScreenSpaceReconstruction.MinWeight:0]]
[2026.08.06-01.13.10:500][  0]LogConfig: Set CVar [[r.Lumen.TranslucencyReflections.FrontLayer.Allow:1]]
[2026.08.06-01.13.10:500][  0]LogConfig: Set CVar [[r.Lumen.TranslucencyReflections.FrontLayer.Enable:0]]
[2026.08.06-01.13.10:500][  0]LogConfig: Applying CVar settings from Section [PostProcessQuality@3] File [Scalability]
[2026.08.06-01.13.10:500][  0]LogConfig: Set CVar [[r.MotionBlurQuality:4]]
[2026.08.06-01.13.10:500][  0]LogConfig: Set CVar [[r.MotionBlur.HalfResGather:0]]
[2026.08.06-01.13.10:500][  0]LogConfig: Set CVar [[r.AmbientOcclusionMipLevelFactor:0.4]]
[2026.08.06-01.13.10:500][  0]LogConfig: Set CVar [[r.AmbientOcclusionMaxQuality:100]]
[2026.08.06-01.13.10:500][  0]LogConfig: Set CVar [[r.AmbientOcclusionLevels:-1]]
[2026.08.06-01.13.10:500][  0]LogConfig: Set CVar [[r.AmbientOcclusionRadiusScale:1.0]]
[2026.08.06-01.13.10:500][  0]LogConfig: Set CVar [[r.DepthOfFieldQuality:2]]
[2026.08.06-01.13.10:501][  0]LogConfig: Set CVar [[r.RenderTargetPoolMin:400]]
[2026.08.06-01.13.10:501][  0]LogConfig: Set CVar [[r.LensFlareQuality:2]]
[2026.08.06-01.13.10:501][  0]LogConfig: Set CVar [[r.SceneColorFringeQuality:1]]
[2026.08.06-01.13.10:501][  0]LogConfig: Set CVar [[r.EyeAdaptationQuality:2]]
[2026.08.06-01.13.10:501][  0]LogConfig: Set CVar [[r.BloomQuality:5]]
[2026.08.06-01.13.10:501][  0]LogConfig: Set CVar [[r.Bloom.ScreenPercentage:50.000]]
[2026.08.06-01.13.10:501][  0]LogConfig: Set CVar [[r.FastBlurThreshold:100]]
[2026.08.06-01.13.10:501][  0]LogConfig: Set CVar [[r.Upscale.Quality:3]]
[2026.08.06-01.13.10:501][  0]LogConfig: Set CVar [[r.LightShaftQuality:1]]
[2026.08.06-01.13.10:501][  0]LogConfig: Set CVar [[r.Filter.SizeScale:1]]
[2026.08.06-01.13.10:501][  0]LogConfig: Set CVar [[r.Tonemapper.Quality:5]]
[2026.08.06-01.13.10:501][  0]LogConfig: Set CVar [[r.DOF.Gather.ResolutionDivisor:2         ; lower gathering resolution]]
[2026.08.06-01.13.10:501][  0]LogConfig: Set CVar [[r.DOF.Gather.AccumulatorQuality:1        ; higher gathering accumulator quality]]
[2026.08.06-01.13.10:501][  0]LogConfig: Set CVar [[r.DOF.Gather.PostfilterMethod:1          ; Median3x3 postfilering method]]
[2026.08.06-01.13.10:501][  0]LogConfig: Set CVar [[r.DOF.Gather.EnableBokehSettings:0       ; no bokeh simulation when gathering]]
[2026.08.06-01.13.10:501][  0]LogConfig: Set CVar [[r.DOF.Gather.RingCount:4                 ; medium number of samples when gathering]]
[2026.08.06-01.13.10:501][  0]LogConfig: Set CVar [[r.DOF.Scatter.ForegroundCompositing:1    ; additive foreground scattering]]
[2026.08.06-01.13.10:501][  0]LogConfig: Set CVar [[r.DOF.Scatter.BackgroundCompositing:2    ; additive background scattering]]
[2026.08.06-01.13.10:501][  0]LogConfig: Set CVar [[r.DOF.Scatter.EnableBokehSettings:1      ; bokeh simulation when scattering]]
[2026.08.06-01.13.10:501][  0]LogConfig: Set CVar [[r.DOF.Scatter.MaxSpriteRatio:0.1         ; only a maximum of 10% of scattered bokeh]]
[2026.08.06-01.13.10:501][  0]LogConfig: Set CVar [[r.DOF.Recombine.Quality:1                ; cheap slight out of focus]]
[2026.08.06-01.13.10:501][  0]LogConfig: Set CVar [[r.DOF.Recombine.EnableBokehSettings:0    ; no bokeh simulation on slight out of focus]]
[2026.08.06-01.13.10:501][  0]LogConfig: Set CVar [[r.DOF.TemporalAAQuality:1                ; more stable temporal accumulation]]
[2026.08.06-01.13.10:501][  0]LogConfig: Set CVar [[r.DOF.Kernel.MaxForegroundRadius:0.025]]
[2026.08.06-01.13.10:501][  0]LogConfig: Set CVar [[r.DOF.Kernel.MaxBackgroundRadius:0.025]]
[2026.08.06-01.13.10:501][  0]LogConfig: Applying CVar settings from Section [TextureQuality@3] File [Scalability]
[2026.08.06-01.13.10:501][  0]LogConfig: Set CVar [[r.Streaming.MipBias:0]]
[2026.08.06-01.13.10:501][  0]LogConfig: Set CVar [[r.Streaming.AmortizeCPUToGPUCopy:0]]
[2026.08.06-01.13.10:501][  0]LogConfig: Set CVar [[r.Streaming.MaxNumTexturesToStreamPerFrame:0]]
[2026.08.06-01.13.10:501][  0]LogConfig: Set CVar [[r.Streaming.Boost:1]]
[2026.08.06-01.13.10:503][  0]LogConfig: Set CVar [[r.MaxAnisotropy:8]]
[2026.08.06-01.13.10:503][  0]LogConfig: Set CVar [[r.VT.MaxAnisotropy:8]]
[2026.08.06-01.13.10:503][  0]LogConfig: Set CVar [[r.Streaming.LimitPoolSizeToVRAM:0]]
[2026.08.06-01.13.10:503][  0]LogConfig: Set CVar [[r.Streaming.PoolSize:1000]]
[2026.08.06-01.13.10:503][  0]LogConfig: Set CVar [[r.Streaming.MaxEffectiveScreenSize:0]]
[2026.08.06-01.13.10:503][  0]LogConfig: Applying CVar settings from Section [EffectsQuality@3] File [Scalability]
[2026.08.06-01.13.10:503][  0]LogConfig: Set CVar [[r.TranslucencyLightingVolumeDim:64]]
[2026.08.06-01.13.10:503][  0]LogConfig: Set CVar [[r.RefractionQuality:2]]
[2026.08.06-01.13.10:503][  0]LogConfig: Set CVar [[r.SceneColorFormat:4]]
[2026.08.06-01.13.10:503][  0]LogConfig: Set CVar [[r.DetailMode:3]]
[2026.08.06-01.13.10:503][  0]LogConfig: Set CVar [[r.TranslucencyVolumeBlur:1]]
[2026.08.06-01.13.10:503][  0]LogConfig: Set CVar [[r.MaterialQualityLevel:1 ; High quality]]
[2026.08.06-01.13.10:503][  0]LogConfig: Set CVar [[r.SSS.Scale:1]]
[2026.08.06-01.13.10:503][  0]LogConfig: Set CVar [[r.SSS.SampleSet:2]]
[2026.08.06-01.13.10:503][  0]LogConfig: Set CVar [[r.SSS.Quality:1]]
[2026.08.06-01.13.10:503][  0]LogConfig: Set CVar [[r.SSS.HalfRes:0]]
[2026.08.06-01.13.10:503][  0]LogConfig: Set CVar [[r.SSGI.Quality:3]]
[2026.08.06-01.13.10:503][  0]LogConfig: Set CVar [[r.EmitterSpawnRateScale:1.0]]
[2026.08.06-01.13.10:503][  0]LogConfig: Set CVar [[r.ParticleLightQuality:2]]
[2026.08.06-01.13.10:504][  0]LogConfig: Set CVar [[r.SkyAtmosphere.AerialPerspectiveLUT.FastApplyOnOpaque:1 ; Always have FastSkyLUT 1 in this case to avoid wrong sky]]
[2026.08.06-01.13.10:504][  0]LogConfig: Set CVar [[r.SkyAtmosphere.AerialPerspectiveLUT.SampleCountMaxPerSlice:4]]
[2026.08.06-01.13.10:504][  0]LogConfig: Set CVar [[r.SkyAtmosphere.AerialPerspectiveLUT.DepthResolution:16.0]]
[2026.08.06-01.13.10:504][  0]LogConfig: Set CVar [[r.SkyAtmosphere.FastSkyLUT:1]]
[2026.08.06-01.13.10:504][  0]LogConfig: Set CVar [[r.SkyAtmosphere.FastSkyLUT.SampleCountMin:4.0]]
[2026.08.06-01.13.10:504][  0]LogConfig: Set CVar [[r.SkyAtmosphere.FastSkyLUT.SampleCountMax:128.0]]
[2026.08.06-01.13.10:504][  0]LogConfig: Set CVar [[r.SkyAtmosphere.SampleCountMin:4.0]]
[2026.08.06-01.13.10:504][  0]LogConfig: Set CVar [[r.SkyAtmosphere.SampleCountMax:128.0]]
[2026.08.06-01.13.10:504][  0]LogConfig: Set CVar [[r.SkyAtmosphere.TransmittanceLUT.UseSmallFormat:0]]
[2026.08.06-01.13.10:504][  0]LogConfig: Set CVar [[r.SkyAtmosphere.TransmittanceLUT.SampleCount:10.0]]
[2026.08.06-01.13.10:504][  0]LogConfig: Set CVar [[r.SkyAtmosphere.MultiScatteringLUT.SampleCount:15.0]]
[2026.08.06-01.13.10:504][  0]LogConfig: Set CVar [[fx.Niagara.QualityLevel:3]]
[2026.08.06-01.13.10:504][  0]LogConfig: Set CVar [[r.Refraction.OffsetQuality:1]]
[2026.08.06-01.13.10:504][  0]LogConfig: Set CVar [[r.HeterogeneousVolumes.DownsampleFactor:2]]
[2026.08.06-01.13.10:504][  0]LogConfig: Set CVar [[r.HeterogeneousVolumes.MaxStepCount:256]]
[2026.08.06-01.13.10:504][  0]LogConfig: Set CVar [[r.HeterogeneousVolumes.Shadows.Resolution:256]]
[2026.08.06-01.13.10:504][  0]LogConfig: Set CVar [[r.HeterogeneousVolumes.Shadows.MaxSampleCount:8]]
[2026.08.06-01.13.10:505][  0]LogConfig: Set CVar [[r.HeterogeneousVolumes.UseExistenceMask:0]]
[2026.08.06-01.13.10:505][  0]LogConfig: Applying CVar settings from Section [FoliageQuality@3] File [Scalability]
[2026.08.06-01.13.10:505][  0]LogConfig: Set CVar [[foliage.DensityScale:1.0]]
[2026.08.06-01.13.10:505][  0]LogConfig: Set CVar [[grass.DensityScale:1.0]]
[2026.08.06-01.13.10:505][  0]LogConfig: Applying CVar settings from Section [ShadingQuality@3] File [Scalability]
[2026.08.06-01.13.10:505][  0]LogConfig: Set CVar [[r.HairStrands.SkyLighting.IntegrationType:2]]
[2026.08.06-01.13.10:505][  0]LogConfig: Set CVar [[r.HairStrands.SkyAO.SampleCount:4]]
[2026.08.06-01.13.10:505][  0]LogConfig: Set CVar [[r.HairStrands.Visibility.MSAA.SamplePerPixel:4]]
[2026.08.06-01.13.10:505][  0]LogConfig: Set CVar [[r.AnisotropicMaterials:1]]
[2026.08.06-01.13.10:505][  0]LogConfig: Applying CVar settings from Section [LandscapeQuality@3] File [Scalability]
[2026.08.06-01.13.10:505][  0]LogRHI: Using Default RHI: D3D12
[2026.08.06-01.13.10:505][  0]LogRHI: Using Highest Feature Level of D3D12: SM6
[2026.08.06-01.13.10:505][  0]LogRHI: Loading RHI module D3D12RHI
[2026.08.06-01.13.10:507][  0]LogD3D12RHI: Loading WinPixEventRuntime.dll for PIX profiling (from ../../../Engine/Binaries/ThirdParty/Windows/WinPixEventRuntime/x64).
[2026.08.06-01.13.10:507][  0]LogRHI: Checking if RHI D3D12 with Feature Level SM6 is supported by your system.
[2026.08.06-01.13.10:842][  0]LogD3D12RHI: Found D3D12 adapter 0: NVIDIA GeForce RTX 5060 (VendorId: 10de, DeviceId: 2d05, SubSysId: 8a1f1043, Revision: 00a1
[2026.08.06-01.13.10:842][  0]LogD3D12RHI:   Max supported Feature Level 12_2, shader model 6.7, binding tier 3, wave ops supported, atomic64 supported
[2026.08.06-01.13.10:842][  0]LogD3D12RHI:   Adapter has 7895MB of dedicated video memory, 0MB of dedicated system memory, and 16278MB of shared system memory, 1 output[s], UMA:false
[2026.08.06-01.13.10:842][  0]LogD3D12RHI:   Driver Version: 591.86 (internal:32.0.15.9186, unified:591.86)
[2026.08.06-01.13.10:843][  0]LogD3D12RHI:      Driver Date: 1-20-2026
[2026.08.06-01.13.10:848][  0]LogD3D12RHI: Found D3D12 adapter 1: Microsoft Basic Render Driver (VendorId: 1414, DeviceId: 008c, SubSysId: 0000, Revision: 0000
[2026.08.06-01.13.10:848][  0]LogD3D12RHI:   Max supported Feature Level 12_1, shader model 6.7, binding tier 3, wave ops supported, atomic64 supported
[2026.08.06-01.13.10:848][  0]LogD3D12RHI:   Adapter has 0MB of dedicated video memory, 0MB of dedicated system memory, and 16278MB of shared system memory, 0 output[s], UMA:true
[2026.08.06-01.13.10:849][  0]LogD3D12RHI: DirectX Agility SDK runtime found.
[2026.08.06-01.13.10:849][  0]LogD3D12RHI: Chosen D3D12 Adapter Id = 0
[2026.08.06-01.13.10:849][  0]LogRHI: RHI D3D12 with Feature Level SM6 is supported and will be used.
[2026.08.06-01.13.10:849][  0]LogInit: Selected Device Profile: [WindowsEditor]
[2026.08.06-01.13.10:849][  0]LogHAL: Display: Platform has ~ 32 GB [34138939392 / 34359738368 / 32], which maps to Largest [LargestMinGB=32, LargerMinGB=12, DefaultMinGB=8, SmallerMinGB=6, SmallestMinGB=0)
[2026.08.06-01.13.10:849][  0]LogDeviceProfileManager: Going up to parent DeviceProfile [Windows]
[2026.08.06-01.13.10:849][  0]LogDeviceProfileManager: Going up to parent DeviceProfile []
[2026.08.06-01.13.10:849][  0]LogDeviceProfileManager: Pushing Device Profile CVar: [[UI.SlateSDFText.RasterizationMode:Bitmap -> Msdf]]
[2026.08.06-01.13.10:849][  0]LogDeviceProfileManager: Pushing Device Profile CVar: [[UI.SlateSDFText.ResolutionLevel:2 -> 2]]
[2026.08.06-01.13.10:849][  0]LogConfig: Applying CVar settings from Section [Startup] File [../../../Engine/Config/ConsoleVariables.ini]
[2026.08.06-01.13.10:849][  0]LogConfig: Set CVar [[r.DumpShaderDebugInfo:2]]
[2026.08.06-01.13.10:849][  0]LogConfig: Set CVar [[p.chaos.AllowCreatePhysxBodies:1]]
[2026.08.06-01.13.10:849][  0]LogConfig: Set CVar [[fx.SkipVectorVMBackendOptimizations:1]]
[2026.08.06-01.13.10:849][  0]LogConfig: CVar [[ds.CADTranslator.Meshing.ActivateThinZoneMeshing:0]] deferred - dummy variable created
[2026.08.06-01.13.10:849][  0]LogConfig: CVar [[ds.CADTranslator.Stitching.RemoveThinFaces:0]] deferred - dummy variable created
[2026.08.06-01.13.10:849][  0]LogConfig: Applying CVar settings from Section [Startup_Windows] File [../../../Engine/Config/ConsoleVariables.ini]
[2026.08.06-01.13.10:850][  0]LogConfig: Applying CVar settings from Section [ConsoleVariables] File [Engine]
[2026.08.06-01.13.10:850][  0]LogConfig: Applying CVar settings from Section [ConsoleVariables] File [D:/Unreal Projects/VLA/Saved/Config/WindowsEditor/Editor.ini]
[2026.08.06-01.13.10:850][  0]LogInit: Computer: LIU
[2026.08.06-01.13.10:850][  0]LogInit: User: LIU
[2026.08.06-01.13.10:850][  0]LogInit: CPU Page size=4096, Cores=14
[2026.08.06-01.13.10:850][  0]LogInit: High frequency timer resolution =10.000000 MHz
[2026.08.06-01.13.10:850][  0]LogMemory: Process is running as part of a Windows Job with separate resource limits
[2026.08.06-01.13.10:850][  0]LogMemory: Memory total: Physical=31.8GB (32GB approx) Virtual=43.4GB
[2026.08.06-01.13.10:850][  0]LogMemory: Platform Memory Stats for WindowsEditor
[2026.08.06-01.13.10:850][  0]LogMemory: Process Physical Memory: 579.30 MB used, 866.67 MB peak
[2026.08.06-01.13.10:850][  0]LogMemory: Process Virtual Memory: 570.93 MB used, 581.22 MB peak
[2026.08.06-01.13.10:850][  0]LogMemory: Physical Memory: 20652.68 MB used,  11904.75 MB free, 32557.43 MB total
[2026.08.06-01.13.10:850][  0]LogMemory: Virtual Memory: 31867.48 MB used,  12560.39 MB free, 44427.88 MB total
[2026.08.06-01.13.10:850][  0]LogCsvProfiler: Display: Metadata set : extradevelopmentmemorymb="0"
[2026.08.06-01.13.10:852][  0]LogWindows: WindowsPlatformFeatures enabled
[2026.08.06-01.13.10:853][  0]LogChaosDD: Chaos Debug Draw Startup
[2026.08.06-01.13.10:853][  0]LogInit: Physics initialised using underlying interface: Chaos
[2026.08.06-01.13.10:853][  0]LogInit: Using OS detected language (zh-CN).
[2026.08.06-01.13.10:853][  0]LogInit: Using OS detected locale (zh-CN).
[2026.08.06-01.13.10:854][  0]LogTextLocalizationManager: No specific localization for 'zh-CN' exists, so 'zh-Hans' will be used for the language.
[2026.08.06-01.13.11:058][  0]LogTextLocalizationResource: LocRes '../../../Engine/Content/Localization/Editor/zh/Editor.locres' could not be opened for reading!
[2026.08.06-01.13.11:058][  0]LogTextLocalizationResource: LocRes '../../../Engine/Content/Localization/EditorTutorials/zh/EditorTutorials.locres' could not be opened for reading!
[2026.08.06-01.13.11:058][  0]LogTextLocalizationResource: LocRes '../../../Engine/Content/Localization/Keywords/zh/Keywords.locres' could not be opened for reading!
[2026.08.06-01.13.11:058][  0]LogTextLocalizationResource: LocRes '../../../Engine/Content/Localization/Category/zh/Category.locres' could not be opened for reading!
[2026.08.06-01.13.11:058][  0]LogTextLocalizationResource: LocRes '../../../Engine/Content/Localization/ToolTips/zh/ToolTips.locres' could not be opened for reading!
[2026.08.06-01.13.11:058][  0]LogTextLocalizationResource: LocRes '../../../Engine/Content/Localization/PropertyNames/zh/PropertyNames.locres' could not be opened for reading!
[2026.08.06-01.13.11:058][  0]LogTextLocalizationResource: LocRes '../../../Engine/Content/Localization/Engine/zh/Engine.locres' could not be opened for reading!
[2026.08.06-01.13.11:058][  0]LogTextLocalizationResource: LocRes '../../../Engine/Plugins/MetaHuman/MetaHumanSDK/Content/Localization/MetaHumanSDK/zh/MetaHumanSDK.locres' could not be opened for reading!
[2026.08.06-01.13.11:058][  0]LogTextLocalizationResource: LocRes '../../../Engine/Plugins/Online/OnlineSubsystem/Content/Localization/OnlineSubsystem/zh/OnlineSubsystem.locres' could not be opened for reading!
[2026.08.06-01.13.11:059][  0]LogTextLocalizationResource: LocRes '../../../Engine/Plugins/Online/OnlineSubsystemUtils/Content/Localization/OnlineSubsystemUtils/zh/OnlineSubsystemUtils.locres' could not be opened for reading!
[2026.08.06-01.13.11:059][  0]LogTextLocalizationResource: LocRes '../../../Engine/Plugins/Online/IOS/OnlineSubsystemIOS/Content/Localization/OnlineSubsystemIOS/zh/OnlineSubsystemIOS.locres' could not be opened for reading!
[2026.08.06-01.13.11:059][  0]LogTextLocalizationResource: LocRes '../../../Engine/Plugins/Online/Android/OnlineSubsystemGooglePlay/Content/Localization/OnlineSubsystemGooglePlay/zh/OnlineSubsystemGooglePlay.locres' could not be opened for reading!
[2026.08.06-01.13.11:133][  0]LogWindowsTextInputMethodSystem: Available input methods:
[2026.08.06-01.13.11:133][  0]LogWindowsTextInputMethodSystem:   - 简体中文(中国大陆) - 微软拼音 (TSF IME).
[2026.08.06-01.13.11:133][  0]LogWindowsTextInputMethodSystem:   - 简体中文(中国大陆) - 触控输入更正 (TSF IME).
[2026.08.06-01.13.11:133][  0]LogWindowsTextInputMethodSystem: Activated input method: 简体中文(中国大陆) - 微软拼音 (TSF IME).
[2026.08.06-01.13.11:139][  0]LogWindowsTouchpad: Display: CacheForceMaxTouchpadSensitivityMode SetMaxTouchpadSensitivity
[2026.08.06-01.13.11:141][  0]LogObj: Display: Attempting to load config data for Default__SlateThemeManager before the Class has been constructed/registered/linked (likely during module loading or early startup). This will result in the load silently failing and should be fixed.
[2026.08.06-01.13.11:143][  0]LogSlate: New Slate User Created. Platform User Id 0, User Index 0, Is Virtual User: 0
[2026.08.06-01.13.11:143][  0]LogSlate: Slate User Registered.  User Index 0, Is Virtual User: 0
[2026.08.06-01.13.11:167][  0]LogRHI: Using Default RHI: D3D12
[2026.08.06-01.13.11:167][  0]LogRHI: Using Highest Feature Level of D3D12: SM6
[2026.08.06-01.13.11:167][  0]LogRHI: Loading RHI module D3D12RHI
[2026.08.06-01.13.11:167][  0]LogRHI: Checking if RHI D3D12 with Feature Level SM6 is supported by your system.
[2026.08.06-01.13.11:167][  0]LogRHI: RHI D3D12 with Feature Level SM6 is supported and will be used.
[2026.08.06-01.13.11:167][  0]LogD3D12RHI: Integrated GPU (iGPU): false
[2026.08.06-01.13.11:167][  0]LogD3D12RHI: Display: Creating D3D12 RHI with Max Feature Level SM6
[2026.08.06-01.13.11:167][  0]LogWindows: Attached monitors:
[2026.08.06-01.13.11:167][  0]LogWindows:     resolution: 2048x1152, work area: (0, 0) -> (2048, 1104), device: '\\.\DISPLAY1' [PRIMARY]
[2026.08.06-01.13.11:167][  0]LogWindows: Found 1 attached monitors.
[2026.08.06-01.13.11:167][  0]LogWindows: Gathering driver information using Windows Setup API
[2026.08.06-01.13.11:167][  0]LogRHI: RHI Adapter Info:
[2026.08.06-01.13.11:167][  0]LogRHI:             Name: NVIDIA GeForce RTX 5060
[2026.08.06-01.13.11:167][  0]LogRHI:   Driver Version: 591.86 (internal:32.0.15.9186, unified:591.86)
[2026.08.06-01.13.11:168][  0]LogRHI:      Driver Date: 1-20-2026
[2026.08.06-01.13.11:168][  0]LogD3D12RHI:     GPU DeviceId: 0x2d05 (for the marketing name, search the web for "GPU Device Id")
[2026.08.06-01.13.11:168][  0]LogD3D12RHI: InitD3DDevice: -D3DDebug = off -D3D12GPUValidation = off
[2026.08.06-01.13.11:259][  0]LogNvidiaAftermath: Aftermath initialized
[2026.08.06-01.13.11:259][  0]LogD3D12RHI: Emitting draw events for PIX profiling.
[2026.08.06-01.13.11:374][  0]LogNvidiaAftermath: Aftermath enabled. Active feature flags: 
[2026.08.06-01.13.11:374][  0]LogNvidiaAftermath:  - Feature: EnableResourceTracking
[2026.08.06-01.13.11:376][  0]LogD3D12RHI: ID3D12Device1 is supported.
[2026.08.06-01.13.11:376][  0]LogD3D12RHI: ID3D12Device2 is supported.
[2026.08.06-01.13.11:376][  0]LogD3D12RHI: ID3D12Device3 is supported.
[2026.08.06-01.13.11:376][  0]LogD3D12RHI: ID3D12Device4 is supported.
[2026.08.06-01.13.11:376][  0]LogD3D12RHI: ID3D12Device5 is supported.
[2026.08.06-01.13.11:376][  0]LogD3D12RHI: ID3D12Device6 is supported.
[2026.08.06-01.13.11:377][  0]LogD3D12RHI: ID3D12Device7 is supported.
[2026.08.06-01.13.11:377][  0]LogD3D12RHI: ID3D12Device8 is supported.
[2026.08.06-01.13.11:377][  0]LogD3D12RHI: ID3D12Device9 is supported.
[2026.08.06-01.13.11:377][  0]LogD3D12RHI: ID3D12Device10 is supported.
[2026.08.06-01.13.11:378][  0]LogD3D12RHI: ID3D12Device11 is supported.
[2026.08.06-01.13.11:378][  0]LogD3D12RHI: ID3D12Device12 is supported.
[2026.08.06-01.13.11:378][  0]LogD3D12RHI: Bindless resources are supported
[2026.08.06-01.13.11:378][  0]LogD3D12RHI: Stencil ref from pixel shader is not supported
[2026.08.06-01.13.11:378][  0]LogD3D12RHI: Raster order views are supported
[2026.08.06-01.13.11:378][  0]LogD3D12RHI: Wave Operations are supported (wave size: min=32 max=32).
[2026.08.06-01.13.11:378][  0]LogD3D12RHI: D3D12 ray tracing tier 1.1 and bindless resources are supported.
[2026.08.06-01.13.11:378][  0]LogD3D12RHI: Mesh shader tier 1.0 is supported
[2026.08.06-01.13.11:378][  0]LogD3D12RHI: AtomicInt64OnTypedResource is supported
[2026.08.06-01.13.11:378][  0]LogD3D12RHI: AtomicInt64OnGroupShared is supported
[2026.08.06-01.13.11:379][  0]LogD3D12RHI: AtomicInt64OnDescriptorHeapResource is supported
[2026.08.06-01.13.11:379][  0]LogD3D12RHI: Shader Model 6.6 atomic64 is supported
[2026.08.06-01.13.11:379][  0]LogD3D12RHI: Work Graphs are supported
[2026.08.06-01.13.11:428][  0]LogD3D12RHI: [GPUBreadCrumb] Successfully setup breadcrumb resource for DiagnosticBuffer (Queue: 0x000001B2FC1AB2C0)
[2026.08.06-01.13.11:428][  0]LogD3D12RHI: [GPUBreadCrumb] Successfully setup breadcrumb resource for DiagnosticBuffer (Queue: 0x000001B2FC1AB580)
[2026.08.06-01.13.11:429][  0]LogD3D12RHI: [GPUBreadCrumb] Successfully setup breadcrumb resource for DiagnosticBuffer (Queue: 0x000001B2FC1AB840)
[2026.08.06-01.13.11:429][  0]LogD3D12RHI: Display: Not using pipeline state disk cache per r.D3D12.PSO.DiskCache=0
[2026.08.06-01.13.11:429][  0]LogD3D12RHI: Display: Not using driver-optimized pipeline state disk cache per r.D3D12.PSO.DriverOptimizedDiskCache=0
[2026.08.06-01.13.11:574][  0]LogD3D12RHI: NVIDIA Shader Execution Reordering interface supported!
[2026.08.06-01.13.11:574][  0]LogD3D12RHI: Display: Batched command list execution is disabled for async queues due to known bugs in the current driver.
[2026.08.06-01.13.11:574][  0]LogRHI: Texture pool is 4490 MB (70% of 6414 MB)
[2026.08.06-01.13.11:574][  0]LogD3D12RHI: Async texture creation enabled
[2026.08.06-01.13.11:574][  0]LogD3D12RHI: RHI has support for 64 bit atomics
[2026.08.06-01.13.11:582][  0]LogVRS: Current RHI supports per-draw and screenspace Variable Rate Shading
[2026.08.06-01.13.11:584][  0]LogCsvProfiler: Display: Metadata set : verbatimrhiname="D3D12"
[2026.08.06-01.13.11:584][  0]LogCsvProfiler: Display: Metadata set : rhiname="D3D12"
[2026.08.06-01.13.11:584][  0]LogCsvProfiler: Display: Metadata set : rhifeaturelevel="SM6"
[2026.08.06-01.13.11:584][  0]LogCsvProfiler: Display: Metadata set : shaderplatform="PCD3D_SM6"
[2026.08.06-01.13.11:584][  0]LogInit: Initializing FReadOnlyCVARCache
[2026.08.06-01.13.11:588][  0]LogTextureFormatASTC: Display: ASTCEnc version 5.0.1 library loaded
[2026.08.06-01.13.11:588][  0]LogTextureFormatManager: Display: Loaded Base TextureFormat: TextureFormatASTC
[2026.08.06-01.13.11:588][  0]LogTextureFormatManager: Display: Loaded Base TextureFormat: TextureFormatDXT
[2026.08.06-01.13.11:588][  0]LogTextureFormatManager: Display: Loaded Base TextureFormat: TextureFormatETC2
[2026.08.06-01.13.11:588][  0]LogTextureFormatManager: Display: Loaded Base TextureFormat: TextureFormatIntelISPCTexComp
[2026.08.06-01.13.11:588][  0]LogTextureFormatManager: Display: Loaded Base TextureFormat: TextureFormatUncompressed
[2026.08.06-01.13.11:588][  0]LogTextureFormatOodle: Display: Oodle Texture TFO init; latest sdk version = 2.9.13
[2026.08.06-01.13.11:588][  0]LogTextureFormatOodle: Display: Oodle Texture loading DLL: oo2tex_win64_2.9.13.dll
[2026.08.06-01.13.11:588][  0]LogTextureFormatOodle: Display: Oodle Texture loading DLL: oo2tex_win64_2.9.5.dll
[2026.08.06-01.13.11:589][  0]LogTextureFormatManager: Display: Loaded Base TextureFormat: TextureFormatOodle
[2026.08.06-01.13.11:606][  0]LogTargetPlatformManager: Display: Loaded TargetPlatform 'Windows'
[2026.08.06-01.13.11:606][  0]LogTargetPlatformManager: Display: Loaded TargetPlatform 'WindowsEditor'
[2026.08.06-01.13.11:606][  0]LogTargetPlatformManager: Display: Loaded TargetPlatform 'WindowsServer'
[2026.08.06-01.13.11:606][  0]LogTargetPlatformManager: Display: Loaded TargetPlatform 'WindowsClient'
[2026.08.06-01.13.11:606][  0]LogTargetPlatformManager: Display: Building Assets For WindowsEditor
[2026.08.06-01.13.11:627][  0]LogRendererCore: Ray tracing is enabled (dynamic). Reason: r.RayTracing=1 and r.RayTracing.EnableOnDemand=1.
[2026.08.06-01.13.11:627][  0]LogRendererCore: Ray tracing shaders are enabled.
[2026.08.06-01.13.11:630][  0]LogDerivedDataCache: Display: Memory: Max Cache Size: -1 MB
[2026.08.06-01.13.11:630][  0]LogDerivedDataCache: FDerivedDataBackendGraph: Pak pak cache file ../../../../../../Unreal Projects/VLA/DerivedDataCache/DDC.ddp not found, will not use a pak cache.
[2026.08.06-01.13.11:630][  0]LogDerivedDataCache: Unable to find inner node Pak for hierarchy Hierarchy.
[2026.08.06-01.13.11:630][  0]LogDerivedDataCache: FDerivedDataBackendGraph: CompressedPak pak cache file ../../../../../../Unreal Projects/VLA/DerivedDataCache/Compressed.ddp not found, will not use a pak cache.
[2026.08.06-01.13.11:630][  0]LogDerivedDataCache: Unable to find inner node CompressedPak for hierarchy Hierarchy.
[2026.08.06-01.13.11:762][  0]LogDerivedDataCache: Display: ../../../Engine/DerivedDataCache/Compressed.ddp: Opened pak cache for reading. (1350 MiB)
[2026.08.06-01.13.11:762][  0]LogDerivedDataCache: FDerivedDataBackendGraph: EnterprisePak pak cache file ../../../Enterprise/DerivedDataCache/Compressed.ddp not found, will not use a pak cache.
[2026.08.06-01.13.11:762][  0]LogDerivedDataCache: Unable to find inner node EnterprisePak for hierarchy Hierarchy.
[2026.08.06-01.13.11:762][  0]LogZenServiceInstance: Found Zen config default=C:/Users/LIU/AppData/Local/UnrealEngine/Common/Zen/Data
[2026.08.06-01.13.11:763][  0]LogZenServiceInstance: InTree version at 'D:/Softwares/Unreal Engine/UE_5.6/Engine/Binaries/Win64/zenserver.exe' is '5.6.6-202504241958-windows-x64-release-f090a03'
[2026.08.06-01.13.11:763][  0]LogZenServiceInstance: Installed version at 'C:/Users/LIU/AppData/Local/UnrealEngine/Common/Zen/Install/zenserver.exe' is '5.6.6-202504241958-windows-x64-release-f090a03'
[2026.08.06-01.13.11:763][  0]LogZenServiceInstance: No current process using the data dir found, launching a new instance
[2026.08.06-01.13.11:763][  0]LogZenServiceInstance: Display: Launching executable 'C:/Users/LIU/AppData/Local/UnrealEngine/Common/Zen/Install/zenserver.exe', working dir 'C:/Users/LIU/AppData/Local/UnrealEngine/Common/Zen/Install', data dir 'C:/Users/LIU/AppData/Local/UnrealEngine/Common/Zen/Data', args '--port 8558 --data-dir "C:\Users\LIU\AppData\Local\UnrealEngine\Common\Zen\Data" --http asio --gc-cache-duration-seconds 1209600 --gc-interval-seconds 21600 --gc-low-diskspace-threshold 2147483648 --quiet --http-forceloopback --owner-pid 27540  --child-id Zen_27540_Startup'
[2026.08.06-01.13.11:868][  0]LogZenServiceInstance: Display: Unreal Zen Storage Server HTTP service at [::1]:8558 status: OK!.
[2026.08.06-01.13.11:868][  0]LogZenServiceInstance: Local ZenServer AutoLaunch initialization completed in 0.105 seconds
[2026.08.06-01.13.11:880][  0]LogDerivedDataCache: Display: ZenLocal: Using ZenServer HTTP service at http://[::1]:8558/ with namespace ue.ddc status: OK!.
[2026.08.06-01.13.11:886][  0]LogDerivedDataCache: C:/Users/LIU/AppData/Local/UnrealEngine/Common/DerivedDataCache: Speed tests took 0.01 seconds.
[2026.08.06-01.13.11:886][  0]LogDerivedDataCache: Display: C:/Users/LIU/AppData/Local/UnrealEngine/Common/DerivedDataCache: Performance: Latency=0.02ms. RandomReadSpeed=930.06MBs, RandomWriteSpeed=228.22MBs. Assigned SpeedClass 'Local'
[2026.08.06-01.13.11:887][  0]LogDerivedDataCache: Local: Using data cache path C:/Users/LIU/AppData/Local/UnrealEngine/Common/DerivedDataCache: DeleteOnly
[2026.08.06-01.13.11:887][  0]LogDerivedDataCache: ZenShared: Disabled because Host is set to 'None'
[2026.08.06-01.13.11:887][  0]LogDerivedDataCache: Unable to find inner node ZenShared for hierarchy Hierarchy.
[2026.08.06-01.13.11:888][  0]LogDerivedDataCache: Shared: Disabled because no path is configured.
[2026.08.06-01.13.11:889][  0]LogDerivedDataCache: Unable to find inner node Shared for hierarchy Hierarchy.
[2026.08.06-01.13.11:889][  0]LogDerivedDataCache: Cloud: Disabled because Host is set to 'None'
[2026.08.06-01.13.11:890][  0]LogDerivedDataCache: Unable to find inner node Cloud for hierarchy Hierarchy.
[2026.08.06-01.13.11:890][  0]LogShaderCompilers: Guid format shader working directory is 6 characters bigger than the processId version (../../../../../../Unreal Projects/VLA/Intermediate/Shaders/WorkingDirectory/27540/).
[2026.08.06-01.13.11:890][  0]LogShaderCompilers: Cleaned the shader compiler working directory 'C:/Users/LIU/AppData/Local/Temp/UnrealShaderWorkingDir/029953DE48BAECED18970882A549D605/'.
[2026.08.06-01.13.11:891][  0]LogXGEController: Cannot use XGE Controller as Incredibuild is not installed on this machine.
[2026.08.06-01.13.11:891][  0]LogShaderCompilers: Display: Using 10 local workers for shader compilation
[2026.08.06-01.13.11:904][  0]LogShaderCompilers: Display: Compiling shader autogen file: ../../../../../../Unreal Projects/VLA/Intermediate/ShaderAutogen/PCD3D_SM6/AutogenShaderHeaders.ush
[2026.08.06-01.13.11:904][  0]LogShaderCompilers: Display: Autogen file is unchanged, skipping write.
[2026.08.06-01.13.16:085][  0]LogSlate: Using FreeType 2.10.0
[2026.08.06-01.13.16:086][  0]LogSlate: SlateFontServices - WITH_FREETYPE: 1, WITH_HARFBUZZ: 1
[2026.08.06-01.13.16:091][  0]LogStreaming: Warning: Failed to read file '../../../Engine/Platforms/VisionOS/Content/Editor/Slate/Launcher/Platform_VisionOS_128x.png' error.
[2026.08.06-01.13.16:091][  0]LogSlate: Could not load file for Slate resource: [../../../Engine/Platforms/VisionOS/Content/Editor/Slate/Launcher/Platform_VisionOS_128x.png] file: [../../../Engine/Platforms/VisionOS/Content/Editor/Slate/Launcher/Platform_VisionOS_128x.png]
[2026.08.06-01.13.16:091][  0]LogStreaming: Warning: Failed to read file '../../../Engine/Platforms/VisionOS/Content/Editor/Slate/Launcher/Platform_VisionOS_24x.png' error.
[2026.08.06-01.13.16:092][  0]LogSlate: Could not load file for Slate resource: [../../../Engine/Platforms/VisionOS/Content/Editor/Slate/Launcher/Platform_VisionOS_24x.png] file: [../../../Engine/Platforms/VisionOS/Content/Editor/Slate/Launcher/Platform_VisionOS_24x.png]
[2026.08.06-01.13.16:251][  0]LogInit: Using OS detected language (zh-CN).
[2026.08.06-01.13.16:251][  0]LogInit: Using OS detected locale (zh-CN).
[2026.08.06-01.13.16:251][  0]LogTextLocalizationManager: No localization for 'zh-CN' exists, so 'en' will be used for the language.
[2026.08.06-01.13.16:251][  0]LogTextLocalizationManager: No localization for 'zh-CN' exists, so 'en' will be used for the locale.
[2026.08.06-01.13.16:251][  0]LogSlate: FontCache flush requested. Reason: Culture for localization was changed
[2026.08.06-01.13.16:251][  0]LogSlate: FontCache flush requested. Reason: Culture for localization was changed
[2026.08.06-01.13.16:252][  0]LogAssetRegistry: FAssetRegistry took 0.0003 seconds to start up
[2026.08.06-01.13.16:457][  0]LogDeviceProfileManager: Display: Deviceprofile LinuxArm64Editor not found.
[2026.08.06-01.13.16:457][  0]LogDeviceProfileManager: Display: Deviceprofile LinuxArm64 not found.
[2026.08.06-01.13.16:477][  0]LogDeviceProfileManager: Active device profile: [000001B2BE05BB80][000001B2BE2E7800 66] WindowsEditor
[2026.08.06-01.13.16:477][  0]LogCsvProfiler: Display: Metadata set : deviceprofile="WindowsEditor"
[2026.08.06-01.13.16:479][  0]LogStreaming: Display: FlushAsyncLoading(1): 1 QueuedPackages, 0 AsyncPackages
[2026.08.06-01.13.16:482][  0]LogPackageLocalizationCache: Processed 79 localized package path(s) for 1 prioritized culture(s) in 0.002171 seconds
[2026.08.06-01.13.16:482][  0]LogTextureEncodingSettings: Display: Texture Encode Speed: Final (cook).
[2026.08.06-01.13.16:482][  0]LogTextureEncodingSettings: Display: Oodle Texture Encode Speed settings: Fast: RDO Off Lambda=0, Effort=Normal Final: RDO Off Lambda=0, Effort=Normal
[2026.08.06-01.13.16:482][  0]LogTextureEncodingSettings: Display: Shared linear texture encoding: Disabled
[2026.08.06-01.13.16:499][  0]LogStreaming: Display: Flushing package /Engine/Functions/Engine_MaterialFunctions01/Shading/PowerToRoughness (state: WaitingForIo) recursively from another package /Engine/EngineMaterials/DefaultTextMaterialOpaque (state: CreateLinkerLoadExports) will result in a partially loaded package to avoid a deadlock.
[2026.08.06-01.13.16:499][  0]LogStreaming: Display: Package /Engine/EngineMaterials/DefaultTextMaterialOpaque is adding a dynamic import to package /Engine/Functions/Engine_MaterialFunctions01/Shading/PowerToRoughness because of a recursive sync load
[2026.08.06-01.13.16:500][  0]LogStreaming: Display: Flushing package /Engine/Functions/Engine_MaterialFunctions01/Shading/PowerToRoughness (state: DeferredPostLoad) recursively from another package /Engine/EngineMaterials/DefaultTextMaterialOpaque (state: CreateLinkerLoadExports) will result in a partially loaded package to avoid a deadlock.
[2026.08.06-01.13.16:500][  0]LogStreaming: Display: Flushing package /Engine/Functions/Engine_MaterialFunctions01/Shading/ConvertFromDiffSpec (state: WaitingForIo) recursively from another package /Engine/EngineMaterials/DefaultTextMaterialOpaque (state: CreateLinkerLoadExports) will result in a partially loaded package to avoid a deadlock.
[2026.08.06-01.13.16:500][  0]LogStreaming: Display: Package /Engine/EngineMaterials/DefaultTextMaterialOpaque is adding a dynamic import to package /Engine/Functions/Engine_MaterialFunctions01/Shading/ConvertFromDiffSpec because of a recursive sync load
[2026.08.06-01.13.16:500][  0]LogStreaming: Display: Flushing package /Engine/Functions/Engine_MaterialFunctions01/Shading/ConvertFromDiffSpec (state: DeferredPostLoad) recursively from another package /Engine/EngineMaterials/DefaultTextMaterialOpaque (state: CreateLinkerLoadExports) will result in a partially loaded package to avoid a deadlock.
[2026.08.06-01.13.16:500][  0]LogStreaming: Display: Flushing package /Engine/EngineMaterials/WorldGridMaterial (state: WaitingForIo) recursively from another package /Engine/EngineMaterials/DefaultTextMaterialOpaque (state: CreateLinkerLoadExports) will result in a partially loaded package to avoid a deadlock.
[2026.08.06-01.13.16:501][  0]LogStreaming: Display: Package /Engine/EngineMaterials/DefaultTextMaterialOpaque is adding a dynamic import to package /Engine/EngineMaterials/T_Default_Material_Grid_M because of a recursive sync load
[2026.08.06-01.13.16:501][  0]LogStreaming: Display: Package /Engine/EngineMaterials/DefaultTextMaterialOpaque is adding a dynamic import to package /Engine/EngineMaterials/T_Default_Material_Grid_N because of a recursive sync load
[2026.08.06-01.13.16:503][  0]LogStreaming: Display: Package /Engine/EngineMaterials/DefaultTextMaterialOpaque is adding a dynamic import to package /Engine/Functions/Engine_MaterialFunctions01/Opacity/CameraDepthFade because of a recursive sync load
[2026.08.06-01.13.16:503][  0]LogStreaming: Display: Flushing package /Engine/EngineMaterials/DefaultDeferredDecalMaterial (state: WaitingForIo) recursively from another package /Engine/EngineMaterials/WorldGridMaterial (state: CreateLinkerLoadExports) will result in a partially loaded package to avoid a deadlock.
[2026.08.06-01.13.16:503][  0]LogStreaming: Display: Flushing package /Engine/EngineMaterials/DefaultLightFunctionMaterial (state: WaitingForIo) recursively from another package /Engine/EngineMaterials/DefaultDeferredDecalMaterial (state: CreateLinkerLoadExports) will result in a partially loaded package to avoid a deadlock.
[2026.08.06-01.13.16:504][  0]LogStreaming: Display: Flushing package /Engine/EngineMaterials/DefaultPostProcessMaterial (state: WaitingForIo) recursively from another package /Engine/EngineMaterials/DefaultLightFunctionMaterial (state: CreateLinkerLoadExports) will result in a partially loaded package to avoid a deadlock.
[2026.08.06-01.13.16:504][  0]LogStreaming: Display: Package /Engine/EngineMaterials/DefaultLightFunctionMaterial is adding a dynamic import to package /Engine/EngineMaterials/DefaultDiffuse because of a recursive sync load
[2026.08.06-01.13.16:504][  0]LogStreaming: Display: Package /Engine/EngineMaterials/DefaultLightFunctionMaterial is adding a dynamic import to package /Engine/Functions/Engine_MaterialFunctions02/Utility/BreakOutFloat2Components because of a recursive sync load
[2026.08.06-01.13.16:505][  0]LogStreaming: Display: Package /Engine/EngineMaterials/DefaultLightFunctionMaterial is adding a dynamic import to package /Engine/EngineMaterials/DefaultPostProcessMaterial because of a recursive sync load
[2026.08.06-01.13.16:505][  0]LogStreaming: Display: Flushing package /Engine/EngineMaterials/DefaultPostProcessMaterial (state: DeferredPostLoad) recursively from another package /Engine/EngineMaterials/DefaultLightFunctionMaterial (state: CreateLinkerLoadExports) will result in a partially loaded package to avoid a deadlock.
[2026.08.06-01.13.16:534][  0]LogStreaming: Display: Package /Engine/EngineMaterials/DefaultDeferredDecalMaterial is adding a dynamic import to package /Engine/EngineMaterials/DefaultLightFunctionMaterial because of a recursive sync load
[2026.08.06-01.13.16:534][  0]LogStreaming: Display: Flushing package /Engine/EngineMaterials/DefaultLightFunctionMaterial (state: DeferredPostLoad) recursively from another package /Engine/EngineMaterials/DefaultDeferredDecalMaterial (state: CreateLinkerLoadExports) will result in a partially loaded package to avoid a deadlock.
[2026.08.06-01.13.16:549][  0]LogStreaming: Display: Package /Engine/EngineMaterials/WorldGridMaterial is adding a dynamic import to package /Engine/EngineMaterials/DefaultDeferredDecalMaterial because of a recursive sync load
[2026.08.06-01.13.16:549][  0]LogStreaming: Display: Flushing package /Engine/EngineMaterials/DefaultDeferredDecalMaterial (state: DeferredPostLoad) recursively from another package /Engine/EngineMaterials/WorldGridMaterial (state: CreateLinkerLoadExports) will result in a partially loaded package to avoid a deadlock.
[2026.08.06-01.13.16:561][  0]LogStreaming: Display: Package /Engine/EngineMaterials/DefaultTextMaterialOpaque is adding a dynamic import to package /Engine/EngineMaterials/WorldGridMaterial because of a recursive sync load
[2026.08.06-01.13.16:561][  0]LogStreaming: Display: Flushing package /Engine/EngineMaterials/WorldGridMaterial (state: DeferredPostLoad) recursively from another package /Engine/EngineMaterials/DefaultTextMaterialOpaque (state: CreateLinkerLoadExports) will result in a partially loaded package to avoid a deadlock.
[2026.08.06-01.13.16:694][  0]LogMeshReduction: Display: Using QuadricMeshReduction for automatic static mesh reduction
[2026.08.06-01.13.16:694][  0]LogMeshReduction: Display: Using SkeletalMeshReduction for automatic skeletal mesh reduction
[2026.08.06-01.13.16:694][  0]LogMeshReduction: Display: Using ProxyLODMeshReduction for automatic mesh merging
[2026.08.06-01.13.16:694][  0]LogMeshReduction: Display: No distributed automatic mesh merging module available
[2026.08.06-01.13.16:694][  0]LogMeshMerging: No distributed automatic mesh merging module available
[2026.08.06-01.13.16:948][  0]LogConfig: Applying CVar settings from Section [/Script/CQTest.CQTestSettings] File [Engine]
[2026.08.06-01.13.16:979][  0]LogVirtualization: Display: VirtualizationSystem name found in ini file: None
[2026.08.06-01.13.16:979][  0]LogVirtualization: Display: FNullVirtualizationSystem mounted, virtualization will be disabled
[2026.08.06-01.13.16:979][  0]LogIris: FNetObjectFactoryRegistry::UnregisterFactory is unregistering factory: NetActorFactory name: NetActorFactory id: 0
[2026.08.06-01.13.16:979][  0]LogIris: FNetObjectFactoryRegistry::UnregisterFactory is unregistering factory: NetSubObjectFactory name: NetSubObjectFactory id: 1
[2026.08.06-01.13.17:025][  0]LogWorldPartition: Display: FWorldPartitionClassDescRegistry::Initialize started...
[2026.08.06-01.13.17:027][  0]LogWorldPartition: Display: FWorldPartitionClassDescRegistry::Initialize took 1.512 ms
[2026.08.06-01.13.17:036][  0]LogMoviePlayer: Initializing movie player
[2026.08.06-01.13.17:037][  0]LogInit: XR: Instanced Stereo Rendering is Disabled
[2026.08.06-01.13.17:037][  0]LogInit: XR: MultiViewport is Disabled
[2026.08.06-01.13.17:037][  0]LogInit: XR: Mobile Multiview is Disabled
[2026.08.06-01.13.17:043][  0]LogStats: UGameplayTagsManager::InitializeManager -  0.000 s
[2026.08.06-01.13.17:049][  0]LogNiagaraDebuggerClient: Niagara Debugger Client Initialized | Session: 25EA850A95B648488000000000005800 | Instance: B4BD649C423C664E2D75F3B08BFD4E0F (LIU-27540).
[2026.08.06-01.13.17:066][  0]LogCollectionManager: Loaded 0 collections in 0.000469 seconds
[2026.08.06-01.13.17:067][  0]LogFileCache: Scanning file cache for directory 'D:/Unreal Projects/VLA/Saved/Collections/' took 0.00s
[2026.08.06-01.13.17:068][  0]LogFileCache: Scanning file cache for directory 'D:/Unreal Projects/VLA/Content/Developers/LIU/Collections/' took 0.00s
[2026.08.06-01.13.17:068][  0]LogFileCache: Scanning file cache for directory 'D:/Unreal Projects/VLA/Content/Collections/' took 0.00s
[2026.08.06-01.13.17:068][  0]LogCollectionManager: Fixed up redirectors for 0 collections in 0.000000 seconds (updated 0 objects)
[2026.08.06-01.13.17:081][  0]LogNNERuntimeORT: Available graphics and compute adapters:
[2026.08.06-01.13.17:081][  0]LogNNERuntimeORT: Selecting NPU adapter: NVIDIA GeForce RTX 5060
[2026.08.06-01.13.17:081][  0]LogNNERuntimeORT: MakeRuntimeORTDml:
[2026.08.06-01.13.17:081][  0]LogNNERuntimeORT:   DirectML:  yes
[2026.08.06-01.13.17:082][  0]LogNNERuntimeORT:   RHI D3D12: yes
[2026.08.06-01.13.17:082][  0]LogNNERuntimeORT:   D3D12:     yes
[2026.08.06-01.13.17:082][  0]LogNNERuntimeORT:   NPU:       yes
[2026.08.06-01.13.17:082][  0]LogNNERuntimeORT: Interface availability:
[2026.08.06-01.13.17:082][  0]LogNNERuntimeORT:   GPU: yes
[2026.08.06-01.13.17:082][  0]LogNNERuntimeORT:   RDG: yes
[2026.08.06-01.13.17:082][  0]LogNNERuntimeORT:   NPU: yes
[2026.08.06-01.13.17:082][  0]LogNNERuntimeORT: Available graphics and compute adapters:
[2026.08.06-01.13.17:082][  0]LogNNERuntimeORT: Selecting NPU adapter: NVIDIA GeForce RTX 5060
[2026.08.06-01.13.17:227][  0]LogMetaSound: Display: MetaSound Page Target Initialized to 'Default'
[2026.08.06-01.13.17:227][  0]LogAudio: Display: Registering Engine Module Parameter Interfaces...
[2026.08.06-01.13.17:237][  0]LogMetaSound: MetaSound Engine Initialized
[2026.08.06-01.13.17:316][  0]LogConfig: Applying CVar settings from Section [/Script/NNEDenoiser.NNEDenoiserSettings] File [Engine]
[2026.08.06-01.13.17:408][  0]LogAndroidPermission: UAndroidPermissionCallbackProxy::GetInstance
[2026.08.06-01.13.17:411][  0]LogAudioCaptureCore: Display: No Audio Capture implementations found. Audio input will be silent.
[2026.08.06-01.13.17:411][  0]LogAudioCaptureCore: Display: No Audio Capture implementations found. Audio input will be silent.
[2026.08.06-01.13.17:435][  0]SourceControl: Revision control is disabled
[2026.08.06-01.13.17:470][  0]LogUObjectArray: 40360 objects as part of root set at end of initial load.
[2026.08.06-01.13.17:470][  0]LogUObjectArray: CloseDisregardForGC: 0/0 objects in disregard for GC pool
[2026.08.06-01.13.17:546][  0]ODLog: Warning: Circular reference detected in object JsonSerializerCircularObject_0
[2026.08.06-01.13.17:546][  0]ODLog: Warning: Circular reference detected in object JsonSerializerCircularObject_5
[2026.08.06-01.13.17:547][  0]ODLog: PacketRuleSizeBody::MakeSendPacket: BodyNum=8, BufferForSend.Num()=12, first 5 bytes=[0,0,0,8,0] (call #1)
[2026.08.06-01.13.17:547][  0]ODLog: PacketRuleSizeBody::MakeSendPacket: BodyNum=8, BufferForSend.Num()=12, first 5 bytes=[8,0,0,0,0] (call #2)
[2026.08.06-01.13.17:547][  0]ODLog: PacketRuleSizeBody::NotifyReceiveData: Mode=Size, BufferSize=4, FirstByte=0 (call #1)
[2026.08.06-01.13.17:547][  0]ODLog: PacketRuleSizeBody::OnReceivedSize: BodySize=8 (call #1)
[2026.08.06-01.13.17:547][  0]ODLog: PacketRuleSizeBody::NotifyReceiveData: Mode=Body, BufferSize=8, FirstByte=0 (call #2)
[2026.08.06-01.13.17:547][  0]ODLog: PacketRuleSizeBody::OnReceivedBody: BufferSize=8, FirstByte=0 (call #1)
[2026.08.06-01.13.17:547][  0]ODLog: PacketRuleSizeBody::NotifyReceiveData: Mode=Size, BufferSize=4, FirstByte=8 (call #3)
[2026.08.06-01.13.17:547][  0]ODLog: PacketRuleSizeBody::OnReceivedSize: BodySize=8 (call #2)
[2026.08.06-01.13.17:547][  0]ODLog: PacketRuleSizeBody::NotifyReceiveData: Mode=Body, BufferSize=8, FirstByte=0 (call #4)
[2026.08.06-01.13.17:547][  0]ODLog: PacketRuleSizeBody::OnReceivedBody: BufferSize=8, FirstByte=0 (call #2)
[2026.08.06-01.13.17:547][  0]LogAutomationTest: Warning: ODLog: Circular reference detected in object JsonSerializerCircularObject_0
[2026.08.06-01.13.17:547][  0]LogAutomationTest: Warning: ODLog: Circular reference detected in object JsonSerializerCircularObject_5
[2026.08.06-01.13.17:547][  0]LogEngine: Initializing Engine...
[2026.08.06-01.13.17:776][  0]LogTextureFormatOodle: Display: Oodle Texture loading DLL: oo2tex_win64_2.9.12.dll
[2026.08.06-01.13.17:777][  0]LogNetVersion: Set ProjectVersion to 1.0.0.0. Version Checksum will be recalculated on next use.
[2026.08.06-01.13.17:777][  0]LogInit: Texture streaming: Enabled
[2026.08.06-01.13.17:810][  0]LogAudio: Display: Initializing Audio Device Manager...
[2026.08.06-01.13.17:813][  0]LogAudio: Display: Loading Default Audio Settings Objects...
[2026.08.06-01.13.17:813][  0]LogAudio: Display: No default SoundConcurrencyObject specified (or failed to load).
[2026.08.06-01.13.17:813][  0]LogAudio: Display: Audio Device Manager Initialized
[2026.08.06-01.13.17:813][  0]LogAudio: Display: Creating Audio Device:                 Id: 1, Scope: Shared, Realtime: True
[2026.08.06-01.13.17:813][  0]LogAudioMixer: Display: Audio Mixer Platform Settings:
[2026.08.06-01.13.17:813][  0]LogAudioMixer: Display: 	Sample Rate:						  48000
[2026.08.06-01.13.17:813][  0]LogAudioMixer: Display: 	Callback Buffer Frame Size Requested: 1024
[2026.08.06-01.13.17:813][  0]LogAudioMixer: Display: 	Callback Buffer Frame Size To Use:	  1024
[2026.08.06-01.13.17:813][  0]LogAudioMixer: Display: 	Number of buffers to queue:			  1
[2026.08.06-01.13.17:813][  0]LogAudioMixer: Display: 	Max Channels (voices):				  32
[2026.08.06-01.13.17:813][  0]LogAudioMixer: Display: 	Number of Async Source Workers:		  4
[2026.08.06-01.13.17:813][  0]LogAudio: Display: AudioDevice MaxSources: 32
[2026.08.06-01.13.17:813][  0]LogAudio: Display: Audio Spatialization Plugin: None (built-in).
[2026.08.06-01.13.17:813][  0]LogAudio: Display: Audio Reverb Plugin: None (built-in).
[2026.08.06-01.13.17:813][  0]LogAudio: Display: Audio Occlusion Plugin: None (built-in).
[2026.08.06-01.13.17:817][  0]LogAudioMixer: Display: Initializing audio mixer using platform API: 'XAudio2'
[2026.08.06-01.13.17:846][  0]LogAudioMixer: Display: Using Audio Hardware Device 风花雪月 (EDIFIER W820NB经典版)
[2026.08.06-01.13.17:846][  0]LogAudioMixer: Display: Initializing Sound Submixes...
[2026.08.06-01.13.17:847][  0]LogAudioMixer: Display: Creating Master Submix 'MasterSubmixDefault'
[2026.08.06-01.13.17:847][  0]LogAudioMixer: Display: Creating Master Submix 'MasterReverbSubmixDefault'
[2026.08.06-01.13.17:848][  0]LogAudioMixer: FMixerPlatformXAudio2::StartAudioStream() called. InstanceID=1
[2026.08.06-01.13.17:848][  0]LogAudioMixer: Display: Output buffers initialized: Frames=1024, Channels=2, Samples=2048, InstanceID=1
[2026.08.06-01.13.17:849][  0]LogAudioMixer: Display: Starting AudioMixerPlatformInterface::RunInternal(), InstanceID=1
[2026.08.06-01.13.17:849][  0]LogAudioMixer: Display: FMixerPlatformXAudio2::SubmitBuffer() called for the first time. InstanceID=1
[2026.08.06-01.13.17:851][  0]LogInit: FAudioDevice initialized with ID 1.
[2026.08.06-01.13.17:851][  0]LogAudioMixer: Initializing Audio Bus Subsystem for audio device with ID 1
[2026.08.06-01.13.17:852][  0]LogCsvProfiler: Display: Metadata set : largeworldcoordinates="1"
[2026.08.06-01.13.17:853][  0]LogChaosDD: Creating Chaos Debug Draw Scene for world Untitled
[2026.08.06-01.13.17:856][  0]LogAudio: Display: Audio Device (ID: 1) registered with world 'Untitled'.
[2026.08.06-01.13.17:856][  0]LogSlate: Updating window title bar state: overlay mode, drag disabled, window buttons hidden, title bar hidden
[2026.08.06-01.13.17:856][  0]LogInit: Display: Game Engine Initialized.
[2026.08.06-01.13.17:867][  0]LogPython: Python enabled via CVar 'Engine.Python.IsEnabledByDefault'
[2026.08.06-01.13.17:868][  0]LogPython: Using Python 3.11.8
[2026.08.06-01.13.17:881][  0]LogPython: Display: No pip-enabled plugins with python dependencies found, skipping
[2026.08.06-01.13.18:036][  0]LogNiagaraEditor: GEditor isn't valid! Particle reset commands will not work for Niagara components!
[2026.08.06-01.13.18:046][  0]LogInit: Display: Starting Game.
[2026.08.06-01.13.18:046][  0]LogGlobalStatus: UEngine::Browse Started Browse: "/Game/Main_Map?Name=Player"
[2026.08.06-01.13.18:046][  0]LogNet: Browse: /Game/Main_Map?Name=Player
[2026.08.06-01.13.18:047][  0]LogLoad: LoadMap: /Game/Main_Map?Name=Player
[2026.08.06-01.13.18:047][  0]LogWorld: BeginTearingDown for /Temp/Untitled_0
[2026.08.06-01.13.18:047][  0]LogWorld: UWorld::CleanupWorld for Untitled, bSessionEnded=true, bCleanupResources=true
[2026.08.06-01.13.18:047][  0]LogSlate: InvalidateAllWidgets triggered.  All widgets were invalidated
[2026.08.06-01.13.18:058][  0]LogAudio: Display: Audio Device unregistered from world 'None'.
[2026.08.06-01.13.18:059][  0]LogUObjectHash: Compacting FUObjectHashTables data took   0.31ms
[2026.08.06-01.13.18:649][  0]LogTextureFormatOodle: Display: Oodle Texture loading DLL: oo2tex_win64_2.9.10.dll
[2026.08.06-01.13.18:710][  0]LogDeviceProfileManager: Going up to parent DeviceProfile []
[2026.08.06-01.13.18:714][  0]LogDeviceProfileManager: Going up to parent DeviceProfile []
[2026.08.06-01.13.18:718][  0]LogDeviceProfileManager: Going up to parent DeviceProfile []
[2026.08.06-01.13.18:721][  0]LogDeviceProfileManager: Going up to parent DeviceProfile [AppleTV]
[2026.08.06-01.13.18:721][  0]LogDeviceProfileManager: Going up to parent DeviceProfile [IOS]
[2026.08.06-01.13.18:721][  0]LogDeviceProfileManager: Going up to parent DeviceProfile []
[2026.08.06-01.13.18:724][  0]LogDeviceProfileManager: Display: Deviceprofile None not found.
[2026.08.06-01.13.18:737][  0]LoadErrors: Warning: CreateExport: Failed to load Outer for resource 'SceneCaptureComponent2D': WaterBrushManager /Game/Main_Map.Main_Map:PersistentLevel.Landscape_WaterBrushManager_0
[2026.08.06-01.13.18:737][  0]LoadErrors: Warning: CreateExport: Failed to load Outer for resource 'RootComponent': WaterBrushManager /Game/Main_Map.Main_Map:PersistentLevel.Landscape_WaterBrushManager_0
[2026.08.06-01.13.18:754][  0]LogAudio: Display: Audio Device (ID: 1) registered with world 'Main_Map'.
[2026.08.06-01.13.18:754][  0]LogChaosDD: Creating Chaos Debug Draw Scene for world Main_Map
[2026.08.06-01.13.18:757][  0]LogLoad: Game class is 'GameModeBase'
[2026.08.06-01.13.18:772][  0]LogStaticMesh: Display: Waiting on static mesh StaticMesh /Engine/BasicShapes/Plane.Plane being ready before playing
[2026.08.06-01.13.18:773][  0]LogStaticMesh: Display: Waiting on static mesh StaticMesh /Engine/EngineSky/SM_SkySphere.SM_SkySphere being ready before playing
[2026.08.06-01.13.18:773][  0]LogStaticMesh: Display: Waiting on static mesh StaticMesh /Game/ASV模型/ASV静态网格体.ASV静态网格体 being ready before playing
[2026.08.06-01.13.18:773][  0]LogStaticMesh: Display: Waiting on static mesh StaticMesh /Game/ASV模型/目标静态网格体.目标静态网格体 being ready before playing
[2026.08.06-01.13.18:799][  0]LogWorld: Bringing World /Game/Main_Map.Main_Map up for play (max tick rate 0) at 2026.08.06-09.13.18
[2026.08.06-01.13.18:799][  0]LogWorld: Bringing up level for play took: 0.025917
[2026.08.06-01.13.18:800][  0]LogSceneAutomation: Display: SCENE_ASV_ANCHOR name=BP_ASV_C_3 loc=X=-10150.000 Y=-10000.000 Z=6.000 yaw=0
[2026.08.06-01.13.18:800][  0]LogSceneAutomation: Display: SCENE_RENDER_WARMUP_REQUIRED seconds=1.00
[2026.08.06-01.13.18:801][  0]LogSceneAutomation: Display: SCENE_SINE_PARAMS wavelength_cm=6000 amplitude_cm=600 speed_cm_s=60
[2026.08.06-01.13.18:807][  0]LogBlueprintUserMessages: [Connection_C_1] Binded
[2026.08.06-01.13.18:808][  0]ODLog: Start TryConnect
[2026.08.06-01.13.18:809][  0]LogLoad: Took 0.762596 seconds to LoadMap(/Game/Main_Map)
[2026.08.06-01.13.18:809][  0]LogGlobalStatus: UEngine::LoadMap Load map complete /Game/Main_Map
[2026.08.06-01.13.18:812][  0]ODLog: Socket Connection State before connect: 0
[2026.08.06-01.13.18:814][  0]ODLog: TryConnect success
[2026.08.06-01.13.18:838][  0]LogSlate: Took 0.000118 seconds to synchronously load lazily loaded font '../../../Engine/Content/Slate/Fonts/Roboto-Regular.ttf' (155K)
[2026.08.06-01.13.18:838][  0]LogRenderer: Forcing update for all mesh draw commands: SkyLight change
[2026.08.06-01.13.18:905][  0]LogAssetRegistry: Display: Triggering cache save on discovery complete
[2026.08.06-01.13.18:960][  0]LogAssetRegistry: Display: Asset registry cache read as 85.2 MiB from ../../../../../../Unreal Projects/VLA/Intermediate/CachedAssetRegistry_0.bin.
[2026.08.06-01.13.18:960][  0]LogAssetRegistry: Display: AssetDataGatherer spent 0.045s loading caches ../../../../../../Unreal Projects/VLA/Intermediate/CachedAssetRegistry_*.bin.
[2026.08.06-01.13.19:029][  0]LogAssetRegistry: AssetRegistryGather time 0.1048s: AssetDataDiscovery 0.0000s, AssetDataGather 0.0562s, StoreResults 0.0485s. Wall time 2.7770s.
	NumCachedDirectories 1648. NumUncachedDirectories 21. NumCachedFiles 8342. NumUncachedFiles 0.
	BackgroundTickInterruptions 0.
[2026.08.06-01.13.19:066][  0]LogRenderer: Recreating Persistent SBTs due to initializer changes: 
		NumShaderSlotsPerGeometrySegment changed: current: 1 - new: 2
		NumGeometrySegments changed: current: 0 - new: 512
[2026.08.06-01.13.19:103][  0]LogInit: Display: Engine is initialized. Leaving FEngineLoop::Init()
[2026.08.06-01.13.19:103][  0]LogLoad: (Engine Initialization) Total time: 9.27 seconds
[2026.08.06-01.13.19:111][  0]LogBlueprintUserMessages: [Connection_C_1] Connected
[2026.08.06-01.13.19:112][  0]LogSceneAutomation: Display: SCENE_YAW_FIX t=0.00 asv_count=1
[2026.08.06-01.13.19:112][  0]LogSceneAutomation: Display: SCENE_TARGET_POS t=0.0 entity=target_red world=X=-9698.697 Y=-9937.923 Z=10.000
[2026.08.06-01.13.19:112][  0]LogSceneAutomation: Display: SCENE_TARGET_POS t=0.0 entity=target_blue world=X=-9700.446 Y=-9748.369 Z=10.000
[2026.08.06-01.13.19:112][  0]LogSceneAutomation: Display: SCENE_TARGET_POS t=0.0 entity=target_left world=X=-9436.552 Y=-10359.389 Z=10.000
[2026.08.06-01.13.19:113][  0]LogSceneAutomation: Display: SCENE_TARGET_POS t=0.0 entity=target_right world=X=-9459.963 Y=-9642.005 Z=10.000
[2026.08.06-01.13.19:113][  0]LogSceneAutomation: Display: SCENE_ASV_POS t=0.0 world=X=-10150.000 Y=-10000.000 Z=6.000 yaw=0
[2026.08.06-01.13.19:113][  0]LogSceneAutomation: Display: SCENE_EXEC_READY port=8081
[2026.08.06-01.13.19:117][  0]LogContentStreaming: Texture pool size now 1000 MB
[2026.08.06-01.13.19:117][  0]LogCsvProfiler: Display: Metadata set : streamingpoolsizemb="1000"
[2026.08.06-01.13.19:117][  0]LogRenderer: Forcing update for all mesh draw commands: SkyLight real-time capture change
[2026.08.06-01.13.19:138][  0]LogSlate: InvalidateAllWidgets triggered.  All widgets were invalidated
[2026.08.06-01.13.19:236][  0]LogSlate: InvalidateAllWidgets triggered.  All widgets were invalidated
[2026.08.06-01.13.19:236][  0]LogSlate: InvalidateAllWidgets triggered.  All widgets were invalidated
[2026.08.06-01.13.19:236][  0]LogPython: Display: Running start-up script D:/Softwares/Unreal Engine/UE_5.6/Engine/Plugins/Animation/ControlRig/Content/Python/init_unreal.py... started...
[2026.08.06-01.13.19:256][  0]LogPython: registering <class 'ControlRigWorkflows.workflow_deformation_rig_preset.provider'>

[2026.08.06-01.13.19:267][  0]LogPython: Display: Running start-up script D:/Softwares/Unreal Engine/UE_5.6/Engine/Plugins/Animation/ControlRig/Content/Python/init_unreal.py... took 31.187 ms
[2026.08.06-01.13.19:267][  0]LogPython: Display: Running start-up script D:/Softwares/Unreal Engine/UE_5.6/Engine/Plugins/MovieScene/MovieRenderPipeline/Content/Python/init_unreal.py... started...
[2026.08.06-01.13.19:269][  0]LogPython: Display: Running start-up script D:/Softwares/Unreal Engine/UE_5.6/Engine/Plugins/MovieScene/MovieRenderPipeline/Content/Python/init_unreal.py... took 1.356 ms (total: 32.543 ms)
[2026.08.06-01.13.19:297][  1]LogImageCompression: Display: EDGE_CAPTURE_STATS count=1 size=1280x720 srgb=0 mean_rgb=(60.5,65.1,72.7) max=234 linear_to_gamma=1
[2026.08.06-01.13.19:297][  1]LogImageCompression: Display: EDGE_CAPTURE_WARMUP_SKIP count=1/8 size=1280x720 mean_rgb=(60.5,65.1,72.7)
[2026.08.06-01.13.19:301][  1]LogSlate: Took 0.000127 seconds to synchronously load lazily loaded font '../../../Engine/Content/Slate/Fonts/Roboto-Regular.ttf' (155K)
[2026.08.06-01.13.19:374][  2]LogImageCompression: Display: EDGE_CAPTURE_STATS count=2 size=1280x720 srgb=0 mean_rgb=(139.5,140.4,120.1) max=212 linear_to_gamma=1
[2026.08.06-01.13.19:374][  2]LogImageCompression: Display: EDGE_CAPTURE_WARMUP_SKIP count=2/8 size=1280x720 mean_rgb=(139.5,140.4,120.1)
[2026.08.06-01.13.19:484][  5]LogImageCompression: Display: EDGE_CAPTURE_STATS count=3 size=1280x720 srgb=0 mean_rgb=(29.8,44.9,77.1) max=233 linear_to_gamma=1
[2026.08.06-01.13.19:484][  5]LogImageCompression: Display: EDGE_CAPTURE_WARMUP_SKIP count=3/8 size=1280x720 mean_rgb=(29.8,44.9,77.1)
[2026.08.06-01.13.19:484][  5]LogSceneAutomation: Display: SCENE_EXEC_CLIENT_CONNECTED
[2026.08.06-01.13.19:558][  9]LogImageCompression: Display: EDGE_CAPTURE_STATS count=4 size=1280x720 srgb=0 mean_rgb=(29.7,45.0,77.2) max=234 linear_to_gamma=1
[2026.08.06-01.13.19:558][  9]LogImageCompression: Display: EDGE_CAPTURE_WARMUP_SKIP count=4/8 size=1280x720 mean_rgb=(29.7,45.0,77.2)
[2026.08.06-01.13.19:607][ 15]LogBlueprintUserMessages: [BP_FluidSim_01_C_4] FluidForceMID_M_Fluid_Sim_Force_Component
[2026.08.06-01.13.19:607][ 15]LogBlueprintUserMessages: [BP_FluidSim_01_C_4] FluidForceMID_M_Fluid_Force_Skelmesh
[2026.08.06-01.13.19:607][ 15]LogBlueprintUserMessages: [BP_FluidSim_01_C_4] FluidForceMID_M_Fluid_Sim_Force_Impulse
[2026.08.06-01.13.19:607][ 15]LogBlueprintUserMessages: [BP_FluidSim_01_C_4] FluidForceMID_M_Rain_01_Inst
[2026.08.06-01.13.19:607][ 15]LogWater: WATER LOG: All RTs validated succesfully.
[2026.08.06-01.13.19:657][ 15]LogImageCompression: Display: EDGE_CAPTURE_STATS count=5 size=1280x720 srgb=0 mean_rgb=(29.7,45.0,77.2) max=234 linear_to_gamma=1
[2026.08.06-01.13.19:657][ 15]LogImageCompression: Display: EDGE_CAPTURE_WARMUP_SKIP count=5/8 size=1280x720 mean_rgb=(29.7,45.0,77.2)
[2026.08.06-01.13.19:662][ 15]LogBlueprintUserMessages: [BP_FluidSim_01_C_4] FluidForceMID_M_Fluid_Sim_Force_Boat_Component
[2026.08.06-01.13.19:948][ 16]LogImageCompression: Display: EDGE_CAPTURE_WARMUP_SKIP count=6/8 size=1280x720 mean_rgb=(29.7,45.0,77.2)
[2026.08.06-01.13.19:971][ 16]LogImageCompression: Display: EDGE_CAPTURE_WARMUP_SKIP count=7/8 size=1280x720 mean_rgb=(29.7,45.0,77.2)
[2026.08.06-01.13.19:994][ 16]LogImageCompression: Display: EDGE_CAPTURE_WARMUP_SKIP count=8/8 size=1280x720 mean_rgb=(29.7,45.0,77.2)
[2026.08.06-01.13.20:174][ 23]Blueprint: Warning: CaptureScene: Scene capture with bCaptureEveryFrame enabled was told to update - major inefficiency.
[2026.08.06-01.13.20:181][ 23]LogSceneAutomation: Display: SCENE_CAPTURE_WARMUP captures=1 elapsed_seconds=1.00
[2026.08.06-01.13.20:181][ 23]LogSceneAutomation: Display: SCENE_UE_READY slot=TRACK-SYNTH-RED3-V2 layout=L7 motion=S2 scene_seed=230908 warmup_seconds=1.00
[2026.08.06-01.13.20:181][ 23]LogSceneAutomation: Display: SCENE_SINE_PARAMS wavelength_cm=6000 amplitude_cm=600 speed_cm_s=60
[2026.08.06-01.13.20:182][ 23]LogSceneAutomation: Display: SCENE_YAW_FIX t=1.00 asv_count=1
[2026.08.06-01.13.20:182][ 23]LogSceneAutomation: Display: SCENE_TARGET_POS t=1.0 entity=target_red world=X=-9698.697 Y=-9937.923 Z=10.000
[2026.08.06-01.13.20:182][ 23]LogSceneAutomation: Display: SCENE_TARGET_POS t=1.0 entity=target_blue world=X=-9700.446 Y=-9748.369 Z=10.000
[2026.08.06-01.13.20:182][ 23]LogSceneAutomation: Display: SCENE_TARGET_POS t=1.0 entity=target_left world=X=-9436.552 Y=-10359.389 Z=10.000
[2026.08.06-01.13.20:182][ 23]LogSceneAutomation: Display: SCENE_TARGET_POS t=1.0 entity=target_right world=X=-9459.963 Y=-9642.005 Z=10.000
[2026.08.06-01.13.20:182][ 23]LogSceneAutomation: Display: SCENE_ASV_POS t=1.0 world=X=-10150.000 Y=-10000.000 Z=10.222 yaw=0
[2026.08.06-01.13.21:182][ 64]LogSceneAutomation: Display: SCENE_YAW_FIX t=2.01 asv_count=1
[2026.08.06-01.13.21:182][ 64]LogSceneAutomation: Display: SCENE_TARGET_POS t=2.0 entity=target_red world=X=-9698.697 Y=-9937.923 Z=10.000
[2026.08.06-01.13.21:182][ 64]LogSceneAutomation: Display: SCENE_TARGET_POS t=2.0 entity=target_blue world=X=-9700.446 Y=-9748.369 Z=10.000
[2026.08.06-01.13.21:182][ 64]LogSceneAutomation: Display: SCENE_TARGET_POS t=2.0 entity=target_left world=X=-9436.552 Y=-10359.389 Z=10.000
[2026.08.06-01.13.21:182][ 64]LogSceneAutomation: Display: SCENE_TARGET_POS t=2.0 entity=target_right world=X=-9459.963 Y=-9642.005 Z=10.000
[2026.08.06-01.13.21:182][ 64]LogSceneAutomation: Display: SCENE_ASV_POS t=2.0 world=X=-10150.000 Y=-10000.000 Z=11.802 yaw=0
[2026.08.06-01.13.21:378][ 72]LogSceneAutomation: Display: SCENE_EXEC_APPLY slot=TRACK-SYNTH-RED3-V2 count=1 dx_cm=4.960 dy_cm=0.632 offset=X=4.960 Y=0.632 Z=0.000
[2026.08.06-01.13.22:181][105]LogSceneAutomation: Display: SCENE_YAW_FIX t=3.01 asv_count=1
[2026.08.06-01.13.22:181][105]LogSceneAutomation: Display: SCENE_TARGET_POS t=3.0 entity=target_red world=X=-9698.697 Y=-9937.923 Z=10.000
[2026.08.06-01.13.22:181][105]LogSceneAutomation: Display: SCENE_TARGET_POS t=3.0 entity=target_blue world=X=-9700.446 Y=-9748.369 Z=10.000
[2026.08.06-01.13.22:181][105]LogSceneAutomation: Display: SCENE_TARGET_POS t=3.0 entity=target_left world=X=-9436.552 Y=-10359.389 Z=10.000
[2026.08.06-01.13.22:181][105]LogSceneAutomation: Display: SCENE_TARGET_POS t=3.0 entity=target_right world=X=-9459.963 Y=-9642.005 Z=10.000
[2026.08.06-01.13.22:181][105]LogSceneAutomation: Display: SCENE_ASV_POS t=3.0 world=X=-10100.293 Y=-9994.671 Z=12.623 yaw=0
[2026.08.06-01.13.23:174][147]LogSceneAutomation: Display: SCENE_YAW_FIX t=4.00 asv_count=1
[2026.08.06-01.13.23:174][147]LogSceneAutomation: Display: SCENE_TARGET_POS t=4.0 entity=target_red world=X=-9698.697 Y=-9937.923 Z=10.000
[2026.08.06-01.13.23:174][147]LogSceneAutomation: Display: SCENE_TARGET_POS t=4.0 entity=target_blue world=X=-9700.446 Y=-9748.369 Z=10.000
[2026.08.06-01.13.23:174][147]LogSceneAutomation: Display: SCENE_TARGET_POS t=4.0 entity=target_left world=X=-9436.552 Y=-10359.389 Z=10.000
[2026.08.06-01.13.23:174][147]LogSceneAutomation: Display: SCENE_TARGET_POS t=4.0 entity=target_right world=X=-9459.963 Y=-9642.005 Z=10.000
[2026.08.06-01.13.23:174][147]LogSceneAutomation: Display: SCENE_ASV_POS t=4.0 world=X=-9989.448 Y=-9982.367 Z=12.606 yaw=0
[2026.08.06-01.13.24:180][190]LogSceneAutomation: Display: SCENE_YAW_FIX t=5.01 asv_count=1
[2026.08.06-01.13.24:180][190]LogSceneAutomation: Display: SCENE_TARGET_POS t=5.0 entity=target_red world=X=-9698.697 Y=-9937.923 Z=10.000
[2026.08.06-01.13.24:180][190]LogSceneAutomation: Display: SCENE_TARGET_POS t=5.0 entity=target_blue world=X=-9700.446 Y=-9748.369 Z=10.000
[2026.08.06-01.13.24:181][190]LogSceneAutomation: Display: SCENE_TARGET_POS t=5.0 entity=target_left world=X=-9436.552 Y=-10359.389 Z=10.000
[2026.08.06-01.13.24:181][191]LogSceneAutomation: Display: SCENE_TARGET_POS t=5.0 entity=target_right world=X=-9459.963 Y=-9642.005 Z=10.000
[2026.08.06-01.13.24:181][191]LogSceneAutomation: Display: SCENE_ASV_POS t=5.0 world=X=-10013.868 Y=-9986.801 Z=12.636 yaw=0
[2026.08.06-01.13.25:184][234]LogSceneAutomation: Display: SCENE_YAW_FIX t=6.01 asv_count=1
[2026.08.06-01.13.25:184][234]LogSceneAutomation: Display: SCENE_TARGET_POS t=6.0 entity=target_red world=X=-9698.697 Y=-9937.923 Z=10.000
[2026.08.06-01.13.25:184][234]LogSceneAutomation: Display: SCENE_TARGET_POS t=6.0 entity=target_blue world=X=-9700.446 Y=-9748.369 Z=10.000
[2026.08.06-01.13.25:184][234]LogSceneAutomation: Display: SCENE_TARGET_POS t=6.0 entity=target_left world=X=-9436.552 Y=-10359.389 Z=10.000
[2026.08.06-01.13.25:184][234]LogSceneAutomation: Display: SCENE_TARGET_POS t=6.0 entity=target_right world=X=-9459.963 Y=-9642.005 Z=10.000
[2026.08.06-01.13.25:184][234]LogSceneAutomation: Display: SCENE_ASV_POS t=6.0 world=X=-10052.504 Y=-9988.849 Z=12.638 yaw=0
[2026.08.06-01.13.26:176][276]LogSceneAutomation: Display: SCENE_YAW_FIX t=7.00 asv_count=1
[2026.08.06-01.13.26:176][276]LogSceneAutomation: Display: SCENE_TARGET_POS t=7.0 entity=target_red world=X=-9698.697 Y=-9937.923 Z=10.000
[2026.08.06-01.13.26:176][276]LogSceneAutomation: Display: SCENE_TARGET_POS t=7.0 entity=target_blue world=X=-9700.446 Y=-9748.369 Z=10.000
[2026.08.06-01.13.26:177][276]LogSceneAutomation: Display: SCENE_TARGET_POS t=7.0 entity=target_left world=X=-9436.552 Y=-10359.389 Z=10.000
[2026.08.06-01.13.26:177][276]LogSceneAutomation: Display: SCENE_TARGET_POS t=7.0 entity=target_right world=X=-9459.963 Y=-9642.005 Z=10.000
[2026.08.06-01.13.26:177][277]LogSceneAutomation: Display: SCENE_ASV_POS t=7.0 world=X=-10033.013 Y=-9989.398 Z=12.617 yaw=0
[2026.08.06-01.13.27:174][319]LogSceneAutomation: Display: SCENE_YAW_FIX t=8.00 asv_count=1
[2026.08.06-01.13.27:174][319]LogSceneAutomation: Display: SCENE_TARGET_POS t=8.0 entity=target_red world=X=-9698.697 Y=-9937.923 Z=10.000
[2026.08.06-01.13.27:174][319]LogSceneAutomation: Display: SCENE_TARGET_POS t=8.0 entity=target_blue world=X=-9700.446 Y=-9748.369 Z=10.000
[2026.08.06-01.13.27:176][319]LogSceneAutomation: Display: SCENE_TARGET_POS t=8.0 entity=target_left world=X=-9436.552 Y=-10359.389 Z=10.000
[2026.08.06-01.13.27:176][319]LogSceneAutomation: Display: SCENE_TARGET_POS t=8.0 entity=target_right world=X=-9459.963 Y=-9642.005 Z=10.000
[2026.08.06-01.13.27:176][319]LogSceneAutomation: Display: SCENE_ASV_POS t=8.0 world=X=-9965.510 Y=-9978.248 Z=12.640 yaw=0
[2026.08.06-01.13.27:472][331]LogSceneAutomation: Display: SCENE_EXEC_APPLY slot=TRACK-SYNTH-RED3-V2 count=25 dx_cm=8.206 dy_cm=2.298 offset=X=205.859 Y=27.001 Z=0.000
[2026.08.06-01.13.28:181][362]LogSceneAutomation: Display: SCENE_YAW_FIX t=9.01 asv_count=1
[2026.08.06-01.13.28:181][362]LogSceneAutomation: Display: SCENE_TARGET_POS t=9.0 entity=target_red world=X=-9698.697 Y=-9937.923 Z=10.000
[2026.08.06-01.13.28:181][362]LogSceneAutomation: Display: SCENE_TARGET_POS t=9.0 entity=target_blue world=X=-9700.446 Y=-9748.369 Z=10.000
[2026.08.06-01.13.28:181][362]LogSceneAutomation: Display: SCENE_TARGET_POS t=9.0 entity=target_left world=X=-9436.552 Y=-10359.389 Z=10.000
[2026.08.06-01.13.28:181][362]LogSceneAutomation: Display: SCENE_TARGET_POS t=9.0 entity=target_right world=X=-9459.963 Y=-9642.005 Z=10.000
[2026.08.06-01.13.28:181][362]LogSceneAutomation: Display: SCENE_ASV_POS t=9.0 world=X=-9942.573 Y=-9970.558 Z=12.506 yaw=0
[2026.08.06-01.13.29:174][406]LogSceneAutomation: Display: SCENE_YAW_FIX t=10.00 asv_count=1
[2026.08.06-01.13.29:176][406]LogSceneAutomation: Display: SCENE_TARGET_POS t=10.0 entity=target_red world=X=-9698.697 Y=-9937.923 Z=10.000
[2026.08.06-01.13.29:176][406]LogSceneAutomation: Display: SCENE_TARGET_POS t=10.0 entity=target_blue world=X=-9700.446 Y=-9748.369 Z=10.000
[2026.08.06-01.13.29:176][406]LogSceneAutomation: Display: SCENE_TARGET_POS t=10.0 entity=target_left world=X=-9436.552 Y=-10359.389 Z=10.000
[2026.08.06-01.13.29:176][406]LogSceneAutomation: Display: SCENE_TARGET_POS t=10.0 entity=target_right world=X=-9459.963 Y=-9642.005 Z=10.000
[2026.08.06-01.13.29:176][406]LogSceneAutomation: Display: SCENE_ASV_POS t=10.0 world=X=-9977.269 Y=-9972.699 Z=12.626 yaw=0
[2026.08.06-01.13.30:179][449]LogSceneAutomation: Display: SCENE_YAW_FIX t=11.01 asv_count=1
[2026.08.06-01.13.30:179][449]LogSceneAutomation: Display: SCENE_TARGET_POS t=11.0 entity=target_red world=X=-9698.697 Y=-9937.923 Z=10.000
[2026.08.06-01.13.30:180][449]LogSceneAutomation: Display: SCENE_TARGET_POS t=11.0 entity=target_blue world=X=-9700.446 Y=-9748.369 Z=10.000
[2026.08.06-01.13.30:180][449]LogSceneAutomation: Display: SCENE_TARGET_POS t=11.0 entity=target_left world=X=-9436.552 Y=-10359.389 Z=10.000
[2026.08.06-01.13.30:180][449]LogSceneAutomation: Display: SCENE_TARGET_POS t=11.0 entity=target_right world=X=-9459.963 Y=-9642.005 Z=10.000
[2026.08.06-01.13.30:180][449]LogSceneAutomation: Display: SCENE_ASV_POS t=11.0 world=X=-10052.059 Y=-9980.121 Z=12.513 yaw=0
[2026.08.06-01.13.31:179][491]LogSceneAutomation: Display: SCENE_YAW_FIX t=12.01 asv_count=1
[2026.08.06-01.13.31:179][491]LogSceneAutomation: Display: SCENE_TARGET_POS t=12.0 entity=target_red world=X=-9698.697 Y=-9937.923 Z=10.000
[2026.08.06-01.13.31:179][491]LogSceneAutomation: Display: SCENE_TARGET_POS t=12.0 entity=target_blue world=X=-9700.446 Y=-9748.369 Z=10.000
[2026.08.06-01.13.31:179][491]LogSceneAutomation: Display: SCENE_TARGET_POS t=12.0 entity=target_left world=X=-9436.552 Y=-10359.389 Z=10.000
[2026.08.06-01.13.31:179][491]LogSceneAutomation: Display: SCENE_TARGET_POS t=12.0 entity=target_right world=X=-9459.963 Y=-9642.005 Z=10.000
[2026.08.06-01.13.31:180][491]LogSceneAutomation: Display: SCENE_ASV_POS t=12.0 world=X=-10065.946 Y=-9985.066 Z=12.612 yaw=0
[2026.08.06-01.13.32:190][536]LogSceneAutomation: Display: SCENE_YAW_FIX t=13.01 asv_count=1
[2026.08.06-01.13.32:191][536]LogSceneAutomation: Display: SCENE_TARGET_POS t=13.0 entity=target_red world=X=-9698.697 Y=-9937.923 Z=10.000
[2026.08.06-01.13.32:191][536]LogSceneAutomation: Display: SCENE_TARGET_POS t=13.0 entity=target_blue world=X=-9700.446 Y=-9748.369 Z=10.000
[2026.08.06-01.13.32:191][536]LogSceneAutomation: Display: SCENE_TARGET_POS t=13.0 entity=target_left world=X=-9436.552 Y=-10359.389 Z=10.000
[2026.08.06-01.13.32:191][536]LogSceneAutomation: Display: SCENE_TARGET_POS t=13.0 entity=target_right world=X=-9459.963 Y=-9642.005 Z=10.000
[2026.08.06-01.13.32:191][536]LogSceneAutomation: Display: SCENE_ASV_POS t=13.0 world=X=-10024.407 Y=-9981.894 Z=12.637 yaw=0
[2026.08.06-01.13.33:184][578]LogSceneAutomation: Display: SCENE_YAW_FIX t=14.01 asv_count=1
[2026.08.06-01.13.33:186][578]LogSceneAutomation: Display: SCENE_TARGET_POS t=14.0 entity=target_red world=X=-9698.697 Y=-9937.923 Z=10.000
[2026.08.06-01.13.33:186][578]LogSceneAutomation: Display: SCENE_TARGET_POS t=14.0 entity=target_blue world=X=-9700.446 Y=-9748.369 Z=10.000
[2026.08.06-01.13.33:186][578]LogSceneAutomation: Display: SCENE_TARGET_POS t=14.0 entity=target_left world=X=-9436.552 Y=-10359.389 Z=10.000
[2026.08.06-01.13.33:186][578]LogSceneAutomation: Display: SCENE_TARGET_POS t=14.0 entity=target_right world=X=-9459.963 Y=-9642.005 Z=10.000
[2026.08.06-01.13.33:186][578]LogSceneAutomation: Display: SCENE_ASV_POS t=14.0 world=X=-9951.495 Y=-9970.384 Z=12.504 yaw=0
[2026.08.06-01.13.34:175][620]LogSceneAutomation: Display: SCENE_YAW_FIX t=15.00 asv_count=1
[2026.08.06-01.13.34:175][620]LogSceneAutomation: Display: SCENE_TARGET_POS t=15.0 entity=target_red world=X=-9698.697 Y=-9937.923 Z=10.000
[2026.08.06-01.13.34:175][620]LogSceneAutomation: Display: SCENE_TARGET_POS t=15.0 entity=target_blue world=X=-9700.446 Y=-9748.369 Z=10.000
[2026.08.06-01.13.34:176][620]LogSceneAutomation: Display: SCENE_TARGET_POS t=15.0 entity=target_left world=X=-9436.552 Y=-10359.389 Z=10.000
[2026.08.06-01.13.34:176][620]LogSceneAutomation: Display: SCENE_TARGET_POS t=15.0 entity=target_right world=X=-9459.963 Y=-9642.005 Z=10.000
[2026.08.06-01.13.34:176][620]LogSceneAutomation: Display: SCENE_ASV_POS t=15.0 world=X=-9948.633 Y=-9965.989 Z=12.626 yaw=0
[2026.08.06-01.13.34:176][620]LogSceneAutomation: Display: SCENE_EXEC_APPLY slot=TRACK-SYNTH-RED3-V2 count=50 dx_cm=-11.638 dy_cm=-0.801 offset=X=189.728 Y=33.210 Z=0.000
[2026.08.06-01.13.35:186][663]LogSceneAutomation: Display: SCENE_YAW_FIX t=16.01 asv_count=1
[2026.08.06-01.13.35:187][663]LogSceneAutomation: Display: SCENE_TARGET_POS t=16.0 entity=target_red world=X=-9698.697 Y=-9937.923 Z=10.000
[2026.08.06-01.13.35:187][663]LogSceneAutomation: Display: SCENE_TARGET_POS t=16.0 entity=target_blue world=X=-9700.446 Y=-9748.369 Z=10.000
[2026.08.06-01.13.35:187][664]LogSceneAutomation: Display: SCENE_TARGET_POS t=16.0 entity=target_left world=X=-9436.552 Y=-10359.389 Z=10.000
[2026.08.06-01.13.35:187][664]LogSceneAutomation: Display: SCENE_TARGET_POS t=16.0 entity=target_right world=X=-9459.963 Y=-9642.005 Z=10.000
[2026.08.06-01.13.35:187][664]LogSceneAutomation: Display: SCENE_ASV_POS t=16.0 world=X=-10014.963 Y=-9972.170 Z=12.658 yaw=0
[2026.08.06-01.13.36:182][706]LogSceneAutomation: Display: SCENE_YAW_FIX t=17.01 asv_count=1
[2026.08.06-01.13.36:182][706]LogSceneAutomation: Display: SCENE_TARGET_POS t=17.0 entity=target_red world=X=-9698.697 Y=-9937.923 Z=10.000
[2026.08.06-01.13.36:182][706]LogSceneAutomation: Display: SCENE_TARGET_POS t=17.0 entity=target_blue world=X=-9700.446 Y=-9748.369 Z=10.000
[2026.08.06-01.13.36:182][706]LogSceneAutomation: Display: SCENE_TARGET_POS t=17.0 entity=target_left world=X=-9436.552 Y=-10359.389 Z=10.000
[2026.08.06-01.13.36:182][706]LogSceneAutomation: Display: SCENE_TARGET_POS t=17.0 entity=target_right world=X=-9459.963 Y=-9642.005 Z=10.000
[2026.08.06-01.13.36:183][706]LogSceneAutomation: Display: SCENE_ASV_POS t=17.0 world=X=-10073.073 Y=-9979.669 Z=12.625 yaw=0
[2026.08.06-01.13.37:177][749]LogSceneAutomation: Display: SCENE_YAW_FIX t=18.00 asv_count=1
[2026.08.06-01.13.37:177][749]LogSceneAutomation: Display: SCENE_TARGET_POS t=18.0 entity=target_red world=X=-9698.697 Y=-9937.923 Z=10.000
[2026.08.06-01.13.37:177][749]LogSceneAutomation: Display: SCENE_TARGET_POS t=18.0 entity=target_blue world=X=-9700.446 Y=-9748.369 Z=10.000
[2026.08.06-01.13.37:178][749]LogSceneAutomation: Display: SCENE_TARGET_POS t=18.0 entity=target_left world=X=-9436.552 Y=-10359.389 Z=10.000
[2026.08.06-01.13.37:178][749]LogSceneAutomation: Display: SCENE_TARGET_POS t=18.0 entity=target_right world=X=-9459.963 Y=-9642.005 Z=10.000
[2026.08.06-01.13.37:178][749]LogSceneAutomation: Display: SCENE_ASV_POS t=18.0 world=X=-10052.247 Y=-9981.732 Z=12.633 yaw=0
[2026.08.06-01.13.38:175][791]LogSceneAutomation: Display: SCENE_YAW_FIX t=19.00 asv_count=1
[2026.08.06-01.13.38:175][791]LogSceneAutomation: Display: SCENE_TARGET_POS t=19.0 entity=target_red world=X=-9698.697 Y=-9937.923 Z=10.000
[2026.08.06-01.13.38:176][791]LogSceneAutomation: Display: SCENE_TARGET_POS t=19.0 entity=target_blue world=X=-9700.446 Y=-9748.369 Z=10.000
[2026.08.06-01.13.38:176][791]LogSceneAutomation: Display: SCENE_TARGET_POS t=19.0 entity=target_left world=X=-9436.552 Y=-10359.389 Z=10.000
[2026.08.06-01.13.38:176][791]LogSceneAutomation: Display: SCENE_TARGET_POS t=19.0 entity=target_right world=X=-9459.963 Y=-9642.005 Z=10.000
[2026.08.06-01.13.38:176][791]LogSceneAutomation: Display: SCENE_ASV_POS t=19.0 world=X=-9974.710 Y=-9973.065 Z=12.633 yaw=0
[2026.08.06-01.13.39:174][834]LogSceneAutomation: Display: SCENE_YAW_FIX t=20.00 asv_count=1
[2026.08.06-01.13.39:174][834]LogSceneAutomation: Display: SCENE_TARGET_POS t=20.0 entity=target_red world=X=-9698.697 Y=-9937.923 Z=10.000
[2026.08.06-01.13.39:174][834]LogSceneAutomation: Display: SCENE_TARGET_POS t=20.0 entity=target_blue world=X=-9700.446 Y=-9748.369 Z=10.000
[2026.08.06-01.13.39:174][834]LogSceneAutomation: Display: SCENE_TARGET_POS t=20.0 entity=target_left world=X=-9436.552 Y=-10359.389 Z=10.000
[2026.08.06-01.13.39:174][834]LogSceneAutomation: Display: SCENE_TARGET_POS t=20.0 entity=target_right world=X=-9459.963 Y=-9642.005 Z=10.000
[2026.08.06-01.13.39:174][834]LogSceneAutomation: Display: SCENE_ASV_POS t=20.0 world=X=-10008.882 Y=-9979.344 Z=12.621 yaw=0
[2026.08.06-01.13.40:181][877]LogSceneAutomation: Display: SCENE_YAW_FIX t=21.01 asv_count=1
[2026.08.06-01.13.40:182][877]LogSceneAutomation: Display: SCENE_TARGET_POS t=21.0 entity=target_red world=X=-9698.697 Y=-9937.923 Z=10.000
[2026.08.06-01.13.40:182][877]LogSceneAutomation: Display: SCENE_TARGET_POS t=21.0 entity=target_blue world=X=-9700.446 Y=-9748.369 Z=10.000
[2026.08.06-01.13.40:182][877]LogSceneAutomation: Display: SCENE_TARGET_POS t=21.0 entity=target_left world=X=-9436.552 Y=-10359.389 Z=10.000
[2026.08.06-01.13.40:182][877]LogSceneAutomation: Display: SCENE_TARGET_POS t=21.0 entity=target_right world=X=-9459.963 Y=-9642.005 Z=10.000
[2026.08.06-01.13.40:182][877]LogSceneAutomation: Display: SCENE_ASV_POS t=21.0 world=X=-10008.740 Y=-9982.456 Z=12.500 yaw=0
[2026.08.06-01.13.40:578][894]LogSceneAutomation: Display: SCENE_EXEC_APPLY slot=TRACK-SYNTH-RED3-V2 count=75 dx_cm=-12.226 dy_cm=-0.724 offset=X=121.800 Y=16.366 Z=0.000
[2026.08.06-01.13.41:182][920]LogSceneAutomation: Display: SCENE_YAW_FIX t=22.01 asv_count=1
[2026.08.06-01.13.41:182][920]LogSceneAutomation: Display: SCENE_TARGET_POS t=22.0 entity=target_red world=X=-9698.697 Y=-9937.923 Z=10.000
[2026.08.06-01.13.41:182][920]LogSceneAutomation: Display: SCENE_TARGET_POS t=22.0 entity=target_blue world=X=-9700.446 Y=-9748.369 Z=10.000
[2026.08.06-01.13.41:182][920]LogSceneAutomation: Display: SCENE_TARGET_POS t=22.0 entity=target_left world=X=-9436.552 Y=-10359.389 Z=10.000
[2026.08.06-01.13.41:182][920]LogSceneAutomation: Display: SCENE_TARGET_POS t=22.0 entity=target_right world=X=-9459.963 Y=-9642.005 Z=10.000
[2026.08.06-01.13.41:182][920]LogSceneAutomation: Display: SCENE_ASV_POS t=22.0 world=X=-10057.041 Y=-9985.582 Z=12.643 yaw=0
[2026.08.06-01.13.42:173][962]LogSceneAutomation: Display: SCENE_YAW_FIX t=23.00 asv_count=1
[2026.08.06-01.13.42:173][962]LogSceneAutomation: Display: SCENE_TARGET_POS t=23.0 entity=target_red world=X=-9698.697 Y=-9937.923 Z=10.000
[2026.08.06-01.13.42:173][962]LogSceneAutomation: Display: SCENE_TARGET_POS t=23.0 entity=target_blue world=X=-9700.446 Y=-9748.369 Z=10.000
[2026.08.06-01.13.42:173][962]LogSceneAutomation: Display: SCENE_TARGET_POS t=23.0 entity=target_left world=X=-9436.552 Y=-10359.389 Z=10.000
[2026.08.06-01.13.42:173][962]LogSceneAutomation: Display: SCENE_TARGET_POS t=23.0 entity=target_right world=X=-9459.963 Y=-9642.005 Z=10.000
[2026.08.06-01.13.42:173][962]LogSceneAutomation: Display: SCENE_ASV_POS t=23.0 world=X=-10075.299 Y=-9988.580 Z=12.630 yaw=0
[2026.08.06-01.13.43:177][  6]LogSceneAutomation: Display: SCENE_YAW_FIX t=24.00 asv_count=1
[2026.08.06-01.13.43:177][  6]LogSceneAutomation: Display: SCENE_TARGET_POS t=24.0 entity=target_red world=X=-9698.697 Y=-9937.923 Z=10.000
[2026.08.06-01.13.43:177][  6]LogSceneAutomation: Display: SCENE_TARGET_POS t=24.0 entity=target_blue world=X=-9700.446 Y=-9748.369 Z=10.000
[2026.08.06-01.13.43:177][  6]LogSceneAutomation: Display: SCENE_TARGET_POS t=24.0 entity=target_left world=X=-9436.552 Y=-10359.389 Z=10.000
[2026.08.06-01.13.43:177][  6]LogSceneAutomation: Display: SCENE_TARGET_POS t=24.0 entity=target_right world=X=-9459.963 Y=-9642.005 Z=10.000
[2026.08.06-01.13.43:177][  6]LogSceneAutomation: Display: SCENE_ASV_POS t=24.0 world=X=-10040.885 Y=-9987.445 Z=12.618 yaw=0
[2026.08.06-01.13.44:202][ 49]LogImageCompression: Display: EDGE_CAPTURE_STATS count=250 size=1280x720 srgb=0 mean_rgb=(38.4,60.9,101.1) max=238 linear_to_gamma=1
[2026.08.06-01.13.44:221][ 49]LogSceneAutomation: Display: SCENE_YAW_FIX t=25.01 asv_count=1
[2026.08.06-01.13.44:221][ 49]LogSceneAutomation: Display: SCENE_TARGET_POS t=25.0 entity=target_red world=X=-9697.927 Y=-9938.129 Z=10.000
[2026.08.06-01.13.44:221][ 49]LogSceneAutomation: Display: SCENE_TARGET_POS t=25.0 entity=target_blue world=X=-9699.676 Y=-9748.574 Z=10.000
[2026.08.06-01.13.44:221][ 49]LogSceneAutomation: Display: SCENE_TARGET_POS t=25.0 entity=target_left world=X=-9435.782 Y=-10359.389 Z=10.000
[2026.08.06-01.13.44:221][ 49]LogSceneAutomation: Display: SCENE_TARGET_POS t=25.0 entity=target_right world=X=-9459.193 Y=-9642.005 Z=10.000
[2026.08.06-01.13.44:221][ 49]LogSceneAutomation: Display: SCENE_ASV_POS t=25.0 world=X=-10054.934 Y=-9993.341 Z=12.640 yaw=0
[2026.08.06-01.13.45:180][ 89]LogSceneAutomation: Display: SCENE_YAW_FIX t=26.01 asv_count=1
[2026.08.06-01.13.45:181][ 89]LogSceneAutomation: Display: SCENE_TARGET_POS t=26.0 entity=target_red world=X=-9638.371 Y=-9954.302 Z=10.000
[2026.08.06-01.13.45:181][ 89]LogSceneAutomation: Display: SCENE_TARGET_POS t=26.0 entity=target_blue world=X=-9640.119 Y=-9764.748 Z=10.000
[2026.08.06-01.13.45:181][ 89]LogSceneAutomation: Display: SCENE_TARGET_POS t=26.0 entity=target_left world=X=-9376.226 Y=-10359.389 Z=10.000
[2026.08.06-01.13.45:181][ 89]LogSceneAutomation: Display: SCENE_TARGET_POS t=26.0 entity=target_right world=X=-9399.637 Y=-9642.005 Z=10.000
[2026.08.06-01.13.45:181][ 89]LogSceneAutomation: Display: SCENE_ASV_POS t=26.0 world=X=-10039.096 Y=-9990.692 Z=12.642 yaw=0
[2026.08.06-01.13.46:175][130]LogSceneAutomation: Display: SCENE_YAW_FIX t=27.00 asv_count=1
[2026.08.06-01.13.46:175][130]LogSceneAutomation: Display: SCENE_TARGET_POS t=27.0 entity=target_red world=X=-9578.634 Y=-9971.082 Z=10.000
[2026.08.06-01.13.46:175][130]LogSceneAutomation: Display: SCENE_TARGET_POS t=27.0 entity=target_blue world=X=-9580.383 Y=-9781.527 Z=10.000
[2026.08.06-01.13.46:175][130]LogSceneAutomation: Display: SCENE_TARGET_POS t=27.0 entity=target_left world=X=-9316.489 Y=-10359.389 Z=10.000
[2026.08.06-01.13.46:175][130]LogSceneAutomation: Display: SCENE_TARGET_POS t=27.0 entity=target_right world=X=-9339.900 Y=-9642.005 Z=10.000
[2026.08.06-01.13.46:175][131]LogSceneAutomation: Display: SCENE_ASV_POS t=27.0 world=X=-9946.168 Y=-9986.507 Z=12.655 yaw=0
[2026.08.06-01.13.46:772][156]LogSceneAutomation: Display: SCENE_EXEC_APPLY slot=TRACK-SYNTH-RED3-V2 count=100 dx_cm=27.996 dy_cm=-0.208 offset=X=290.812 Y=13.962 Z=0.000
[2026.08.06-01.13.47:187][174]LogSceneAutomation: Display: SCENE_YAW_FIX t=28.01 asv_count=1
[2026.08.06-01.13.47:188][174]LogSceneAutomation: Display: SCENE_TARGET_POS t=28.0 entity=target_red world=X=-9518.333 Y=-9988.519 Z=10.000
[2026.08.06-01.13.47:188][174]LogSceneAutomation: Display: SCENE_TARGET_POS t=28.0 entity=target_blue world=X=-9520.082 Y=-9798.964 Z=10.000
[2026.08.06-01.13.47:188][174]LogSceneAutomation: Display: SCENE_TARGET_POS t=28.0 entity=target_left world=X=-9256.188 Y=-10359.389 Z=10.000
[2026.08.06-01.13.47:188][174]LogSceneAutomation: Display: SCENE_TARGET_POS t=28.0 entity=target_right world=X=-9279.599 Y=-9642.005 Z=10.000
[2026.08.06-01.13.47:188][174]LogSceneAutomation: Display: SCENE_ASV_POS t=28.0 world=X=-9831.548 Y=-9986.445 Z=12.603 yaw=0
[2026.08.06-01.13.48:176][214]LogSceneAutomation: Display: SCENE_YAW_FIX t=29.00 asv_count=1
[2026.08.06-01.13.48:176][214]LogSceneAutomation: Display: SCENE_TARGET_POS t=29.0 entity=target_red world=X=-9458.443 Y=-10006.264 Z=10.000
[2026.08.06-01.13.48:177][214]LogSceneAutomation: Display: SCENE_TARGET_POS t=29.0 entity=target_blue world=X=-9460.192 Y=-9816.710 Z=10.000
[2026.08.06-01.13.48:177][214]LogSceneAutomation: Display: SCENE_TARGET_POS t=29.0 entity=target_left world=X=-9196.298 Y=-10359.389 Z=10.000
[2026.08.06-01.13.48:177][214]LogSceneAutomation: Display: SCENE_TARGET_POS t=29.0 entity=target_right world=X=-9219.709 Y=-9642.005 Z=10.000
[2026.08.06-01.13.48:177][215]LogSceneAutomation: Display: SCENE_ASV_POS t=29.0 world=X=-9733.783 Y=-9991.299 Z=12.621 yaw=0
[2026.08.06-01.13.49:178][256]LogSceneAutomation: Display: SCENE_YAW_FIX t=30.01 asv_count=1
[2026.08.06-01.13.49:178][256]LogSceneAutomation: Display: SCENE_TARGET_POS t=30.0 entity=target_red world=X=-9398.372 Y=-10024.422 Z=10.000
[2026.08.06-01.13.49:178][256]LogSceneAutomation: Display: SCENE_TARGET_POS t=30.0 entity=target_blue world=X=-9400.121 Y=-9834.867 Z=10.000
[2026.08.06-01.13.49:178][256]LogSceneAutomation: Display: SCENE_TARGET_POS t=30.0 entity=target_left world=X=-9136.227 Y=-10359.389 Z=10.000
[2026.08.06-01.13.49:178][256]LogSceneAutomation: Display: SCENE_TARGET_POS t=30.0 entity=target_right world=X=-9159.638 Y=-9642.005 Z=10.000
[2026.08.06-01.13.49:178][256]LogSceneAutomation: Display: SCENE_ASV_POS t=30.0 world=X=-9750.507 Y=-9997.160 Z=12.633 yaw=0
[2026.08.06-01.13.50:177][298]LogSceneAutomation: Display: SCENE_YAW_FIX t=31.01 asv_count=1
[2026.08.06-01.13.50:177][298]LogSceneAutomation: Display: SCENE_TARGET_POS t=31.0 entity=target_red world=X=-9338.361 Y=-10042.847 Z=10.000
[2026.08.06-01.13.50:177][298]LogSceneAutomation: Display: SCENE_TARGET_POS t=31.0 entity=target_blue world=X=-9340.110 Y=-9853.293 Z=10.000
[2026.08.06-01.13.50:177][298]LogSceneAutomation: Display: SCENE_TARGET_POS t=31.0 entity=target_left world=X=-9076.216 Y=-10359.389 Z=10.000
[2026.08.06-01.13.50:177][298]LogSceneAutomation: Display: SCENE_TARGET_POS t=31.0 entity=target_right world=X=-9099.627 Y=-9642.005 Z=10.000
[2026.08.06-01.13.50:177][298]LogSceneAutomation: Display: SCENE_ASV_POS t=31.0 world=X=-9724.646 Y=-10005.041 Z=12.615 yaw=0
[2026.08.06-01.13.51:174][340]LogSceneAutomation: Display: SCENE_YAW_FIX t=32.00 asv_count=1
[2026.08.06-01.13.51:174][340]LogSceneAutomation: Display: SCENE_TARGET_POS t=32.0 entity=target_red world=X=-9278.608 Y=-10061.406 Z=10.000
[2026.08.06-01.13.51:174][340]LogSceneAutomation: Display: SCENE_TARGET_POS t=32.0 entity=target_blue world=X=-9280.357 Y=-9871.851 Z=10.000
[2026.08.06-01.13.51:174][340]LogSceneAutomation: Display: SCENE_TARGET_POS t=32.0 entity=target_left world=X=-9016.463 Y=-10359.389 Z=10.000
[2026.08.06-01.13.51:174][340]LogSceneAutomation: Display: SCENE_TARGET_POS t=32.0 entity=target_right world=X=-9039.874 Y=-9642.005 Z=10.000
[2026.08.06-01.13.51:174][340]LogSceneAutomation: Display: SCENE_ASV_POS t=32.0 world=X=-9622.439 Y=-10019.379 Z=12.608 yaw=0
[2026.08.06-01.13.52:185][383]LogSceneAutomation: Display: SCENE_YAW_FIX t=33.01 asv_count=1
[2026.08.06-01.13.52:185][383]LogSceneAutomation: Display: SCENE_TARGET_POS t=33.0 entity=target_red world=X=-9217.975 Y=-10080.379 Z=10.000
[2026.08.06-01.13.52:185][383]LogSceneAutomation: Display: SCENE_TARGET_POS t=33.0 entity=target_blue world=X=-9219.723 Y=-9890.825 Z=10.000
[2026.08.06-01.13.52:185][383]LogSceneAutomation: Display: SCENE_TARGET_POS t=33.0 entity=target_left world=X=-8955.830 Y=-10359.389 Z=10.000
[2026.08.06-01.13.52:186][383]LogSceneAutomation: Display: SCENE_TARGET_POS t=33.0 entity=target_right world=X=-8979.240 Y=-9642.005 Z=10.000
[2026.08.06-01.13.52:186][383]LogSceneAutomation: Display: SCENE_ASV_POS t=33.0 world=X=-9605.500 Y=-10027.150 Z=12.624 yaw=0
[2026.08.06-01.13.53:180][426]LogSceneAutomation: Display: SCENE_YAW_FIX t=34.01 asv_count=1
[2026.08.06-01.13.53:180][426]LogSceneAutomation: Display: SCENE_TARGET_POS t=34.0 entity=target_red world=X=-9158.351 Y=-10099.103 Z=10.000
[2026.08.06-01.13.53:180][426]LogSceneAutomation: Display: SCENE_TARGET_POS t=34.0 entity=target_blue world=X=-9160.099 Y=-9909.548 Z=10.000
[2026.08.06-01.13.53:180][426]LogSceneAutomation: Display: SCENE_TARGET_POS t=34.0 entity=target_left world=X=-8896.206 Y=-10359.389 Z=10.000
[2026.08.06-01.13.53:180][426]LogSceneAutomation: Display: SCENE_TARGET_POS t=34.0 entity=target_right world=X=-8919.617 Y=-9642.005 Z=10.000
[2026.08.06-01.13.53:180][426]LogSceneAutomation: Display: SCENE_ASV_POS t=34.0 world=X=-9523.355 Y=-10047.402 Z=12.613 yaw=0
[2026.08.06-01.13.53:181][426]LogSceneAutomation: Display: SCENE_EXEC_APPLY slot=TRACK-SYNTH-RED3-V2 count=125 dx_cm=27.704 dy_cm=-4.531 offset=X=654.349 Y=-51.934 Z=0.000
[2026.08.06-01.13.54:174][467]LogSceneAutomation: Display: SCENE_YAW_FIX t=35.00 asv_count=1
[2026.08.06-01.13.54:174][467]LogSceneAutomation: Display: SCENE_TARGET_POS t=35.0 entity=target_red world=X=-9098.603 Y=-10117.856 Z=10.000
[2026.08.06-01.13.54:175][467]LogSceneAutomation: Display: SCENE_TARGET_POS t=35.0 entity=target_blue world=X=-9100.351 Y=-9928.301 Z=10.000
[2026.08.06-01.13.54:175][467]LogSceneAutomation: Display: SCENE_TARGET_POS t=35.0 entity=target_left world=X=-8836.458 Y=-10359.389 Z=10.000
[2026.08.06-01.13.54:175][467]LogSceneAutomation: Display: SCENE_TARGET_POS t=35.0 entity=target_right world=X=-8859.869 Y=-9642.005 Z=10.000
[2026.08.06-01.13.54:175][467]LogSceneAutomation: Display: SCENE_ASV_POS t=35.0 world=X=-9420.734 Y=-10066.755 Z=12.616 yaw=0
[2026.08.06-01.13.55:184][510]LogSceneAutomation: Display: SCENE_YAW_FIX t=36.01 asv_count=1
[2026.08.06-01.13.55:184][510]LogSceneAutomation: Display: SCENE_TARGET_POS t=36.0 entity=target_red world=X=-9038.052 Y=-10136.777 Z=10.000
[2026.08.06-01.13.55:184][510]LogSceneAutomation: Display: SCENE_TARGET_POS t=36.0 entity=target_blue world=X=-9039.801 Y=-9947.223 Z=10.000
[2026.08.06-01.13.55:185][510]LogSceneAutomation: Display: SCENE_TARGET_POS t=36.0 entity=target_left world=X=-8775.907 Y=-10359.389 Z=10.000
[2026.08.06-01.13.55:185][510]LogSceneAutomation: Display: SCENE_TARGET_POS t=36.0 entity=target_right world=X=-8799.318 Y=-9642.005 Z=10.000
[2026.08.06-01.13.55:185][510]LogSceneAutomation: Display: SCENE_ASV_POS t=36.0 world=X=-9323.962 Y=-10087.440 Z=12.500 yaw=0
[2026.08.06-01.13.56:184][552]LogSceneAutomation: Display: SCENE_YAW_FIX t=37.01 asv_count=1
[2026.08.06-01.13.56:184][553]LogSceneAutomation: Display: SCENE_TARGET_POS t=37.0 entity=target_red world=X=-8978.092 Y=-10155.356 Z=10.000
[2026.08.06-01.13.56:184][553]LogSceneAutomation: Display: SCENE_TARGET_POS t=37.0 entity=target_blue world=X=-8979.840 Y=-9965.802 Z=10.000
[2026.08.06-01.13.56:185][553]LogSceneAutomation: Display: SCENE_TARGET_POS t=37.0 entity=target_left world=X=-8715.947 Y=-10359.389 Z=10.000
[2026.08.06-01.13.56:186][553]LogSceneAutomation: Display: SCENE_TARGET_POS t=37.0 entity=target_right world=X=-8739.358 Y=-9642.005 Z=10.000
[2026.08.06-01.13.56:186][553]LogSceneAutomation: Display: SCENE_ASV_POS t=37.0 world=X=-9269.931 Y=-10107.309 Z=12.597 yaw=0
[2026.08.06-01.13.57:177][594]LogSceneAutomation: Display: SCENE_YAW_FIX t=38.00 asv_count=1
[2026.08.06-01.13.57:177][594]LogSceneAutomation: Display: SCENE_TARGET_POS t=38.0 entity=target_red world=X=-8918.513 Y=-10173.589 Z=10.000
[2026.08.06-01.13.57:177][594]LogSceneAutomation: Display: SCENE_TARGET_POS t=38.0 entity=target_blue world=X=-8920.262 Y=-9984.034 Z=10.000
[2026.08.06-01.13.57:177][594]LogSceneAutomation: Display: SCENE_TARGET_POS t=38.0 entity=target_left world=X=-8656.368 Y=-10359.389 Z=10.000
[2026.08.06-01.13.57:177][594]LogSceneAutomation: Display: SCENE_TARGET_POS t=38.0 entity=target_right world=X=-8679.779 Y=-9642.005 Z=10.000
[2026.08.06-01.13.57:177][594]LogSceneAutomation: Display: SCENE_ASV_POS t=38.0 world=X=-9298.859 Y=-10127.569 Z=12.629 yaw=0
[2026.08.06-01.13.58:179][636]LogSceneAutomation: Display: SCENE_YAW_FIX t=39.01 asv_count=1
[2026.08.06-01.13.58:180][636]LogSceneAutomation: Display: SCENE_TARGET_POS t=39.0 entity=target_red world=X=-8858.261 Y=-10191.724 Z=10.000
[2026.08.06-01.13.58:180][636]LogSceneAutomation: Display: SCENE_TARGET_POS t=39.0 entity=target_blue world=X=-8860.009 Y=-10002.170 Z=10.000
[2026.08.06-01.13.58:180][636]LogSceneAutomation: Display: SCENE_TARGET_POS t=39.0 entity=target_left world=X=-8596.116 Y=-10359.389 Z=10.000
[2026.08.06-01.13.58:180][636]LogSceneAutomation: Display: SCENE_TARGET_POS t=39.0 entity=target_right world=X=-8619.527 Y=-9642.005 Z=10.000
[2026.08.06-01.13.58:180][636]LogSceneAutomation: Display: SCENE_ASV_POS t=39.0 world=X=-9283.419 Y=-10157.861 Z=12.675 yaw=0
[2026.08.06-01.13.59:179][678]LogSceneAutomation: Display: SCENE_YAW_FIX t=40.01 asv_count=1
[2026.08.06-01.13.59:179][678]LogSceneAutomation: Display: SCENE_TARGET_POS t=40.0 entity=target_red world=X=-8798.293 Y=-10209.399 Z=10.000
[2026.08.06-01.13.59:179][678]LogSceneAutomation: Display: SCENE_TARGET_POS t=40.0 entity=target_blue world=X=-8800.041 Y=-10019.845 Z=10.000
[2026.08.06-01.13.59:179][678]LogSceneAutomation: Display: SCENE_TARGET_POS t=40.0 entity=target_left world=X=-8536.148 Y=-10359.389 Z=10.000
[2026.08.06-01.13.59:179][678]LogSceneAutomation: Display: SCENE_TARGET_POS t=40.0 entity=target_right world=X=-8559.559 Y=-9642.005 Z=10.000
[2026.08.06-01.13.59:179][678]LogSceneAutomation: Display: SCENE_ASV_POS t=40.0 world=X=-9191.038 Y=-10179.575 Z=12.626 yaw=0
[2026.08.06-01.13.59:276][682]LogSceneAutomation: Display: SCENE_EXEC_APPLY slot=TRACK-SYNTH-RED3-V2 count=150 dx_cm=29.802 dy_cm=-3.151 offset=X=988.763 Y=-182.726 Z=0.000
[2026.08.06-01.14.00:188][721]LogSceneAutomation: Display: SCENE_YAW_FIX t=41.01 asv_count=1
[2026.08.06-01.14.00:188][721]LogSceneAutomation: Display: SCENE_TARGET_POS t=41.0 entity=target_red world=X=-8737.854 Y=-10226.764 Z=10.000
[2026.08.06-01.14.00:188][721]LogSceneAutomation: Display: SCENE_TARGET_POS t=41.0 entity=target_blue world=X=-8739.603 Y=-10037.209 Z=10.000
[2026.08.06-01.14.00:188][721]LogSceneAutomation: Display: SCENE_TARGET_POS t=41.0 entity=target_left world=X=-8475.709 Y=-10359.389 Z=10.000
[2026.08.06-01.14.00:188][721]LogSceneAutomation: Display: SCENE_TARGET_POS t=41.0 entity=target_right world=X=-8499.120 Y=-9642.005 Z=10.000
[2026.08.06-01.14.00:188][721]LogSceneAutomation: Display: SCENE_ASV_POS t=41.0 world=X=-9075.349 Y=-10193.011 Z=12.705 yaw=0
[2026.08.06-01.14.01:178][763]LogSceneAutomation: Display: SCENE_YAW_FIX t=42.01 asv_count=1
[2026.08.06-01.14.01:178][763]LogSceneAutomation: Display: SCENE_TARGET_POS t=42.0 entity=target_red world=X=-8678.309 Y=-10243.364 Z=10.000
[2026.08.06-01.14.01:178][763]LogSceneAutomation: Display: SCENE_TARGET_POS t=42.0 entity=target_blue world=X=-8680.058 Y=-10053.809 Z=10.000
[2026.08.06-01.14.01:178][763]LogSceneAutomation: Display: SCENE_TARGET_POS t=42.0 entity=target_left world=X=-8416.164 Y=-10359.389 Z=10.000
[2026.08.06-01.14.01:178][763]LogSceneAutomation: Display: SCENE_TARGET_POS t=42.0 entity=target_right world=X=-8439.575 Y=-9642.005 Z=10.000
[2026.08.06-01.14.01:178][763]LogSceneAutomation: Display: SCENE_ASV_POS t=42.0 world=X=-8982.187 Y=-10207.046 Z=12.613 yaw=0
[2026.08.06-01.14.02:183][806]LogSceneAutomation: Display: SCENE_YAW_FIX t=43.01 asv_count=1
[2026.08.06-01.14.02:183][806]LogSceneAutomation: Display: SCENE_TARGET_POS t=43.0 entity=target_red world=X=-8618.067 Y=-10259.578 Z=10.000
[2026.08.06-01.14.02:183][806]LogSceneAutomation: Display: SCENE_TARGET_POS t=43.0 entity=target_blue world=X=-8619.816 Y=-10070.024 Z=10.000
[2026.08.06-01.14.02:183][806]LogSceneAutomation: Display: SCENE_TARGET_POS t=43.0 entity=target_left world=X=-8355.922 Y=-10359.389 Z=10.000
[2026.08.06-01.14.02:183][806]LogSceneAutomation: Display: SCENE_TARGET_POS t=43.0 entity=target_right world=X=-8379.333 Y=-9642.005 Z=10.000
[2026.08.06-01.14.02:183][806]LogSceneAutomation: Display: SCENE_ASV_POS t=43.0 world=X=-8924.103 Y=-10220.988 Z=12.607 yaw=0
[2026.08.06-01.14.03:184][849]LogSceneAutomation: Display: SCENE_YAW_FIX t=44.01 asv_count=1
[2026.08.06-01.14.03:184][849]LogSceneAutomation: Display: SCENE_TARGET_POS t=44.0 entity=target_red world=X=-8558.239 Y=-10275.041 Z=10.000
[2026.08.06-01.14.03:184][849]LogSceneAutomation: Display: SCENE_TARGET_POS t=44.0 entity=target_blue world=X=-8559.988 Y=-10085.486 Z=10.000
[2026.08.06-01.14.03:184][849]LogSceneAutomation: Display: SCENE_TARGET_POS t=44.0 entity=target_left world=X=-8296.094 Y=-10359.389 Z=10.000
[2026.08.06-01.14.03:184][849]LogSceneAutomation: Display: SCENE_TARGET_POS t=44.0 entity=target_right world=X=-8319.505 Y=-9642.005 Z=10.000
[2026.08.06-01.14.03:184][849]LogSceneAutomation: Display: SCENE_ASV_POS t=44.0 world=X=-8935.192 Y=-10234.379 Z=12.562 yaw=0
[2026.08.06-01.14.04:185][891]LogSceneAutomation: Display: SCENE_YAW_FIX t=45.01 asv_count=1
[2026.08.06-01.14.04:185][891]LogSceneAutomation: Display: SCENE_TARGET_POS t=45.0 entity=target_red world=X=-8498.010 Y=-10289.901 Z=10.000
[2026.08.06-01.14.04:185][891]LogSceneAutomation: Display: SCENE_TARGET_POS t=45.0 entity=target_blue world=X=-8499.758 Y=-10100.347 Z=10.000
[2026.08.06-01.14.04:185][891]LogSceneAutomation: Display: SCENE_TARGET_POS t=45.0 entity=target_left world=X=-8235.865 Y=-10359.389 Z=10.000
[2026.08.06-01.14.04:185][891]LogSceneAutomation: Display: SCENE_TARGET_POS t=45.0 entity=target_right world=X=-8259.276 Y=-9642.005 Z=10.000
[2026.08.06-01.14.04:185][891]LogSceneAutomation: Display: SCENE_ASV_POS t=45.0 world=X=-8901.175 Y=-10261.042 Z=12.629 yaw=0
[2026.08.06-01.14.05:173][933]LogSceneAutomation: Display: SCENE_YAW_FIX t=46.00 asv_count=1
[2026.08.06-01.14.05:173][933]LogSceneAutomation: Display: SCENE_TARGET_POS t=46.0 entity=target_red world=X=-8438.629 Y=-10303.801 Z=10.000
[2026.08.06-01.14.05:173][933]LogSceneAutomation: Display: SCENE_TARGET_POS t=46.0 entity=target_blue world=X=-8440.377 Y=-10114.246 Z=10.000
[2026.08.06-01.14.05:173][933]LogSceneAutomation: Display: SCENE_TARGET_POS t=46.0 entity=target_left world=X=-8176.483 Y=-10359.389 Z=10.000
[2026.08.06-01.14.05:173][933]LogSceneAutomation: Display: SCENE_TARGET_POS t=46.0 entity=target_right world=X=-8199.894 Y=-9642.005 Z=10.000
[2026.08.06-01.14.05:174][933]LogSceneAutomation: Display: SCENE_ASV_POS t=46.0 world=X=-8866.654 Y=-10266.184 Z=12.614 yaw=0
[2026.08.06-01.14.05:587][952]LogSceneAutomation: Display: SCENE_EXEC_APPLY slot=TRACK-SYNTH-RED3-V2 count=175 dx_cm=4.972 dy_cm=-0.528 offset=X=1293.216 Y=-267.714 Z=0.000
[2026.08.06-01.14.06:180][976]LogSceneAutomation: Display: SCENE_YAW_FIX t=47.01 asv_count=1
[2026.08.06-01.14.06:180][976]LogSceneAutomation: Display: SCENE_TARGET_POS t=47.0 entity=target_red world=X=-8378.234 Y=-10317.117 Z=10.000
[2026.08.06-01.14.06:180][976]LogSceneAutomation: Display: SCENE_TARGET_POS t=47.0 entity=target_blue world=X=-8379.982 Y=-10127.563 Z=10.000
[2026.08.06-01.14.06:181][976]LogSceneAutomation: Display: SCENE_TARGET_POS t=47.0 entity=target_left world=X=-8116.089 Y=-10359.389 Z=10.000
[2026.08.06-01.14.06:181][976]LogSceneAutomation: Display: SCENE_TARGET_POS t=47.0 entity=target_right world=X=-8139.500 Y=-9642.005 Z=10.000
[2026.08.06-01.14.06:181][976]LogSceneAutomation: Display: SCENE_ASV_POS t=47.0 world=X=-8832.332 Y=-10272.452 Z=12.611 yaw=0
[2026.08.06-01.14.07:184][ 19]LogSceneAutomation: Display: SCENE_YAW_FIX t=48.01 asv_count=1
[2026.08.06-01.14.07:184][ 19]LogSceneAutomation: Display: SCENE_TARGET_POS t=48.0 entity=target_red world=X=-8317.915 Y=-10329.538 Z=10.000
[2026.08.06-01.14.07:185][ 19]LogSceneAutomation: Display: SCENE_TARGET_POS t=48.0 entity=target_blue world=X=-8319.663 Y=-10139.983 Z=10.000
[2026.08.06-01.14.07:185][ 19]LogSceneAutomation: Display: SCENE_TARGET_POS t=48.0 entity=target_left world=X=-8055.770 Y=-10359.389 Z=10.000
[2026.08.06-01.14.07:185][ 19]LogSceneAutomation: Display: SCENE_TARGET_POS t=48.0 entity=target_right world=X=-8079.181 Y=-9642.005 Z=10.000
[2026.08.06-01.14.07:185][ 19]LogSceneAutomation: Display: SCENE_ASV_POS t=48.0 world=X=-8728.654 Y=-10286.963 Z=12.607 yaw=0
[2026.08.06-01.14.08:179][ 60]LogSceneAutomation: Display: SCENE_YAW_FIX t=49.01 asv_count=1
[2026.08.06-01.14.08:179][ 60]LogSceneAutomation: Display: SCENE_TARGET_POS t=49.0 entity=target_red world=X=-8258.265 Y=-10340.909 Z=10.000
[2026.08.06-01.14.08:179][ 60]LogSceneAutomation: Display: SCENE_TARGET_POS t=49.0 entity=target_blue world=X=-8260.014 Y=-10151.354 Z=10.000
[2026.08.06-01.14.08:179][ 60]LogSceneAutomation: Display: SCENE_TARGET_POS t=49.0 entity=target_left world=X=-7996.120 Y=-10359.389 Z=10.000
[2026.08.06-01.14.08:179][ 60]LogSceneAutomation: Display: SCENE_TARGET_POS t=49.0 entity=target_right world=X=-8019.531 Y=-9642.005 Z=10.000
[2026.08.06-01.14.08:180][ 60]LogSceneAutomation: Display: SCENE_ASV_POS t=49.0 world=X=-8612.236 Y=-10302.623 Z=12.670 yaw=0
[2026.08.06-01.14.09:169][103]LogImageCompression: Display: EDGE_CAPTURE_STATS count=500 size=1280x720 srgb=0 mean_rgb=(39.1,61.5,101.6) max=242 linear_to_gamma=1
[2026.08.06-01.14.09:184][103]LogSceneAutomation: Display: SCENE_YAW_FIX t=50.01 asv_count=1
[2026.08.06-01.14.09:184][103]LogSceneAutomation: Display: SCENE_TARGET_POS t=50.0 entity=target_red world=X=-8197.970 Y=-10351.435 Z=10.000
[2026.08.06-01.14.09:184][103]LogSceneAutomation: Display: SCENE_TARGET_POS t=50.0 entity=target_blue world=X=-8199.719 Y=-10161.880 Z=10.000
[2026.08.06-01.14.09:184][103]LogSceneAutomation: Display: SCENE_TARGET_POS t=50.0 entity=target_left world=X=-7935.825 Y=-10359.389 Z=10.000
[2026.08.06-01.14.09:184][103]LogSceneAutomation: Display: SCENE_TARGET_POS t=50.0 entity=target_right world=X=-7959.236 Y=-9642.005 Z=10.000
[2026.08.06-01.14.09:184][103]LogSceneAutomation: Display: SCENE_ASV_POS t=50.0 world=X=-8503.606 Y=-10318.515 Z=12.575 yaw=0
[2026.08.06-01.14.10:177][145]LogSceneAutomation: Display: SCENE_YAW_FIX t=51.00 asv_count=1
[2026.08.06-01.14.10:177][145]LogSceneAutomation: Display: SCENE_TARGET_POS t=51.0 entity=target_red world=X=-8138.417 Y=-10360.836 Z=10.000
[2026.08.06-01.14.10:177][145]LogSceneAutomation: Display: SCENE_TARGET_POS t=51.0 entity=target_blue world=X=-8140.166 Y=-10171.281 Z=10.000
[2026.08.06-01.14.10:177][145]LogSceneAutomation: Display: SCENE_TARGET_POS t=51.0 entity=target_left world=X=-7876.272 Y=-10359.389 Z=10.000
[2026.08.06-01.14.10:177][145]LogSceneAutomation: Display: SCENE_TARGET_POS t=51.0 entity=target_right world=X=-7899.683 Y=-9642.005 Z=10.000
[2026.08.06-01.14.10:177][145]LogSceneAutomation: Display: SCENE_ASV_POS t=51.0 world=X=-8416.858 Y=-10333.189 Z=12.611 yaw=0
[2026.08.06-01.14.11:184][188]LogSceneAutomation: Display: SCENE_YAW_FIX t=52.01 asv_count=1
[2026.08.06-01.14.11:184][188]LogSceneAutomation: Display: SCENE_TARGET_POS t=52.0 entity=target_red world=X=-8077.966 Y=-10369.329 Z=10.000
[2026.08.06-01.14.11:184][188]LogSceneAutomation: Display: SCENE_TARGET_POS t=52.0 entity=target_blue world=X=-8079.715 Y=-10179.774 Z=10.000
[2026.08.06-01.14.11:185][188]LogSceneAutomation: Display: SCENE_TARGET_POS t=52.0 entity=target_left world=X=-7815.821 Y=-10359.389 Z=10.000
[2026.08.06-01.14.11:185][188]LogSceneAutomation: Display: SCENE_TARGET_POS t=52.0 entity=target_right world=X=-7839.232 Y=-9642.005 Z=10.000
[2026.08.06-01.14.11:185][188]LogSceneAutomation: Display: SCENE_ASV_POS t=52.0 world=X=-8432.014 Y=-10339.891 Z=12.612 yaw=0
[2026.08.06-01.14.11:783][214]LogSceneAutomation: Display: SCENE_EXEC_APPLY slot=TRACK-SYNTH-RED3-V2 count=200 dx_cm=9.823 dy_cm=-1.752 offset=X=1737.748 Y=-342.753 Z=0.000
[2026.08.06-01.14.12:178][230]LogSceneAutomation: Display: SCENE_YAW_FIX t=53.01 asv_count=1
[2026.08.06-01.14.12:178][230]LogSceneAutomation: Display: SCENE_TARGET_POS t=53.0 entity=target_red world=X=-8018.365 Y=-10376.634 Z=10.000
[2026.08.06-01.14.12:179][230]LogSceneAutomation: Display: SCENE_TARGET_POS t=53.0 entity=target_blue world=X=-8020.113 Y=-10187.080 Z=10.000
[2026.08.06-01.14.12:179][230]LogSceneAutomation: Display: SCENE_TARGET_POS t=53.0 entity=target_left world=X=-7756.220 Y=-10359.389 Z=10.000
[2026.08.06-01.14.12:179][230]LogSceneAutomation: Display: SCENE_TARGET_POS t=53.0 entity=target_right world=X=-7779.631 Y=-9642.005 Z=10.000
[2026.08.06-01.14.12:179][230]LogSceneAutomation: Display: SCENE_ASV_POS t=53.0 world=X=-8397.458 Y=-10345.042 Z=12.615 yaw=0
[2026.08.06-01.14.13:187][274]LogSceneAutomation: Display: SCENE_YAW_FIX t=54.01 asv_count=1
[2026.08.06-01.14.13:187][274]LogSceneAutomation: Display: SCENE_TARGET_POS t=54.0 entity=target_red world=X=-7957.933 Y=-10382.929 Z=10.000
[2026.08.06-01.14.13:187][274]LogSceneAutomation: Display: SCENE_TARGET_POS t=54.0 entity=target_blue world=X=-7959.682 Y=-10193.374 Z=10.000
[2026.08.06-01.14.13:187][274]LogSceneAutomation: Display: SCENE_TARGET_POS t=54.0 entity=target_left world=X=-7695.788 Y=-10359.389 Z=10.000
[2026.08.06-01.14.13:187][274]LogSceneAutomation: Display: SCENE_TARGET_POS t=54.0 entity=target_right world=X=-7719.199 Y=-9642.005 Z=10.000
[2026.08.06-01.14.13:187][274]LogSceneAutomation: Display: SCENE_ASV_POS t=54.0 world=X=-8295.443 Y=-10356.350 Z=12.625 yaw=0
[2026.08.06-01.14.14:176][315]LogSceneAutomation: Display: SCENE_YAW_FIX t=55.00 asv_count=1
[2026.08.06-01.14.14:176][315]LogSceneAutomation: Display: SCENE_TARGET_POS t=55.0 entity=target_red world=X=-7898.473 Y=-10388.005 Z=10.000
[2026.08.06-01.14.14:177][315]LogSceneAutomation: Display: SCENE_TARGET_POS t=55.0 entity=target_blue world=X=-7900.222 Y=-10198.451 Z=10.000
[2026.08.06-01.14.14:177][315]LogSceneAutomation: Display: SCENE_TARGET_POS t=55.0 entity=target_left world=X=-7636.328 Y=-10359.389 Z=10.000
[2026.08.06-01.14.14:177][315]LogSceneAutomation: Display: SCENE_TARGET_POS t=55.0 entity=target_right world=X=-7659.739 Y=-9642.005 Z=10.000
[2026.08.06-01.14.14:177][315]LogSceneAutomation: Display: SCENE_ASV_POS t=55.0 world=X=-8196.232 Y=-10367.966 Z=12.593 yaw=0
[2026.08.06-01.14.15:188][359]LogSceneAutomation: Display: SCENE_YAW_FIX t=56.01 asv_count=1
[2026.08.06-01.14.15:188][359]LogSceneAutomation: Display: SCENE_TARGET_POS t=56.0 entity=target_red world=X=-7837.928 Y=-10392.014 Z=10.000
[2026.08.06-01.14.15:188][359]LogSceneAutomation: Display: SCENE_TARGET_POS t=56.0 entity=target_blue world=X=-7839.676 Y=-10202.460 Z=10.000
[2026.08.06-01.14.15:188][359]LogSceneAutomation: Display: SCENE_TARGET_POS t=56.0 entity=target_left world=X=-7575.783 Y=-10359.389 Z=10.000
[2026.08.06-01.14.15:188][359]LogSceneAutomation: Display: SCENE_TARGET_POS t=56.0 entity=target_right world=X=-7599.194 Y=-9642.005 Z=10.000
[2026.08.06-01.14.15:188][359]LogSceneAutomation: Display: SCENE_ASV_POS t=56.0 world=X=-8176.029 Y=-10375.222 Z=12.652 yaw=0
[2026.08.06-01.14.16:177][400]LogSceneAutomation: Display: SCENE_YAW_FIX t=57.01 asv_count=1
[2026.08.06-01.14.16:177][400]LogSceneAutomation: Display: SCENE_TARGET_POS t=57.0 entity=target_red world=X=-7778.350 Y=-10394.802 Z=10.000
[2026.08.06-01.14.16:177][400]LogSceneAutomation: Display: SCENE_TARGET_POS t=57.0 entity=target_blue world=X=-7780.098 Y=-10205.247 Z=10.000
[2026.08.06-01.14.16:177][400]LogSceneAutomation: Display: SCENE_TARGET_POS t=57.0 entity=target_left world=X=-7516.205 Y=-10359.389 Z=10.000
[2026.08.06-01.14.16:178][400]LogSceneAutomation: Display: SCENE_TARGET_POS t=57.0 entity=target_right world=X=-7539.616 Y=-9642.005 Z=10.000
[2026.08.06-01.14.16:178][400]LogSceneAutomation: Display: SCENE_ASV_POS t=57.0 world=X=-8151.170 Y=-10378.900 Z=12.610 yaw=0
[2026.08.06-01.14.17:107][442]LogSceneAutomation: Display: SCENE_YAW_FIX t=58.00 asv_count=1
[2026.08.06-01.14.17:107][442]LogSceneAutomation: Display: SCENE_TARGET_POS t=58.0 entity=target_red world=X=-7718.690 Y=-10396.432 Z=10.000
[2026.08.06-01.14.17:107][442]LogSceneAutomation: Display: SCENE_TARGET_POS t=58.0 entity=target_blue world=X=-7720.438 Y=-10206.877 Z=10.000
[2026.08.06-01.14.17:107][442]LogSceneAutomation: Display: SCENE_TARGET_POS t=58.0 entity=target_left world=X=-7456.545 Y=-10359.389 Z=10.000
[2026.08.06-01.14.17:107][442]LogSceneAutomation: Display: SCENE_TARGET_POS t=58.0 entity=target_right world=X=-7479.956 Y=-9642.005 Z=10.000
[2026.08.06-01.14.17:107][442]LogSceneAutomation: Display: SCENE_ASV_POS t=58.0 world=X=-8047.964 Y=-10385.690 Z=12.627 yaw=0
[2026.08.06-01.14.17:874][472]LogSceneAutomation: Display: SCENE_EXEC_APPLY slot=TRACK-SYNTH-RED3-V2 count=225 dx_cm=19.961 dy_cm=-0.755 offset=X=2181.874 Y=-390.881 Z=0.000
[2026.08.06-01.14.18:176][485]LogSceneAutomation: Display: SCENE_YAW_FIX t=59.00 asv_count=1
[2026.08.06-01.14.18:177][486]LogSceneAutomation: Display: SCENE_TARGET_POS t=59.0 entity=target_red world=X=-7658.444 Y=-10396.891 Z=10.000
[2026.08.06-01.14.18:178][486]LogSceneAutomation: Display: SCENE_TARGET_POS t=59.0 entity=target_blue world=X=-7660.193 Y=-10207.337 Z=10.000
[2026.08.06-01.14.18:179][486]LogSceneAutomation: Display: SCENE_TARGET_POS t=59.0 entity=target_left world=X=-7396.299 Y=-10359.389 Z=10.000
[2026.08.06-01.14.18:180][486]LogSceneAutomation: Display: SCENE_TARGET_POS t=59.0 entity=target_right world=X=-7419.710 Y=-9642.005 Z=10.000
[2026.08.06-01.14.18:180][486]LogSceneAutomation: Display: SCENE_ASV_POS t=59.0 world=X=-7968.126 Y=-10390.881 Z=12.615 yaw=0
[2026.08.06-01.14.19:176][527]LogSceneAutomation: Display: SCENE_YAW_FIX t=60.00 asv_count=1
[2026.08.06-01.14.19:176][527]LogSceneAutomation: Display: SCENE_TARGET_POS t=60.0 entity=target_red world=X=-7598.468 Y=-10396.163 Z=10.000
[2026.08.06-01.14.19:177][527]LogSceneAutomation: Display: SCENE_TARGET_POS t=60.0 entity=target_blue world=X=-7600.216 Y=-10206.609 Z=10.000
[2026.08.06-01.14.19:177][527]LogSceneAutomation: Display: SCENE_TARGET_POS t=60.0 entity=target_left world=X=-7336.323 Y=-10359.389 Z=10.000
[2026.08.06-01.14.19:177][527]LogSceneAutomation: Display: SCENE_TARGET_POS t=60.0 entity=target_right world=X=-7359.734 Y=-9642.005 Z=10.000
[2026.08.06-01.14.19:177][527]LogSceneAutomation: Display: SCENE_ASV_POS t=60.0 world=X=-7919.341 Y=-10392.271 Z=12.583 yaw=0
[2026.08.06-01.14.20:184][570]LogSceneAutomation: Display: SCENE_YAW_FIX t=61.01 asv_count=1
[2026.08.06-01.14.20:184][570]LogSceneAutomation: Display: SCENE_TARGET_POS t=61.0 entity=target_red world=X=-7538.039 Y=-10394.236 Z=10.000
[2026.08.06-01.14.20:184][570]LogSceneAutomation: Display: SCENE_TARGET_POS t=61.0 entity=target_blue world=X=-7539.787 Y=-10204.682 Z=10.000
[2026.08.06-01.14.20:184][570]LogSceneAutomation: Display: SCENE_TARGET_POS t=61.0 entity=target_left world=X=-7275.894 Y=-10359.389 Z=10.000
[2026.08.06-01.14.20:184][570]LogSceneAutomation: Display: SCENE_TARGET_POS t=61.0 entity=target_right world=X=-7299.305 Y=-9642.005 Z=10.000
[2026.08.06-01.14.20:184][570]LogSceneAutomation: Display: SCENE_ASV_POS t=61.0 world=X=-7894.229 Y=-10394.994 Z=12.599 yaw=0
[2026.08.06-01.14.21:179][611]LogSceneAutomation: Display: SCENE_YAW_FIX t=62.01 asv_count=1
[2026.08.06-01.14.21:179][611]LogSceneAutomation: Display: SCENE_TARGET_POS t=62.0 entity=target_red world=X=-7478.272 Y=-10391.160 Z=10.000
[2026.08.06-01.14.21:179][611]LogSceneAutomation: Display: SCENE_TARGET_POS t=62.0 entity=target_blue world=X=-7480.021 Y=-10201.605 Z=10.000
[2026.08.06-01.14.21:179][611]LogSceneAutomation: Display: SCENE_TARGET_POS t=62.0 entity=target_left world=X=-7216.127 Y=-10359.389 Z=10.000
[2026.08.06-01.14.21:179][611]LogSceneAutomation: Display: SCENE_TARGET_POS t=62.0 entity=target_right world=X=-7239.538 Y=-9642.005 Z=10.000
[2026.08.06-01.14.21:179][611]LogSceneAutomation: Display: SCENE_ASV_POS t=62.0 world=X=-7822.997 Y=-10395.691 Z=12.647 yaw=0
[2026.08.06-01.14.22:184][654]LogSceneAutomation: Display: SCENE_YAW_FIX t=63.01 asv_count=1
[2026.08.06-01.14.22:186][654]LogSceneAutomation: Display: SCENE_TARGET_POS t=63.0 entity=target_red world=X=-7417.996 Y=-10386.890 Z=10.000
[2026.08.06-01.14.22:186][654]LogSceneAutomation: Display: SCENE_TARGET_POS t=63.0 entity=target_blue world=X=-7419.745 Y=-10197.335 Z=10.000
[2026.08.06-01.14.22:186][654]LogSceneAutomation: Display: SCENE_TARGET_POS t=63.0 entity=target_left world=X=-7155.851 Y=-10359.389 Z=10.000
[2026.08.06-01.14.22:186][654]LogSceneAutomation: Display: SCENE_TARGET_POS t=63.0 entity=target_right world=X=-7179.262 Y=-9642.005 Z=10.000
[2026.08.06-01.14.22:186][654]LogSceneAutomation: Display: SCENE_ASV_POS t=63.0 world=X=-7717.162 Y=-10395.307 Z=12.621 yaw=0
[2026.08.06-01.14.23:183][696]LogSceneAutomation: Display: SCENE_YAW_FIX t=64.01 asv_count=1
[2026.08.06-01.14.23:183][696]LogSceneAutomation: Display: SCENE_TARGET_POS t=64.0 entity=target_red world=X=-7358.287 Y=-10381.521 Z=10.000
[2026.08.06-01.14.23:184][696]LogSceneAutomation: Display: SCENE_TARGET_POS t=64.0 entity=target_blue world=X=-7360.036 Y=-10191.967 Z=10.000
[2026.08.06-01.14.23:184][696]LogSceneAutomation: Display: SCENE_TARGET_POS t=64.0 entity=target_left world=X=-7096.142 Y=-10359.389 Z=10.000
[2026.08.06-01.14.23:184][696]LogSceneAutomation: Display: SCENE_TARGET_POS t=64.0 entity=target_right world=X=-7119.553 Y=-9642.005 Z=10.000
[2026.08.06-01.14.23:184][696]LogSceneAutomation: Display: SCENE_ASV_POS t=64.0 world=X=-7695.979 Y=-10398.082 Z=12.608 yaw=0
[2026.08.06-01.14.24:183][738]LogSceneAutomation: Display: SCENE_YAW_FIX t=65.01 asv_count=1
[2026.08.06-01.14.24:183][738]LogSceneAutomation: Display: SCENE_TARGET_POS t=65.0 entity=target_red world=X=-7298.046 Y=-10374.978 Z=10.000
[2026.08.06-01.14.24:183][738]LogSceneAutomation: Display: SCENE_TARGET_POS t=65.0 entity=target_blue world=X=-7299.794 Y=-10185.423 Z=10.000
[2026.08.06-01.14.24:183][738]LogSceneAutomation: Display: SCENE_TARGET_POS t=65.0 entity=target_left world=X=-7035.901 Y=-10359.389 Z=10.000
[2026.08.06-01.14.24:183][738]LogSceneAutomation: Display: SCENE_TARGET_POS t=65.0 entity=target_right world=X=-7059.312 Y=-9642.005 Z=10.000
[2026.08.06-01.14.24:183][738]LogSceneAutomation: Display: SCENE_ASV_POS t=65.0 world=X=-7670.614 Y=-10399.658 Z=12.636 yaw=0
[2026.08.06-01.14.24:486][752]LogSceneAutomation: Display: SCENE_EXEC_APPLY slot=TRACK-SYNTH-RED3-V2 count=250 dx_cm=24.951 dy_cm=0.953 offset=X=2524.308 Y=-398.194 Z=0.000
[2026.08.06-01.14.25:187][782]LogSceneAutomation: Display: SCENE_YAW_FIX t=66.01 asv_count=1
[2026.08.06-01.14.25:187][782]LogSceneAutomation: Display: SCENE_TARGET_POS t=66.0 entity=target_red world=X=-7237.948 Y=-10367.347 Z=10.000
[2026.08.06-01.14.25:187][782]LogSceneAutomation: Display: SCENE_TARGET_POS t=66.0 entity=target_blue world=X=-7239.697 Y=-10177.793 Z=10.000
[2026.08.06-01.14.25:187][782]LogSceneAutomation: Display: SCENE_TARGET_POS t=66.0 entity=target_left world=X=-6975.803 Y=-10359.389 Z=10.000
[2026.08.06-01.14.25:187][782]LogSceneAutomation: Display: SCENE_TARGET_POS t=66.0 entity=target_right world=X=-6999.214 Y=-9642.005 Z=10.000
[2026.08.06-01.14.25:188][782]LogSceneAutomation: Display: SCENE_ASV_POS t=66.0 world=X=-7569.616 Y=-10395.225 Z=12.645 yaw=0
[2026.08.06-01.14.26:181][823]LogSceneAutomation: Display: SCENE_YAW_FIX t=67.01 asv_count=1
[2026.08.06-01.14.26:181][823]LogSceneAutomation: Display: SCENE_TARGET_POS t=67.0 entity=target_red world=X=-7178.294 Y=-10358.714 Z=10.000
[2026.08.06-01.14.26:181][823]LogSceneAutomation: Display: SCENE_TARGET_POS t=67.0 entity=target_blue world=X=-7180.042 Y=-10169.160 Z=10.000
[2026.08.06-01.14.26:182][823]LogSceneAutomation: Display: SCENE_TARGET_POS t=67.0 entity=target_left world=X=-6916.149 Y=-10359.389 Z=10.000
[2026.08.06-01.14.26:182][823]LogSceneAutomation: Display: SCENE_TARGET_POS t=67.0 entity=target_right world=X=-6939.560 Y=-9642.005 Z=10.000
[2026.08.06-01.14.26:182][823]LogSceneAutomation: Display: SCENE_ASV_POS t=67.0 world=X=-7461.816 Y=-10388.019 Z=12.611 yaw=0
[2026.08.06-01.14.27:107][865]LogSceneAutomation: Display: SCENE_YAW_FIX t=68.00 asv_count=1
[2026.08.06-01.14.27:107][865]LogSceneAutomation: Display: SCENE_TARGET_POS t=68.0 entity=target_red world=X=-7118.684 Y=-10349.067 Z=10.000
[2026.08.06-01.14.27:107][865]LogSceneAutomation: Display: SCENE_TARGET_POS t=68.0 entity=target_blue world=X=-7120.432 Y=-10159.513 Z=10.000
[2026.08.06-01.14.27:107][865]LogSceneAutomation: Display: SCENE_TARGET_POS t=68.0 entity=target_left world=X=-6856.539 Y=-10359.389 Z=10.000
[2026.08.06-01.14.27:107][865]LogSceneAutomation: Display: SCENE_TARGET_POS t=68.0 entity=target_right world=X=-6879.950 Y=-9642.005 Z=10.000
[2026.08.06-01.14.27:107][865]LogSceneAutomation: Display: SCENE_ASV_POS t=68.0 world=X=-7406.459 Y=-10380.940 Z=12.618 yaw=0
[2026.08.06-01.14.28:185][909]LogSceneAutomation: Display: SCENE_YAW_FIX t=69.01 asv_count=1
[2026.08.06-01.14.28:185][909]LogSceneAutomation: Display: SCENE_TARGET_POS t=69.0 entity=target_red world=X=-7057.904 Y=-10338.219 Z=10.000
[2026.08.06-01.14.28:186][909]LogSceneAutomation: Display: SCENE_TARGET_POS t=69.0 entity=target_blue world=X=-7059.652 Y=-10148.665 Z=10.000
[2026.08.06-01.14.28:186][909]LogSceneAutomation: Display: SCENE_TARGET_POS t=69.0 entity=target_left world=X=-6795.759 Y=-10359.389 Z=10.000
[2026.08.06-01.14.28:186][909]LogSceneAutomation: Display: SCENE_TARGET_POS t=69.0 entity=target_right world=X=-6819.170 Y=-9642.005 Z=10.000
[2026.08.06-01.14.28:186][909]LogSceneAutomation: Display: SCENE_ASV_POS t=69.0 world=X=-7429.793 Y=-10380.321 Z=12.669 yaw=0
[2026.08.06-01.14.29:177][951]LogSceneAutomation: Display: SCENE_YAW_FIX t=70.00 asv_count=1
[2026.08.06-01.14.29:177][951]LogSceneAutomation: Display: SCENE_TARGET_POS t=70.0 entity=target_red world=X=-6998.479 Y=-10326.669 Z=10.000
[2026.08.06-01.14.29:177][951]LogSceneAutomation: Display: SCENE_TARGET_POS t=70.0 entity=target_blue world=X=-7000.228 Y=-10137.114 Z=10.000
[2026.08.06-01.14.29:177][951]LogSceneAutomation: Display: SCENE_TARGET_POS t=70.0 entity=target_left world=X=-6736.334 Y=-10359.389 Z=10.000
[2026.08.06-01.14.29:177][951]LogSceneAutomation: Display: SCENE_TARGET_POS t=70.0 entity=target_right world=X=-6759.745 Y=-9642.005 Z=10.000
[2026.08.06-01.14.29:177][951]LogSceneAutomation: Display: SCENE_ASV_POS t=70.0 world=X=-7401.880 Y=-10379.655 Z=12.613 yaw=0
[2026.08.06-01.14.30:178][994]LogSceneAutomation: Display: SCENE_YAW_FIX t=71.01 asv_count=1
[2026.08.06-01.14.30:178][994]LogSceneAutomation: Display: SCENE_TARGET_POS t=71.0 entity=target_red world=X=-6938.314 Y=-10314.068 Z=10.000
[2026.08.06-01.14.30:178][994]LogSceneAutomation: Display: SCENE_TARGET_POS t=71.0 entity=target_blue world=X=-6940.062 Y=-10124.513 Z=10.000
[2026.08.06-01.14.30:178][994]LogSceneAutomation: Display: SCENE_TARGET_POS t=71.0 entity=target_left world=X=-6676.169 Y=-10359.389 Z=10.000
[2026.08.06-01.14.30:178][994]LogSceneAutomation: Display: SCENE_TARGET_POS t=71.0 entity=target_right world=X=-6699.579 Y=-9642.005 Z=10.000
[2026.08.06-01.14.30:178][994]LogSceneAutomation: Display: SCENE_ASV_POS t=71.0 world=X=-7298.125 Y=-10368.759 Z=12.624 yaw=0
[2026.08.06-01.14.30:577][ 11]LogSceneAutomation: Display: SCENE_EXEC_APPLY slot=TRACK-SYNTH-RED3-V2 count=275 dx_cm=27.819 dy_cm=3.569 offset=X=2908.686 Y=-361.717 Z=0.000
[2026.08.06-01.14.31:177][ 37]LogSceneAutomation: Display: SCENE_YAW_FIX t=72.01 asv_count=1
[2026.08.06-01.14.31:177][ 37]LogSceneAutomation: Display: SCENE_TARGET_POS t=72.0 entity=target_red world=X=-6878.374 Y=-10300.657 Z=10.000
[2026.08.06-01.14.31:177][ 37]LogSceneAutomation: Display: SCENE_TARGET_POS t=72.0 entity=target_blue world=X=-6880.123 Y=-10111.103 Z=10.000
[2026.08.06-01.14.31:178][ 37]LogSceneAutomation: Display: SCENE_TARGET_POS t=72.0 entity=target_left world=X=-6616.229 Y=-10359.389 Z=10.000
[2026.08.06-01.14.31:178][ 37]LogSceneAutomation: Display: SCENE_TARGET_POS t=72.0 entity=target_right world=X=-6639.640 Y=-9642.005 Z=10.000
[2026.08.06-01.14.31:178][ 37]LogSceneAutomation: Display: SCENE_ASV_POS t=72.0 world=X=-7214.173 Y=-10357.989 Z=12.610 yaw=0
[2026.08.06-01.14.32:180][ 80]LogSceneAutomation: Display: SCENE_YAW_FIX t=73.01 asv_count=1
[2026.08.06-01.14.32:180][ 80]LogSceneAutomation: Display: SCENE_TARGET_POS t=73.0 entity=target_red world=X=-6818.252 Y=-10286.400 Z=10.000
[2026.08.06-01.14.32:180][ 80]LogSceneAutomation: Display: SCENE_TARGET_POS t=73.0 entity=target_blue world=X=-6820.001 Y=-10096.845 Z=10.000
[2026.08.06-01.14.32:180][ 80]LogSceneAutomation: Display: SCENE_TARGET_POS t=73.0 entity=target_left world=X=-6556.107 Y=-10359.389 Z=10.000
[2026.08.06-01.14.32:180][ 80]LogSceneAutomation: Display: SCENE_TARGET_POS t=73.0 entity=target_right world=X=-6579.518 Y=-9642.005 Z=10.000
[2026.08.06-01.14.32:180][ 80]LogSceneAutomation: Display: SCENE_ASV_POS t=73.0 world=X=-7089.092 Y=-10339.168 Z=12.625 yaw=0
[2026.08.06-01.14.33:182][123]LogSceneAutomation: Display: SCENE_YAW_FIX t=74.01 asv_count=1
[2026.08.06-01.14.33:182][123]LogSceneAutomation: Display: SCENE_TARGET_POS t=74.0 entity=target_red world=X=-6758.059 Y=-10271.373 Z=10.000
[2026.08.06-01.14.33:182][123]LogSceneAutomation: Display: SCENE_TARGET_POS t=74.0 entity=target_blue world=X=-6759.808 Y=-10081.819 Z=10.000
[2026.08.06-01.14.33:182][123]LogSceneAutomation: Display: SCENE_TARGET_POS t=74.0 entity=target_left world=X=-6495.914 Y=-10359.389 Z=10.000
[2026.08.06-01.14.33:182][123]LogSceneAutomation: Display: SCENE_TARGET_POS t=74.0 entity=target_right world=X=-6519.325 Y=-9642.005 Z=10.000
[2026.08.06-01.14.33:183][123]LogSceneAutomation: Display: SCENE_ASV_POS t=74.0 world=X=-7065.602 Y=-10329.300 Z=12.625 yaw=0
[2026.08.06-01.14.34:170][166]LogImageCompression: Display: EDGE_CAPTURE_STATS count=750 size=1280x720 srgb=0 mean_rgb=(38.8,61.8,101.8) max=237 linear_to_gamma=1
[2026.08.06-01.14.34:184][166]LogSceneAutomation: Display: SCENE_YAW_FIX t=75.01 asv_count=1
[2026.08.06-01.14.34:184][166]LogSceneAutomation: Display: SCENE_TARGET_POS t=75.0 entity=target_red world=X=-6698.022 Y=-10255.695 Z=10.000
[2026.08.06-01.14.34:185][166]LogSceneAutomation: Display: SCENE_TARGET_POS t=75.0 entity=target_blue world=X=-6699.770 Y=-10066.140 Z=10.000
[2026.08.06-01.14.34:185][166]LogSceneAutomation: Display: SCENE_TARGET_POS t=75.0 entity=target_left world=X=-6435.877 Y=-10359.389 Z=10.000
[2026.08.06-01.14.34:185][166]LogSceneAutomation: Display: SCENE_TARGET_POS t=75.0 entity=target_right world=X=-6459.287 Y=-9642.005 Z=10.000
[2026.08.06-01.14.34:185][166]LogSceneAutomation: Display: SCENE_ASV_POS t=75.0 world=X=-7031.104 Y=-10325.350 Z=12.646 yaw=0
[2026.08.06-01.14.35:175][208]LogSceneAutomation: Display: SCENE_YAW_FIX t=76.00 asv_count=1
[2026.08.06-01.14.35:176][208]LogSceneAutomation: Display: SCENE_TARGET_POS t=76.0 entity=target_red world=X=-6638.549 Y=-10239.546 Z=10.000
[2026.08.06-01.14.35:176][208]LogSceneAutomation: Display: SCENE_TARGET_POS t=76.0 entity=target_blue world=X=-6640.298 Y=-10049.991 Z=10.000
[2026.08.06-01.14.35:176][208]LogSceneAutomation: Display: SCENE_TARGET_POS t=76.0 entity=target_left world=X=-6376.404 Y=-10359.389 Z=10.000
[2026.08.06-01.14.35:176][208]LogSceneAutomation: Display: SCENE_TARGET_POS t=76.0 entity=target_right world=X=-6399.815 Y=-9642.005 Z=10.000
[2026.08.06-01.14.35:176][208]LogSceneAutomation: Display: SCENE_ASV_POS t=76.0 world=X=-6945.691 Y=-10307.247 Z=12.628 yaw=0
[2026.08.06-01.14.36:178][251]LogSceneAutomation: Display: SCENE_YAW_FIX t=77.01 asv_count=1
[2026.08.06-01.14.36:179][251]LogSceneAutomation: Display: SCENE_TARGET_POS t=77.0 entity=target_red world=X=-6578.286 Y=-10222.618 Z=10.000
[2026.08.06-01.14.36:179][251]LogSceneAutomation: Display: SCENE_TARGET_POS t=77.0 entity=target_blue world=X=-6580.035 Y=-10033.063 Z=10.000
[2026.08.06-01.14.36:179][251]LogSceneAutomation: Display: SCENE_TARGET_POS t=77.0 entity=target_left world=X=-6316.141 Y=-10359.389 Z=10.000
[2026.08.06-01.14.36:179][251]LogSceneAutomation: Display: SCENE_TARGET_POS t=77.0 entity=target_right world=X=-6339.552 Y=-9642.005 Z=10.000
[2026.08.06-01.14.36:179][251]LogSceneAutomation: Display: SCENE_ASV_POS t=77.0 world=X=-6845.964 Y=-10287.080 Z=12.632 yaw=0
[2026.08.06-01.14.36:882][282]LogSceneAutomation: Display: SCENE_EXEC_APPLY slot=TRACK-SYNTH-RED3-V2 count=300 dx_cm=8.783 dy_cm=3.007 offset=X=3345.247 Y=-276.032 Z=0.000
[2026.08.06-01.14.37:182][294]LogSceneAutomation: Display: SCENE_YAW_FIX t=78.01 asv_count=1
[2026.08.06-01.14.37:183][294]LogSceneAutomation: Display: SCENE_TARGET_POS t=78.0 entity=target_red world=X=-6518.047 Y=-10205.196 Z=10.000
[2026.08.06-01.14.37:183][294]LogSceneAutomation: Display: SCENE_TARGET_POS t=78.0 entity=target_blue world=X=-6519.796 Y=-10015.642 Z=10.000
[2026.08.06-01.14.37:183][294]LogSceneAutomation: Display: SCENE_TARGET_POS t=78.0 entity=target_left world=X=-6255.902 Y=-10359.389 Z=10.000
[2026.08.06-01.14.37:183][294]LogSceneAutomation: Display: SCENE_TARGET_POS t=78.0 entity=target_right world=X=-6279.313 Y=-9642.005 Z=10.000
[2026.08.06-01.14.37:183][294]LogSceneAutomation: Display: SCENE_ASV_POS t=78.0 world=X=-6800.963 Y=-10273.293 Z=12.700 yaw=0
[2026.08.06-01.14.38:176][336]LogSceneAutomation: Display: SCENE_YAW_FIX t=79.00 asv_count=1
[2026.08.06-01.14.38:176][336]LogSceneAutomation: Display: SCENE_TARGET_POS t=79.0 entity=target_red world=X=-6458.509 Y=-10187.554 Z=10.000
[2026.08.06-01.14.38:176][336]LogSceneAutomation: Display: SCENE_TARGET_POS t=79.0 entity=target_blue world=X=-6460.257 Y=-9997.999 Z=10.000
[2026.08.06-01.14.38:176][336]LogSceneAutomation: Display: SCENE_TARGET_POS t=79.0 entity=target_left world=X=-6196.364 Y=-10359.389 Z=10.000
[2026.08.06-01.14.38:176][336]LogSceneAutomation: Display: SCENE_TARGET_POS t=79.0 entity=target_right world=X=-6219.774 Y=-9642.005 Z=10.000
[2026.08.06-01.14.38:176][336]LogSceneAutomation: Display: SCENE_ASV_POS t=79.0 world=X=-6822.246 Y=-10266.363 Z=12.559 yaw=0
[2026.08.06-01.14.39:179][379]LogSceneAutomation: Display: SCENE_YAW_FIX t=80.01 asv_count=1
[2026.08.06-01.14.39:179][379]LogSceneAutomation: Display: SCENE_TARGET_POS t=80.0 entity=target_red world=X=-6398.295 Y=-10169.353 Z=10.000
[2026.08.06-01.14.39:179][379]LogSceneAutomation: Display: SCENE_TARGET_POS t=80.0 entity=target_blue world=X=-6400.043 Y=-9979.799 Z=10.000
[2026.08.06-01.14.39:179][379]LogSceneAutomation: Display: SCENE_TARGET_POS t=80.0 entity=target_left world=X=-6136.150 Y=-10359.389 Z=10.000
[2026.08.06-01.14.39:179][379]LogSceneAutomation: Display: SCENE_TARGET_POS t=80.0 entity=target_right world=X=-6159.561 Y=-9642.005 Z=10.000
[2026.08.06-01.14.39:179][379]LogSceneAutomation: Display: SCENE_ASV_POS t=80.0 world=X=-6797.705 Y=-10261.522 Z=12.549 yaw=0
[2026.08.06-01.14.40:179][423]LogSceneAutomation: Display: SCENE_YAW_FIX t=81.01 asv_count=1
[2026.08.06-01.14.40:179][423]LogSceneAutomation: Display: SCENE_TARGET_POS t=81.0 entity=target_red world=X=-6338.365 Y=-10150.952 Z=10.000
[2026.08.06-01.14.40:181][423]LogSceneAutomation: Display: SCENE_TARGET_POS t=81.0 entity=target_blue world=X=-6340.114 Y=-9961.398 Z=10.000
[2026.08.06-01.14.40:181][423]LogSceneAutomation: Display: SCENE_TARGET_POS t=81.0 entity=target_left world=X=-6076.220 Y=-10359.389 Z=10.000
[2026.08.06-01.14.40:181][423]LogSceneAutomation: Display: SCENE_TARGET_POS t=81.0 entity=target_right world=X=-6099.631 Y=-9642.005 Z=10.000
[2026.08.06-01.14.40:181][423]LogSceneAutomation: Display: SCENE_ASV_POS t=81.0 world=X=-6778.134 Y=-10257.510 Z=12.637 yaw=0
[2026.08.06-01.14.41:178][465]LogSceneAutomation: Display: SCENE_YAW_FIX t=82.01 asv_count=1
[2026.08.06-01.14.41:178][465]LogSceneAutomation: Display: SCENE_TARGET_POS t=82.0 entity=target_red world=X=-6278.373 Y=-10132.319 Z=10.000
[2026.08.06-01.14.41:178][465]LogSceneAutomation: Display: SCENE_TARGET_POS t=82.0 entity=target_blue world=X=-6280.122 Y=-9942.765 Z=10.000
[2026.08.06-01.14.41:178][465]LogSceneAutomation: Display: SCENE_TARGET_POS t=82.0 entity=target_left world=X=-6016.228 Y=-10359.389 Z=10.000
[2026.08.06-01.14.41:178][465]LogSceneAutomation: Display: SCENE_TARGET_POS t=82.0 entity=target_right world=X=-6039.639 Y=-9642.005 Z=10.000
[2026.08.06-01.14.41:178][465]LogSceneAutomation: Display: SCENE_ASV_POS t=82.0 world=X=-6690.320 Y=-10237.911 Z=12.649 yaw=0
[2026.08.06-01.14.42:181][509]LogSceneAutomation: Display: SCENE_YAW_FIX t=83.01 asv_count=1
[2026.08.06-01.14.42:181][509]LogSceneAutomation: Display: SCENE_TARGET_POS t=83.0 entity=target_red world=X=-6218.282 Y=-10113.516 Z=10.000
[2026.08.06-01.14.42:181][509]LogSceneAutomation: Display: SCENE_TARGET_POS t=83.0 entity=target_blue world=X=-6220.031 Y=-9923.961 Z=10.000
[2026.08.06-01.14.42:181][509]LogSceneAutomation: Display: SCENE_TARGET_POS t=83.0 entity=target_left world=X=-5956.137 Y=-10359.389 Z=10.000
[2026.08.06-01.14.42:181][509]LogSceneAutomation: Display: SCENE_TARGET_POS t=83.0 entity=target_right world=X=-5979.548 Y=-9642.005 Z=10.000
[2026.08.06-01.14.42:181][509]LogSceneAutomation: Display: SCENE_ASV_POS t=83.0 world=X=-6574.196 Y=-10212.202 Z=12.622 yaw=0
[2026.08.06-01.14.43:178][551]LogSceneAutomation: Display: SCENE_YAW_FIX t=84.01 asv_count=1
[2026.08.06-01.14.43:178][551]LogSceneAutomation: Display: SCENE_TARGET_POS t=84.0 entity=target_red world=X=-6158.341 Y=-10094.693 Z=10.000
[2026.08.06-01.14.43:178][551]LogSceneAutomation: Display: SCENE_TARGET_POS t=84.0 entity=target_blue world=X=-6160.090 Y=-9905.139 Z=10.000
[2026.08.06-01.14.43:178][551]LogSceneAutomation: Display: SCENE_TARGET_POS t=84.0 entity=target_left world=X=-5896.196 Y=-10359.389 Z=10.000
[2026.08.06-01.14.43:179][551]LogSceneAutomation: Display: SCENE_TARGET_POS t=84.0 entity=target_right world=X=-5919.607 Y=-9642.005 Z=10.000
[2026.08.06-01.14.43:179][551]LogSceneAutomation: Display: SCENE_ASV_POS t=84.0 world=X=-6464.294 Y=-10186.583 Z=12.608 yaw=0
[2026.08.06-01.14.43:179][551]LogSceneAutomation: Display: SCENE_EXEC_APPLY slot=TRACK-SYNTH-RED3-V2 count=325 dx_cm=23.522 dy_cm=5.980 offset=X=3709.228 Y=-180.603 Z=0.000
[2026.08.06-01.14.44:181][594]LogSceneAutomation: Display: SCENE_YAW_FIX t=85.01 asv_count=1
[2026.08.06-01.14.44:182][594]LogSceneAutomation: Display: SCENE_TARGET_POS t=85.0 entity=target_red world=X=-6098.146 Y=-10075.799 Z=10.000
[2026.08.06-01.14.44:182][594]LogSceneAutomation: Display: SCENE_TARGET_POS t=85.0 entity=target_blue world=X=-6099.894 Y=-9886.245 Z=10.000
[2026.08.06-01.14.44:182][594]LogSceneAutomation: Display: SCENE_TARGET_POS t=85.0 entity=target_left world=X=-5836.001 Y=-10359.389 Z=10.000
[2026.08.06-01.14.44:182][594]LogSceneAutomation: Display: SCENE_TARGET_POS t=85.0 entity=target_right world=X=-5859.411 Y=-9642.005 Z=10.000
[2026.08.06-01.14.44:182][594]LogSceneAutomation: Display: SCENE_ASV_POS t=85.0 world=X=-6381.135 Y=-10163.425 Z=12.657 yaw=0
[2026.08.06-01.14.45:107][636]LogSceneAutomation: Display: SCENE_YAW_FIX t=86.00 asv_count=1
[2026.08.06-01.14.45:107][636]LogSceneAutomation: Display: SCENE_TARGET_POS t=86.0 entity=target_red world=X=-6038.695 Y=-10057.222 Z=10.000
[2026.08.06-01.14.45:107][636]LogSceneAutomation: Display: SCENE_TARGET_POS t=86.0 entity=target_blue world=X=-6040.443 Y=-9867.667 Z=10.000
[2026.08.06-01.14.45:107][636]LogSceneAutomation: Display: SCENE_TARGET_POS t=86.0 entity=target_left world=X=-5776.550 Y=-10359.389 Z=10.000
[2026.08.06-01.14.45:107][636]LogSceneAutomation: Display: SCENE_TARGET_POS t=86.0 entity=target_right world=X=-5799.961 Y=-9642.005 Z=10.000
[2026.08.06-01.14.45:107][636]LogSceneAutomation: Display: SCENE_ASV_POS t=86.0 world=X=-6336.536 Y=-10144.033 Z=12.614 yaw=0
[2026.08.06-01.14.46:183][680]LogSceneAutomation: Display: SCENE_YAW_FIX t=87.01 asv_count=1
[2026.08.06-01.14.46:183][680]LogSceneAutomation: Display: SCENE_TARGET_POS t=87.0 entity=target_red world=X=-5977.916 Y=-10038.388 Z=10.000
[2026.08.06-01.14.46:184][680]LogSceneAutomation: Display: SCENE_TARGET_POS t=87.0 entity=target_blue world=X=-5979.665 Y=-9848.834 Z=10.000
[2026.08.06-01.14.46:184][680]LogSceneAutomation: Display: SCENE_TARGET_POS t=87.0 entity=target_left world=X=-5715.771 Y=-10359.389 Z=10.000
[2026.08.06-01.14.46:184][680]LogSceneAutomation: Display: SCENE_TARGET_POS t=87.0 entity=target_right world=X=-5739.182 Y=-9642.005 Z=10.000
[2026.08.06-01.14.46:184][680]LogSceneAutomation: Display: SCENE_ASV_POS t=87.0 world=X=-6312.493 Y=-10123.763 Z=12.623 yaw=0
[2026.08.06-01.14.47:177][723]LogSceneAutomation: Display: SCENE_YAW_FIX t=88.00 asv_count=1
[2026.08.06-01.14.47:178][723]LogSceneAutomation: Display: SCENE_TARGET_POS t=88.0 entity=target_red world=X=-5918.466 Y=-10020.195 Z=10.000
[2026.08.06-01.14.47:178][723]LogSceneAutomation: Display: SCENE_TARGET_POS t=88.0 entity=target_blue world=X=-5920.215 Y=-9830.641 Z=10.000
[2026.08.06-01.14.47:178][723]LogSceneAutomation: Display: SCENE_TARGET_POS t=88.0 entity=target_left world=X=-5656.321 Y=-10359.389 Z=10.000
[2026.08.06-01.14.47:178][723]LogSceneAutomation: Display: SCENE_TARGET_POS t=88.0 entity=target_right world=X=-5679.732 Y=-9642.005 Z=10.000
[2026.08.06-01.14.47:178][723]LogSceneAutomation: Display: SCENE_ASV_POS t=88.0 world=X=-6293.012 Y=-10120.285 Z=12.616 yaw=0
[2026.08.06-01.14.48:179][765]LogSceneAutomation: Display: SCENE_YAW_FIX t=89.01 asv_count=1
[2026.08.06-01.14.48:180][765]LogSceneAutomation: Display: SCENE_TARGET_POS t=89.0 entity=target_red world=X=-5858.298 Y=-10002.086 Z=10.000
[2026.08.06-01.14.48:180][765]LogSceneAutomation: Display: SCENE_TARGET_POS t=89.0 entity=target_blue world=X=-5860.047 Y=-9812.531 Z=10.000
[2026.08.06-01.14.48:180][765]LogSceneAutomation: Display: SCENE_TARGET_POS t=89.0 entity=target_left world=X=-5596.153 Y=-10359.389 Z=10.000
[2026.08.06-01.14.48:180][765]LogSceneAutomation: Display: SCENE_TARGET_POS t=89.0 entity=target_right world=X=-5619.564 Y=-9642.005 Z=10.000
[2026.08.06-01.14.48:180][765]LogSceneAutomation: Display: SCENE_ASV_POS t=89.0 world=X=-6206.209 Y=-10099.487 Z=12.624 yaw=0
[2026.08.06-01.14.49:178][807]LogSceneAutomation: Display: SCENE_YAW_FIX t=90.00 asv_count=1
[2026.08.06-01.14.49:178][808]LogSceneAutomation: Display: SCENE_TARGET_POS t=90.0 entity=target_red world=X=-5798.533 Y=-9984.469 Z=10.000
[2026.08.06-01.14.49:179][808]LogSceneAutomation: Display: SCENE_TARGET_POS t=90.0 entity=target_blue world=X=-5800.282 Y=-9794.915 Z=10.000
[2026.08.06-01.14.49:179][808]LogSceneAutomation: Display: SCENE_TARGET_POS t=90.0 entity=target_left world=X=-5536.388 Y=-10359.389 Z=10.000
[2026.08.06-01.14.49:179][808]LogSceneAutomation: Display: SCENE_TARGET_POS t=90.0 entity=target_right world=X=-5559.799 Y=-9642.005 Z=10.000
[2026.08.06-01.14.49:180][808]LogSceneAutomation: Display: SCENE_ASV_POS t=90.0 world=X=-6126.426 Y=-10080.500 Z=12.575 yaw=0
[2026.08.06-01.14.49:776][832]LogSceneAutomation: Display: SCENE_EXEC_APPLY slot=TRACK-SYNTH-RED3-V2 count=350 dx_cm=22.106 dy_cm=5.989 offset=X=4119.893 Y=-55.399 Z=0.000
[2026.08.06-01.14.50:105][849]LogSceneAutomation: Display: SCENE_YAW_FIX t=91.00 asv_count=1
[2026.08.06-01.14.50:105][849]LogSceneAutomation: Display: SCENE_TARGET_POS t=91.0 entity=target_red world=X=-5738.671 Y=-9967.266 Z=10.000
[2026.08.06-01.14.50:105][849]LogSceneAutomation: Display: SCENE_TARGET_POS t=91.0 entity=target_blue world=X=-5740.420 Y=-9777.712 Z=10.000
[2026.08.06-01.14.50:106][849]LogSceneAutomation: Display: SCENE_TARGET_POS t=91.0 entity=target_left world=X=-5476.526 Y=-10359.389 Z=10.000
[2026.08.06-01.14.50:106][849]LogSceneAutomation: Display: SCENE_TARGET_POS t=91.0 entity=target_right world=X=-5499.937 Y=-9642.005 Z=10.000
[2026.08.06-01.14.50:106][849]LogSceneAutomation: Display: SCENE_ASV_POS t=91.0 world=X=-6012.920 Y=-10050.309 Z=12.585 yaw=0
[2026.08.06-01.14.51:177][893]LogSceneAutomation: Display: SCENE_YAW_FIX t=92.00 asv_count=1
[2026.08.06-01.14.51:177][893]LogSceneAutomation: Display: SCENE_TARGET_POS t=92.0 entity=target_red world=X=-5678.568 Y=-9950.506 Z=10.000
[2026.08.06-01.14.51:177][893]LogSceneAutomation: Display: SCENE_TARGET_POS t=92.0 entity=target_blue world=X=-5680.316 Y=-9760.951 Z=10.000
[2026.08.06-01.14.51:177][893]LogSceneAutomation: Display: SCENE_TARGET_POS t=92.0 entity=target_left world=X=-5416.423 Y=-10359.389 Z=10.000
[2026.08.06-01.14.51:177][893]LogSceneAutomation: Display: SCENE_TARGET_POS t=92.0 entity=target_right world=X=-5439.834 Y=-9642.005 Z=10.000
[2026.08.06-01.14.51:177][893]LogSceneAutomation: Display: SCENE_ASV_POS t=92.0 world=X=-5993.663 Y=-10036.426 Z=12.623 yaw=0
[2026.08.06-01.14.52:177][936]LogSceneAutomation: Display: SCENE_YAW_FIX t=93.00 asv_count=1
[2026.08.06-01.14.52:177][936]LogSceneAutomation: Display: SCENE_TARGET_POS t=93.0 entity=target_red world=X=-5618.594 Y=-9934.360 Z=10.000
[2026.08.06-01.14.52:178][936]LogSceneAutomation: Display: SCENE_TARGET_POS t=93.0 entity=target_blue world=X=-5620.343 Y=-9744.805 Z=10.000
[2026.08.06-01.14.52:178][936]LogSceneAutomation: Display: SCENE_TARGET_POS t=93.0 entity=target_left world=X=-5356.449 Y=-10359.389 Z=10.000
[2026.08.06-01.14.52:178][936]LogSceneAutomation: Display: SCENE_TARGET_POS t=93.0 entity=target_right world=X=-5379.860 Y=-9642.005 Z=10.000
[2026.08.06-01.14.52:178][936]LogSceneAutomation: Display: SCENE_ASV_POS t=93.0 world=X=-6007.889 Y=-10025.719 Z=12.619 yaw=0
[2026.08.06-01.14.53:174][979]LogSceneAutomation: Display: SCENE_YAW_FIX t=94.00 asv_count=1
[2026.08.06-01.14.53:174][979]LogSceneAutomation: Display: SCENE_TARGET_POS t=94.0 entity=target_red world=X=-5558.654 Y=-9918.863 Z=10.000
[2026.08.06-01.14.53:174][979]LogSceneAutomation: Display: SCENE_TARGET_POS t=94.0 entity=target_blue world=X=-5560.403 Y=-9729.308 Z=10.000
[2026.08.06-01.14.53:174][979]LogSceneAutomation: Display: SCENE_TARGET_POS t=94.0 entity=target_left world=X=-5296.509 Y=-10359.389 Z=10.000
[2026.08.06-01.14.53:174][979]LogSceneAutomation: Display: SCENE_TARGET_POS t=94.0 entity=target_right world=X=-5319.920 Y=-9642.005 Z=10.000
[2026.08.06-01.14.53:174][979]LogSceneAutomation: Display: SCENE_ASV_POS t=94.0 world=X=-5948.750 Y=-10005.901 Z=12.633 yaw=0
[2026.08.06-01.14.54:178][ 21]LogSceneAutomation: Display: SCENE_YAW_FIX t=95.00 asv_count=1
[2026.08.06-01.14.54:178][ 21]LogSceneAutomation: Display: SCENE_TARGET_POS t=95.0 entity=target_red world=X=-5498.401 Y=-9903.992 Z=10.000
[2026.08.06-01.14.54:178][ 21]LogSceneAutomation: Display: SCENE_TARGET_POS t=95.0 entity=target_blue world=X=-5500.150 Y=-9714.437 Z=10.000
[2026.08.06-01.14.54:178][ 21]LogSceneAutomation: Display: SCENE_TARGET_POS t=95.0 entity=target_left world=X=-5236.256 Y=-10359.389 Z=10.000
[2026.08.06-01.14.54:178][ 21]LogSceneAutomation: Display: SCENE_TARGET_POS t=95.0 entity=target_right world=X=-5259.667 Y=-9642.005 Z=10.000
[2026.08.06-01.14.54:178][ 21]LogSceneAutomation: Display: SCENE_ASV_POS t=95.0 world=X=-5929.202 Y=-10001.672 Z=12.625 yaw=0
[2026.08.06-01.14.55:178][ 65]LogSceneAutomation: Display: SCENE_YAW_FIX t=96.01 asv_count=1
[2026.08.06-01.14.55:178][ 65]LogSceneAutomation: Display: SCENE_TARGET_POS t=96.0 entity=target_red world=X=-5438.362 Y=-9889.937 Z=10.000
[2026.08.06-01.14.55:179][ 65]LogSceneAutomation: Display: SCENE_TARGET_POS t=96.0 entity=target_blue world=X=-5440.111 Y=-9700.383 Z=10.000
[2026.08.06-01.14.55:179][ 65]LogSceneAutomation: Display: SCENE_TARGET_POS t=96.0 entity=target_left world=X=-5176.217 Y=-10359.389 Z=10.000
[2026.08.06-01.14.55:179][ 65]LogSceneAutomation: Display: SCENE_TARGET_POS t=96.0 entity=target_right world=X=-5199.628 Y=-9642.005 Z=10.000
[2026.08.06-01.14.55:179][ 65]LogSceneAutomation: Display: SCENE_ASV_POS t=96.0 world=X=-5841.531 Y=-9984.144 Z=12.623 yaw=0
[2026.08.06-01.14.56:181][108]LogSceneAutomation: Display: SCENE_YAW_FIX t=97.01 asv_count=1
[2026.08.06-01.14.56:181][108]LogSceneAutomation: Display: SCENE_TARGET_POS t=97.0 entity=target_red world=X=-5378.374 Y=-9876.711 Z=10.000
[2026.08.06-01.14.56:182][108]LogSceneAutomation: Display: SCENE_TARGET_POS t=97.0 entity=target_blue world=X=-5380.123 Y=-9687.157 Z=10.000
[2026.08.06-01.14.56:182][108]LogSceneAutomation: Display: SCENE_TARGET_POS t=97.0 entity=target_left world=X=-5116.229 Y=-10359.389 Z=10.000
[2026.08.06-01.14.56:182][108]LogSceneAutomation: Display: SCENE_TARGET_POS t=97.0 entity=target_right world=X=-5139.640 Y=-9642.005 Z=10.000
[2026.08.06-01.14.56:182][108]LogSceneAutomation: Display: SCENE_ASV_POS t=97.0 world=X=-5726.020 Y=-9962.006 Z=12.623 yaw=0
[2026.08.06-01.14.56:182][108]LogSceneAutomation: Display: SCENE_EXEC_APPLY slot=TRACK-SYNTH-RED3-V2 count=375 dx_cm=29.269 dy_cm=6.086 offset=X=4453.249 Y=44.081 Z=0.000
[2026.08.06-01.14.57:177][150]LogSceneAutomation: Display: SCENE_YAW_FIX t=98.00 asv_count=1
[2026.08.06-01.14.57:177][150]LogSceneAutomation: Display: SCENE_TARGET_POS t=98.0 entity=target_red world=X=-5318.547 Y=-9864.386 Z=10.000
[2026.08.06-01.14.57:177][150]LogSceneAutomation: Display: SCENE_TARGET_POS t=98.0 entity=target_blue world=X=-5320.296 Y=-9674.832 Z=10.000
[2026.08.06-01.14.57:177][150]LogSceneAutomation: Display: SCENE_TARGET_POS t=98.0 entity=target_left world=X=-5056.402 Y=-10359.389 Z=10.000
[2026.08.06-01.14.57:177][150]LogSceneAutomation: Display: SCENE_TARGET_POS t=98.0 entity=target_right world=X=-5079.813 Y=-9642.005 Z=10.000
[2026.08.06-01.14.57:177][150]LogSceneAutomation: Display: SCENE_ASV_POS t=98.0 world=X=-5589.510 Y=-9933.741 Z=12.623 yaw=0
[2026.08.06-01.14.58:187][194]LogSceneAutomation: Display: SCENE_YAW_FIX t=99.01 asv_count=1
[2026.08.06-01.14.58:187][194]LogSceneAutomation: Display: SCENE_TARGET_POS t=99.0 entity=target_red world=X=-5257.935 Y=-9852.830 Z=10.000
[2026.08.06-01.14.58:187][194]LogSceneAutomation: Display: SCENE_TARGET_POS t=99.0 entity=target_blue world=X=-5259.684 Y=-9663.275 Z=10.000
[2026.08.06-01.14.58:187][194]LogSceneAutomation: Display: SCENE_TARGET_POS t=99.0 entity=target_left world=X=-4995.790 Y=-10359.389 Z=10.000
[2026.08.06-01.14.58:187][194]LogSceneAutomation: Display: SCENE_TARGET_POS t=99.0 entity=target_right world=X=-5019.201 Y=-9642.005 Z=10.000
[2026.08.06-01.14.58:187][194]LogSceneAutomation: Display: SCENE_ASV_POS t=99.0 world=X=-5605.942 Y=-9937.333 Z=12.617 yaw=0
[2026.08.06-01.14.59:107][235]LogSceneAutomation: Display: SCENE_YAW_FIX t=100.00 asv_count=1
[2026.08.06-01.14.59:107][235]LogSceneAutomation: Display: SCENE_TARGET_POS t=100.0 entity=target_red world=X=-5198.682 Y=-9842.482 Z=10.000
[2026.08.06-01.14.59:108][235]LogSceneAutomation: Display: SCENE_TARGET_POS t=100.0 entity=target_blue world=X=-5200.431 Y=-9652.928 Z=10.000
[2026.08.06-01.14.59:108][235]LogSceneAutomation: Display: SCENE_TARGET_POS t=100.0 entity=target_left world=X=-4936.537 Y=-10359.389 Z=10.000
[2026.08.06-01.14.59:108][235]LogSceneAutomation: Display: SCENE_TARGET_POS t=100.0 entity=target_right world=X=-4959.948 Y=-9642.005 Z=10.000
[2026.08.06-01.14.59:108][235]LogSceneAutomation: Display: SCENE_ASV_POS t=100.0 world=X=-5571.650 Y=-9930.531 Z=12.631 yaw=0
[2026.08.06-01.14.59:170][236]LogImageCompression: Display: EDGE_CAPTURE_STATS count=1000 size=1280x720 srgb=0 mean_rgb=(37.2,60.0,100.6) max=237 linear_to_gamma=1
[2026.08.06-01.15.00:178][278]LogSceneAutomation: Display: SCENE_YAW_FIX t=101.00 asv_count=1
[2026.08.06-01.15.00:178][278]LogSceneAutomation: Display: SCENE_TARGET_POS t=101.0 entity=target_red world=X=-5138.539 Y=-9832.981 Z=10.000
[2026.08.06-01.15.00:178][278]LogSceneAutomation: Display: SCENE_TARGET_POS t=101.0 entity=target_blue world=X=-5140.287 Y=-9643.427 Z=10.000
[2026.08.06-01.15.00:178][278]LogSceneAutomation: Display: SCENE_TARGET_POS t=101.0 entity=target_left world=X=-4876.394 Y=-10359.389 Z=10.000
[2026.08.06-01.15.00:179][278]LogSceneAutomation: Display: SCENE_TARGET_POS t=101.0 entity=target_right world=X=-4899.805 Y=-9642.005 Z=10.000
[2026.08.06-01.15.00:179][279]LogSceneAutomation: Display: SCENE_ASV_POS t=101.0 world=X=-5537.448 Y=-9923.114 Z=12.604 yaw=0
[2026.08.06-01.15.01:180][321]LogSceneAutomation: Display: SCENE_YAW_FIX t=102.01 asv_count=1
[2026.08.06-01.15.01:180][321]LogSceneAutomation: Display: SCENE_TARGET_POS t=102.0 entity=target_red world=X=-5078.374 Y=-9824.523 Z=10.000
[2026.08.06-01.15.01:181][321]LogSceneAutomation: Display: SCENE_TARGET_POS t=102.0 entity=target_blue world=X=-5080.122 Y=-9634.969 Z=10.000
[2026.08.06-01.15.01:181][321]LogSceneAutomation: Display: SCENE_TARGET_POS t=102.0 entity=target_left world=X=-4816.229 Y=-10359.389 Z=10.000
[2026.08.06-01.15.01:181][321]LogSceneAutomation: Display: SCENE_TARGET_POS t=102.0 entity=target_right world=X=-4839.639 Y=-9642.005 Z=10.000
[2026.08.06-01.15.01:181][321]LogSceneAutomation: Display: SCENE_ASV_POS t=102.0 world=X=-5464.715 Y=-9909.046 Z=12.633 yaw=0
[2026.08.06-01.15.02:197][364]LogSceneAutomation: Display: SCENE_YAW_FIX t=103.01 asv_count=1
[2026.08.06-01.15.02:197][364]LogSceneAutomation: Display: SCENE_TARGET_POS t=103.0 entity=target_red world=X=-5018.102 Y=-9817.135 Z=10.000
[2026.08.06-01.15.02:197][364]LogSceneAutomation: Display: SCENE_TARGET_POS t=103.0 entity=target_blue world=X=-5019.851 Y=-9627.580 Z=10.000
[2026.08.06-01.15.02:197][364]LogSceneAutomation: Display: SCENE_TARGET_POS t=103.0 entity=target_left world=X=-4755.957 Y=-10359.389 Z=10.000
[2026.08.06-01.15.02:197][364]LogSceneAutomation: Display: SCENE_TARGET_POS t=103.0 entity=target_right world=X=-4779.368 Y=-9642.005 Z=10.000
[2026.08.06-01.15.02:197][364]LogSceneAutomation: Display: SCENE_ASV_POS t=103.0 world=X=-5321.233 Y=-9883.586 Z=12.622 yaw=0
[2026.08.06-01.15.02:278][366]LogSceneAutomation: Display: SCENE_EXEC_APPLY slot=TRACK-SYNTH-RED3-V2 count=400 dx_cm=28.112 dy_cm=4.878 offset=X=4856.879 Y=121.291 Z=0.000
[2026.08.06-01.15.03:178][404]LogSceneAutomation: Display: SCENE_YAW_FIX t=104.01 asv_count=1
[2026.08.06-01.15.03:178][404]LogSceneAutomation: Display: SCENE_TARGET_POS t=104.0 entity=target_red world=X=-4958.359 Y=-9810.910 Z=10.000
[2026.08.06-01.15.03:178][404]LogSceneAutomation: Display: SCENE_TARGET_POS t=104.0 entity=target_blue world=X=-4960.107 Y=-9621.355 Z=10.000
[2026.08.06-01.15.03:179][404]LogSceneAutomation: Display: SCENE_TARGET_POS t=104.0 entity=target_left world=X=-4696.214 Y=-10359.389 Z=10.000
[2026.08.06-01.15.03:179][404]LogSceneAutomation: Display: SCENE_TARGET_POS t=104.0 entity=target_right world=X=-4719.625 Y=-9642.005 Z=10.000
[2026.08.06-01.15.03:179][404]LogSceneAutomation: Display: SCENE_ASV_POS t=104.0 world=X=-5221.293 Y=-9865.252 Z=12.624 yaw=0
[2026.08.06-01.15.04:176][447]LogSceneAutomation: Display: SCENE_YAW_FIX t=105.00 asv_count=1
[2026.08.06-01.15.04:176][447]LogSceneAutomation: Display: SCENE_TARGET_POS t=105.0 entity=target_red world=X=-4898.634 Y=-9805.806 Z=10.000
[2026.08.06-01.15.04:176][447]LogSceneAutomation: Display: SCENE_TARGET_POS t=105.0 entity=target_blue world=X=-4900.382 Y=-9616.251 Z=10.000
[2026.08.06-01.15.04:176][447]LogSceneAutomation: Display: SCENE_TARGET_POS t=105.0 entity=target_left world=X=-4636.489 Y=-10359.389 Z=10.000
[2026.08.06-01.15.04:177][447]LogSceneAutomation: Display: SCENE_TARGET_POS t=105.0 entity=target_right world=X=-4659.899 Y=-9642.005 Z=10.000
[2026.08.06-01.15.04:177][447]LogSceneAutomation: Display: SCENE_ASV_POS t=105.0 world=X=-5157.321 Y=-9849.795 Z=12.616 yaw=0
[2026.08.06-01.15.05:175][489]LogSceneAutomation: Display: SCENE_YAW_FIX t=106.00 asv_count=1
[2026.08.06-01.15.05:175][489]LogSceneAutomation: Display: SCENE_TARGET_POS t=106.0 entity=target_red world=X=-4838.493 Y=-9801.816 Z=10.000
[2026.08.06-01.15.05:175][489]LogSceneAutomation: Display: SCENE_TARGET_POS t=106.0 entity=target_blue world=X=-4840.242 Y=-9612.262 Z=10.000
[2026.08.06-01.15.05:175][489]LogSceneAutomation: Display: SCENE_TARGET_POS t=106.0 entity=target_left world=X=-4576.348 Y=-10359.389 Z=10.000
[2026.08.06-01.15.05:175][489]LogSceneAutomation: Display: SCENE_TARGET_POS t=106.0 entity=target_right world=X=-4599.759 Y=-9642.005 Z=10.000
[2026.08.06-01.15.05:176][489]LogSceneAutomation: Display: SCENE_ASV_POS t=106.0 world=X=-5181.696 Y=-9853.369 Z=12.618 yaw=0
[2026.08.06-01.15.06:181][532]LogSceneAutomation: Display: SCENE_YAW_FIX t=107.01 asv_count=1
[2026.08.06-01.15.06:182][532]LogSceneAutomation: Display: SCENE_TARGET_POS t=107.0 entity=target_red world=X=-4778.223 Y=-9798.992 Z=10.000
[2026.08.06-01.15.06:182][532]LogSceneAutomation: Display: SCENE_TARGET_POS t=107.0 entity=target_blue world=X=-4779.972 Y=-9609.438 Z=10.000
[2026.08.06-01.15.06:182][532]LogSceneAutomation: Display: SCENE_TARGET_POS t=107.0 entity=target_left world=X=-4516.078 Y=-10359.389 Z=10.000
[2026.08.06-01.15.06:182][532]LogSceneAutomation: Display: SCENE_TARGET_POS t=107.0 entity=target_right world=X=-4539.489 Y=-9642.005 Z=10.000
[2026.08.06-01.15.06:182][532]LogSceneAutomation: Display: SCENE_ASV_POS t=107.0 world=X=-5193.259 Y=-9856.553 Z=12.619 yaw=0
[2026.08.06-01.15.07:186][576]LogSceneAutomation: Display: SCENE_YAW_FIX t=108.01 asv_count=1
[2026.08.06-01.15.07:186][576]LogSceneAutomation: Display: SCENE_TARGET_POS t=108.0 entity=target_red world=X=-4717.925 Y=-9797.354 Z=10.000
[2026.08.06-01.15.07:186][576]LogSceneAutomation: Display: SCENE_TARGET_POS t=108.0 entity=target_blue world=X=-4719.674 Y=-9607.799 Z=10.000
[2026.08.06-01.15.07:186][576]LogSceneAutomation: Display: SCENE_TARGET_POS t=108.0 entity=target_left world=X=-4455.780 Y=-10359.389 Z=10.000
[2026.08.06-01.15.07:186][576]LogSceneAutomation: Display: SCENE_TARGET_POS t=108.0 entity=target_right world=X=-4479.191 Y=-9642.005 Z=10.000
[2026.08.06-01.15.07:186][576]LogSceneAutomation: Display: SCENE_ASV_POS t=108.0 world=X=-5126.426 Y=-9852.772 Z=12.626 yaw=0
[2026.08.06-01.15.08:178][618]LogSceneAutomation: Display: SCENE_YAW_FIX t=109.00 asv_count=1
[2026.08.06-01.15.08:178][618]LogSceneAutomation: Display: SCENE_TARGET_POS t=109.0 entity=target_red world=X=-4658.570 Y=-9796.907 Z=10.000
[2026.08.06-01.15.08:178][618]LogSceneAutomation: Display: SCENE_TARGET_POS t=109.0 entity=target_blue world=X=-4660.319 Y=-9607.352 Z=10.000
[2026.08.06-01.15.08:178][618]LogSceneAutomation: Display: SCENE_TARGET_POS t=109.0 entity=target_left world=X=-4396.425 Y=-10359.389 Z=10.000
[2026.08.06-01.15.08:179][618]LogSceneAutomation: Display: SCENE_TARGET_POS t=109.0 entity=target_right world=X=-4419.836 Y=-9642.005 Z=10.000
[2026.08.06-01.15.08:179][618]LogSceneAutomation: Display: SCENE_ASV_POS t=109.0 world=X=-5101.360 Y=-9851.239 Z=12.621 yaw=0
[2026.08.06-01.15.08:474][630]LogSceneAutomation: Display: SCENE_EXEC_APPLY slot=TRACK-SYNTH-RED3-V2 count=425 dx_cm=24.892 dy_cm=2.269 offset=X=5093.446 Y=152.826 Z=0.000
[2026.08.06-01.15.09:177][660]LogSceneAutomation: Display: SCENE_YAW_FIX t=110.00 asv_count=1
[2026.08.06-01.15.09:177][660]LogSceneAutomation: Display: SCENE_TARGET_POS t=110.0 entity=target_red world=X=-4598.469 Y=-9797.635 Z=10.000
[2026.08.06-01.15.09:177][660]LogSceneAutomation: Display: SCENE_TARGET_POS t=110.0 entity=target_blue world=X=-4600.217 Y=-9608.081 Z=10.000
[2026.08.06-01.15.09:178][660]LogSceneAutomation: Display: SCENE_TARGET_POS t=110.0 entity=target_left world=X=-4336.324 Y=-10359.389 Z=10.000
[2026.08.06-01.15.09:178][660]LogSceneAutomation: Display: SCENE_TARGET_POS t=110.0 entity=target_right world=X=-4359.735 Y=-9642.005 Z=10.000
[2026.08.06-01.15.09:178][660]LogSceneAutomation: Display: SCENE_ASV_POS t=110.0 world=X=-4996.916 Y=-9841.913 Z=12.694 yaw=0
[2026.08.06-01.15.10:184][704]LogSceneAutomation: Display: SCENE_YAW_FIX t=111.01 asv_count=1
[2026.08.06-01.15.10:184][704]LogSceneAutomation: Display: SCENE_TARGET_POS t=111.0 entity=target_red world=X=-4538.040 Y=-9799.562 Z=10.000
[2026.08.06-01.15.10:185][704]LogSceneAutomation: Display: SCENE_TARGET_POS t=111.0 entity=target_blue world=X=-4539.788 Y=-9610.008 Z=10.000
[2026.08.06-01.15.10:185][704]LogSceneAutomation: Display: SCENE_TARGET_POS t=111.0 entity=target_left world=X=-4275.895 Y=-10359.389 Z=10.000
[2026.08.06-01.15.10:185][704]LogSceneAutomation: Display: SCENE_TARGET_POS t=111.0 entity=target_right world=X=-4299.306 Y=-9642.005 Z=10.000
[2026.08.06-01.15.10:185][704]LogSceneAutomation: Display: SCENE_ASV_POS t=111.0 world=X=-4981.981 Y=-9841.539 Z=12.678 yaw=0
[2026.08.06-01.15.11:176][745]LogSceneAutomation: Display: SCENE_YAW_FIX t=112.00 asv_count=1
[2026.08.06-01.15.11:176][745]LogSceneAutomation: Display: SCENE_TARGET_POS t=112.0 entity=target_red world=X=-4478.487 Y=-9802.626 Z=10.000
[2026.08.06-01.15.11:176][745]LogSceneAutomation: Display: SCENE_TARGET_POS t=112.0 entity=target_blue world=X=-4480.235 Y=-9613.071 Z=10.000
[2026.08.06-01.15.11:176][745]LogSceneAutomation: Display: SCENE_TARGET_POS t=112.0 entity=target_left world=X=-4216.342 Y=-10359.389 Z=10.000
[2026.08.06-01.15.11:177][745]LogSceneAutomation: Display: SCENE_TARGET_POS t=112.0 entity=target_right world=X=-4239.752 Y=-9642.005 Z=10.000
[2026.08.06-01.15.11:177][745]LogSceneAutomation: Display: SCENE_ASV_POS t=112.0 world=X=-4892.357 Y=-9836.366 Z=12.613 yaw=0
[2026.08.06-01.15.11:889][777]LogDerivedDataCache: C:/Users/LIU/AppData/Local/UnrealEngine/Common/DerivedDataCache: Maintenance finished in +00:00:00.000 and deleted 0 files with total size 0 MiB and 0 empty folders. Scanned 0 files in 1 folders with total size 0 MiB.
[2026.08.06-01.15.12:178][788]LogSceneAutomation: Display: SCENE_YAW_FIX t=113.01 asv_count=1
[2026.08.06-01.15.12:178][788]LogSceneAutomation: Display: SCENE_TARGET_POS t=113.0 entity=target_red world=X=-4418.328 Y=-9806.882 Z=10.000
[2026.08.06-01.15.12:178][788]LogSceneAutomation: Display: SCENE_TARGET_POS t=113.0 entity=target_blue world=X=-4420.076 Y=-9617.327 Z=10.000
[2026.08.06-01.15.12:178][788]LogSceneAutomation: Display: SCENE_TARGET_POS t=113.0 entity=target_left world=X=-4156.183 Y=-10359.389 Z=10.000
[2026.08.06-01.15.12:178][788]LogSceneAutomation: Display: SCENE_TARGET_POS t=113.0 entity=target_right world=X=-4179.594 Y=-9642.005 Z=10.000
[2026.08.06-01.15.12:178][788]LogSceneAutomation: Display: SCENE_ASV_POS t=113.0 world=X=-4772.931 Y=-9830.445 Z=12.629 yaw=0
[2026.08.06-01.15.13:182][832]LogSceneAutomation: Display: SCENE_YAW_FIX t=114.01 asv_count=1
[2026.08.06-01.15.13:182][832]LogSceneAutomation: Display: SCENE_TARGET_POS t=114.0 entity=target_red world=X=-4358.151 Y=-9812.291 Z=10.000
[2026.08.06-01.15.13:182][832]LogSceneAutomation: Display: SCENE_TARGET_POS t=114.0 entity=target_blue world=X=-4359.900 Y=-9622.736 Z=10.000
[2026.08.06-01.15.13:182][832]LogSceneAutomation: Display: SCENE_TARGET_POS t=114.0 entity=target_left world=X=-4096.006 Y=-10359.389 Z=10.000
[2026.08.06-01.15.13:182][832]LogSceneAutomation: Display: SCENE_TARGET_POS t=114.0 entity=target_right world=X=-4119.417 Y=-9642.005 Z=10.000
[2026.08.06-01.15.13:183][832]LogSceneAutomation: Display: SCENE_ASV_POS t=114.0 world=X=-4656.031 Y=-9826.278 Z=12.636 yaw=0
[2026.08.06-01.15.14:178][874]LogSceneAutomation: Display: SCENE_YAW_FIX t=115.00 asv_count=1
[2026.08.06-01.15.14:178][874]LogSceneAutomation: Display: SCENE_TARGET_POS t=115.0 entity=target_red world=X=-4298.508 Y=-9818.766 Z=10.000
[2026.08.06-01.15.14:179][874]LogSceneAutomation: Display: SCENE_TARGET_POS t=115.0 entity=target_blue world=X=-4300.256 Y=-9629.212 Z=10.000
[2026.08.06-01.15.14:179][874]LogSceneAutomation: Display: SCENE_TARGET_POS t=115.0 entity=target_left world=X=-4036.363 Y=-10359.389 Z=10.000
[2026.08.06-01.15.14:179][874]LogSceneAutomation: Display: SCENE_TARGET_POS t=115.0 entity=target_right world=X=-4059.774 Y=-9642.005 Z=10.000
[2026.08.06-01.15.14:179][874]LogSceneAutomation: Display: SCENE_ASV_POS t=115.0 world=X=-4560.043 Y=-9822.842 Z=12.646 yaw=0
[2026.08.06-01.15.14:984][908]LogSceneAutomation: Display: SCENE_EXEC_APPLY slot=TRACK-SYNTH-RED3-V2 count=450 dx_cm=11.166 dy_cm=0.085 offset=X=5658.871 Y=177.762 Z=0.000
[2026.08.06-01.15.15:178][915]LogSceneAutomation: Display: SCENE_YAW_FIX t=116.00 asv_count=1
[2026.08.06-01.15.15:178][915]LogSceneAutomation: Display: SCENE_TARGET_POS t=116.0 entity=target_red world=X=-4238.553 Y=-9826.369 Z=10.000
[2026.08.06-01.15.15:178][915]LogSceneAutomation: Display: SCENE_TARGET_POS t=116.0 entity=target_blue world=X=-4240.301 Y=-9636.815 Z=10.000
[2026.08.06-01.15.15:178][915]LogSceneAutomation: Display: SCENE_TARGET_POS t=116.0 entity=target_left world=X=-3976.408 Y=-10359.389 Z=10.000
[2026.08.06-01.15.15:178][915]LogSceneAutomation: Display: SCENE_TARGET_POS t=116.0 entity=target_right world=X=-3999.818 Y=-9642.005 Z=10.000
[2026.08.06-01.15.15:178][915]LogSceneAutomation: Display: SCENE_ASV_POS t=116.0 world=X=-4491.129 Y=-9822.238 Z=12.630 yaw=0
[2026.08.06-01.15.16:176][957]LogSceneAutomation: Display: SCENE_YAW_FIX t=117.00 asv_count=1
[2026.08.06-01.15.16:177][957]LogSceneAutomation: Display: SCENE_TARGET_POS t=117.0 entity=target_red world=X=-4178.424 Y=-9835.064 Z=10.000
[2026.08.06-01.15.16:177][957]LogSceneAutomation: Display: SCENE_TARGET_POS t=117.0 entity=target_blue world=X=-4180.173 Y=-9645.510 Z=10.000
[2026.08.06-01.15.16:177][957]LogSceneAutomation: Display: SCENE_TARGET_POS t=117.0 entity=target_left world=X=-3916.279 Y=-10359.389 Z=10.000
[2026.08.06-01.15.16:177][957]LogSceneAutomation: Display: SCENE_TARGET_POS t=117.0 entity=target_right world=X=-3939.690 Y=-9642.005 Z=10.000
[2026.08.06-01.15.16:177][957]LogSceneAutomation: Display: SCENE_ASV_POS t=117.0 world=X=-4496.261 Y=-9824.994 Z=12.659 yaw=0
[2026.08.06-01.15.17:176][  0]LogSceneAutomation: Display: SCENE_YAW_FIX t=118.00 asv_count=1
[2026.08.06-01.15.17:176][  0]LogSceneAutomation: Display: SCENE_TARGET_POS t=118.0 entity=target_red world=X=-4118.614 Y=-9844.743 Z=10.000
[2026.08.06-01.15.17:177][  0]LogSceneAutomation: Display: SCENE_TARGET_POS t=118.0 entity=target_blue world=X=-4120.363 Y=-9655.189 Z=10.000
[2026.08.06-01.15.17:177][  0]LogSceneAutomation: Display: SCENE_TARGET_POS t=118.0 entity=target_left world=X=-3856.469 Y=-10359.389 Z=10.000
[2026.08.06-01.15.17:177][  0]LogSceneAutomation: Display: SCENE_TARGET_POS t=118.0 entity=target_right world=X=-3879.880 Y=-9642.005 Z=10.000
[2026.08.06-01.15.17:177][  0]LogSceneAutomation: Display: SCENE_ASV_POS t=118.0 world=X=-4505.829 Y=-9846.298 Z=12.610 yaw=0
[2026.08.06-01.15.18:184][ 43]LogSceneAutomation: Display: SCENE_YAW_FIX t=119.01 asv_count=1
[2026.08.06-01.15.18:184][ 43]LogSceneAutomation: Display: SCENE_TARGET_POS t=119.0 entity=target_red world=X=-4058.091 Y=-9855.544 Z=10.000
[2026.08.06-01.15.18:184][ 43]LogSceneAutomation: Display: SCENE_TARGET_POS t=119.0 entity=target_blue world=X=-4059.840 Y=-9665.990 Z=10.000
[2026.08.06-01.15.18:184][ 43]LogSceneAutomation: Display: SCENE_TARGET_POS t=119.0 entity=target_left world=X=-3795.946 Y=-10359.389 Z=10.000
[2026.08.06-01.15.18:184][ 43]LogSceneAutomation: Display: SCENE_TARGET_POS t=119.0 entity=target_right world=X=-3819.357 Y=-9642.005 Z=10.000
[2026.08.06-01.15.18:184][ 43]LogSceneAutomation: Display: SCENE_ASV_POS t=119.0 world=X=-4437.527 Y=-9864.202 Z=12.612 yaw=0
[2026.08.06-01.15.19:177][ 85]LogSceneAutomation: Display: SCENE_YAW_FIX t=120.00 asv_count=1
[2026.08.06-01.15.19:177][ 85]LogSceneAutomation: Display: SCENE_TARGET_POS t=120.0 entity=target_red world=X=-3998.531 Y=-9867.120 Z=10.000
[2026.08.06-01.15.19:177][ 85]LogSceneAutomation: Display: SCENE_TARGET_POS t=120.0 entity=target_blue world=X=-4000.280 Y=-9677.565 Z=10.000
[2026.08.06-01.15.19:177][ 85]LogSceneAutomation: Display: SCENE_TARGET_POS t=120.0 entity=target_left world=X=-3736.386 Y=-10359.389 Z=10.000
[2026.08.06-01.15.19:177][ 85]LogSceneAutomation: Display: SCENE_TARGET_POS t=120.0 entity=target_right world=X=-3759.797 Y=-9642.005 Z=10.000
[2026.08.06-01.15.19:177][ 85]LogSceneAutomation: Display: SCENE_ASV_POS t=120.0 world=X=-4319.828 Y=-9866.387 Z=12.596 yaw=0
[2026.08.06-01.15.20:181][127]LogSceneAutomation: Display: SCENE_YAW_FIX t=121.01 asv_count=1
[2026.08.06-01.15.20:181][127]LogSceneAutomation: Display: SCENE_TARGET_POS t=121.0 entity=target_red world=X=-3938.124 Y=-9879.772 Z=10.000
[2026.08.06-01.15.20:182][127]LogSceneAutomation: Display: SCENE_TARGET_POS t=121.0 entity=target_blue world=X=-3939.873 Y=-9690.218 Z=10.000
[2026.08.06-01.15.20:182][127]LogSceneAutomation: Display: SCENE_TARGET_POS t=121.0 entity=target_left world=X=-3675.979 Y=-10359.389 Z=10.000
[2026.08.06-01.15.20:182][127]LogSceneAutomation: Display: SCENE_TARGET_POS t=121.0 entity=target_right world=X=-3699.390 Y=-9642.005 Z=10.000
[2026.08.06-01.15.20:182][127]LogSceneAutomation: Display: SCENE_ASV_POS t=121.0 world=X=-4289.986 Y=-9868.747 Z=12.570 yaw=0
[2026.08.06-01.15.21:184][170]LogSceneAutomation: Display: SCENE_YAW_FIX t=122.01 asv_count=1
[2026.08.06-01.15.21:184][170]LogSceneAutomation: Display: SCENE_TARGET_POS t=122.0 entity=target_red world=X=-3878.054 Y=-9893.215 Z=10.000
[2026.08.06-01.15.21:184][170]LogSceneAutomation: Display: SCENE_TARGET_POS t=122.0 entity=target_blue world=X=-3879.803 Y=-9703.661 Z=10.000
[2026.08.06-01.15.21:184][170]LogSceneAutomation: Display: SCENE_TARGET_POS t=122.0 entity=target_left world=X=-3615.909 Y=-10359.389 Z=10.000
[2026.08.06-01.15.21:184][170]LogSceneAutomation: Display: SCENE_TARGET_POS t=122.0 entity=target_right world=X=-3639.320 Y=-9642.005 Z=10.000
[2026.08.06-01.15.21:184][170]LogSceneAutomation: Display: SCENE_ASV_POS t=122.0 world=X=-4188.055 Y=-9875.717 Z=12.622 yaw=0
[2026.08.06-01.15.21:282][174]LogSceneAutomation: Display: SCENE_EXEC_APPLY slot=TRACK-SYNTH-RED3-V2 count=475 dx_cm=29.349 dy_cm=-2.418 offset=X=5991.293 Y=121.866 Z=0.000
[2026.08.06-01.15.22:182][213]LogSceneAutomation: Display: SCENE_YAW_FIX t=123.01 asv_count=1
[2026.08.06-01.15.22:182][213]LogSceneAutomation: Display: SCENE_TARGET_POS t=123.0 entity=target_red world=X=-3818.258 Y=-9907.397 Z=10.000
[2026.08.06-01.15.22:182][213]LogSceneAutomation: Display: SCENE_TARGET_POS t=123.0 entity=target_blue world=X=-3820.007 Y=-9717.843 Z=10.000
[2026.08.06-01.15.22:182][213]LogSceneAutomation: Display: SCENE_TARGET_POS t=123.0 entity=target_left world=X=-3556.113 Y=-10359.389 Z=10.000
[2026.08.06-01.15.22:182][213]LogSceneAutomation: Display: SCENE_TARGET_POS t=123.0 entity=target_right world=X=-3579.524 Y=-9642.005 Z=10.000
[2026.08.06-01.15.22:183][213]LogSceneAutomation: Display: SCENE_ASV_POS t=123.0 world=X=-4113.543 Y=-9883.423 Z=12.583 yaw=0
[2026.08.06-01.15.23:179][255]LogSceneAutomation: Display: SCENE_YAW_FIX t=124.00 asv_count=1
[2026.08.06-01.15.23:179][255]LogSceneAutomation: Display: SCENE_TARGET_POS t=124.0 entity=target_red world=X=-3758.437 Y=-9922.329 Z=10.000
[2026.08.06-01.15.23:180][255]LogSceneAutomation: Display: SCENE_TARGET_POS t=124.0 entity=target_blue world=X=-3760.185 Y=-9732.775 Z=10.000
[2026.08.06-01.15.23:180][255]LogSceneAutomation: Display: SCENE_TARGET_POS t=124.0 entity=target_left world=X=-3496.292 Y=-10359.389 Z=10.000
[2026.08.06-01.15.23:180][255]LogSceneAutomation: Display: SCENE_TARGET_POS t=124.0 entity=target_right world=X=-3519.703 Y=-9642.005 Z=10.000
[2026.08.06-01.15.23:180][255]LogSceneAutomation: Display: SCENE_ASV_POS t=124.0 world=X=-4050.328 Y=-9892.635 Z=12.618 yaw=0
[2026.08.06-01.15.24:168][297]LogImageCompression: Display: EDGE_CAPTURE_STATS count=1250 size=1280x720 srgb=0 mean_rgb=(39.1,61.3,100.9) max=240 linear_to_gamma=1
[2026.08.06-01.15.24:183][297]LogSceneAutomation: Display: SCENE_YAW_FIX t=125.01 asv_count=1
[2026.08.06-01.15.24:183][297]LogSceneAutomation: Display: SCENE_TARGET_POS t=125.0 entity=target_red world=X=-3698.029 Y=-9938.102 Z=10.000
[2026.08.06-01.15.24:183][297]LogSceneAutomation: Display: SCENE_TARGET_POS t=125.0 entity=target_blue world=X=-3699.778 Y=-9748.547 Z=10.000
[2026.08.06-01.15.24:184][297]LogSceneAutomation: Display: SCENE_TARGET_POS t=125.0 entity=target_left world=X=-3435.884 Y=-10359.389 Z=10.000
[2026.08.06-01.15.24:184][297]LogSceneAutomation: Display: SCENE_TARGET_POS t=125.0 entity=target_right world=X=-3459.295 Y=-9642.005 Z=10.000
[2026.08.06-01.15.24:184][297]LogSceneAutomation: Display: SCENE_ASV_POS t=125.0 world=X=-3988.146 Y=-9903.714 Z=12.597 yaw=0
[2026.08.06-01.15.25:179][340]LogSceneAutomation: Display: SCENE_YAW_FIX t=126.00 asv_count=1
[2026.08.06-01.15.25:180][340]LogSceneAutomation: Display: SCENE_TARGET_POS t=126.0 entity=target_red world=X=-3638.410 Y=-9954.291 Z=10.000
[2026.08.06-01.15.25:180][340]LogSceneAutomation: Display: SCENE_TARGET_POS t=126.0 entity=target_blue world=X=-3640.159 Y=-9764.737 Z=10.000
[2026.08.06-01.15.25:180][340]LogSceneAutomation: Display: SCENE_TARGET_POS t=126.0 entity=target_left world=X=-3376.265 Y=-10359.389 Z=10.000
[2026.08.06-01.15.25:180][340]LogSceneAutomation: Display: SCENE_TARGET_POS t=126.0 entity=target_right world=X=-3399.676 Y=-9642.005 Z=10.000
[2026.08.06-01.15.25:180][340]LogSceneAutomation: Display: SCENE_ASV_POS t=126.0 world=X=-3916.064 Y=-9917.467 Z=12.628 yaw=0
[2026.08.06-01.15.26:185][382]LogSceneAutomation: Display: SCENE_YAW_FIX t=127.01 asv_count=1
[2026.08.06-01.15.26:185][382]LogSceneAutomation: Display: SCENE_TARGET_POS t=127.0 entity=target_red world=X=-3577.979 Y=-9971.268 Z=10.000
[2026.08.06-01.15.26:185][382]LogSceneAutomation: Display: SCENE_TARGET_POS t=127.0 entity=target_blue world=X=-3579.728 Y=-9781.714 Z=10.000
[2026.08.06-01.15.26:185][382]LogSceneAutomation: Display: SCENE_TARGET_POS t=127.0 entity=target_left world=X=-3315.834 Y=-10359.389 Z=10.000
[2026.08.06-01.15.26:186][382]LogSceneAutomation: Display: SCENE_TARGET_POS t=127.0 entity=target_right world=X=-3339.245 Y=-9642.005 Z=10.000
[2026.08.06-01.15.26:186][382]LogSceneAutomation: Display: SCENE_ASV_POS t=127.0 world=X=-3862.813 Y=-9932.071 Z=12.638 yaw=0
[2026.08.06-01.15.27:181][425]LogSceneAutomation: Display: SCENE_YAW_FIX t=128.01 asv_count=1
[2026.08.06-01.15.27:181][425]LogSceneAutomation: Display: SCENE_TARGET_POS t=128.0 entity=target_red world=X=-3518.227 Y=-9988.550 Z=10.000
[2026.08.06-01.15.27:181][425]LogSceneAutomation: Display: SCENE_TARGET_POS t=128.0 entity=target_blue world=X=-3519.975 Y=-9798.995 Z=10.000
[2026.08.06-01.15.27:181][425]LogSceneAutomation: Display: SCENE_TARGET_POS t=128.0 entity=target_left world=X=-3256.082 Y=-10359.389 Z=10.000
[2026.08.06-01.15.27:182][425]LogSceneAutomation: Display: SCENE_TARGET_POS t=128.0 entity=target_right world=X=-3279.492 Y=-9642.005 Z=10.000
[2026.08.06-01.15.27:182][425]LogSceneAutomation: Display: SCENE_ASV_POS t=128.0 world=X=-3819.632 Y=-9946.423 Z=12.605 yaw=0
[2026.08.06-01.15.27:690][447]LogSceneAutomation: Display: SCENE_EXEC_APPLY slot=TRACK-SYNTH-RED3-V2 count=500 dx_cm=18.337 dy_cm=-4.079 offset=X=6378.948 Y=41.701 Z=0.000
[2026.08.06-01.15.28:172][466]LogSceneAutomation: Display: SCENE_YAW_FIX t=129.00 asv_count=1
[2026.08.06-01.15.28:172][466]LogSceneAutomation: Display: SCENE_TARGET_POS t=129.0 entity=target_red world=X=-3458.632 Y=-10006.208 Z=10.000
[2026.08.06-01.15.28:172][466]LogSceneAutomation: Display: SCENE_TARGET_POS t=129.0 entity=target_blue world=X=-3460.381 Y=-9816.653 Z=10.000
[2026.08.06-01.15.28:172][466]LogSceneAutomation: Display: SCENE_TARGET_POS t=129.0 entity=target_left world=X=-3196.487 Y=-10359.389 Z=10.000
[2026.08.06-01.15.28:172][466]LogSceneAutomation: Display: SCENE_TARGET_POS t=129.0 entity=target_right world=X=-3219.898 Y=-9642.005 Z=10.000
[2026.08.06-01.15.28:172][466]LogSceneAutomation: Display: SCENE_ASV_POS t=129.0 world=X=-3747.725 Y=-9962.696 Z=12.691 yaw=0
[2026.08.06-01.15.29:182][510]LogSceneAutomation: Display: SCENE_YAW_FIX t=130.01 asv_count=1
[2026.08.06-01.15.29:182][510]LogSceneAutomation: Display: SCENE_TARGET_POS t=130.0 entity=target_red world=X=-3398.271 Y=-10024.453 Z=10.000
[2026.08.06-01.15.29:183][510]LogSceneAutomation: Display: SCENE_TARGET_POS t=130.0 entity=target_blue world=X=-3400.020 Y=-9834.898 Z=10.000
[2026.08.06-01.15.29:183][510]LogSceneAutomation: Display: SCENE_TARGET_POS t=130.0 entity=target_left world=X=-3136.126 Y=-10359.389 Z=10.000
[2026.08.06-01.15.29:183][510]LogSceneAutomation: Display: SCENE_TARGET_POS t=130.0 entity=target_right world=X=-3159.537 Y=-9642.005 Z=10.000
[2026.08.06-01.15.29:183][510]LogSceneAutomation: Display: SCENE_ASV_POS t=130.0 world=X=-3694.392 Y=-9979.992 Z=12.570 yaw=0
[2026.08.06-01.15.30:107][551]LogSceneAutomation: Display: SCENE_YAW_FIX t=131.00 asv_count=1
[2026.08.06-01.15.30:107][551]LogSceneAutomation: Display: SCENE_TARGET_POS t=131.0 entity=target_red world=X=-3338.665 Y=-10042.753 Z=10.000
[2026.08.06-01.15.30:108][551]LogSceneAutomation: Display: SCENE_TARGET_POS t=131.0 entity=target_blue world=X=-3340.414 Y=-9853.199 Z=10.000
[2026.08.06-01.15.30:108][551]LogSceneAutomation: Display: SCENE_TARGET_POS t=131.0 entity=target_left world=X=-3076.520 Y=-10359.389 Z=10.000
[2026.08.06-01.15.30:108][551]LogSceneAutomation: Display: SCENE_TARGET_POS t=131.0 entity=target_right world=X=-3099.931 Y=-9642.005 Z=10.000
[2026.08.06-01.15.30:108][551]LogSceneAutomation: Display: SCENE_ASV_POS t=131.0 world=X=-3665.268 Y=-9991.695 Z=12.630 yaw=0
[2026.08.06-01.15.31:182][594]LogSceneAutomation: Display: SCENE_YAW_FIX t=132.01 asv_count=1
[2026.08.06-01.15.31:182][594]LogSceneAutomation: Display: SCENE_TARGET_POS t=132.0 entity=target_red world=X=-3278.048 Y=-10061.581 Z=10.000
[2026.08.06-01.15.31:182][594]LogSceneAutomation: Display: SCENE_TARGET_POS t=132.0 entity=target_blue world=X=-3279.797 Y=-9872.026 Z=10.000
[2026.08.06-01.15.31:183][594]LogSceneAutomation: Display: SCENE_TARGET_POS t=132.0 entity=target_left world=X=-3015.903 Y=-10359.389 Z=10.000
[2026.08.06-01.15.31:183][594]LogSceneAutomation: Display: SCENE_TARGET_POS t=132.0 entity=target_right world=X=-3039.314 Y=-9642.005 Z=10.000
[2026.08.06-01.15.31:183][594]LogSceneAutomation: Display: SCENE_ASV_POS t=132.0 world=X=-3574.875 Y=-10011.325 Z=12.536 yaw=0
[2026.08.06-01.15.32:187][637]LogSceneAutomation: Display: SCENE_YAW_FIX t=133.01 asv_count=1
[2026.08.06-01.15.32:187][637]LogSceneAutomation: Display: SCENE_TARGET_POS t=133.0 entity=target_red world=X=-3217.987 Y=-10080.376 Z=10.000
[2026.08.06-01.15.32:187][637]LogSceneAutomation: Display: SCENE_TARGET_POS t=133.0 entity=target_blue world=X=-3219.735 Y=-9890.821 Z=10.000
[2026.08.06-01.15.32:187][637]LogSceneAutomation: Display: SCENE_TARGET_POS t=133.0 entity=target_left world=X=-2955.842 Y=-10359.389 Z=10.000
[2026.08.06-01.15.32:187][637]LogSceneAutomation: Display: SCENE_TARGET_POS t=133.0 entity=target_right world=X=-2979.253 Y=-9642.005 Z=10.000
[2026.08.06-01.15.32:187][637]LogSceneAutomation: Display: SCENE_ASV_POS t=133.0 world=X=-3483.344 Y=-10033.748 Z=12.680 yaw=0
[2026.08.06-01.15.33:107][677]LogSceneAutomation: Display: SCENE_YAW_FIX t=134.00 asv_count=1
[2026.08.06-01.15.33:107][677]LogSceneAutomation: Display: SCENE_TARGET_POS t=134.0 entity=target_red world=X=-3158.681 Y=-10098.999 Z=10.000
[2026.08.06-01.15.33:107][677]LogSceneAutomation: Display: SCENE_TARGET_POS t=134.0 entity=target_blue world=X=-3160.429 Y=-9909.444 Z=10.000
[2026.08.06-01.15.33:107][677]LogSceneAutomation: Display: SCENE_TARGET_POS t=134.0 entity=target_left world=X=-2896.536 Y=-10359.389 Z=10.000
[2026.08.06-01.15.33:107][677]LogSceneAutomation: Display: SCENE_TARGET_POS t=134.0 entity=target_right world=X=-2919.947 Y=-9642.005 Z=10.000
[2026.08.06-01.15.33:107][677]LogSceneAutomation: Display: SCENE_ASV_POS t=134.0 world=X=-3426.377 Y=-10054.239 Z=12.606 yaw=0
[2026.08.06-01.15.34:107][719]LogSceneAutomation: Display: SCENE_EXEC_APPLY slot=TRACK-SYNTH-RED3-V2 count=525 dx_cm=-4.458 dy_cm=-5.206 offset=X=6707.236 Y=-76.382 Z=0.000
[2026.08.06-01.15.34:185][720]LogSceneAutomation: Display: SCENE_YAW_FIX t=135.01 asv_count=1
[2026.08.06-01.15.34:185][720]LogSceneAutomation: Display: SCENE_TARGET_POS t=135.0 entity=target_red world=X=-3097.926 Y=-10118.068 Z=10.000
[2026.08.06-01.15.34:185][720]LogSceneAutomation: Display: SCENE_TARGET_POS t=135.0 entity=target_blue world=X=-3099.675 Y=-9928.513 Z=10.000
[2026.08.06-01.15.34:185][720]LogSceneAutomation: Display: SCENE_TARGET_POS t=135.0 entity=target_left world=X=-2835.781 Y=-10359.389 Z=10.000
[2026.08.06-01.15.34:185][720]LogSceneAutomation: Display: SCENE_TARGET_POS t=135.0 entity=target_right world=X=-2859.192 Y=-9642.005 Z=10.000
[2026.08.06-01.15.34:185][720]LogSceneAutomation: Display: SCENE_ASV_POS t=135.0 world=X=-3442.764 Y=-10076.382 Z=12.638 yaw=0
[2026.08.06-01.15.35:185][763]LogSceneAutomation: Display: SCENE_YAW_FIX t=136.01 asv_count=1
[2026.08.06-01.15.35:185][763]LogSceneAutomation: Display: SCENE_TARGET_POS t=136.0 entity=target_red world=X=-3037.935 Y=-10136.813 Z=10.000
[2026.08.06-01.15.35:185][763]LogSceneAutomation: Display: SCENE_TARGET_POS t=136.0 entity=target_blue world=X=-3039.684 Y=-9947.259 Z=10.000
[2026.08.06-01.15.35:185][763]LogSceneAutomation: Display: SCENE_TARGET_POS t=136.0 entity=target_left world=X=-2775.790 Y=-10359.389 Z=10.000
[2026.08.06-01.15.35:185][763]LogSceneAutomation: Display: SCENE_TARGET_POS t=136.0 entity=target_right world=X=-2799.201 Y=-9642.005 Z=10.000
[2026.08.06-01.15.35:185][763]LogSceneAutomation: Display: SCENE_ASV_POS t=136.0 world=X=-3411.719 Y=-10105.212 Z=12.639 yaw=0
[2026.08.06-01.15.36:176][805]LogSceneAutomation: Display: SCENE_YAW_FIX t=137.00 asv_count=1
[2026.08.06-01.15.36:176][805]LogSceneAutomation: Display: SCENE_TARGET_POS t=137.0 entity=target_red world=X=-2978.468 Y=-10155.240 Z=10.000
[2026.08.06-01.15.36:176][805]LogSceneAutomation: Display: SCENE_TARGET_POS t=137.0 entity=target_blue world=X=-2980.217 Y=-9965.686 Z=10.000
[2026.08.06-01.15.36:176][805]LogSceneAutomation: Display: SCENE_TARGET_POS t=137.0 entity=target_left world=X=-2716.323 Y=-10359.389 Z=10.000
[2026.08.06-01.15.36:176][805]LogSceneAutomation: Display: SCENE_TARGET_POS t=137.0 entity=target_right world=X=-2739.734 Y=-9642.005 Z=10.000
[2026.08.06-01.15.36:176][805]LogSceneAutomation: Display: SCENE_ASV_POS t=137.0 world=X=-3386.796 Y=-10112.318 Z=12.615 yaw=0
[2026.08.06-01.15.37:186][849]LogSceneAutomation: Display: SCENE_YAW_FIX t=138.01 asv_count=1
[2026.08.06-01.15.37:186][849]LogSceneAutomation: Display: SCENE_TARGET_POS t=138.0 entity=target_red world=X=-2917.963 Y=-10173.756 Z=10.000
[2026.08.06-01.15.37:186][849]LogSceneAutomation: Display: SCENE_TARGET_POS t=138.0 entity=target_blue world=X=-2919.711 Y=-9984.202 Z=10.000
[2026.08.06-01.15.37:186][849]LogSceneAutomation: Display: SCENE_TARGET_POS t=138.0 entity=target_left world=X=-2655.818 Y=-10359.389 Z=10.000
[2026.08.06-01.15.37:186][849]LogSceneAutomation: Display: SCENE_TARGET_POS t=138.0 entity=target_right world=X=-2679.229 Y=-9642.005 Z=10.000
[2026.08.06-01.15.37:186][849]LogSceneAutomation: Display: SCENE_ASV_POS t=138.0 world=X=-3376.902 Y=-10115.738 Z=12.657 yaw=0
[2026.08.06-01.15.38:174][890]LogSceneAutomation: Display: SCENE_YAW_FIX t=139.00 asv_count=1
[2026.08.06-01.15.38:174][890]LogSceneAutomation: Display: SCENE_TARGET_POS t=139.0 entity=target_red world=X=-2858.595 Y=-10191.625 Z=10.000
[2026.08.06-01.15.38:174][890]LogSceneAutomation: Display: SCENE_TARGET_POS t=139.0 entity=target_blue world=X=-2860.343 Y=-10002.070 Z=10.000
[2026.08.06-01.15.38:176][890]LogSceneAutomation: Display: SCENE_TARGET_POS t=139.0 entity=target_left world=X=-2596.450 Y=-10359.389 Z=10.000
[2026.08.06-01.15.38:176][890]LogSceneAutomation: Display: SCENE_TARGET_POS t=139.0 entity=target_right world=X=-2619.861 Y=-9642.005 Z=10.000
[2026.08.06-01.15.38:176][890]LogSceneAutomation: Display: SCENE_ASV_POS t=139.0 world=X=-3288.316 Y=-10131.028 Z=12.614 yaw=0
[2026.08.06-01.15.39:183][933]LogSceneAutomation: Display: SCENE_YAW_FIX t=140.01 asv_count=1
[2026.08.06-01.15.39:183][933]LogSceneAutomation: Display: SCENE_TARGET_POS t=140.0 entity=target_red world=X=-2798.062 Y=-10209.466 Z=10.000
[2026.08.06-01.15.39:183][933]LogSceneAutomation: Display: SCENE_TARGET_POS t=140.0 entity=target_blue world=X=-2799.810 Y=-10019.912 Z=10.000
[2026.08.06-01.15.39:183][933]LogSceneAutomation: Display: SCENE_TARGET_POS t=140.0 entity=target_left world=X=-2535.917 Y=-10359.389 Z=10.000
[2026.08.06-01.15.39:183][933]LogSceneAutomation: Display: SCENE_TARGET_POS t=140.0 entity=target_right world=X=-2559.328 Y=-9642.005 Z=10.000
[2026.08.06-01.15.39:183][933]LogSceneAutomation: Display: SCENE_ASV_POS t=140.0 world=X=-3170.963 Y=-10152.000 Z=12.621 yaw=0
[2026.08.06-01.15.40:183][976]LogSceneAutomation: Display: SCENE_YAW_FIX t=141.01 asv_count=1
[2026.08.06-01.15.40:183][976]LogSceneAutomation: Display: SCENE_TARGET_POS t=141.0 entity=target_red world=X=-2738.261 Y=-10226.649 Z=10.000
[2026.08.06-01.15.40:183][976]LogSceneAutomation: Display: SCENE_TARGET_POS t=141.0 entity=target_blue world=X=-2740.010 Y=-10037.094 Z=10.000
[2026.08.06-01.15.40:183][976]LogSceneAutomation: Display: SCENE_TARGET_POS t=141.0 entity=target_left world=X=-2476.116 Y=-10359.389 Z=10.000
[2026.08.06-01.15.40:184][976]LogSceneAutomation: Display: SCENE_TARGET_POS t=141.0 entity=target_right world=X=-2499.527 Y=-9642.005 Z=10.000
[2026.08.06-01.15.40:184][976]LogSceneAutomation: Display: SCENE_ASV_POS t=141.0 world=X=-3056.156 Y=-10174.022 Z=12.631 yaw=0
[2026.08.06-01.15.40:583][992]LogSceneAutomation: Display: SCENE_EXEC_APPLY slot=TRACK-SYNTH-RED3-V2 count=550 dx_cm=25.665 dy_cm=-5.664 offset=X=7147.990 Y=-185.126 Z=0.000
[2026.08.06-01.15.41:104][ 15]LogSceneAutomation: Display: SCENE_YAW_FIX t=142.00 asv_count=1
[2026.08.06-01.15.41:106][ 15]LogSceneAutomation: Display: SCENE_TARGET_POS t=142.0 entity=target_red world=X=-2678.657 Y=-10243.268 Z=10.000
[2026.08.06-01.15.41:106][ 15]LogSceneAutomation: Display: SCENE_TARGET_POS t=142.0 entity=target_blue world=X=-2680.405 Y=-10053.714 Z=10.000
[2026.08.06-01.15.41:106][ 15]LogSceneAutomation: Display: SCENE_TARGET_POS t=142.0 entity=target_left world=X=-2416.512 Y=-10359.389 Z=10.000
[2026.08.06-01.15.41:106][ 15]LogSceneAutomation: Display: SCENE_TARGET_POS t=142.0 entity=target_right world=X=-2439.923 Y=-9642.005 Z=10.000
[2026.08.06-01.15.41:106][ 15]LogSceneAutomation: Display: SCENE_ASV_POS t=142.0 world=X=-2950.628 Y=-10196.644 Z=12.643 yaw=0
[2026.08.06-01.15.42:179][ 59]LogSceneAutomation: Display: SCENE_YAW_FIX t=143.01 asv_count=1
[2026.08.06-01.15.42:179][ 59]LogSceneAutomation: Display: SCENE_TARGET_POS t=143.0 entity=target_red world=X=-2618.392 Y=-10259.492 Z=10.000
[2026.08.06-01.15.42:179][ 59]LogSceneAutomation: Display: SCENE_TARGET_POS t=143.0 entity=target_blue world=X=-2620.141 Y=-10069.938 Z=10.000
[2026.08.06-01.15.42:179][ 59]LogSceneAutomation: Display: SCENE_TARGET_POS t=143.0 entity=target_left world=X=-2356.247 Y=-10359.389 Z=10.000
[2026.08.06-01.15.42:179][ 59]LogSceneAutomation: Display: SCENE_TARGET_POS t=143.0 entity=target_right world=X=-2379.658 Y=-9642.005 Z=10.000
[2026.08.06-01.15.42:180][ 59]LogSceneAutomation: Display: SCENE_ASV_POS t=143.0 world=X=-2877.304 Y=-10218.068 Z=12.620 yaw=0
[2026.08.06-01.15.43:182][102]LogSceneAutomation: Display: SCENE_YAW_FIX t=144.01 asv_count=1
[2026.08.06-01.15.43:182][102]LogSceneAutomation: Display: SCENE_TARGET_POS t=144.0 entity=target_red world=X=-2558.235 Y=-10275.042 Z=10.000
[2026.08.06-01.15.43:182][102]LogSceneAutomation: Display: SCENE_TARGET_POS t=144.0 entity=target_blue world=X=-2559.983 Y=-10085.487 Z=10.000
[2026.08.06-01.15.43:183][102]LogSceneAutomation: Display: SCENE_TARGET_POS t=144.0 entity=target_left world=X=-2296.090 Y=-10359.389 Z=10.000
[2026.08.06-01.15.43:183][102]LogSceneAutomation: Display: SCENE_TARGET_POS t=144.0 entity=target_right world=X=-2319.501 Y=-9642.005 Z=10.000
[2026.08.06-01.15.43:183][102]LogSceneAutomation: Display: SCENE_ASV_POS t=144.0 world=X=-2853.013 Y=-10234.809 Z=12.628 yaw=0
[2026.08.06-01.15.44:184][144]LogSceneAutomation: Display: SCENE_YAW_FIX t=145.01 asv_count=1
[2026.08.06-01.15.44:184][144]LogSceneAutomation: Display: SCENE_TARGET_POS t=145.0 entity=target_red world=X=-2498.021 Y=-10289.898 Z=10.000
[2026.08.06-01.15.44:184][144]LogSceneAutomation: Display: SCENE_TARGET_POS t=145.0 entity=target_blue world=X=-2499.769 Y=-10100.344 Z=10.000
[2026.08.06-01.15.44:184][144]LogSceneAutomation: Display: SCENE_TARGET_POS t=145.0 entity=target_left world=X=-2235.876 Y=-10359.389 Z=10.000
[2026.08.06-01.15.44:184][144]LogSceneAutomation: Display: SCENE_TARGET_POS t=145.0 entity=target_right world=X=-2259.286 Y=-9642.005 Z=10.000
[2026.08.06-01.15.44:185][144]LogSceneAutomation: Display: SCENE_ASV_POS t=145.0 world=X=-2860.809 Y=-10257.236 Z=12.620 yaw=0
[2026.08.06-01.15.45:186][188]LogSceneAutomation: Display: SCENE_YAW_FIX t=146.01 asv_count=1
[2026.08.06-01.15.45:186][188]LogSceneAutomation: Display: SCENE_TARGET_POS t=146.0 entity=target_red world=X=-2437.947 Y=-10303.956 Z=10.000
[2026.08.06-01.15.45:186][188]LogSceneAutomation: Display: SCENE_TARGET_POS t=146.0 entity=target_blue world=X=-2439.696 Y=-10114.401 Z=10.000
[2026.08.06-01.15.45:186][188]LogSceneAutomation: Display: SCENE_TARGET_POS t=146.0 entity=target_left world=X=-2175.802 Y=-10359.389 Z=10.000
[2026.08.06-01.15.45:186][188]LogSceneAutomation: Display: SCENE_TARGET_POS t=146.0 entity=target_right world=X=-2199.213 Y=-9642.005 Z=10.000
[2026.08.06-01.15.45:187][188]LogSceneAutomation: Display: SCENE_ASV_POS t=146.0 world=X=-2826.643 Y=-10263.953 Z=12.647 yaw=0
[2026.08.06-01.15.46:179][229]LogSceneAutomation: Display: SCENE_YAW_FIX t=147.01 asv_count=1
[2026.08.06-01.15.46:179][229]LogSceneAutomation: Display: SCENE_TARGET_POS t=147.0 entity=target_red world=X=-2378.385 Y=-10317.085 Z=10.000
[2026.08.06-01.15.46:179][229]LogSceneAutomation: Display: SCENE_TARGET_POS t=147.0 entity=target_blue world=X=-2380.134 Y=-10127.530 Z=10.000
[2026.08.06-01.15.46:179][229]LogSceneAutomation: Display: SCENE_TARGET_POS t=147.0 entity=target_left world=X=-2116.240 Y=-10359.389 Z=10.000
[2026.08.06-01.15.46:179][229]LogSceneAutomation: Display: SCENE_TARGET_POS t=147.0 entity=target_right world=X=-2139.651 Y=-9642.005 Z=10.000
[2026.08.06-01.15.46:179][229]LogSceneAutomation: Display: SCENE_ASV_POS t=147.0 world=X=-2801.564 Y=-10271.704 Z=12.619 yaw=0
[2026.08.06-01.15.46:874][259]LogSceneAutomation: Display: SCENE_EXEC_APPLY slot=TRACK-SYNTH-RED3-V2 count=575 dx_cm=29.580 dy_cm=-4.139 offset=X=7422.316 Y=-282.973 Z=0.000
[2026.08.06-01.15.47:178][273]LogSceneAutomation: Display: SCENE_YAW_FIX t=148.00 asv_count=1
[2026.08.06-01.15.47:178][273]LogSceneAutomation: Display: SCENE_TARGET_POS t=148.0 entity=target_red world=X=-2318.495 Y=-10329.423 Z=10.000
[2026.08.06-01.15.47:178][273]LogSceneAutomation: Display: SCENE_TARGET_POS t=148.0 entity=target_blue world=X=-2320.243 Y=-10139.868 Z=10.000
[2026.08.06-01.15.47:178][273]LogSceneAutomation: Display: SCENE_TARGET_POS t=148.0 entity=target_left world=X=-2056.350 Y=-10359.389 Z=10.000
[2026.08.06-01.15.47:178][273]LogSceneAutomation: Display: SCENE_TARGET_POS t=148.0 entity=target_right world=X=-2079.761 Y=-9642.005 Z=10.000
[2026.08.06-01.15.47:178][273]LogSceneAutomation: Display: SCENE_ASV_POS t=148.0 world=X=-2727.684 Y=-10282.973 Z=12.639 yaw=0
[2026.08.06-01.15.48:107][314]LogSceneAutomation: Display: SCENE_YAW_FIX t=149.00 asv_count=1
[2026.08.06-01.15.48:107][314]LogSceneAutomation: Display: SCENE_TARGET_POS t=149.0 entity=target_red world=X=-2258.689 Y=-10340.831 Z=10.000
[2026.08.06-01.15.48:107][314]LogSceneAutomation: Display: SCENE_TARGET_POS t=149.0 entity=target_blue world=X=-2260.438 Y=-10151.277 Z=10.000
[2026.08.06-01.15.48:107][314]LogSceneAutomation: Display: SCENE_TARGET_POS t=149.0 entity=target_left world=X=-1996.544 Y=-10359.389 Z=10.000
[2026.08.06-01.15.48:107][314]LogSceneAutomation: Display: SCENE_TARGET_POS t=149.0 entity=target_right world=X=-2019.955 Y=-9642.005 Z=10.000
[2026.08.06-01.15.48:107][314]LogSceneAutomation: Display: SCENE_ASV_POS t=149.0 world=X=-2609.924 Y=-10300.143 Z=12.619 yaw=0
[2026.08.06-01.15.49:172][358]LogImageCompression: Display: EDGE_CAPTURE_STATS count=1500 size=1280x720 srgb=0 mean_rgb=(38.7,62.0,101.9) max=240 linear_to_gamma=1
[2026.08.06-01.15.49:186][358]LogSceneAutomation: Display: SCENE_YAW_FIX t=150.01 asv_count=1
[2026.08.06-01.15.49:186][358]LogSceneAutomation: Display: SCENE_TARGET_POS t=150.0 entity=target_red world=X=-2197.968 Y=-10351.435 Z=10.000
[2026.08.06-01.15.49:186][358]LogSceneAutomation: Display: SCENE_TARGET_POS t=150.0 entity=target_blue world=X=-2199.717 Y=-10161.881 Z=10.000
[2026.08.06-01.15.49:186][358]LogSceneAutomation: Display: SCENE_TARGET_POS t=150.0 entity=target_left world=X=-1935.823 Y=-10359.389 Z=10.000
[2026.08.06-01.15.49:186][358]LogSceneAutomation: Display: SCENE_TARGET_POS t=150.0 entity=target_right world=X=-1959.234 Y=-9642.005 Z=10.000
[2026.08.06-01.15.49:186][358]LogSceneAutomation: Display: SCENE_ASV_POS t=150.0 world=X=-2497.833 Y=-10316.931 Z=12.621 yaw=0
[2026.08.06-01.15.50:179][400]LogSceneAutomation: Display: SCENE_YAW_FIX t=151.01 asv_count=1
[2026.08.06-01.15.50:179][400]LogSceneAutomation: Display: SCENE_TARGET_POS t=151.0 entity=target_red world=X=-2138.377 Y=-10360.842 Z=10.000
[2026.08.06-01.15.50:179][400]LogSceneAutomation: Display: SCENE_TARGET_POS t=151.0 entity=target_blue world=X=-2140.125 Y=-10171.287 Z=10.000
[2026.08.06-01.15.50:179][400]LogSceneAutomation: Display: SCENE_TARGET_POS t=151.0 entity=target_left world=X=-1876.232 Y=-10359.389 Z=10.000
[2026.08.06-01.15.50:179][400]LogSceneAutomation: Display: SCENE_TARGET_POS t=151.0 entity=target_right world=X=-1899.643 Y=-9642.005 Z=10.000
[2026.08.06-01.15.50:179][400]LogSceneAutomation: Display: SCENE_ASV_POS t=151.0 world=X=-2504.784 Y=-10329.794 Z=12.625 yaw=0
[2026.08.06-01.15.51:174][443]LogSceneAutomation: Display: SCENE_YAW_FIX t=152.00 asv_count=1
[2026.08.06-01.15.51:174][443]LogSceneAutomation: Display: SCENE_TARGET_POS t=152.0 entity=target_red world=X=-2078.539 Y=-10369.253 Z=10.000
[2026.08.06-01.15.51:175][443]LogSceneAutomation: Display: SCENE_TARGET_POS t=152.0 entity=target_blue world=X=-2080.287 Y=-10179.699 Z=10.000
[2026.08.06-01.15.51:175][443]LogSceneAutomation: Display: SCENE_TARGET_POS t=152.0 entity=target_left world=X=-1816.394 Y=-10359.389 Z=10.000
[2026.08.06-01.15.51:175][443]LogSceneAutomation: Display: SCENE_TARGET_POS t=152.0 entity=target_right world=X=-1839.805 Y=-9642.005 Z=10.000
[2026.08.06-01.15.51:175][443]LogSceneAutomation: Display: SCENE_ASV_POS t=152.0 world=X=-2479.536 Y=-10349.836 Z=12.616 yaw=0
[2026.08.06-01.15.52:183][487]LogSceneAutomation: Display: SCENE_YAW_FIX t=153.01 asv_count=1
[2026.08.06-01.15.52:183][487]LogSceneAutomation: Display: SCENE_TARGET_POS t=153.0 entity=target_red world=X=-2018.185 Y=-10376.655 Z=10.000
[2026.08.06-01.15.52:183][487]LogSceneAutomation: Display: SCENE_TARGET_POS t=153.0 entity=target_blue world=X=-2019.934 Y=-10187.100 Z=10.000
[2026.08.06-01.15.52:183][487]LogSceneAutomation: Display: SCENE_TARGET_POS t=153.0 entity=target_left world=X=-1756.040 Y=-10359.389 Z=10.000
[2026.08.06-01.15.52:183][487]LogSceneAutomation: Display: SCENE_TARGET_POS t=153.0 entity=target_right world=X=-1779.451 Y=-9642.005 Z=10.000
[2026.08.06-01.15.52:183][487]LogSceneAutomation: Display: SCENE_ASV_POS t=153.0 world=X=-2380.669 Y=-10364.095 Z=12.609 yaw=0
[2026.08.06-01.15.53:181][530]LogSceneAutomation: Display: SCENE_YAW_FIX t=154.01 asv_count=1
[2026.08.06-01.15.53:182][530]LogSceneAutomation: Display: SCENE_TARGET_POS t=154.0 entity=target_red world=X=-1958.214 Y=-10382.902 Z=10.000
[2026.08.06-01.15.53:182][530]LogSceneAutomation: Display: SCENE_TARGET_POS t=154.0 entity=target_blue world=X=-1959.962 Y=-10193.348 Z=10.000
[2026.08.06-01.15.53:182][530]LogSceneAutomation: Display: SCENE_TARGET_POS t=154.0 entity=target_left world=X=-1696.069 Y=-10359.389 Z=10.000
[2026.08.06-01.15.53:182][530]LogSceneAutomation: Display: SCENE_TARGET_POS t=154.0 entity=target_right world=X=-1719.480 Y=-9642.005 Z=10.000
[2026.08.06-01.15.53:182][530]LogSceneAutomation: Display: SCENE_ASV_POS t=154.0 world=X=-2292.289 Y=-10369.564 Z=12.618 yaw=0
[2026.08.06-01.15.53:678][551]LogSceneAutomation: Display: SCENE_EXEC_APPLY slot=TRACK-SYNTH-RED3-V2 count=600 dx_cm=26.406 dy_cm=-1.924 offset=X=7942.231 Y=-375.288 Z=0.000
[2026.08.06-01.15.54:175][571]LogSceneAutomation: Display: SCENE_YAW_FIX t=155.00 asv_count=1
[2026.08.06-01.15.54:175][571]LogSceneAutomation: Display: SCENE_TARGET_POS t=155.0 entity=target_red world=X=-1898.596 Y=-10387.996 Z=10.000
[2026.08.06-01.15.54:175][571]LogSceneAutomation: Display: SCENE_TARGET_POS t=155.0 entity=target_blue world=X=-1900.344 Y=-10198.441 Z=10.000
[2026.08.06-01.15.54:175][571]LogSceneAutomation: Display: SCENE_TARGET_POS t=155.0 entity=target_left world=X=-1636.451 Y=-10359.389 Z=10.000
[2026.08.06-01.15.54:175][571]LogSceneAutomation: Display: SCENE_TARGET_POS t=155.0 entity=target_right world=X=-1659.861 Y=-9642.005 Z=10.000
[2026.08.06-01.15.54:175][571]LogSceneAutomation: Display: SCENE_ASV_POS t=155.0 world=X=-2186.362 Y=-10377.114 Z=12.621 yaw=0
[2026.08.06-01.15.55:181][615]LogSceneAutomation: Display: SCENE_YAW_FIX t=156.01 asv_count=1
[2026.08.06-01.15.55:182][615]LogSceneAutomation: Display: SCENE_TARGET_POS t=156.0 entity=target_red world=X=-1838.333 Y=-10391.991 Z=10.000
[2026.08.06-01.15.55:182][615]LogSceneAutomation: Display: SCENE_TARGET_POS t=156.0 entity=target_blue world=X=-1840.081 Y=-10202.437 Z=10.000
[2026.08.06-01.15.55:182][615]LogSceneAutomation: Display: SCENE_TARGET_POS t=156.0 entity=target_left world=X=-1576.188 Y=-10359.389 Z=10.000
[2026.08.06-01.15.55:182][615]LogSceneAutomation: Display: SCENE_TARGET_POS t=156.0 entity=target_right world=X=-1599.599 Y=-9642.005 Z=10.000
[2026.08.06-01.15.55:182][615]LogSceneAutomation: Display: SCENE_ASV_POS t=156.0 world=X=-2110.743 Y=-10383.015 Z=12.628 yaw=0
[2026.08.06-01.15.56:185][657]LogSceneAutomation: Display: SCENE_YAW_FIX t=157.01 asv_count=1
[2026.08.06-01.15.56:186][657]LogSceneAutomation: Display: SCENE_TARGET_POS t=157.0 entity=target_red world=X=-1777.948 Y=-10394.817 Z=10.000
[2026.08.06-01.15.56:186][657]LogSceneAutomation: Display: SCENE_TARGET_POS t=157.0 entity=target_blue world=X=-1779.697 Y=-10205.262 Z=10.000
[2026.08.06-01.15.56:186][657]LogSceneAutomation: Display: SCENE_TARGET_POS t=157.0 entity=target_left world=X=-1515.803 Y=-10359.389 Z=10.000
[2026.08.06-01.15.56:186][657]LogSceneAutomation: Display: SCENE_TARGET_POS t=157.0 entity=target_right world=X=-1539.214 Y=-9642.005 Z=10.000
[2026.08.06-01.15.56:186][657]LogSceneAutomation: Display: SCENE_ASV_POS t=157.0 world=X=-2059.821 Y=-10386.868 Z=12.639 yaw=0
[2026.08.06-01.15.57:180][700]LogSceneAutomation: Display: SCENE_YAW_FIX t=158.01 asv_count=1
[2026.08.06-01.15.57:180][700]LogSceneAutomation: Display: SCENE_TARGET_POS t=158.0 entity=target_red world=X=-1718.287 Y=-10396.439 Z=10.000
[2026.08.06-01.15.57:180][700]LogSceneAutomation: Display: SCENE_TARGET_POS t=158.0 entity=target_blue world=X=-1720.036 Y=-10206.884 Z=10.000
[2026.08.06-01.15.57:180][700]LogSceneAutomation: Display: SCENE_TARGET_POS t=158.0 entity=target_left world=X=-1456.142 Y=-10359.389 Z=10.000
[2026.08.06-01.15.57:180][700]LogSceneAutomation: Display: SCENE_TARGET_POS t=158.0 entity=target_right world=X=-1479.553 Y=-9642.005 Z=10.000
[2026.08.06-01.15.57:180][700]LogSceneAutomation: Display: SCENE_ASV_POS t=158.0 world=X=-2021.401 Y=-10389.903 Z=12.645 yaw=0
[2026.08.06-01.15.58:183][743]LogSceneAutomation: Display: SCENE_YAW_FIX t=159.01 asv_count=1
[2026.08.06-01.15.58:183][743]LogSceneAutomation: Display: SCENE_TARGET_POS t=159.0 entity=target_red world=X=-1658.269 Y=-10396.891 Z=10.000
[2026.08.06-01.15.58:183][743]LogSceneAutomation: Display: SCENE_TARGET_POS t=159.0 entity=target_blue world=X=-1660.017 Y=-10207.337 Z=10.000
[2026.08.06-01.15.58:184][743]LogSceneAutomation: Display: SCENE_TARGET_POS t=159.0 entity=target_left world=X=-1396.124 Y=-10359.389 Z=10.000
[2026.08.06-01.15.58:184][743]LogSceneAutomation: Display: SCENE_TARGET_POS t=159.0 entity=target_right world=X=-1419.535 Y=-9642.005 Z=10.000
[2026.08.06-01.15.58:184][743]LogSceneAutomation: Display: SCENE_ASV_POS t=159.0 world=X=-1949.392 Y=-10392.824 Z=12.646 yaw=0
[2026.08.06-01.15.59:177][785]LogSceneAutomation: Display: SCENE_YAW_FIX t=160.00 asv_count=1
[2026.08.06-01.15.59:177][785]LogSceneAutomation: Display: SCENE_TARGET_POS t=160.0 entity=target_red world=X=-1598.592 Y=-10396.166 Z=10.000
[2026.08.06-01.15.59:177][785]LogSceneAutomation: Display: SCENE_TARGET_POS t=160.0 entity=target_blue world=X=-1600.340 Y=-10206.612 Z=10.000
[2026.08.06-01.15.59:177][785]LogSceneAutomation: Display: SCENE_TARGET_POS t=160.0 entity=target_left world=X=-1336.447 Y=-10359.389 Z=10.000
[2026.08.06-01.15.59:177][785]LogSceneAutomation: Display: SCENE_TARGET_POS t=160.0 entity=target_right world=X=-1359.858 Y=-9642.005 Z=10.000
[2026.08.06-01.15.59:177][785]LogSceneAutomation: Display: SCENE_ASV_POS t=160.0 world=X=-1849.977 Y=-10395.359 Z=12.612 yaw=0
[2026.08.06-01.16.00:080][823]LogSceneAutomation: Display: SCENE_EXEC_APPLY slot=TRACK-SYNTH-RED3-V2 count=625 dx_cm=6.204 dy_cm=-0.616 offset=X=8354.827 Y=-397.288 Z=0.000
[2026.08.06-01.16.00:178][827]LogSceneAutomation: Display: SCENE_YAW_FIX t=161.00 asv_count=1
[2026.08.06-01.16.00:178][827]LogSceneAutomation: Display: SCENE_TARGET_POS t=161.0 entity=target_red world=X=-1538.440 Y=-10394.253 Z=10.000
[2026.08.06-01.16.00:178][827]LogSceneAutomation: Display: SCENE_TARGET_POS t=161.0 entity=target_blue world=X=-1540.188 Y=-10204.699 Z=10.000
[2026.08.06-01.16.00:178][827]LogSceneAutomation: Display: SCENE_TARGET_POS t=161.0 entity=target_left world=X=-1276.295 Y=-10359.389 Z=10.000
[2026.08.06-01.16.00:178][827]LogSceneAutomation: Display: SCENE_TARGET_POS t=161.0 entity=target_right world=X=-1299.706 Y=-9642.005 Z=10.000
[2026.08.06-01.16.00:178][827]LogSceneAutomation: Display: SCENE_ASV_POS t=161.0 world=X=-1795.173 Y=-10397.288 Z=12.630 yaw=0
[2026.08.06-01.16.01:179][870]LogSceneAutomation: Display: SCENE_YAW_FIX t=162.01 asv_count=1
[2026.08.06-01.16.01:179][870]LogSceneAutomation: Display: SCENE_TARGET_POS t=162.0 entity=target_red world=X=-1478.280 Y=-10391.160 Z=10.000
[2026.08.06-01.16.01:179][870]LogSceneAutomation: Display: SCENE_TARGET_POS t=162.0 entity=target_blue world=X=-1480.028 Y=-10201.606 Z=10.000
[2026.08.06-01.16.01:180][870]LogSceneAutomation: Display: SCENE_TARGET_POS t=162.0 entity=target_left world=X=-1216.135 Y=-10359.389 Z=10.000
[2026.08.06-01.16.01:180][870]LogSceneAutomation: Display: SCENE_TARGET_POS t=162.0 entity=target_right world=X=-1239.546 Y=-9642.005 Z=10.000
[2026.08.06-01.16.01:180][870]LogSceneAutomation: Display: SCENE_ASV_POS t=162.0 world=X=-1803.292 Y=-10400.731 Z=12.633 yaw=0
[2026.08.06-01.16.02:177][913]LogSceneAutomation: Display: SCENE_YAW_FIX t=163.00 asv_count=1
[2026.08.06-01.16.02:177][913]LogSceneAutomation: Display: SCENE_TARGET_POS t=163.0 entity=target_red world=X=-1418.473 Y=-10386.928 Z=10.000
[2026.08.06-01.16.02:177][913]LogSceneAutomation: Display: SCENE_TARGET_POS t=163.0 entity=target_blue world=X=-1420.221 Y=-10197.374 Z=10.000
[2026.08.06-01.16.02:177][913]LogSceneAutomation: Display: SCENE_TARGET_POS t=163.0 entity=target_left world=X=-1156.328 Y=-10359.389 Z=10.000
[2026.08.06-01.16.02:177][913]LogSceneAutomation: Display: SCENE_TARGET_POS t=163.0 entity=target_right world=X=-1179.739 Y=-9642.005 Z=10.000
[2026.08.06-01.16.02:178][913]LogSceneAutomation: Display: SCENE_ASV_POS t=163.0 world=X=-1775.654 Y=-10409.016 Z=12.629 yaw=0
[2026.08.06-01.16.03:178][956]LogSceneAutomation: Display: SCENE_YAW_FIX t=164.00 asv_count=1
[2026.08.06-01.16.03:179][956]LogSceneAutomation: Display: SCENE_TARGET_POS t=164.0 entity=target_red world=X=-1358.401 Y=-10381.533 Z=10.000
[2026.08.06-01.16.03:179][956]LogSceneAutomation: Display: SCENE_TARGET_POS t=164.0 entity=target_blue world=X=-1360.150 Y=-10191.978 Z=10.000
[2026.08.06-01.16.03:179][956]LogSceneAutomation: Display: SCENE_TARGET_POS t=164.0 entity=target_left world=X=-1096.256 Y=-10359.389 Z=10.000
[2026.08.06-01.16.03:179][956]LogSceneAutomation: Display: SCENE_TARGET_POS t=164.0 entity=target_right world=X=-1119.667 Y=-9642.005 Z=10.000
[2026.08.06-01.16.03:179][956]LogSceneAutomation: Display: SCENE_ASV_POS t=164.0 world=X=-1676.495 Y=-10406.785 Z=12.667 yaw=0
[2026.08.06-01.16.04:105][998]LogSceneAutomation: Display: SCENE_YAW_FIX t=165.00 asv_count=1
[2026.08.06-01.16.04:105][998]LogSceneAutomation: Display: SCENE_TARGET_POS t=165.0 entity=target_red world=X=-1298.693 Y=-10375.054 Z=10.000
[2026.08.06-01.16.04:105][998]LogSceneAutomation: Display: SCENE_TARGET_POS t=165.0 entity=target_blue world=X=-1300.441 Y=-10185.499 Z=10.000
[2026.08.06-01.16.04:105][998]LogSceneAutomation: Display: SCENE_TARGET_POS t=165.0 entity=target_left world=X=-1036.548 Y=-10359.389 Z=10.000
[2026.08.06-01.16.04:105][998]LogSceneAutomation: Display: SCENE_TARGET_POS t=165.0 entity=target_right world=X=-1059.958 Y=-9642.005 Z=10.000
[2026.08.06-01.16.04:105][998]LogSceneAutomation: Display: SCENE_ASV_POS t=165.0 world=X=-1574.627 Y=-10400.650 Z=12.626 yaw=0
[2026.08.06-01.16.05:104][ 41]LogSceneAutomation: Display: SCENE_YAW_FIX t=166.00 asv_count=1
[2026.08.06-01.16.05:104][ 41]LogSceneAutomation: Display: SCENE_TARGET_POS t=166.0 entity=target_red world=X=-1238.676 Y=-10367.446 Z=10.000
[2026.08.06-01.16.05:104][ 41]LogSceneAutomation: Display: SCENE_TARGET_POS t=166.0 entity=target_blue world=X=-1240.425 Y=-10177.892 Z=10.000
[2026.08.06-01.16.05:106][ 41]LogSceneAutomation: Display: SCENE_TARGET_POS t=166.0 entity=target_left world=X=-976.531 Y=-10359.389 Z=10.000
[2026.08.06-01.16.05:106][ 41]LogSceneAutomation: Display: SCENE_TARGET_POS t=166.0 entity=target_right world=X=-999.942 Y=-9642.005 Z=10.000
[2026.08.06-01.16.05:106][ 41]LogSceneAutomation: Display: SCENE_ASV_POS t=166.0 world=X=-1505.264 Y=-10393.143 Z=12.601 yaw=0
[2026.08.06-01.16.06:182][ 85]LogSceneAutomation: Display: SCENE_YAW_FIX t=167.01 asv_count=1
[2026.08.06-01.16.06:182][ 85]LogSceneAutomation: Display: SCENE_TARGET_POS t=167.0 entity=target_red world=X=-1178.053 Y=-10358.677 Z=10.000
[2026.08.06-01.16.06:182][ 85]LogSceneAutomation: Display: SCENE_TARGET_POS t=167.0 entity=target_blue world=X=-1179.801 Y=-10169.123 Z=10.000
[2026.08.06-01.16.06:182][ 85]LogSceneAutomation: Display: SCENE_TARGET_POS t=167.0 entity=target_left world=X=-915.908 Y=-10359.389 Z=10.000
[2026.08.06-01.16.06:182][ 85]LogSceneAutomation: Display: SCENE_TARGET_POS t=167.0 entity=target_right world=X=-939.319 Y=-9642.005 Z=10.000
[2026.08.06-01.16.06:182][ 85]LogSceneAutomation: Display: SCENE_ASV_POS t=167.0 world=X=-1502.968 Y=-10389.803 Z=12.702 yaw=0
[2026.08.06-01.16.06:467][ 97]LogSceneAutomation: Display: SCENE_EXEC_APPLY slot=TRACK-SYNTH-RED3-V2 count=650 dx_cm=0.573 dy_cm=-0.887 offset=X=8643.187 Y=-391.289 Z=0.000
[2026.08.06-01.16.07:182][129]LogSceneAutomation: Display: SCENE_YAW_FIX t=168.01 asv_count=1
[2026.08.06-01.16.07:182][129]LogSceneAutomation: Display: SCENE_TARGET_POS t=168.0 entity=target_red world=X=-1118.191 Y=-10348.983 Z=10.000
[2026.08.06-01.16.07:182][129]LogSceneAutomation: Display: SCENE_TARGET_POS t=168.0 entity=target_blue world=X=-1119.939 Y=-10159.429 Z=10.000
[2026.08.06-01.16.07:182][129]LogSceneAutomation: Display: SCENE_TARGET_POS t=168.0 entity=target_left world=X=-856.046 Y=-10359.389 Z=10.000
[2026.08.06-01.16.07:182][129]LogSceneAutomation: Display: SCENE_TARGET_POS t=168.0 entity=target_right world=X=-879.457 Y=-9642.005 Z=10.000
[2026.08.06-01.16.07:182][129]LogSceneAutomation: Display: SCENE_ASV_POS t=168.0 world=X=-1490.697 Y=-10392.112 Z=12.627 yaw=0
[2026.08.06-01.16.08:179][172]LogSceneAutomation: Display: SCENE_YAW_FIX t=169.01 asv_count=1
[2026.08.06-01.16.08:179][172]LogSceneAutomation: Display: SCENE_TARGET_POS t=169.0 entity=target_red world=X=-1058.284 Y=-10338.290 Z=10.000
[2026.08.06-01.16.08:180][172]LogSceneAutomation: Display: SCENE_TARGET_POS t=169.0 entity=target_blue world=X=-1060.033 Y=-10148.736 Z=10.000
[2026.08.06-01.16.08:180][172]LogSceneAutomation: Display: SCENE_TARGET_POS t=169.0 entity=target_left world=X=-796.139 Y=-10359.389 Z=10.000
[2026.08.06-01.16.08:180][172]LogSceneAutomation: Display: SCENE_TARGET_POS t=169.0 entity=target_right world=X=-819.550 Y=-9642.005 Z=10.000
[2026.08.06-01.16.08:180][172]LogSceneAutomation: Display: SCENE_ASV_POS t=169.0 world=X=-1400.089 Y=-10385.548 Z=12.613 yaw=0
[2026.08.06-01.16.09:177][214]LogSceneAutomation: Display: SCENE_YAW_FIX t=170.00 asv_count=1
[2026.08.06-01.16.09:177][214]LogSceneAutomation: Display: SCENE_TARGET_POS t=170.0 entity=target_red world=X=-998.407 Y=-10326.654 Z=10.000
[2026.08.06-01.16.09:177][214]LogSceneAutomation: Display: SCENE_TARGET_POS t=170.0 entity=target_blue world=X=-1000.156 Y=-10137.099 Z=10.000
[2026.08.06-01.16.09:177][214]LogSceneAutomation: Display: SCENE_TARGET_POS t=170.0 entity=target_left world=X=-736.262 Y=-10359.389 Z=10.000
[2026.08.06-01.16.09:177][214]LogSceneAutomation: Display: SCENE_TARGET_POS t=170.0 entity=target_right world=X=-759.673 Y=-9642.005 Z=10.000
[2026.08.06-01.16.09:177][214]LogSceneAutomation: Display: SCENE_ASV_POS t=170.0 world=X=-1316.525 Y=-10375.852 Z=12.586 yaw=0
[2026.08.06-01.16.10:184][258]LogSceneAutomation: Display: SCENE_YAW_FIX t=171.01 asv_count=1
[2026.08.06-01.16.10:184][258]LogSceneAutomation: Display: SCENE_TARGET_POS t=171.0 entity=target_red world=X=-938.160 Y=-10314.034 Z=10.000
[2026.08.06-01.16.10:184][258]LogSceneAutomation: Display: SCENE_TARGET_POS t=171.0 entity=target_blue world=X=-939.908 Y=-10124.480 Z=10.000
[2026.08.06-01.16.10:185][258]LogSceneAutomation: Display: SCENE_TARGET_POS t=171.0 entity=target_left world=X=-676.015 Y=-10359.389 Z=10.000
[2026.08.06-01.16.10:185][258]LogSceneAutomation: Display: SCENE_TARGET_POS t=171.0 entity=target_right world=X=-699.426 Y=-9642.005 Z=10.000
[2026.08.06-01.16.10:185][258]LogSceneAutomation: Display: SCENE_ASV_POS t=171.0 world=X=-1218.622 Y=-10361.090 Z=12.608 yaw=0
[2026.08.06-01.16.11:178][300]LogSceneAutomation: Display: SCENE_YAW_FIX t=172.01 asv_count=1
[2026.08.06-01.16.11:178][300]LogSceneAutomation: Display: SCENE_TARGET_POS t=172.0 entity=target_red world=X=-878.349 Y=-10300.651 Z=10.000
[2026.08.06-01.16.11:178][300]LogSceneAutomation: Display: SCENE_TARGET_POS t=172.0 entity=target_blue world=X=-880.098 Y=-10111.097 Z=10.000
[2026.08.06-01.16.11:178][300]LogSceneAutomation: Display: SCENE_TARGET_POS t=172.0 entity=target_left world=X=-616.204 Y=-10359.389 Z=10.000
[2026.08.06-01.16.11:178][300]LogSceneAutomation: Display: SCENE_TARGET_POS t=172.0 entity=target_right world=X=-639.615 Y=-9642.005 Z=10.000
[2026.08.06-01.16.11:178][300]LogSceneAutomation: Display: SCENE_ASV_POS t=172.0 world=X=-1144.598 Y=-10347.938 Z=12.626 yaw=0
[2026.08.06-01.16.12:180][344]LogSceneAutomation: Display: SCENE_YAW_FIX t=173.01 asv_count=1
[2026.08.06-01.16.12:181][344]LogSceneAutomation: Display: SCENE_TARGET_POS t=173.0 entity=target_red world=X=-818.286 Y=-10286.408 Z=10.000
[2026.08.06-01.16.12:181][344]LogSceneAutomation: Display: SCENE_TARGET_POS t=173.0 entity=target_blue world=X=-820.035 Y=-10096.853 Z=10.000
[2026.08.06-01.16.12:181][344]LogSceneAutomation: Display: SCENE_TARGET_POS t=173.0 entity=target_left world=X=-556.141 Y=-10359.389 Z=10.000
[2026.08.06-01.16.12:181][344]LogSceneAutomation: Display: SCENE_TARGET_POS t=173.0 entity=target_right world=X=-579.552 Y=-9642.005 Z=10.000
[2026.08.06-01.16.12:181][344]LogSceneAutomation: Display: SCENE_ASV_POS t=173.0 world=X=-1144.992 Y=-10341.799 Z=12.620 yaw=0
[2026.08.06-01.16.12:973][377]LogSceneAutomation: Display: SCENE_EXEC_APPLY slot=TRACK-SYNTH-RED3-V2 count=675 dx_cm=6.919 dy_cm=1.636 offset=X=9004.574 Y=-337.517 Z=0.000
[2026.08.06-01.16.13:177][386]LogSceneAutomation: Display: SCENE_YAW_FIX t=174.01 asv_count=1
[2026.08.06-01.16.13:177][386]LogSceneAutomation: Display: SCENE_TARGET_POS t=174.0 entity=target_red world=X=-758.328 Y=-10271.442 Z=10.000
[2026.08.06-01.16.13:177][386]LogSceneAutomation: Display: SCENE_TARGET_POS t=174.0 entity=target_blue world=X=-760.077 Y=-10081.887 Z=10.000
[2026.08.06-01.16.13:177][386]LogSceneAutomation: Display: SCENE_TARGET_POS t=174.0 entity=target_left world=X=-496.183 Y=-10359.389 Z=10.000
[2026.08.06-01.16.13:178][386]LogSceneAutomation: Display: SCENE_TARGET_POS t=174.0 entity=target_right world=X=-519.594 Y=-9642.005 Z=10.000
[2026.08.06-01.16.13:178][386]LogSceneAutomation: Display: SCENE_ASV_POS t=174.0 world=X=-1145.426 Y=-10337.517 Z=12.628 yaw=0
[2026.08.06-01.16.14:163][429]LogImageCompression: Display: EDGE_CAPTURE_STATS count=1750 size=1280x720 srgb=0 mean_rgb=(37.4,60.8,101.0) max=237 linear_to_gamma=1
[2026.08.06-01.16.14:178][429]LogSceneAutomation: Display: SCENE_YAW_FIX t=175.01 asv_count=1
[2026.08.06-01.16.14:178][429]LogSceneAutomation: Display: SCENE_TARGET_POS t=175.0 entity=target_red world=X=-698.334 Y=-10255.778 Z=10.000
[2026.08.06-01.16.14:178][429]LogSceneAutomation: Display: SCENE_TARGET_POS t=175.0 entity=target_blue world=X=-700.082 Y=-10066.224 Z=10.000
[2026.08.06-01.16.14:178][429]LogSceneAutomation: Display: SCENE_TARGET_POS t=175.0 entity=target_left world=X=-436.189 Y=-10359.389 Z=10.000
[2026.08.06-01.16.14:178][429]LogSceneAutomation: Display: SCENE_TARGET_POS t=175.0 entity=target_right world=X=-459.600 Y=-9642.005 Z=10.000
[2026.08.06-01.16.14:178][429]LogSceneAutomation: Display: SCENE_ASV_POS t=175.0 world=X=-1068.078 Y=-10325.331 Z=12.638 yaw=0
[2026.08.06-01.16.15:181][472]LogSceneAutomation: Display: SCENE_YAW_FIX t=176.01 asv_count=1
[2026.08.06-01.16.15:181][472]LogSceneAutomation: Display: SCENE_TARGET_POS t=176.0 entity=target_red world=X=-638.093 Y=-10239.419 Z=10.000
[2026.08.06-01.16.15:181][472]LogSceneAutomation: Display: SCENE_TARGET_POS t=176.0 entity=target_blue world=X=-639.841 Y=-10049.865 Z=10.000
[2026.08.06-01.16.15:181][472]LogSceneAutomation: Display: SCENE_TARGET_POS t=176.0 entity=target_left world=X=-375.948 Y=-10359.389 Z=10.000
[2026.08.06-01.16.15:181][472]LogSceneAutomation: Display: SCENE_TARGET_POS t=176.0 entity=target_right world=X=-399.359 Y=-9642.005 Z=10.000
[2026.08.06-01.16.15:181][472]LogSceneAutomation: Display: SCENE_ASV_POS t=176.0 world=X=-1033.572 Y=-10319.933 Z=12.652 yaw=0
[2026.08.06-01.16.16:180][515]LogSceneAutomation: Display: SCENE_YAW_FIX t=177.01 asv_count=1
[2026.08.06-01.16.16:180][515]LogSceneAutomation: Display: SCENE_TARGET_POS t=177.0 entity=target_red world=X=-578.207 Y=-10222.595 Z=10.000
[2026.08.06-01.16.16:180][515]LogSceneAutomation: Display: SCENE_TARGET_POS t=177.0 entity=target_blue world=X=-579.956 Y=-10033.041 Z=10.000
[2026.08.06-01.16.16:180][515]LogSceneAutomation: Display: SCENE_TARGET_POS t=177.0 entity=target_left world=X=-316.062 Y=-10359.389 Z=10.000
[2026.08.06-01.16.16:180][515]LogSceneAutomation: Display: SCENE_TARGET_POS t=177.0 entity=target_right world=X=-339.473 Y=-9642.005 Z=10.000
[2026.08.06-01.16.16:180][515]LogSceneAutomation: Display: SCENE_ASV_POS t=177.0 world=X=-931.435 Y=-10302.018 Z=12.661 yaw=0
[2026.08.06-01.16.17:178][559]LogSceneAutomation: Display: SCENE_YAW_FIX t=178.00 asv_count=1
[2026.08.06-01.16.17:179][559]LogSceneAutomation: Display: SCENE_TARGET_POS t=178.0 entity=target_red world=X=-518.503 Y=-10205.330 Z=10.000
[2026.08.06-01.16.17:179][559]LogSceneAutomation: Display: SCENE_TARGET_POS t=178.0 entity=target_blue world=X=-520.252 Y=-10015.775 Z=10.000
[2026.08.06-01.16.17:179][559]LogSceneAutomation: Display: SCENE_TARGET_POS t=178.0 entity=target_left world=X=-256.358 Y=-10359.389 Z=10.000
[2026.08.06-01.16.17:179][559]LogSceneAutomation: Display: SCENE_TARGET_POS t=178.0 entity=target_right world=X=-279.769 Y=-9642.005 Z=10.000
[2026.08.06-01.16.17:179][559]LogSceneAutomation: Display: SCENE_ASV_POS t=178.0 world=X=-851.442 Y=-10286.568 Z=12.611 yaw=0
[2026.08.06-01.16.18:185][602]LogSceneAutomation: Display: SCENE_YAW_FIX t=179.01 asv_count=1
[2026.08.06-01.16.18:185][602]LogSceneAutomation: Display: SCENE_TARGET_POS t=179.0 entity=target_red world=X=-458.017 Y=-10187.406 Z=10.000
[2026.08.06-01.16.18:185][602]LogSceneAutomation: Display: SCENE_TARGET_POS t=179.0 entity=target_blue world=X=-459.766 Y=-9997.852 Z=10.000
[2026.08.06-01.16.18:185][602]LogSceneAutomation: Display: SCENE_TARGET_POS t=179.0 entity=target_left world=X=-195.872 Y=-10359.389 Z=10.000
[2026.08.06-01.16.18:185][602]LogSceneAutomation: Display: SCENE_TARGET_POS t=179.0 entity=target_right world=X=-219.283 Y=-9642.005 Z=10.000
[2026.08.06-01.16.18:186][602]LogSceneAutomation: Display: SCENE_ASV_POS t=179.0 world=X=-759.667 Y=-10264.866 Z=12.544 yaw=0
[2026.08.06-01.16.19:187][644]LogSceneAutomation: Display: SCENE_YAW_FIX t=180.01 asv_count=1
[2026.08.06-01.16.19:187][644]LogSceneAutomation: Display: SCENE_TARGET_POS t=180.0 entity=target_red world=X=-398.003 Y=-10169.264 Z=10.000
[2026.08.06-01.16.19:187][644]LogSceneAutomation: Display: SCENE_TARGET_POS t=180.0 entity=target_blue world=X=-399.752 Y=-9979.710 Z=10.000
[2026.08.06-01.16.19:188][644]LogSceneAutomation: Display: SCENE_TARGET_POS t=180.0 entity=target_left world=X=-135.858 Y=-10359.389 Z=10.000
[2026.08.06-01.16.19:188][644]LogSceneAutomation: Display: SCENE_TARGET_POS t=180.0 entity=target_right world=X=-159.269 Y=-9642.005 Z=10.000
[2026.08.06-01.16.19:188][644]LogSceneAutomation: Display: SCENE_ASV_POS t=180.0 world=X=-666.538 Y=-10242.791 Z=12.641 yaw=0
[2026.08.06-01.16.19:486][656]LogSceneAutomation: Display: SCENE_EXEC_APPLY slot=TRACK-SYNTH-RED3-V2 count=700 dx_cm=12.996 dy_cm=4.407 offset=X=9513.338 Y=-234.025 Z=0.000
[2026.08.06-01.16.20:187][686]LogSceneAutomation: Display: SCENE_YAW_FIX t=181.01 asv_count=1
[2026.08.06-01.16.20:187][686]LogSceneAutomation: Display: SCENE_TARGET_POS t=181.0 entity=target_red world=X=-338.009 Y=-10150.842 Z=10.000
[2026.08.06-01.16.20:187][686]LogSceneAutomation: Display: SCENE_TARGET_POS t=181.0 entity=target_blue world=X=-339.757 Y=-9961.288 Z=10.000
[2026.08.06-01.16.20:187][686]LogSceneAutomation: Display: SCENE_TARGET_POS t=181.0 entity=target_left world=X=-75.864 Y=-10359.389 Z=10.000
[2026.08.06-01.16.20:187][686]LogSceneAutomation: Display: SCENE_TARGET_POS t=181.0 entity=target_right world=X=-99.275 Y=-9642.005 Z=10.000
[2026.08.06-01.16.20:187][686]LogSceneAutomation: Display: SCENE_ASV_POS t=181.0 world=X=-625.537 Y=-10227.186 Z=12.652 yaw=0
[2026.08.06-01.16.21:184][729]LogSceneAutomation: Display: SCENE_YAW_FIX t=182.01 asv_count=1
[2026.08.06-01.16.21:184][729]LogSceneAutomation: Display: SCENE_TARGET_POS t=182.0 entity=target_red world=X=-277.919 Y=-10132.178 Z=10.000
[2026.08.06-01.16.21:184][729]LogSceneAutomation: Display: SCENE_TARGET_POS t=182.0 entity=target_blue world=X=-279.668 Y=-9942.623 Z=10.000
[2026.08.06-01.16.21:184][729]LogSceneAutomation: Display: SCENE_TARGET_POS t=182.0 entity=target_left world=X=-15.774 Y=-10359.389 Z=10.000
[2026.08.06-01.16.21:184][729]LogSceneAutomation: Display: SCENE_TARGET_POS t=182.0 entity=target_right world=X=-39.185 Y=-9642.005 Z=10.000
[2026.08.06-01.16.21:185][729]LogSceneAutomation: Display: SCENE_ASV_POS t=182.0 world=X=-652.819 Y=-10220.528 Z=12.693 yaw=0
[2026.08.06-01.16.22:186][772]LogSceneAutomation: Display: SCENE_YAW_FIX t=183.01 asv_count=1
[2026.08.06-01.16.22:186][772]LogSceneAutomation: Display: SCENE_TARGET_POS t=183.0 entity=target_red world=X=-217.909 Y=-10113.398 Z=10.000
[2026.08.06-01.16.22:187][772]LogSceneAutomation: Display: SCENE_TARGET_POS t=183.0 entity=target_blue world=X=-219.657 Y=-9923.844 Z=10.000
[2026.08.06-01.16.22:187][772]LogSceneAutomation: Display: SCENE_TARGET_POS t=183.0 entity=target_left world=X=44.236 Y=-10359.389 Z=10.000
[2026.08.06-01.16.22:187][772]LogSceneAutomation: Display: SCENE_TARGET_POS t=183.0 entity=target_right world=X=20.825 Y=-9642.005 Z=10.000
[2026.08.06-01.16.22:187][772]LogSceneAutomation: Display: SCENE_ASV_POS t=183.0 world=X=-638.673 Y=-10208.222 Z=12.633 yaw=0
[2026.08.06-01.16.23:177][814]LogSceneAutomation: Display: SCENE_YAW_FIX t=184.00 asv_count=1
[2026.08.06-01.16.23:177][814]LogSceneAutomation: Display: SCENE_TARGET_POS t=184.0 entity=target_red world=X=-158.631 Y=-10094.784 Z=10.000
[2026.08.06-01.16.23:177][814]LogSceneAutomation: Display: SCENE_TARGET_POS t=184.0 entity=target_blue world=X=-160.380 Y=-9905.230 Z=10.000
[2026.08.06-01.16.23:177][814]LogSceneAutomation: Display: SCENE_TARGET_POS t=184.0 entity=target_left world=X=103.514 Y=-10359.389 Z=10.000
[2026.08.06-01.16.23:178][814]LogSceneAutomation: Display: SCENE_TARGET_POS t=184.0 entity=target_right world=X=80.103 Y=-9642.005 Z=10.000
[2026.08.06-01.16.23:178][814]LogSceneAutomation: Display: SCENE_ASV_POS t=184.0 world=X=-547.357 Y=-10187.130 Z=12.621 yaw=0
[2026.08.06-01.16.24:179][856]LogSceneAutomation: Display: SCENE_YAW_FIX t=185.01 asv_count=1
[2026.08.06-01.16.24:179][856]LogSceneAutomation: Display: SCENE_TARGET_POS t=185.0 entity=target_red world=X=-98.292 Y=-10075.845 Z=10.000
[2026.08.06-01.16.24:180][856]LogSceneAutomation: Display: SCENE_TARGET_POS t=185.0 entity=target_blue world=X=-100.040 Y=-9886.291 Z=10.000
[2026.08.06-01.16.24:180][856]LogSceneAutomation: Display: SCENE_TARGET_POS t=185.0 entity=target_left world=X=163.853 Y=-10359.389 Z=10.000
[2026.08.06-01.16.24:180][856]LogSceneAutomation: Display: SCENE_TARGET_POS t=185.0 entity=target_right world=X=140.443 Y=-9642.005 Z=10.000
[2026.08.06-01.16.24:180][856]LogSceneAutomation: Display: SCENE_ASV_POS t=185.0 world=X=-431.575 Y=-10163.370 Z=12.630 yaw=0
[2026.08.06-01.16.24:180][856]LogSceneAutomation: Display: SCENE_UE_COMPLETE slot=TRACK-SYNTH-RED3-V2 layout=L7 motion=S2 scene_seed=230908 runtime_seconds=185.01
[2026.08.06-01.16.24:181][857]LogWindows: FPlatformMisc::RequestExit(0, <NoCallSiteInfo>)
[2026.08.06-01.16.24:181][857]LogWindows: FPlatformMisc::RequestExitWithStatus(0, 0, <NoCallSiteInfo>)
[2026.08.06-01.16.24:181][857]LogCore: Engine exit requested (reason: Win RequestExit)
[2026.08.06-01.16.24:181][857]LogCore: Engine exit requested (reason: EngineExit() was called; note: exit was already requested)
[2026.08.06-01.16.24:190][857]LogStaticMesh: Abandoning remaining async distance field tasks for shutdown
[2026.08.06-01.16.24:190][857]LogStaticMesh: Abandoning remaining async card representation tasks for shutdown
[2026.08.06-01.16.24:190][857]LogInit: Display: PreExit Game.
[2026.08.06-01.16.24:190][857]LogWorld: BeginTearingDown for /Game/Main_Map
[2026.08.06-01.16.24:191][857]LogWorld: UWorld::CleanupWorld for Main_Map, bSessionEnded=true, bCleanupResources=true
[2026.08.06-01.16.24:192][857]LogSlate: InvalidateAllWidgets triggered.  All widgets were invalidated
[2026.08.06-01.16.24:193][857]LogRuntimeTelemetry: Recording EnginePreExit events
[2026.08.06-01.16.24:193][857]LogStudioTelemetry: Ended StudioTelemetry Session
[2026.08.06-01.16.24:768][857]LogAudio: Display: Beginning Audio Device Manager Shutdown (Module: AudioMixerXAudio2)...
[2026.08.06-01.16.24:769][857]LogAudio: Display: Destroying 1 Remaining Audio Device(s)...
[2026.08.06-01.16.24:769][857]LogAudio: Display: Audio Device unregistered from world 'Main_Map'.
[2026.08.06-01.16.24:770][857]LogAudio: Display: Shutting down audio device while 1 references to it are still alive. For more information, compile with INSTRUMENT_AUDIODEVICE_HANDLES.
[2026.08.06-01.16.24:770][857]LogAudioMixer: Display: FMixerPlatformXAudio2::StopAudioStream() called. InstanceID=1, StreamState=4
[2026.08.06-01.16.24:773][857]LogAudioMixer: Display: FMixerPlatformXAudio2::StopAudioStream() called. InstanceID=1, StreamState=2
[2026.08.06-01.16.24:787][857]LogAudioMixer: Deinitializing Audio Bus Subsystem for audio device with ID -1
[2026.08.06-01.16.24:788][857]LogAudio: Display: Audio Device Manager Shutdown
[2026.08.06-01.16.24:790][857]LogSlate: Window 'VLA (64-bit Development PCD3D_SM6) ' being destroyed
[2026.08.06-01.16.24:807][857]LogSlate: Slate User Destroyed.  User Index 0, Is Virtual User: 0
[2026.08.06-01.16.24:807][857]LogExit: Preparing to exit.
[2026.08.06-01.16.24:829][857]LogUObjectHash: Compacting FUObjectHashTables data took   1.16ms
[2026.08.06-01.16.24:879][857]LogMoviePlayer: Shutting down movie player
[2026.08.06-01.16.24:892][857]LogSlate: Updating window title bar state: overlay mode, drag disabled, window buttons hidden, title bar hidden
[2026.08.06-01.16.24:900][857]LogDemo: Cleaned up 0 splitscreen connections, owner deletion: enabled
[2026.08.06-01.16.24:908][857]LogExit: Game engine shut down
[2026.08.06-01.16.24:915][857]LogRenderer: Forcing update for all mesh draw commands: SkyLight change
[2026.08.06-01.16.24:915][857]LogRenderer: Forcing update for all mesh draw commands: SkyLight real-time capture change
[2026.08.06-01.16.24:953][857]LogExit: Object subsystem successfully closed.
[2026.08.06-01.16.25:032][857]LogShaderCompilers: Display: Shaders left to compile 0
[2026.08.06-01.16.25:079][857]LogChaosDD: Chaos Debug Draw Shutdown
[2026.08.06-01.16.25:081][857]RenderDocPlugin: plugin has been unloaded.
[2026.08.06-01.16.25:081][857]LogNFORDenoise: NFORDenoise function shutting down
[2026.08.06-01.16.25:153][857]LogEOSShared: FEOSSDKManager::Shutdown EOS_Shutdown Result=[EOS_Success]
[2026.08.06-01.16.25:153][857]LogXGEController: Cleaning working directory: C:/Users/LIU/AppData/Local/Temp/UnrealXGEWorkingDir/
[2026.08.06-01.16.25:155][857]LogIris: FNetObjectFactoryRegistry::UnregisterFactory is unregistering factory: None name: NetActorFactory id: 0
[2026.08.06-01.16.25:156][857]LogIris: FNetObjectFactoryRegistry::UnregisterFactory is unregistering factory: None name: NetSubObjectFactory id: 1
[2026.08.06-01.16.25:156][857]LogPakFile: Destroying PakPlatformFile
[2026.08.06-01.16.25:302][857]LogD3D12RHI: ~FD3D12DynamicRHI
[2026.08.06-01.16.25:316][857]LogExit: Exiting.
[2026.08.06-01.16.25:322][857]Log file closed, 08/06/26 09:16:25
